1,100,10
115,23,198,104,142,169,132,24,55,17,102,47,160,198,66,172,158,65,43,105,69,52,199,50,25,189,51,73,79,168,89,186,96,181,102,183,39,29,153,67,1,109,108,174,91,72,23,134,188,4,69,174,93,85,146,134,19,106,180,199,102,129,153,182,34,104,5,90,101,137,160,175,57,183,91,175,44,17,142,181,4,93,125,144,68,3,72,74,184,199,42,71,98,129,12,184,8,61,15,94
distances
0.0,2195.453243883823,2858.813826261689,4128.320837833344,5416.283698862164,2087.1827774361304,6723.370776228618,5594.681654714591,1087.041414871117,3749.5438434734965,6067.459616894207,6277.431711562699,4743.767869144737,4600.189482977956,6274.139274246628,1836.5933306491672,5114.465732185915,1042.7796523336083,3224.4565354899732,6245.640501609182,6686.111200550063,3704.3465221068345,2985.759752442584,2077.1793552724325,4080.2897776169034,6691.575578902177,7458.662466250902,4409.891860979473,5082.379648075299,4214.0088499313815,5006.185348444463,5485.641003536505,6580.986629022505,2682.915312655433,1388.503183396063,5664.039551626383,1655.1704065388553,2367.249414286969,2775.292379508869,6458.661649972151,59.37456883211894,5748.183935008083,4382.794185051587,5658.709919157281,5079.921595944273,2598.807656976945,2914.500096623433,5566.070276839576,3204.3706425045466,5299.033188203674,4802.055882414739,4244.717785494107,4892.71064425161,1469.9182309291903,2170.0734961399353,2983.3277806828396,4368.011685349296,6504.883962676737,6028.40760954939,4357.560188887355,4626.003829782245,6519.034299212499,6538.470379830515,5963.031441738086,2479.4378705650197,4211.847141907456,5511.339100480935,6368.544697470608,7403.432254851867,3103.874254554137,6574.623448229183,2670.6559644059357,4039.0855935586465,3318.7303064434145,4584.528477479227,2701.392824371901,1707.2358001825637,3283.8358842556368,1844.100396146858,2249.0435031741827,2859.1212549330608,5405.016577058113,3137.5310302927687,3628.3524843534706,6497.448213327522,6101.923743456075,2966.8358828657847,3636.4083813469024,3028.974543909044,2547.8045417013445,6028.811016627159,2939.688833484932,1838.3088319868891,3218.2820740477364,6349.102168409326,2028.254826334453,887.804690607681,3627.0028464003162,1303.923326105105,5254.141189353499
2195.453243883823,0.0,2246.0911542644476,3511.6306448647188,3299.4865140624534,1883.354439884856,4562.124569190653,3891.1801374698653,1698.7697156486515,1854.5171693058005,3874.029942986244,4102.917987225799,3236.330203493148,2806.4100508794145,4757.4788737620265,2150.6044125838207,2931.1112512779177,1603.314346336675,2030.315505007042,4062.869330333551,4513.756290865625,2462.58879533815,2090.7316879968125,1661.2759983633064,2813.654468595069,4497.372959228532,5616.446016841966,2689.2838093925675,3317.3296605483756,2414.4686168886105,3423.036155282617,4449.563220769539,4800.353952468609,3415.9219870847464,1134.1823353539764,4186.843722787369,1572.2238763312305,1335.9205469016488,3366.9967253657974,5153.817500436448,2152.052116142172,4277.142684782564,3728.179810963254,3503.1833333505397,4127.087812515382,403.98275481262795,1441.930688559613,3691.750148229021,1470.039337512095,3289.9130794894872,3732.330794453514,2591.2761597872964,3053.7590503635024,1716.8580786174493,1598.236731997172,2307.4048178995376,3067.224945183512,4657.431666052117,4009.4191314953587,2684.1473830175573,2506.074517846586,5102.581979465396,4622.1287738678375,4494.070427456717,413.04547682791537,2493.401031470469,4324.4152416318675,4274.83772689549,5675.445520995599,1844.322557117382,4414.739548711453,2533.561059454656,2450.6545803513395,1255.5240805822882,2432.1638954285136,3003.5283771377954,1945.5249716066355,1812.9934494434888,2828.8097947661663,1737.953805444207,884.1873081706161,4340.542673300771,2148.66798605322,1432.9838145164097,4574.958690016884,4890.54187452321,790.0954310588057,1618.6968919454935,1565.5775564388368,2714.040204022409,4032.4255844467857,2321.70037801694,714.0233029425581,1917.2344582468259,4500.938552963815,1316.1949636421648,1646.3750837913576,2427.6339099963157,891.7537297623151,3486.4087074634554
2858.813826261689,2246.0911542644476,0.0,1347.9041523253798,3656.885215921468,3895.764848417445,5796.582582267244,3048.756435930066,1772.3488774053483,3906.8083707247524,4894.44202648402,5299.825419001271,2107.5538408878188,2319.8957461045525,3531.689003679826,3986.644422822281,4203.492392430489,3109.5477633459823,4276.368203477455,5200.720246972336,5032.6538193044835,4703.586853469382,345.0842582399257,810.6868718370858,1355.3655906691745,5283.495958448819,4945.351109527513,4780.592539599249,2671.493142240309,4477.73560637796,2404.5420255801314,2626.987857065198,4042.7840998007796,1792.8964321733704,2885.971497052595,2926.1978388757316,1219.3922779602137,910.1721579750719,1635.113675686495,3623.269935559315,2862.7598233790063,3002.25743145254,1593.186310201353,4025.0471173890624,2224.1137192063725,2372.2070350896856,1108.4070474374473,3242.03444350889,3658.137808496831,3262.455282293537,1948.145410154232,1863.669350781141,2618.771737288304,3476.658747366643,3697.9248028336106,127.96580287326778,1625.2866160394601,4052.9430705848813,5687.282447084195,1971.866239082408,4127.676473999022,3718.9338216311403,4183.540537878653,3206.0086025701808,2002.7300539825628,1927.0030338328477,2664.7739748408308,4410.263569042104,4772.586797971306,4090.40948297759,4856.288297088219,567.8677485612297,4619.820327939172,3235.2971775818364,3139.733201578918,1173.3731207356848,1187.1819212108985,4044.5146034054565,1798.6410268872442,644.2263725034853,3034.6003496383173,2546.456006836561,4385.5909761541825,2879.4605097422327,4155.564676369748,3252.1145682776923,2319.41089286159,2125.0708809912667,3806.273781656017,927.5251455982205,3865.8647249674946,86.0053753261973,2772.4354938696047,879.0108307228073,3909.7406703479705,3410.3121598730513,3033.192629643228,953.3796560473692,2254.951468916349,2822.045802688894
4128.320837833344,3511.6306448647188,1347.9041523253798,0.0,3938.8443012285975,5234.562371464209,6340.35514646585,2675.469018807917,3059.510749605564,4997.831307986795,5384.460230883407,5854.408286576877,1816.5549714492538,2445.5649602269814,2766.0198101230217,5334.385956495086,4890.400731343496,4454.903708570366,5526.121650600265,5730.06001813768,5229.305366105904,5925.92389937046,1422.2738945045005,2149.7604376862555,1244.4111120341217,5610.689200989215,4412.691002324205,5862.763400612377,2552.9911244508858,5551.771810988002,2084.4930664113517,1481.0632233365327,3550.911065922378,2249.760672463629,4231.402449829607,2241.4081316817333,2539.9236460817087,2204.5973077061035,2043.1297028199167,2609.0416534888823,4139.834597298907,2288.7792268980425,254.4881115592636,4340.7464538102195,1059.2076121639232,3561.851066289128,2151.402011240345,3107.470390206477,4838.896982654828,3396.9738692155115,1010.1293990737026,2040.4572779788848,2667.8855753311464,4824.498431543843,5023.892961665883,1248.6602226999148,1303.429197373221,3665.7524656073006,6487.7800348408855,2099.039078736982,4992.404123968031,2807.182661583673,3890.033788425237,2442.366896837983,3206.441555125713,2185.82378787152,1669.2216173117931,4449.5210898886635,4100.485119606459,5338.845122439215,5025.501900480388,1472.2457953045748,5762.212582572774,4333.217522493534,3707.9671498848265,1721.8450447078567,2421.087286564035,5257.388815412457,2698.3483735548307,1988.7392031689321,4218.150085694083,1439.9300599938874,5659.427799247995,3820.5217452558754,3878.627184417188,2190.999335902227,3405.704455824228,2899.712821926509,5036.785759492456,1699.8965193155145,3797.073172229895,1262.0783423262599,4092.1281114769613,1701.9738050158116,3552.6821665571206,4734.662619597937,4374.596323361734,1286.969499370129,3602.0230241685017,2643.482454742229
5416.283698862164,3299.4865140624534,3656.885215921468,3938.8443012285975,0.0,4877.437158222543,2491.445574550847,1866.3535943652262,4599.355689342257,3006.4006069268285,1531.2961105214106,2045.8728571729475,2219.7218323262937,1493.4314548679497,2816.8685964787214,5270.856056834127,1537.7070202532082,4895.586565185524,4175.368308224796,1898.5761854855864,1377.9646978442524,4272.661149691724,3312.501001891169,3865.096157804356,2701.952588297026,1674.050154995364,2710.3842653063048,3514.9557439599434,1533.0916850867077,3267.198935984768,2059.8949078523397,3659.1146203136354,2187.078439671746,5448.858079868203,4411.507578962661,2590.2311491208657,4141.271143037365,3337.814380929233,5291.148098561596,3546.8874855079625,5381.954928236392,2649.6534566914593,3969.3433738463596,403.54933807032813,3649.5018731652954,2932.799284273303,2754.677062516403,1248.1275057993878,3351.2969581057723,618.0588017494771,3266.0079489202103,1915.9052796278836,1303.3703685464843,4932.480602275695,4529.595434629566,3584.0770583526796,2651.9502963766117,1903.1215451087196,3070.4713884576418,1844.0018582984128,2139.9092879185328,3272.4365359586423,1689.1565776946195,2771.1428377312136,2951.2204739124454,1793.297650995506,3297.389713878843,981.5592691554598,3010.17669304727,4044.0725269643717,1213.6558662573998,4224.104469546296,3721.413792381197,2732.9460557270427,891.2498652577734,4829.566417847465,4412.517260855191,3769.5691157803435,5299.489100862177,3770.917970366632,3084.2363440971894,3547.4074938254557,4441.924486126481,2022.2897406084026,1634.7699016733216,3569.6152599753655,2513.7654609171477,1795.7499361219534,3743.28703940494,4579.258582709868,996.2983060173292,3655.3526486209234,3924.910449397922,2783.314536647448,1786.6244585105176,4328.594208919681,4945.56818873393,2835.553988457987,4145.192603099764,1548.577443032475
2087.1827774361304,1883.354439884856,3895.764848417445,5234.562371464209,4877.437158222543,0.0,5412.614672585238,5744.0461788124585,2535.9493610040795,2260.808215232774,4993.654501402355,5046.221203106836,5119.290301576187,4654.311877272193,6634.036538805767,469.4548348211999,4013.1009379324114,1069.1177817831858,1294.6869284773056,5062.570856396678,5886.860540315611,1721.76592748637,3832.3685085988277,3137.1777048104877,4677.8939828603425,5708.955899374421,7392.944809386446,2636.174133934441,5162.931940693002,2536.3674224547985,5300.710348755344,6300.2441048674455,6616.360302571573,4492.665557197086,1030.644664287843,6068.476635302965,2831.671176802843,3041.6095654827236,4523.809034052831,7036.456790019889,2028.6642441591955,6158.822458171124,5470.40816975443,4981.128685219947,5957.509440975231,2089.534247160357,3299.4581141496556,5486.653384918807,1705.3007036429087,5005.835440764109,5579.612663181917,4469.19215242218,4880.372980472394,617.7196166449631,349.7274343842644,3987.0849302140527,4939.500702011287,6446.061036817834,4439.821397998459,4558.753048451079,3347.580291983151,6984.834893971438,6371.673403243217,6375.254925546194,2290.5833271046918,4364.287085772888,6195.45765865283,5852.219031326921,7500.2942657688445,1246.610203860854,5838.342989561079,4001.7133578162493,2211.9275180043765,2187.516628113259,3988.034376847823,4293.685789404018,3121.6122993281847,1524.191870245016,3701.590153963699,3277.314002032763,1793.8716437081,6194.793298192685,1123.3983776826456,2855.1869683367495,6321.388445212413,6767.156434910678,2494.493246294726,3416.5657458635274,1354.4886633563972,4049.3399675818773,5734.778839120913,3980.135050302942,1184.8639457663483,3762.5042248774953,6291.999328082768,577.9933139794958,1223.1693375706407,4270.8830484163345,1662.5671669670974,5328.094445346948
6723.370776228618,4562.124569190653,5796.582582267244,6340.35514646585,2491.445574550847,5412.614672585238,0.0,4312.749337291584,6208.602987574258,3153.385106055555,965.3923652634718,496.7597072227177,4698.837363138354,3933.3880651085015,5183.877161531223,5878.7111144651435,1654.5803000764272,5898.3214076964305,4252.341947835923,610.2971377812619,1767.7667470172642,4060.8737023997683,5460.1349289413165,5752.6740352313545,5097.297683138586,1158.9609269949526,4479.522268060847,2991.8822092756263,4024.521849259239,2953.8140293980937,4550.97142537997,6149.272314933207,4342.428963887607,7520.813769472024,5420.428954916761,5049.762791437733,5901.477403448479,5214.570504569769,7395.263362161282,5943.3635163671415,6674.3334922526155,5100.928926470157,6400.947521689973,2102.6834703877807,6136.86805404858,4163.4037411753625,4729.690667568123,3682.102096807475,3719.9895524382864,3106.009755540539,5744.893347047707,4302.503475669137,3783.793923800819,5736.699949891837,5089.215620324217,5754.978154460102,5093.21148885308,4022.3477344856697,1336.3009449147303,4253.8830618658285,2113.4217345321786,5630.42017353341,3706.6380582757192,5196.610509639721,4387.923029375173,4154.557347265892,5783.448074559415,2585.019968116301,4966.682266444069,4220.423528951212,1944.1953255781684,6336.568988468444,3401.9354330104507,3417.57552393111,2670.612293797997,6942.245340003261,6242.993241677104,3916.9432081382038,7178.468134347467,5712.44531633564,3883.649189807056,6038.234816164903,4519.33142521203,3170.9305730483916,3662.547812553442,6018.704421675481,3873.8693899832247,3677.478045373623,4058.4615662639953,6661.8930722548375,3171.2934833471336,5818.335530201485,4918.780394197732,4934.479764765887,3965.95769497167,5017.2968539573185,6004.628327146486,5133.13420110024,5439.325688230481,4033.442741100708
5594.681654714591,3891.1801374698653,3048.756435930066,2675.469018807917,1866.3535943652262,5744.0461788124585,4312.749337291584,0.0,4572.460991366138,4397.324942313224,3373.573032157152,3893.9615096655743,948.3662398177194,1089.8044146309007,1006.0423387850041,6041.269371145851,3331.925393254777,5411.383532253559,5404.910861404469,3741.2868828269497,2818.0604524433115,5630.36308044206,2769.8290564311,3618.5240071656285,1708.6709766496883,3328.8685077545497,1901.0612937462063,5087.319421644074,584.9422905569397,4799.819635205056,647.4768756612082,1906.7764316020377,1000.6222623532818,4703.848659179524,4993.492300541275,738.5131266240296,4010.878593873666,3231.13075234321,4510.310641997067,1690.136138177336,5578.458979607898,788.474601085539,2602.110974554698,2222.2304879235635,2019.2746599700101,3655.745174663299,2687.149231842921,630.6541048252991,4560.822194689133,1261.8593663717047,1743.4326838997827,1354.0681600370049,896.8184802762485,5600.436666595382,5425.640315964282,2932.1759231482,1478.317598857566,1017.3700533517788,4924.103398343397,1244.3240404846315,3800.3794998762955,1450.6159627816728,1214.8646000806018,906.8129347053895,3478.3999051115443,1413.2005418715346,1517.3595795835608,1936.9576282368698,1813.2673349743552,5239.603715258244,2600.473858592122,3561.3451543652714,5192.519546567446,3908.819020634493,2266.613440391193,4083.9550614275863,4143.9694865460815,5021.917715463387,4847.067463462521,3466.0417547101188,4092.8766271474638,1810.276376769304,5636.994345504526,3148.146656153426,1203.2806947911201,1708.225331064084,3264.9185937324683,2341.157135239324,4910.2638744345495,3914.9373919543077,1246.3161203535003,3003.631975675449,4604.315512137825,2396.3694961155297,887.7571700797462,5166.1137065586345,5407.39146127012,2099.0344603602866,4522.384222543789,433.25589670424563
1087.041414871117,1698.7697156486515,1772.3488774053483,3059.510749605564,4599.355689342257,2535.9493610040795,6208.602987574258,4572.460991366138,0.0,3520.5326502540775,5452.742111763676,5734.561822005583,3694.0124663283145,3623.9012117244583,5209.9830134392,2472.667633488173,4557.6220808023345,1538.362737068862,3360.3041584602133,5678.831495855816,5929.198983005378,3845.0381899390804,1904.7712759323624,994.60187579805,3009.090803623247,6013.375077103125,6457.256424142145,4309.968715179264,4085.567569980088,4059.1180326229737,3966.012265569662,4399.336648007743,5568.055287735027,1962.1564007112177,1536.4303184303542,4599.079491233545,574.614616299481,1351.0138274869726,1987.8719824910756,5374.830909919307,1090.4687279537184,4681.777270580907,3313.4734160637236,4885.792865804484,3995.0456359308337,2070.6697385737302,1935.5521455225635,4597.80620466609,3058.5998202945734,4401.04176219597,3715.109694672958,3237.4116124936904,3924.75124303643,1982.1182986504616,2464.0314738647317,1896.4926454307695,3296.178692979038,5513.868496127379,5708.169817819368,3352.140808413185,4194.01235563571,5442.485740528495,5573.646930179377,4894.842683867379,1820.876318218511,3223.6697402676036,4425.309575042293,5513.518368785217,6370.273597867049,3199.097404688548,5795.504772756553,1627.1426822771257,4009.692250726482,2952.4308974932846,3831.2225648047392,1784.2636092968435,655.680022305087,3285.772509922134,1214.7850669752238,1165.3377715842732,2549.384906773593,4318.160491691109,3363.582334277697,3038.1196256818134,5535.758566383111,5015.570922139572,2335.70351825419,2805.4012596405883,3017.0807948058005,1572.0282712855383,5110.169293177281,1853.748258431279,1730.9817581257175,2177.6242482062876,5360.084273954747,2221.05662894263,1418.2262926550195,2557.3171118218793,1003.0350196598323,4254.892091179047
3749.5438434734965,1854.5171693058005,3906.8083707247524,4997.831307986795,3006.4006069268285,2260.808215232774,3153.385106055555,4397.324942313224,3520.5326502540775,0.0,2772.386120046052,2788.0179539201326,4103.217616190006,3395.736419517422,5392.753096677244,2725.7016539645347,1818.1316077935614,2818.3455556671893,1212.870597962536,2810.918459543962,3760.7907478227244,1268.7245086798787,3662.977759736469,3468.5933157071036,3993.814478583726,3503.8187184342178,5702.535853990748,873.978319548603,3834.107500924303,573.1687897033473,4167.418724515453,5573.610508024849,5068.885359116045,5261.096998775921,2373.380790899134,4935.768688274806,3424.4962548812928,3041.891277544942,5201.304832089156,5976.809885695295,3694.633319115985,5021.232775656691,5171.64697850153,2987.9819833836013,5346.03021651889,1572.6996768537854,2862.105264133379,3952.8161776597963,573.4571682462432,3337.4388110145183,4914.456480445828,3434.782083531938,3507.6184357647853,2602.388928105098,1935.9307870027274,3933.6448233713218,4168.630724468887,4829.175741987963,2283.253645695326,3477.376335464714,1107.2995522666843,5815.673234650051,4667.572756805939,5213.922007489276,1934.3907860455702,3279.721954896177,5339.982527601378,3909.6854972451433,5941.871977993888,1123.7838171650274,3749.880429010637,4296.399653263765,809.2829245307229,672.1551199180142,2208.7618791657924,4815.239164025189,3798.116241697323,818.8576410005587,4680.7123040649485,3513.8206734390988,974.2623280102744,5454.189211071156,1490.6885141906741,1286.6078123251077,4613.538902842482,5825.681976454345,1600.099190528512,2242.7123826260026,910.1699626910348,4520.885174184365,3979.088474294207,3968.091165499351,1914.9742315720596,3295.901333400167,4690.315145815471,1879.3723444801988,2942.8046205055816,3743.774341008549,2574.874312560712,3966.034899813288
6067.459616894207,3874.029942986244,4894.44202648402,5384.460230883407,1531.2961105214106,4993.654501402355,965.3923652634718,3373.573032157152,5452.742111763676,2772.386120046052,0.0,520.9413439198313,3733.5534420200815,2969.156717434262,4275.577909499721,5444.884163660509,985.5635348418689,5328.036932381475,3966.482703681185,368.186864867556,1155.6764636960468,3883.700621047534,4553.6895619921215,4913.202100930104,4140.332142499802,738.5225456721009,3750.001338126961,2887.5205607900007,3063.5861646880444,2750.8896204569896,3588.5853774279913,5190.3593252588025,3492.1104050423432,6645.513497983508,4837.370153796482,4107.159985836685,5098.353339954381,4370.8279411685835,6510.858680209393,5027.158399927438,6022.458176831285,4161.781891449022,5440.20523485098,1152.0156235993504,5172.2826532127,3470.058085200304,3854.528992032619,2744.0610161629065,3294.0645265976505,2148.3551590856664,4779.52188965591,3344.5655690448048,2818.8587053197607,5230.454164585328,4652.22284604435,4845.313984106706,4130.152438292078,3176.0182585931398,1751.0790587420663,3293.010304239269,1665.3517714026673,4727.207796056462,2879.414960453772,4267.601121054896,3643.1385697656356,3199.312607786241,4828.019725873539,1778.2957989493761,4188.668714766184,3894.218661611338,1252.9258583830886,5444.5260033627355,3235.066619687607,2857.0351212261985,1754.7136909820924,6053.489543002614,5424.368120190682,3587.220381372881,6354.396706739122,4858.458657317565,3313.761595333617,5078.435759669013,4244.2595393953,2442.844249099807,2830.993816196885,5081.795283883935,3130.241635896181,2798.1551455857484,3671.34451389365,5779.327042065711,2284.635876086384,4910.90541609447,4326.896094971659,4022.6900317728932,3101.5895876704903,4532.177542545856,5417.719335160599,4193.168447103693,4765.301432205627,3078.1985567641664
6277.431711562699,4102.917987225799,5299.825419001271,5854.408286576877,2045.8728571729475,5046.221203106836,496.7597072227177,3893.9615096655743,5734.561822005583,2788.0179539201326,520.9413439198313,0.0,4234.384316847138,3459.873926797045,4795.449834391452,5508.026200731439,1177.1531016928086,5478.4888048302155,3934.0510769288444,159.25686712980382,1546.1350331261497,3788.2243101603685,4963.405790640637,5261.488836512437,4612.722070684294,992.2953260541943,4218.8128929855375,2741.816882160441,3575.2871251004444,2658.882307571548,4098.018150238113,5702.957248115051,3999.9302051723353,7025.650693659627,4995.229635300063,4626.890657474089,5416.750956781842,4722.4719282537835,6899.323305295165,5547.803811966316,6229.56082864635,4682.023931626579,5919.544726521205,1671.8868857054895,5676.098278453078,3701.666847518426,4233.9450519553275,3264.7021182169137,3342.6677209453533,2663.821743917749,5278.4602744293725,3819.313650592341,3322.813216287668,5338.779537392512,4714.810104335486,5258.30547115789,4615.976006396156,3682.27957739686,1332.6121499145956,3773.8684783141293,1707.1763728335163,5246.603699720801,3379.467485940647,4788.521463283004,3913.895391539355,3669.3438181049487,5343.197193239736,2266.7504999800926,4675.608775059136,3885.3187520054257,1685.1216575950828,5840.086268213852,3128.245056723658,2991.343206608864,2175.4153730322396,6445.980739944931,5755.553000968195,3578.414904136747,6690.495789236699,5219.222950222092,3457.209696830234,5590.258676408634,4207.11810456481,2696.957307691206,3332.252427683113,5602.175916344648,3398.867214384375,3181.1226978959803,3698.173157643379,6165.999302454468,2799.5057351668347,5321.61030232814,4489.332461060107,4437.952668014836,3612.4850402260495,4624.809420411829,5579.465259111666,4640.496746076329,4986.003640334411,3594.2723535772852
4743.767869144737,3236.330203493148,2107.5538408878188,1816.5549714492538,2219.7218323262937,5119.290301576187,4698.837363138354,948.3662398177194,3694.0124663283145,4103.217616190006,3733.5534420200815,4234.384316847138,0.0,802.3693671801032,1549.0833756186273,5369.073037848247,3434.5002016657386,4662.765561037462,4967.975179585542,4095.41838154211,3438.822503441694,5260.246192646595,1842.6401302240215,2718.3625215375523,760.4904927380749,3861.53884271983,2838.0777497034856,4885.729179590391,740.6543862558295,4580.3248142097955,301.06174491290017,1534.2820903709335,1935.6156898261079,3759.2914215416977,4281.02172785855,955.2264192964934,3123.7081422879446,2380.0781224993434,3567.4548568482264,1932.0294044172829,4732.297760265937,1044.9185681788802,1794.8011799528106,2621.4279870637297,1443.8790466257904,3074.012061010171,1891.2134617329689,1292.0837342312605,4151.31971930915,1631.0275738717605,1046.7542706098698,679.8279612519626,916.7348880505206,4900.595767009558,4823.704572054657,1988.8050793378418,541.8412983761943,1964.009705531264,5072.235784807425,625.8879713638848,3737.9984288281876,1867.1538974334705,2134.5561500482954,1263.4451872800028,2829.305027390649,825.4797109269247,1246.5686434127888,2635.827711023048,2684.456418941645,4790.466041776937,3230.092860836202,2613.4842870331167,4912.470632301938,3524.5455024107714,2243.8935257529492,3137.4266297005256,3228.142910217731,4613.32605009065,3903.8136748519387,2558.991349594601,3609.013742342359,1414.444746069991,5172.973174720317,2816.682661263068,2114.961508969135,1727.619797885229,2734.7947707837234,1876.2587771040535,4460.063176292573,2966.5944286396816,1980.7661796852753,2059.4705790377293,3944.6790651525757,1525.8500012075233,1828.9169372855615,4548.170024514585,4641.0518985856,1166.3332795054762,3756.4756463942367,828.0867412348787
4600.189482977956,2806.4100508794145,2319.8957461045525,2445.5649602269814,1493.4314548679497,4654.311877272193,3933.3880651085015,1089.8044146309007,3623.9012117244583,3395.736419517422,2969.156717434262,3459.873926797045,802.3693671801032,0.0,2027.0644851037673,4954.899888742254,2632.1980433365957,4346.765708971672,4346.279043797004,3325.652114884237,2806.44067211869,4597.8098077497725,1991.6197793195865,2728.429899834884,1213.2216527724845,3165.406165915048,2863.882000651738,4143.108542759893,510.91971433582455,3843.101032183385,780.054283821966,2333.8025927901444,2008.1911387315702,4094.5952133809265,3917.7315788096043,1540.0709162454175,3086.253976143408,2273.9418855030135,3920.681277660427,2581.2237070804226,4579.067859661942,1625.881277732787,2479.228882355358,1895.869639199911,2238.3693091605774,2565.9638475475444,1692.0363324979162,974.1761697454932,3508.61883265595,975.2810966798248,1826.1821472517463,460.51809876377234,305.87737192868707,4519.745903261045,4336.004031244666,2225.4779102073776,1163.2730954530837,1905.9267842233612,4269.962689725754,364.64892709152423,2951.231229323958,2430.5398776753277,1949.8508308329644,1822.2305151917528,2394.4044458079757,407.23113285332164,2027.0656013294192,2103.0553364954526,2872.849930315191,4176.587380521207,2611.046314233817,2880.579635709799,4202.252367302326,2862.598078097063,1442.928081293382,3465.250468980994,3277.2070788505257,3971.924692391083,4078.411589128787,2596.0354227346356,3016.4612316535745,2214.5152781563734,4570.590294267142,2117.990078159244,1912.5553020527284,2452.223700362183,2177.465362431513,1256.785108137823,3845.8794041259275,3243.3466974847133,1548.7273505204207,2299.4105761383717,3518.332943294878,1513.5963187223992,1749.6429245320314,4076.361217221064,4350.835043130456,1409.6360150326036,3470.8080586621318,680.7595091513599
6274.139274246628,4757.4788737620265,3531.689003679826,2766.0198101230217,2816.8685964787214,6634.036538805767,5183.877161531223,1006.0423387850041,5209.9830134392,5392.753096677244,4275.577909499721,4795.449834391452,1549.0833756186273,2027.0644851037673,0.0,6901.860276817041,4318.239666974033,6210.804822182468,6373.029823506242,4638.831251207679,3562.4428962419884,6615.580627325239,3318.321921533533,4220.889295535953,2203.3983016261495,4127.165289447468,1722.9624697804654,6092.408571020578,1559.1286176201115,5803.690771215159,1334.5253104860917,1510.40080794503,1029.6433488276418,4981.904175275254,5822.922175108045,610.9472347756392,4635.88546435414,3919.9038736277707,4777.663974250595,766.5020667297633,6265.156949773884,530.219653310776,2607.5523914203523,3140.0947443370246,1816.41769036337,4560.769540979899,3440.113394066248,1573.0729776768146,5533.765012076769,2237.6460228677824,1758.3196986060295,2166.203471490617,1885.1422486775373,6440.463789278689,6327.547162921269,3405.1453776051912,1918.6349606842882,1300.442835580635,5887.326950182485,2075.312137823127,4804.609179383065,455.5712538922965,1630.5214491778397,330.5842586467176,4346.06883373607,2271.1761237865285,1158.3949640645023,2661.1475913569698,1338.3518468567977,6203.646893175014,3347.625000201337,3965.0181762338743,6191.484416957617,4885.241064925455,3272.4636262317727,4399.604487315195,4701.851995161587,5996.6439456306725,5278.972559799208,4054.8838714333115,5041.073302960194,1468.230707998235,6597.4813854968925,4131.554781878851,1653.7745559250213,972.1301367044427,4190.0509381543325,3279.145193565238,5872.942137053029,4289.562231587041,2015.9970861439763,3468.463444524102,5470.20311128947,3064.9601620995013,1286.5097699963262,6058.592045634447,6190.087257284586,2653.0515969728144,5305.269202138662,1429.7311370495509
1836.5933306491672,2150.6044125838207,3986.644422822281,5334.385956495086,5270.856056834127,469.4548348211999,5878.7111144651435,6041.269371145851,2472.667633488173,2725.7016539645347,5444.884163660509,5508.026200731439,5369.073037848247,4954.899888742254,6901.860276817041,0.0,4461.904308646365,934.4676677991592,1750.800998670323,5521.633178741956,6317.047360732069,2156.2135510774438,3963.0941109916885,3197.160184110424,4878.259602613415,6155.429236749051,7736.522323146556,3099.781306893117,5465.6763331680195,3005.1791117244575,5567.636546983737,6476.247174233237,6939.543914171449,4390.4043448994535,1116.6005117552115,6323.414878303099,2850.0996848715663,3180.4900987648116,4442.435761871296,7266.320015474407,1781.3816707895587,6413.436862580625,5577.480873211579,5392.76982095713,6116.812527116554,2413.0546027980804,3507.9412115480213,5819.045878831511,2165.3913700359108,5366.170142354135,5756.023574417759,4736.886573739021,5195.21780256959,510.5502202575179,793.992815695457,4087.6700533155804,5149.204197736674,6782.980767116032,4908.449639183843,4832.126810410608,3806.1361946263823,7235.709531016015,6724.5117687916945,6631.449793706501,2563.642320330393,4643.101005849108,6397.469085683884,6249.877945607578,7818.86202437682,1712.910646550193,6261.71935743722,4026.6350573137365,2672.865073204407,2617.3764700159204,4379.637939751299,4256.136335278864,3099.3255348946486,1993.3639490318872,3572.860480235129,3350.2233277202586,2201.398961925121,6375.054500868365,1557.913919042063,3251.9960355069625,6675.268035803807,6977.779415483983,2831.711797299471,3740.0107096468323,1822.0047729536825,4032.075740062555,6101.656648962805,4072.377118452686,1436.9701709583258,3953.8150111450586,6627.568585899129,943.7460706408267,1064.174418813946,4454.294847882996,1733.5092402188113,5633.826464535272
5114.465732185915,2931.1112512779177,4203.492392430489,4890.400731343496,1537.7070202532082,4013.1009379324114,1654.5803000764272,3331.925393254777,4557.6220808023345,1818.1316077935614,985.5635348418689,1177.1531016928086,3434.5002016657386,2632.1980433365957,4318.239666974033,4461.904308646365,0.0,4349.3573870479995,3027.2721553517454,1131.9136885756789,1952.7689077996406,2995.8646158571655,3876.0642126355447,4107.805264618321,3674.3855358371147,1696.8671254732944,4183.910320108212,2084.355111382175,2884.840844769431,1889.1115592775352,3365.2221290446787,4961.730874931146,3723.2077474705866,5892.392637507196,3860.2959964242377,4016.9709193276467,4247.54506745367,3573.1780626061727,5774.789708562555,5021.17612362532,5067.777959098839,4087.1720889760686,4986.726612495416,1345.2566404299962,4864.797991197682,2528.5592059609758,3113.487238983645,2747.777806574797,2319.408567152627,2080.7988483820345,4443.621964188448,2909.0040681308783,2580.841899571727,4245.166087006963,3670.143276601201,4173.545911775501,3729.099626089386,3433.444063307425,1637.7797635106497,2888.9048398381005,733.2124356064895,4772.09783051448,3196.229694037179,4234.774952290263,2736.846710320474,2746.9905310084346,4636.98482925985,2246.233708710872,4529.866682326202,2941.3609972643617,1963.0715806554276,4727.6709093460595,2372.6667629030844,1872.3353169905224,1201.726594367454,5327.378245137095,4591.0823318992,2636.986658496588,5526.919211452344,4074.797799659021,2331.10817477568,4843.307088805025,3305.699469592782,1519.812094180725,3142.5302184521634,4991.9769964483,2221.930767876443,2080.4710154121353,2702.7107210319423,5042.005089405007,2514.798758285243,4232.877749191914,3350.6066412763225,3364.982742720236,3322.03065347507,3546.8007845314623,4442.408877674927,3629.5859852390877,3817.8123401975904,2953.9159725329014
1042.7796523336083,1603.314346336675,3109.5477633459823,4454.903708570366,4895.586565185524,1069.1177817831858,5898.3214076964305,5411.383532253559,1538.362737068862,2818.3455556671893,5328.036932381475,5478.4888048302155,4662.765561037462,4346.765708971672,6210.804822182468,934.4676677991592,4349.3573870479995,0.0,2187.1037518382614,5465.0330944836915,6069.274415846593,2663.9950123654507,3121.7843740439544,2305.87326726015,4105.6967207011285,5996.881542950219,7191.648464522512,3412.300122481902,4853.93460958767,3238.785508150393,4887.534074882446,5661.124654472997,6354.395035206734,3463.2820927625867,493.5304878627054,5615.723941560251,1937.5026883958124,2362.371697887739,3510.54854445185,6514.354386574467,983.4100146251308,5704.4736102201405,4702.340497365222,5080.357114482799,5285.843113858376,1963.8074490033384,2772.295760313643,5266.690132306628,2252.5590845968945,4890.419324911209,4945.844126501057,4070.0724177902534,4612.853285047119,461.63122244168005,1127.316411069226,3217.415811461894,4386.012482561467,6230.305177785114,5098.86595792535,4173.870592600711,3784.9009713741516,6514.992581265615,6211.3033904545355,5923.291201009453,1987.9635130064637,3998.230558388173,5613.588632253436,5873.8100656260585,7217.079803722555,2074.161962047564,5983.9170111593285,3109.206714223099,3025.665203232175,2487.3132062522805,4018.399922181092,3322.2490276956964,2169.617282239427,2273.5961419447385,2654.2632097017054,2466.383595859533,2022.1198785841061,5565.271634036204,2094.7518806639127,2951.141212847159,6165.22794440968,6201.429090619194,2382.0291330344808,3211.8664369386534,2029.2720294026622,3101.2750100016924,5632.960614720647,3195.547992179902,1003.3674125872335,3183.376166566873,6073.263564642078,1002.1592829186386,156.35173951063038,3665.431018451309,909.9158223934783,5025.881052543126
3224.4565354899732,2030.315505007042,4276.368203477455,5526.121650600265,4175.368308224796,1294.6869284773056,4252.341947835923,5404.910861404469,3360.3041584602133,1212.870597962536,3966.482703681185,3934.0510769288444,4967.975179585542,4346.279043797004,6373.029823506242,1750.800998670323,3027.2721553517454,2187.1037518382614,0.0,3974.3133118491046,4973.366359534053,488.31227600890793,4111.827758879255,3650.509180737668,4705.357098375106,4702.3773930810785,6841.300263725602,1356.0177326882567,4824.391558184514,1304.7885761256493,5084.001656646858,6340.8692244991935,6157.923157672966,5285.490606763482,1888.6493123724692,5866.307273535883,3466.448338188527,3366.2132528825327,5272.611969294915,6891.586811936783,3165.236426493288,5955.089398317795,5733.823851148725,4186.15858754933,6057.578033013277,1979.8958645469213,3398.6627134439213,5024.012176537493,847.7188550840425,4446.860462775508,5641.655931386281,4288.322293048646,4508.459069929437,1821.6680017418103,1075.0126255039986,4336.8192136479465,4925.515002655052,5939.111117811571,3187.419004094849,4353.310930757875,2305.1334589545995,6772.54702853904,5803.556414769223,6160.198012376307,2322.167883248754,4150.417538284311,6159.917587991742,5102.721498175753,7041.3527403081425,187.29256392072813,4962.264239350117,4538.057935141969,924.5785413414048,1501.2987884208792,3334.2955254641124,4957.623152477808,3818.28239104247,405.98594235391937,4575.085604096715,3747.7851578885898,1364.8764433522913,6225.641784822589,278.4527729759573,2268.457413906199,5750.226469152759,6689.624052471782,2243.941837443208,3104.709024060387,509.1045667375221,4679.622104300516,5124.653376861796,4351.967443795966,1639.1516724577382,3873.974995925632,5793.970609559216,1200.8553987574855,2339.041002953347,4371.960361606678,2360.0764900148897,4972.199909459494
6245.640501609182,4062.869330333551,5200.720246972336,5730.06001813768,1898.5761854855864,5062.570856396678,610.2971377812619,3741.2868828269497,5678.831495855816,2810.918459543962,368.186864867556,159.25686712980382,4095.41838154211,3325.652114884237,4638.831251207679,5521.633178741956,1131.9136885756789,5465.0330944836915,3974.3133118491046,0.0,1398.4474742985524,3846.7512650289723,4862.525465294449,5182.8022042336315,4487.021461146135,862.8282507133157,4062.340299881953,2812.3688948052313,3430.0954429293947,2713.4236263239472,3954.274597413917,5557.30315434564,3840.7472012172316,6936.460094145428,4978.9565402453545,4475.189586220119,5348.464340765954,4642.222940747352,6807.059989546515,5392.06844931516,6198.663769847579,4529.580340969789,5791.09629385499,1520.1107356406637,5535.700446115377,3660.0725661583538,4143.533416226422,3111.544064503346,3357.308998015226,2515.998695080941,5140.6106055262535,3692.3127280869635,3182.032328107305,5338.335162238598,4727.708824963736,5156.352708212365,4484.344707137599,3523.0530000512335,1473.8709062831792,3644.206028742749,1715.4988180890712,5089.621004265445,3220.250778289479,4634.311023982961,3859.960192789687,3544.260256547902,5195.711550872411,2107.948482992884,4517.229077122611,3918.485703904124,1531.753459107568,5744.841059589028,3188.618103194548,2978.671823156925,2067.142282619413,6352.093027927487,5683.098510650154,3610.926442578968,6616.804913809232,5136.141819248082,3442.9728413557077,5445.11297956709,4249.237238683315,2645.617338593962,3173.0116348239258,5449.478504726851,3344.7129343178312,3088.2042858083396,3720.237776853786,6074.1323457762255,2641.123098916822,5220.540007133074,4470.998496555328,4334.704289156989,3453.5051602186727,4628.386135009264,5562.540715627168,4525.087157792322,4949.692104131326,3446.0523528457884
6686.111200550063,4513.756290865625,5032.6538193044835,5229.305366105904,1377.9646978442524,5886.860540315611,1767.7667470172642,2818.0604524433115,5929.198983005378,3760.7907478227244,1155.6764636960468,1546.1350331261497,3438.822503441694,2806.44067211869,3562.4428962419884,6317.047360732069,1952.7689077996406,6069.274415846593,4973.366359534053,1398.4474742985524,0.0,4946.784723484337,4688.717822510223,5232.75030952032,4016.5270645454393,611.3956487390144,2711.840305019637,3996.428408091405,2701.4087814347913,3829.3602436941087,3218.518782657172,4723.121063020934,2639.4947735447404,6825.257180011608,5576.50970720934,3544.584571917138,5493.732553794461,4700.284001419595,6665.767434985488,4328.830875392569,6647.565213482678,3578.6673271495915,5230.814187196962,1044.5710347439283,4796.597777099306,4122.222552536557,4124.0305567724645,2217.919312397546,4230.000836733961,1835.414270709749,4456.560137180357,3253.396326293033,2562.242731799624,6040.923285657004,5538.1830125155675,4957.521545359637,3926.378902888131,2321.0797886729356,2871.41616579694,3169.276428728962,2685.4280973559885,3990.291322735221,1991.4211867412678,3633.2480178740902,4206.852596534017,3145.3661566388428,4335.2743714654325,902.0583010537625,3206.4965479866023,4878.7694845877895,217.8934665656596,5600.23961376654,4315.214015091256,3700.6372210576114,2106.0216825913735,6204.448851047529,5776.6843845031035,4577.862942707656,6671.944525086072,5143.353149050239,4123.225653532075,4623.481228825094,5251.410043647802,3118.678477003521,1953.091587186838,4467.654952172113,3726.509111541927,3129.6195475317763,4621.972132960778,5956.271491450083,1578.7077795729012,5029.28609164611,5071.443789633481,4160.693785264184,2290.6788103854724,5379.3793719842815,6137.898085896996,4191.76935967677,5391.494946126909,2650.94393709901
3704.3465221068345,2462.58879533815,4703.586853469382,5925.92389937046,4272.661149691724,1721.76592748637,4060.8737023997683,5630.36308044206,3845.0381899390804,1268.7245086798787,3883.700621047534,3788.2243101603685,5260.246192646595,4597.8098077497725,6615.580627325239,2156.2135510774438,2995.8646158571655,2663.9950123654507,488.31227600890793,3846.7512650289723,4946.784723484337,0.0,4522.017404229335,4104.328931849517,5051.062903209581,4621.928978740912,6971.232868796236,1074.8483844384755,5057.746880368867,1134.8826613817837,5354.4783849944715,6674.690165312695,6331.209859342842,5763.05743951056,2376.5542066736034,6132.763169780568,3936.193586719662,3794.675820415362,5746.035140158909,7167.710628779737,3645.0339943409303,6220.196780297711,6126.167949368104,4237.295251663259,6409.012484742405,2364.2893246201916,3782.2883857396437,5208.908149101883,1115.8021096825369,4602.3887763504945,5986.636049418488,4581.618275678693,4735.009757057951,2282.20621845551,1541.6470486911069,4757.908674667579,5257.60250079492,6095.481593395883,2906.9271468287607,4637.966834516716,2262.7043439621093,7028.043520247865,5936.2696776292105,6419.775519132115,2721.4058456395287,4435.995506806224,6474.05298869549,5161.787282895141,7206.950934105768,647.4663343533778,4957.12339529066,4988.245625042336,660.6316160720739,1738.3189954105087,3474.89983360456,5422.65347823637,4291.9395233693585,669.83293891089,5059.738301500187,4194.641247853861,1715.1582225220504,6557.666907603344,599.2631506316736,2484.066341730228,5882.245136953237,6987.6060415042,2577.5888581162435,3384.3809334147063,897.496713402339,5141.723694654644,5247.743990641503,4776.918557923403,2119.3291829166133,4251.857850578968,5955.447145240146,1686.248565952244,2817.3130226859776,4740.211011296122,2843.4556485660187,5197.324484103336
2985.759752442584,2090.7316879968125,345.0842582399257,1422.2738945045005,3312.501001891169,3832.3685085988277,5460.1349289413165,2769.8290564311,1904.7712759323624,3662.977759736469,4553.6895619921215,4963.405790640637,1842.6401302240215,1991.6197793195865,3318.321921533533,3963.0941109916885,3876.0642126355447,3121.7843740439544,4111.827758879255,4862.525465294449,4688.717822510223,4522.017404229335,0.0,910.1707896982854,1115.9182919286698,4938.571510876603,4670.719303961007,4536.355943210917,2363.6251136015626,4229.867358772613,2132.995623155847,2544.4488032807812,3769.0193289800195,2136.539861557701,2849.0165766146397,2708.048320473252,1331.3359948998602,790.8514047885358,1980.1300928216813,3473.456102675979,2983.15987876111,2788.367125862913,1645.9983460307608,3680.0209986277255,2164.081835182995,2165.0745740588245,814.7499739232894,2927.9045032003687,3451.7037210492163,2924.939058245488,1836.9752426965365,1539.902030121397,2293.2815996481986,3457.5280134350323,3609.5107477165107,297.68099818429727,1399.7043807354464,3762.8783095126796,5378.641243084075,1650.6191933822897,3825.487146290522,3538.2996989742114,3879.6830493298035,2998.5473622540967,1801.526277657365,1593.815375940388,2532.338113447728,4073.9870965707537,4524.482161863941,3924.7288052921567,4513.235502647407,911.6061467349809,4398.2266596055515,2991.074313508777,2799.2333722824906,1518.3976868692864,1388.6247579015005,3856.321714017258,2097.2467612422242,740.2521225771663,2827.4204756491386,2452.8515510957855,4239.309147726785,2586.2425996994175,3849.849098879721,3124.049561551961,2064.3717261990396,1795.639832992129,3628.266380350401,1268.5991006917825,3540.0158034772953,358.2217584820886,2676.1074693623577,534.3032496073745,3616.729295901754,3319.79423748295,3061.137440265138,676.6851003605738,2233.7810797562506,2519.1402487350724
2077.1793552724325,1661.2759983633064,810.6868718370858,2149.7604376862555,3865.096157804356,3137.1777048104877,5752.6740352313545,3618.5240071656285,994.60187579805,3468.5933157071036,4913.202100930104,5261.488836512437,2718.3625215375523,2728.429899834884,4220.889295535953,3197.160184110424,4107.805264618321,2305.87326726015,3650.509180737668,5182.8022042336315,5232.75030952032,4104.328931849517,910.1707896982854,0.0,2017.939477438558,5396.218732948656,5514.924397666571,4327.374101254131,3160.845038140908,4039.7346207881033,2998.0399371339267,3423.7015911917615,4618.471645921949,1820.4018177328326,2112.9052136158402,3609.9856859707907,422.01863239435295,542.7449445218257,1739.6375661182994,4381.567659469496,2076.1196468725016,3691.773252804809,2398.567409018142,4192.854505574573,3027.3376590293,1896.1963822895557,1110.567333733529,3698.1706146402976,3129.394781203707,3580.842456927978,2729.6334041456926,2311.571561496637,3033.9460248687683,2686.6278873271604,2967.1941454304942,926.8032468587924,2304.3029888037727,4584.740587633831,5457.346343957381,2426.7615759184087,3892.3095946260482,4448.155849175812,4669.415487470889,3903.7442349714715,1541.8418281218085,2321.530519850213,3435.1185436604655,4721.658690914136,5401.644599099889,3469.216966701564,5078.284739951571,889.9473216685356,4109.425173475848,2817.4441133495448,3194.71668893503,1347.8791263766939,553.4107519745168,3467.90490016739,1447.009249838093,172.4013370017763,2525.951165276954,3338.3840581216837,3727.268989660392,2646.4573082080883,4634.862313463584,4026.197261886332,1982.7677035583367,2131.4683156641104,3213.2908186339123,1055.2532243172723,4256.9924249339465,896.0918635552943,2066.3856996381382,1229.1701777252001,4433.686600982302,2685.4460233460286,2225.1223027386604,1568.2198343759078,1477.5859132277217,3326.0058219752113
4080.2897776169034,2813.654468595069,1355.3655906691745,1244.4111120341217,2701.952588297026,4677.8939828603425,5097.297683138586,1708.6709766496883,3009.090803623247,3993.814478583726,4140.332142499802,4612.722070684294,760.4904927380749,1213.2216527724845,2203.3983016261495,4878.259602613415,3674.3855358371147,4105.6967207011285,4705.357098375106,4487.021461146135,4016.5270645454393,5051.062903209581,1115.9182919286698,2017.939477438558,0.0,4375.808174516452,3595.7565871767515,4831.073532309149,1411.6151488011878,4519.239098559071,1061.1941226962201,1641.4941335338365,2693.858923267512,3006.8330015127212,3767.3042387237588,1592.7152371070604,2434.5407554232893,1755.351234145748,2817.9398234108903,2410.5061184460824,4073.8421436267017,1673.9298405518675,1313.840769879288,3102.221481648917,1358.8780844637977,2737.173157985625,1378.4456336297783,1990.24048963737,3936.605719027498,2181.4504330992722,936.4953730633164,796.0462264246974,1460.732674139249,4389.2243192155265,4409.5794674814515,1233.8649296130432,287.77274661266983,2723.036364873595,5290.745950640419,858.107890198546,3837.526306049901,2440.8330333707786,2882.1856978300343,1885.9303041979044,2433.083504291828,943.482489932378,1519.6722679660243,3277.2207881047625,3418.4044715679856,4520.9027994913795,3818.139069071476,1853.0320280130077,4790.250577664806,3358.5786565987996,2480.466819937933,2382.0180161562594,2503.1280436845414,4385.344133389078,3146.822061557342,1851.5032162286404,3344.974775496072,1529.694706903309,4881.235123679764,2742.941261975728,2859.608886931568,2100.4332078545126,2473.4904014782433,1779.6724854829329,4198.212109563307,2206.3429356401057,2660.530398144325,1303.2400414048825,3493.128967574201,925.5493823465067,2585.831701222065,4124.086435147062,4066.1251323243855,453.47360970733473,3196.636304728144,1538.539333789033
6691.575578902177,4497.372959228532,5283.495958448819,5610.689200989215,1674.050154995364,5708.955899374421,1158.9609269949526,3328.8685077545497,6013.375077103125,3503.8187184342178,738.5225456721009,992.2953260541943,3861.53884271983,3165.406165915048,4127.165289447468,6155.429236749051,1696.8671254732944,5996.881542950219,4702.3773930810785,862.8282507133157,611.3956487390144,4621.928978740912,4938.571510876603,5396.218732948656,4375.808174516452,0.0,3322.279855102517,3619.3094456027106,3139.867036690886,3488.6322390329424,3667.6524487802826,5219.216658274401,3232.053287900588,7065.219798532599,5503.951737299029,4064.7771030771178,5619.438806913908,4855.1110624810635,6916.970197828527,4893.0947259611685,6649.0554628338,4105.663246304183,5634.171908810204,1276.955505991106,5260.949239740392,4095.6906623340105,4303.951493332843,2708.9069852213465,4015.995389345088,2230.740789833727,4899.281422018744,3589.380246637851,2955.542442053743,5922.412721468338,5364.987949555992,5220.011274610238,4317.944651521601,2912.186844507234,2323.6574559020096,3517.9883541001104,2398.518865074862,4563.0260410982755,2586.937651060226,4176.281596880772,4232.1524819344595,3463.3554453971374,4837.83516903439,1475.005888143163,3817.4634356542306,4627.016715831055,801.8588994262024,5846.242187726489,3972.273757900002,3550.4253671212414,2202.9132485583723,6455.640869764674,5926.303815535025,4320.547906009723,6843.203632523368,5323.751333004389,3998.43612864955,5114.8617867912135,4980.392936864521,3067.5842612938936,2546.226054985889,5009.124427236461,3728.8570406412746,3265.145613264132,4397.513546144116,6193.975212293475,2117.658455756499,5289.39060034443,4993.52704770576,4404.510954446703,2871.4950390435997,5233.71052095595,6079.211028739915,4499.684963138197,5387.855997181903,3113.452371637151
7458.662466250902,5616.446016841966,4945.351109527513,4412.691002324205,2710.3842653063048,7392.944809386446,4479.522268060847,1901.0612937462063,6457.256424142145,5702.535853990748,3750.001338126961,4218.8128929855375,2838.0777497034856,2863.882000651738,1722.9624697804654,7736.522323146556,4183.910320108212,7191.648464522512,6841.300263725602,4062.340299881953,2711.840305019637,6971.232868796236,4670.719303961007,5514.924397666571,3595.7565871767515,3322.279855102517,0.0,6220.725664918925,2376.4742475596063,5977.237415033805,2541.0232527058856,3233.343986015871,902.5754652110813,6555.811380679664,6746.025190008483,2172.1417307312154,5901.495276868905,5108.81991538496,6357.052730321182,2303.4415906388854,7439.0890963324255,2130.680026599254,4282.174148732627,2838.8939128972393,3526.603721241302,5323.596564765778,4544.399356642195,1925.6033160672005,6000.551227260125,2403.3293773380287,3407.85614020105,3220.4030765731795,2582.882967886272,7331.09211990642,7056.344526667118,4826.881026330149,3345.6927505041463,961.5440401588471,5498.7398551050765,3106.0602565855024,4840.001498398528,1935.3123415833943,1037.74407808332,2008.8559096264223,5212.716984681597,3246.8384362912175,2875.674518351825,1981.8870423132087,580.0551840032116,6697.468763306924,2541.784805029135,5446.2463122360705,6431.18166775881,5357.301854422802,3507.5098988236646,5946.446161052161,6043.9013524680395,6438.433951311841,6741.796990683196,5364.60642754881,5641.53763429528,3189.3078556773094,7099.185978697135,4600.400522166086,1091.1442462300747,2643.7012658590984,4905.6125135725915,4001.032631378304,6382.671157692914,5794.496839050824,1723.5926379226034,4897.452197580289,6314.444992525076,4288.333778251058,1118.6521073399003,6820.367444199542,7203.800280934293,3998.6213290412984,6329.024588356803,2205.1545995365036
4409.891860979473,2689.2838093925675,4780.592539599249,5862.763400612377,3514.9557439599434,2636.174133934441,2991.8822092756263,5087.319421644074,4309.968715179264,873.978319548603,2887.5205607900007,2741.816882160441,4885.729179590391,4143.108542759893,6092.408571020578,3099.781306893117,2084.355111382175,3412.300122481902,1356.0177326882567,2812.3688948052313,3996.428408091405,1074.8483844384755,4536.355943210917,4327.374101254131,4831.073532309149,3619.3094456027106,6220.725664918925,0.0,4546.481889339163,312.18392142613624,4922.592093330607,6383.037646964649,5667.78573005808,6105.148438085679,3022.6245655588787,5673.784217368599,4260.576353276279,3912.088923494071,6052.829018043464,6715.306878721776,4352.333387837494,5756.326773412365,6031.783419691477,3404.8881033117664,6174.329735187294,2436.078127260495,3733.521639722609,4589.869949614042,1251.6490198973515,3941.436825256622,5740.796476339237,4231.265684867945,4218.085591568289,3109.451808538123,2373.0337710879717,4807.596693736799,4991.65938103002,5403.661831017371,1841.7806191292161,4263.298773866664,1382.869546602643,6528.3997746081695,5204.070615939987,5939.174851906787,2801.630732611455,4071.233039840019,6130.724093441573,4322.0398643811695,6517.598234016116,1391.0440268967047,4032.2822191949804,5164.780510283084,434.31478972745117,1546.0816160167612,2831.0239368336324,5675.21590557584,4633.266347909863,1142.868465943479,5494.695893702763,4378.71532312675,1806.5922656861453,6262.859521637221,1592.15925313299,2091.7829397260602,5149.6751684062565,6592.909230678973,2472.5437713611864,3059.7107793791556,1383.7637440668839,5381.818028979519,4510.846483006488,4842.046616554306,2625.6651728025035,4161.797747382734,5275.483955276237,2414.836501548293,3553.1040884153676,4600.1866391250915,3330.9538664124425,4663.870023816058
5082.379648075299,3317.3296605483756,2671.493142240309,2552.9911244508858,1533.0916850867077,5162.931940693002,4024.521849259239,584.9422905569397,4085.567569980088,3834.107500924303,3063.5861646880444,3575.2871251004444,740.6543862558295,510.91971433582455,1559.1286176201115,5465.6763331680195,2884.840844769431,4853.93460958767,4824.391558184514,3430.0954429293947,2701.4087814347913,5057.746880368867,2363.6251136015626,3160.845038140908,1411.6151488011878,3139.867036690886,2376.4742475596063,4546.481889339163,0.0,4253.651475915957,529.728255551844,2127.7308239260433,1505.650423985926,4402.971853050279,4427.574444373917,1143.0501880258796,3535.9275245542008,2735.214709730847,4218.873032345249,2175.742690564534,5063.180686564721,1220.0559982332773,2535.4050689323785,1926.31540222597,2124.834780346227,3073.799904824646,2167.966847143194,579.471974933214,3981.713463279974,921.6296182881719,1760.581273323103,850.2083725887439,328.4467433922895,5030.4370273104505,4842.9319385546805,2564.910708179916,1257.329804734621,1428.3270467764028,4508.097688860458,734.9750501683714,3293.7171942099103,1984.2154319511267,1516.635384335009,1393.7069703151376,2905.2938664572303,871.14941903212,1773.7696390738001,1896.6579358421488,2363.630650205949,4657.928581852882,2491.4143654167606,3214.504564753486,4634.329527164097,3330.9300379761808,1754.9744598950729,3774.1968637274344,3701.3226003407217,4443.6411017570945,4460.681930114834,3018.3134667459576,3508.3823200660445,2015.0528197784292,5054.596822935733,2573.7827264235034,1486.2367967753326,2108.9314420191563,2680.6864439695296,1756.4622722108213,4328.1802445477015,3575.8105628665508,1253.2448144416958,2638.5829915047207,4029.19029281877,1932.1119506004306,1275.0308072709454,4584.939350915887,4855.6083203883945,1723.3484646170664,3973.5722040054843,172.73443222762498
4214.0088499313815,2414.4686168886105,4477.73560637796,5551.771810988002,3267.198935984768,2536.3674224547985,2953.8140293980937,4799.819635205056,4059.1180326229737,573.1687897033473,2750.8896204569896,2658.882307571548,4580.3248142097955,3843.101032183385,5803.690771215159,3005.1791117244575,1889.1115592775352,3238.785508150393,1304.7885761256493,2713.4236263239472,3829.3602436941087,1134.8826613817837,4229.867358772613,4039.7346207881033,4519.239098559071,3488.6322390329424,5977.237415033805,312.18392142613624,4253.651475915957,0.0,4621.8548748804305,6074.16098541955,5402.4303347638825,5827.22891733498,2825.9827570820385,5376.789674593567,3986.588194342877,3615.022454422379,5770.29274462674,6418.758959024166,4157.371546425457,5459.96213853512,5720.063094699044,3181.0571715511496,5863.288272576831,2144.6457007053637,3425.2075443444296,4313.620603909551,1016.9790142520151,3671.537448867981,5429.889509863898,3923.4702938171963,3925.2153526711113,2966.4860669596947,2247.698928712874,4502.805115250936,4680.957962442303,5144.105219557334,1903.5408778213825,3957.024416743976,1163.9202404718287,6237.126972043859,4954.032011538581,5644.916747812053,2507.338459661958,3764.0326385176313,5824.4947817569555,4103.675065711831,6259.1752768991055,1297.3934478823298,3850.9648768667053,4869.558860069462,486.07639807441785,1242.5241344915598,2552.8027251869657,5386.9015140004185,4359.975130241571,1012.7464393840148,5232.913461693877,4086.5305926609676,1530.3576456665282,5954.061235075517,1566.8960084351484,1781.0926014359834,4899.627040154894,6290.803257035543,2165.5223087744903,2748.9476948028678,1219.5586559887147,5092.777117098489,4260.510923630287,4538.2289571329475,2403.090277079286,3851.1976908947427,5013.009105342619,2254.9721670018457,3374.0256612534827,4288.232504522113,3093.030072888558,4374.195394383863
5006.185348444463,3423.036155282617,2404.5420255801314,2084.4930664113517,2059.8949078523397,5300.710348755344,4550.97142537997,647.4768756612082,3966.012265569662,4167.418724515453,3588.5853774279913,4098.018150238113,301.06174491290017,780.054283821966,1334.5253104860917,5567.636546983737,3365.2221290446787,4887.534074882446,5084.001656646858,3954.274597413917,3218.518782657172,5354.4783849944715,2132.995623155847,2998.0399371339267,1061.1941226962201,3667.6524487802826,2541.0232527058856,4922.592093330607,529.728255551844,4621.8548748804305,0.0,1609.8453127592727,1638.4662741786901,4059.6237420870666,4491.990857975671,782.7591763959075,3398.575591406788,2639.1000991948,3867.307283330354,1813.3901902549817,4992.93584976094,872.1271698697386,2042.5277188155858,2455.0506761859315,1595.1929109186137,3233.0811528549666,2125.5109812866176,1030.077599739456,4255.004011845936,1450.9997059682685,1238.0454732884411,831.8133451983088,788.1410116273614,5108.202797211756,4996.4714848121575,2286.821393438937,837.5724071959394,1662.9904220412698,4998.018174466855,744.1155618773201,3723.4771739936855,1696.1708341086985,1837.7850085167743,1082.1937032809792,3011.83882581854,943.8061943651355,1271.853474929404,2390.2416361608716,2404.7348507136912,4910.123045660668,3006.259651231909,2913.956903721982,4975.410368458968,3616.262732910041,2199.0239519809697,3438.23336814766,3514.6308599693652,4718.523894285691,4201.99128149274,2841.3473903150243,3735.968689551078,1494.8290485085577,5298.828202071284,2884.4226795409168,1819.6007254727617,1672.2878314826662,2872.678894916033,1979.2954986080274,4578.9736815143415,3267.478986966251,1720.5033214106274,2357.895129625574,4135.678679652591,1790.033368796515,1528.4565002118961,4725.912102087067,4872.226755197771,1458.5153586685335,3985.9322837616046,571.4555321536407
5485.641003536505,4449.563220769539,2626.987857065198,1481.0632233365327,3659.1146203136354,6300.2441048674455,6149.272314933207,1906.7764316020377,4399.336648007743,5573.610508024849,5190.3593252588025,5702.957248115051,1534.2820903709335,2333.8025927901444,1510.40080794503,6476.247174233237,4961.730874931146,5661.124654472997,6340.8692244991935,5557.30315434564,4723.121063020934,6674.690165312695,2544.4488032807812,3423.7015911917615,1641.4941335338365,5219.216658274401,3233.343986015871,6383.037646964649,2127.7308239260433,6074.16098541955,1609.8453127592727,0.0,2483.571260837506,3719.2632973818886,5359.960167187066,1207.3612116317968,3841.6360854153013,3302.494827405639,3512.7726547365687,1150.2207517689812,5489.72779702974,1199.75577443078,1259.0908376844775,4047.3971064290195,423.49214434508696,4377.877239309595,3008.546400151575,2511.6011141473077,5558.890093865321,3043.267135410397,720.9210583475837,2154.1562044459547,2396.6522593526165,5977.758319958495,6041.246830701424,2503.308246902287,1417.1787995637674,2694.770127615712,6598.29041812256,2133.0221403503997,5269.52288460018,1407.455873794983,2991.444415855659,1246.9507212917435,4073.694413377248,2316.8124502222877,394.67376323870326,3843.361984530211,2818.1728522008725,6157.2880325969,4505.838518782936,2904.181803482695,6379.286998996048,4961.072772349646,3776.7172333645794,3202.831376608048,3797.198308520902,6012.654196913041,4171.61378940213,3251.7630247219736,4977.583687886423,120.60659986086999,6520.930429441261,4295.429421721302,2998.91916867194,722.6756781987339,4101.180736140875,3331.152681184848,5832.671700211662,3167.21635300227,3152.873306260815,2545.9762328539127,5117.767542561894,2538.5844672525673,2628.7058438625268,5754.091231819843,5604.542760537206,2029.3724437857634,4762.905836272643,2118.2170338362407
6580.986629022505,4800.353952468609,4042.7840998007796,3550.911065922378,2187.078439671746,6616.360302571573,4342.428963887607,1000.6222623532818,5568.055287735027,5068.885359116045,3492.1104050423432,3999.9302051723353,1935.6156898261079,2008.1911387315702,1029.6433488276418,6939.543914171449,3723.2077474705866,6354.395035206734,6157.923157672966,3840.7472012172316,2639.4947735447404,6331.209859342842,3769.0193289800195,4618.471645921949,2693.858923267512,3232.053287900588,902.5754652110813,5667.78573005808,1505.650423985926,5402.4303347638825,1638.4662741786901,2483.571260837506,0.0,5663.822004576945,5920.8157223553235,1332.4012539175276,5008.790119531562,4222.851494836753,5466.464429997601,1759.4636796757127,6563.137306222154,1308.5106463128218,3437.1694434788924,2424.88068218294,2725.9906107923407,4530.973307241723,3667.5428978209648,1138.219227363516,5310.625112389313,1733.7475168054314,2558.2530888457845,2336.497086846247,1746.6490638780301,6517.044880365716,6287.021360793519,3924.4114950994876,2446.553108584606,320.32741163378455,5190.064147720142,2223.429785959745,4311.002532943005,1395.060404840593,648.9928284503616,1237.6171074253946,4391.156485696336,2375.2108429284754,2101.4722759734423,1760.549455928461,887.1977668592274,6003.78614321871,2433.040568216239,4545.334582537352,5833.129566812828,4658.498909383257,2862.1538235435564,5051.120455928663,5144.587173012427,5761.586122305038,5839.415577908803,4466.527179987265,4901.904589454694,2420.750188493641,6405.55011052267,3891.902409191294,686.4799162757782,2001.5514345631987,4121.900170925662,3201.5808973550857,5680.824487408848,4894.817864737052,1224.3301124786567,3995.0646144342895,5507.300835260227,3394.3803589005756,401.6251914372401,6039.736505047218,6358.989156738987,3096.3118912029836,5478.228441664148,1332.9164560241572
2682.915312655433,3415.9219870847464,1792.8964321733704,2249.760672463629,5448.858079868203,4492.665557197086,7520.813769472024,4703.848659179524,1962.1564007112177,5261.096998775921,6645.513497983508,7025.650693659627,3759.2914215416977,4094.5952133809265,4981.904175275254,4390.4043448994535,5892.392637507196,3463.2820927625867,5285.490606763482,6936.460094145428,6825.257180011608,5763.05743951056,2136.539861557701,1820.4018177328326,3006.8330015127212,7065.219798532599,6555.811380679664,6105.148438085679,4402.971853050279,5827.22891733498,4059.6237420870666,3719.2632973818886,5663.822004576945,0.0,3498.242865854228,4418.745187977352,1847.6405626855567,2329.926902746307,206.6847409776541,4857.503557965964,2722.083371453748,4478.5041871754465,2460.205700692729,5813.747589504209,3302.768470328188,3697.2342106906076,2792.973867986058,4981.580190054758,4876.780150251803,5049.71885591713,3230.828753413743,3634.4854668352987,4386.827097285692,3920.1567660864025,4425.405961293946,1873.9759096330458,3225.7817739278335,5721.212802861472,7276.532672053359,3737.600380711801,5710.249713452907,5053.811562062439,5889.003260800762,4652.682395193766,3353.8261295310167,3710.9162630419187,3917.2488068419902,6194.342196198076,6299.679322382212,5115.8249481764915,6649.169477947754,1225.0903978809076,5854.010133494817,4623.167149595286,4895.930658373851,629.9343345024148,1478.7817723525,5166.511761244331,838.8360952331517,1824.2148260183064,4298.992295327476,3686.645667087902,5309.558240462666,4460.121070767586,5866.324367233712,4436.6620907759025,3803.1161670983706,3849.0815974506177,4901.297549803113,871.3230924295535,5628.992604033514,1800.85103926588,3646.4953722323576,2666.4363210615024,5588.077652093696,4177.428042392831,3326.6271476524093,2690.871944579489,2933.9560881874154,4540.278501431603
1388.503183396063,1134.1823353539764,2885.971497052595,4231.402449829607,4411.507578962661,1030.644664287843,5420.428954916761,4993.492300541275,1536.4303184303542,2373.380790899134,4837.370153796482,4995.229635300063,4281.02172785855,3917.7315788096043,5822.922175108045,1116.6005117552115,3860.2959964242377,493.5304878627054,1888.6493123724692,4978.9565402453545,5576.50970720934,2376.5542066736034,2849.0165766146397,2112.9052136158402,3767.3042387237588,5503.951737299029,6746.025190008483,3022.6245655588787,4427.574444373917,2825.9827570820385,4491.990857975671,5359.960167187066,5920.8157223553235,3498.242865854228,0.0,5236.23579201825,1801.0607457609528,2064.423106221445,3516.739621975588,6163.263862437823,1331.5633039720642,5325.822910984555,4471.8102925416015,4590.373104437807,5000.346354687243,1478.7776288343694,2403.9844283466145,4820.514809800505,1819.5232597056845,4423.368283639177,4639.918681516411,3665.9640318962483,4175.050374855374,622.3272072897023,927.7886983769528,2982.8752483275257,4040.857666395217,5785.853094169087,4656.471466563496,3765.905992596868,3307.8984731954815,6144.050736510562,5755.56479990296,5544.44551193228,1533.3106550288494,3583.5554059996057,5285.373069237875,5391.11898140822,6790.5610549092335,1748.9412914460565,5492.405144951708,2971.7624868013927,2658.8527314163152,2004.4245545435228,3531.2143883889294,3269.5003294211483,2096.617750302138,1904.2560772375127,2734.950305608129,2257.9150759461704,1538.2055504011812,5259.137082291923,1852.1104722626565,2458.0758341241226,5708.597399384546,5867.6814240641925,1900.3102189234787,2752.2027505532724,1644.956703863661,3021.0016773052275,5165.747364059144,2971.206559619341,510.7189770235681,2841.949868547297,5629.085150950285,699.2942436557018,584.378082595506,3339.8529700908985,635.3266759644205,4598.420176813119
5664.039551626383,4186.843722787369,2926.1978388757316,2241.4081316817333,2590.2311491208657,6068.476635302965,5049.762791437733,738.5131266240296,4599.079491233545,4935.768688274806,4107.159985836685,4626.890657474089,955.2264192964934,1540.0709162454175,610.9472347756392,6323.414878303099,4016.9709193276467,5615.723941560251,5866.307273535883,4475.189586220119,3544.584571917138,6132.763169780568,2708.048320473252,3609.9856859707907,1592.7152371070604,4064.7771030771178,2172.1417307312154,5673.784217368599,1143.0501880258796,5376.789674593567,782.7591763959075,1207.3612116317968,1332.4012539175276,4418.745187977352,5236.23579201825,0.0,4024.9521063548073,3312.573195969864,4216.433409747627,1042.149517897024,5655.403956169709,90.37435997560404,2112.0446601570716,2955.1633082936382,1399.4083626393692,4009.929267606849,2843.4379994341357,1368.2537644870554,5035.920806568448,1976.6778531930795,1235.8446954184817,1603.507209825388,1466.2634805508185,5855.80180228549,5768.717208838113,2800.2025078401025,1308.6025308763544,1505.3132029066248,5628.369850065025,1523.1753352743074,4436.266434127238,917.2703011898942,1789.4927726383814,308.22072264044834,3777.9026641696314,1724.5765464698861,812.7218295296369,2653.7604552244347,1881.5015186581702,5692.70921290733,3326.700613712782,3371.4000306960015,5741.935231769599,4395.1165595249,2897.902774515736,3825.01984091743,4092.749512497069,5499.511025679738,4684.729848047271,3444.1154401317617,4518.677441122126,1124.8692987458585,6081.585354917416,3657.047634269207,1794.6316472081396,980.6113531675021,3654.208826651263,2761.651826611385,5361.552276567393,3702.329207357174,1966.4717963105907,2864.5909605191455,4896.933447335486,2458.2290613758923,1427.5838987183902,5495.560595734069,5591.580462661787,2042.104560498311,4708.26381729327,1063.4062403357434
1655.1704065388553,1572.2238763312305,1219.3922779602137,2539.9236460817087,4141.271143037365,2831.671176802843,5901.477403448479,4010.878593873666,574.614616299481,3424.4962548812928,5098.353339954381,5416.750956781842,3123.7081422879446,3086.253976143408,4635.88546435414,2850.0996848715663,4247.54506745367,1937.5026883958124,3466.448338188527,5348.464340765954,5493.732553794461,3936.193586719662,1331.3359948998602,422.01863239435295,2434.5407554232893,5619.438806913908,5901.495276868905,4260.576353276279,3535.9275245542008,3986.588194342877,3398.575591406788,3841.6360854153013,5008.790119531562,1847.6405626855567,1801.0607457609528,4024.9521063548073,0.0,819.9138931887908,1812.9249976240053,4803.530312166771,1654.235567315006,4107.470698187025,2791.63936718266,4449.497564262396,3442.4104372263632,1878.6004963802175,1416.2199432814098,4060.000573981363,3029.164606133678,3900.168964109376,3150.370097961825,2685.8957286343043,3389.840350129339,2341.913691240563,2694.941364708516,1339.9144044497766,2721.582035038077,4963.5558026274875,5512.621393939275,2801.0528102001217,3962.5254887793462,4868.23309626162,5034.741788415867,4320.361461142458,1561.071479816988,2682.085352471095,3856.9393964188753,5028.8466718921745,5803.310273102843,3291.4159916197164,5349.085955123641,1177.0567203958353,4006.537062509843,2801.8086448463964,3419.073541378132,1496.1657295533805,373.62894240810607,3325.515043444699,1291.219793519678,594.0653934778562,2456.4058556199548,3757.6019550895753,3515.0432968377504,2746.5745124631158,4998.370893582929,4447.910277345194,2052.399896695086,2366.165193252576,3062.3569175027587,1229.985488577812,4594.85332257614,1303.2775767985884,1839.0588115405662,1614.5506587248974,4810.895706526384,2423.5341426612913,1844.5534186585653,1982.985269291227,1175.55316111395,3703.6500240061832
2367.249414286969,1335.9205469016488,910.1721579750719,2204.5973077061035,3337.814380929233,3041.6095654827236,5214.570504569769,3231.13075234321,1351.0138274869726,3041.891277544942,4370.8279411685835,4722.4719282537835,2380.0781224993434,2273.9418855030135,3919.9038736277707,3180.4900987648116,3573.1780626061727,2362.371697887739,3366.2132528825327,4642.222940747352,4700.284001419595,3794.675820415362,790.8514047885358,542.7449445218257,1755.351234145748,4855.1110624810635,5108.81991538496,3912.088923494071,2735.214709730847,3615.022454422379,2639.1000991948,3302.494827405639,4222.851494836753,2329.926902746307,2064.423106221445,3312.573195969864,819.9138931887908,0.0,2229.7664934737,4165.070177404097,2353.878468944818,3398.660725617225,2433.9630396947286,3658.418346298985,2936.714492415802,1481.9649426636242,596.4790468071784,3248.096302116826,2760.018577638383,3081.011318429389,2584.9969960369394,1888.424645894032,2575.910090445123,2677.9545288387553,2820.412633016134,975.1888440707261,2040.4472717936133,4163.3603029808755,4952.599744266136,2002.8014051487985,3384.8307890933042,4189.506792394183,4223.775579531304,3615.777640860815,1112.6576380872962,1872.7564648720347,3252.6525740453744,4212.723580680437,5037.071276368938,3180.2373335211946,4549.4354738786005,1256.3178702832336,3729.561654124651,2376.148277313518,2652.9494429898214,1805.8862281002089,1076.4889403523846,3137.616161712105,1988.8643340200454,505.77286096033254,2139.3577531698625,3204.7388918982156,3477.814388906918,2131.6659157053673,4186.383393489541,3841.8172383346136,1494.891565478246,1589.9773931185314,2897.206771981765,1510.9313511778087,3775.2222594227483,986.2333025131528,1887.788397204782,855.1320473616927,4009.3584169273267,2530.890673070846,2314.8950781262206,1307.8146707947574,1460.4512127150979,2905.007689288447
2775.292379508869,3366.9967253657974,1635.113675686495,2043.1297028199167,5291.148098561596,4523.809034052831,7395.263362161282,4510.310641997067,1987.8719824910756,5201.304832089156,6510.858680209393,6899.323305295165,3567.4548568482264,3920.681277660427,4777.663974250595,4442.435761871296,5774.789708562555,3510.54854445185,5272.611969294915,6807.059989546515,6665.767434985488,5746.035140158909,1980.1300928216813,1739.6375661182994,2817.9398234108903,6916.970197828527,6357.052730321182,6052.829018043464,4218.873032345249,5770.29274462674,3867.307283330354,3512.7726547365687,5466.464429997601,206.6847409776541,3516.739621975588,4216.433409747627,1812.9249976240053,2229.7664934737,0.0,4650.8198962467895,2811.3573894956867,4275.554806703452,2253.6933771607,5660.150196427035,3096.1289146204817,3631.5373919884128,2665.7347401348848,4798.009625644054,4834.198213667392,4880.583506643033,3025.5024527483038,3460.199524289026,4210.423023579104,3963.1522471419134,4440.858766323582,1708.690421564422,3031.9933147690153,5527.621033438617,7182.321248836548,3561.6945044178065,5614.595782788285,4847.528331330616,5699.330682704505,4448.655959159462,3280.9764687885227,3541.2912590254423,3710.808693345697,6022.578370797096,6096.9393534701485,5099.931095320014,6487.207941273733,1070.7753126407988,5813.818602234249,4555.39395870895,4758.2422240901105,461.74146636402514,1454.3580299888336,5138.421660195376,944.7273704159317,1725.4010515384534,4246.5058200457,3479.973606867874,5307.483091066989,4361.007715533877,5677.363431978703,4230.023615293064,3716.00352656076,3718.965354134131,4875.206373473127,733.4287660148057,5449.88578034485,1636.5812503838604,3636.497873672554,2513.1548836060624,5395.606425085135,4185.977196425824,3378.585151157952,2513.4081267768674,2934.8445531961315,4353.954050524305
6458.661649972151,5153.817500436448,3623.269935559315,2609.0416534888823,3546.8874855079625,7036.456790019889,5943.3635163671415,1690.136138177336,5374.830909919307,5976.809885695295,5027.158399927438,5547.803811966316,1932.0294044172829,2581.2237070804226,766.5020667297633,7266.320015474407,5021.17612362532,6514.354386574467,6891.586811936783,5392.06844931516,4328.830875392569,7167.710628779737,3473.456102675979,4381.567659469496,2410.5061184460824,4893.0947259611685,2303.4415906388854,6715.306878721776,2175.742690564534,6418.758959024166,1813.3901902549817,1150.2207517689812,1759.4636796757127,4857.503557965964,6163.263862437823,1042.149517897024,4803.530312166771,4165.070177404097,4650.8198962467895,0.0,6456.583127486317,958.98698606394,2400.5137570114025,3884.6051625731534,1556.2401242102712,5005.196532485512,3759.602336844284,2298.89205678431,6066.462976706773,2950.550827098052,1688.3014878240792,2607.5371287966354,2502.3410149577935,6785.5202069504585,6747.690066505723,3495.5985050959443,2128.398832661069,2050.5007991342018,6612.33350607242,2538.449252225657,5467.514739358733,373.81349017925993,2384.4432980538663,787.5379232583018,4751.355397391465,2741.336679892676,965.72930408526,3427.635194727117,1802.0320013479227,6715.914764946097,4114.104770633338,3973.560427853086,6783.466905074425,5429.421452376762,3928.3314011336925,4322.329469761069,4810.318351435173,6529.777457593482,5268.495279383859,4209.944749700285,5537.011336666469,1171.2995402415215,7101.269630571212,4696.3203356467275,2410.8458997762586,428.6094909121824,4665.381984334508,3788.691566441507,6384.994522191072,4262.41079800915,2779.7490891898856,3549.0430844605144,5855.662401342824,3331.0084461219844,2048.2863170409055,6469.2331690290775,6476.5164882713,2857.874987870708,5604.650302115199,2077.738872359566
59.37456883211894,2152.052116142172,2862.7598233790063,4139.834597298907,5381.954928236392,2028.6642441591955,6674.3334922526155,5578.458979607898,1090.4687279537184,3694.633319115985,6022.458176831285,6229.56082864635,4732.297760265937,4579.067859661942,6265.156949773884,1781.3816707895587,5067.777959098839,983.4100146251308,3165.236426493288,6198.663769847579,6647.565213482678,3645.0339943409303,2983.15987876111,2076.1196468725016,4073.8421436267017,6649.0554628338,7439.0890963324255,4352.333387837494,5063.180686564721,4157.371546425457,4992.93584976094,5489.72779702974,6563.137306222154,2722.083371453748,1331.5633039720642,5655.403956169709,1654.235567315006,2353.878468944818,2811.3573894956867,6456.583127486317,0.0,5739.883722713989,4394.246655512411,5621.600076568325,5085.394215988078,2554.964796643977,2895.819221628657,5543.503800799364,3148.3751313248868,5270.425955130761,4803.542853797185,4227.3543433568475,4870.524910646593,1411.2762484680309,2110.700771960109,2986.6495012280902,4361.611568319673,6484.361453379431,5974.169112469532,4339.876594367172,4575.48719232302,6513.583496811337,6515.117368171428,5955.1384073021345,2441.5927270681323,4192.314025220201,5511.174753528507,6336.178903259045,7388.277264329283,3044.9119779888547,6537.374329390431,2685.982318137072,3980.826547629148,3267.7498340836923,4547.185629952884,2729.1977691592815,1719.2562880574262,3225.606903134509,1883.5515234718162,2248.2925089876544,2807.3947744586976,5408.132212689424,3078.1606132913207,3584.5786241099527,6473.797089874303,6102.108039145897,2926.1595281303444,3604.8520032037377,2971.086357922469,2570.4936544986836,6001.446993465909,2944.215269918285,1784.5822954969042,3206.4843483692543,6328.408476231287,1969.2688156077118,828.4326997511625,3620.4088867999426,1261.2795085947441,5235.131555259046
5748.183935008083,4277.142684782564,3002.25743145254,2288.7792268980425,2649.6534566914593,6158.822458171124,5100.928926470157,788.474601085539,4681.777270580907,5021.232775656691,4161.781891449022,4682.023931626579,1044.9185681788802,1625.881277732787,530.219653310776,6413.436862580625,4087.1720889760686,5704.4736102201405,5955.089398317795,4529.580340969789,3578.6673271495915,6220.196780297711,2788.367125862913,3691.773252804809,1673.9298405518675,4105.663246304183,2130.680026599254,5756.326773412365,1220.0559982332773,5459.96213853512,872.1271698697386,1199.75577443078,1308.5106463128218,4478.5041871754465,5325.822910984555,90.37435997560404,4107.470698187025,3398.660725617225,4275.554806703452,958.98698606394,5739.883722713989,0.0,2151.6011841865584,3010.1615939311296,1417.480946875125,4100.204454727227,2932.1812343504625,1419.0153164282613,5124.139271960707,2038.538171573199,1279.858120723153,1693.8231466611269,1545.0833211772112,5945.507607343633,5859.090397369544,2875.901520800217,1388.6668793807253,1498.114404035286,5694.835468775546,1613.2055198780467,4513.758744657162,826.9213860869719,1791.691416121091,218.83421572048545,3868.245601107691,1814.4777233917755,807.236153294066,2684.2923274464724,1821.5006774464837,5781.6894289746315,3360.798087255466,3441.5181954445634,5826.990531215921,4482.773232941524,2974.867291552516,3888.219968726693,4171.6327122720195,5587.740688278224,4755.291830306318,3525.3992620446556,4608.090768450314,1124.3347550271674,6170.824240282412,3743.4641680989816,1799.5497525781273,920.4617209053289,3744.0688977444047,2850.5342594722483,5450.528738573717,3769.96092667192,1999.9727145588763,2939.644858559109,4987.1595208034005,2544.6941959158867,1428.950069647291,5585.928468195954,5679.830504640962,2124.48628712755,4796.791790941108,1133.4550946385132
4382.794185051587,3728.179810963254,1593.186310201353,254.4881115592636,3969.3433738463596,5470.40816975443,6400.947521689973,2602.110974554698,3313.4734160637236,5171.64697850153,5440.20523485098,5919.544726521205,1794.8011799528106,2479.228882355358,2607.5523914203523,5577.480873211579,4986.726612495416,4702.340497365222,5733.823851148725,5791.09629385499,5230.814187196962,6126.167949368104,1645.9983460307608,2398.567409018142,1313.840769879288,5634.171908810204,4282.174148732627,6031.783419691477,2535.4050689323785,5720.063094699044,2042.5277188155858,1259.0908376844775,3437.1694434788924,2460.205700692729,4471.8102925416015,2112.0446601570716,2791.63936718266,2433.9630396947286,2253.6933771607,2400.5137570114025,4394.246655512411,2151.6011841865584,0.0,4372.7168691920815,844.2743399778294,3762.34561546969,2344.653394640667,3072.441983947784,5032.167895550486,3408.2248857330414,878.9644736620473,2100.8274700650695,2679.7376079528763,5068.0194714866675,5254.358619665868,1489.820298975686,1317.3931528628805,3571.2837603048297,6597.5632171920115,2147.2468774377107,5121.737961359797,2617.517157249785,3811.0961709861117,2290.318256795111,3411.818624281485,2254.3580186385657,1481.540015606733,4428.190603621416,3945.749901856553,5546.548314424206,5023.436340936849,1725.6056693964013,5944.461909671641,4511.424059866242,3794.2614299623588,1953.8016360321747,2675.558885840677,5456.733904160712,2939.526739411806,2236.0003422370046,4414.254186248002,1229.4046481386833,5873.206912824373,3972.711450787737,3803.065183220635,1977.394620045528,3587.880721191551,3035.251517365242,5240.768966935769,1945.690547351249,3763.001416244884,1507.1929312022403,4321.416740482339,1882.8469438924137,3465.7403422221346,4964.789553894203,4623.689460579398,1434.0847961072602,3844.296737768952,2611.0666568827774
5658.709919157281,3503.1833333505397,4025.0471173890624,4340.7464538102195,403.54933807032813,4981.128685219947,2102.6834703877807,2222.2304879235635,4885.792865804484,2987.9819833836013,1152.0156235993504,1671.8868857054895,2621.4279870637297,1895.869639199911,3140.0947443370246,5392.76982095713,1345.2566404299962,5080.357114482799,4186.15858754933,1520.1107356406637,1044.5710347439283,4237.295251663259,3680.0209986277255,4192.854505574573,3102.221481648917,1276.955505991106,2838.8939128972393,3404.8881033117664,1926.31540222597,3181.0571715511496,2455.0506761859315,4047.3971064290195,2424.88068218294,5813.747589504209,4590.373104437807,2955.1633082936382,4449.497564262396,3658.418346298985,5660.150196427035,3884.6051625731534,5621.600076568325,3010.1615939311296,4372.7168691920815,0.0,4047.5186601501914,3120.083846058788,3086.229659125354,1593.6497126947318,3388.1436524167625,1005.1528931625273,3667.161126510942,2313.3177863884157,1705.7175992156492,5083.38888417412,4631.483880210531,3956.7341548091144,3055.332985788783,2121.451896532184,2770.5552890772633,2244.115791759641,2023.020762267407,3594.216709277558,1863.1661070822427,3119.2019484849006,3180.2567281785596,2186.400192645665,3680.7736834389857,924.9091219498272,3198.9328496572098,4068.5526645347722,916.0332329266225,4590.696315114952,3652.1244230603643,2802.8431369851933,1074.6131887470015,5198.414328185951,4734.900967770709,3781.2026534469164,5634.868801711358,4107.149391115084,3191.870499148892,3937.024124338077,4459.070090675521,2148.5926086983077,1810.2892032252753,3930.385697807532,2713.1459813760484,2085.0491966265445,3783.606458235317,4942.799147348089,1200.8337744125952,4027.126264916584,4092.2673527483516,3147.673665036132,2024.5254647213012,4449.2843453130745,5140.724488372043,3223.9623551773984,4370.855926608654,1930.7709455085544
5079.921595944273,4127.087812515382,2224.1137192063725,1059.2076121639232,3649.5018731652954,5957.509440975231,6136.86805404858,2019.2746599700101,3995.0456359308337,5346.03021651889,5172.2826532127,5676.098278453078,1443.8790466257904,2238.3693091605774,1816.41769036337,6116.812527116554,4864.797991197682,5285.843113858376,6057.578033013277,5535.700446115377,4796.597777099306,6409.012484742405,2164.081835182995,3027.3376590293,1358.8780844637977,5260.949239740392,3526.603721241302,6174.329735187294,2124.834780346227,5863.288272576831,1595.1929109186137,423.49214434508696,2725.9906107923407,3302.768470328188,5000.346354687243,1399.4083626393692,3442.4104372263632,2936.714492415802,3096.1289146204817,1556.2401242102712,5085.394215988078,1417.480946875125,844.2743399778294,4047.5186601501914,0.0,4082.57899133195,2686.498254115383,2580.8275867752186,5295.048330571875,3045.2371798277068,434.3967733823539,1983.7314418401,2353.6684429923434,5614.621756428923,5708.758384327892,2102.4962285923375,1184.2494208793182,2903.4124813818657,6501.626120725337,1984.4343467388885,5118.310658999999,1782.250921748674,3177.709306159392,1517.756909178805,3763.8773029099925,2149.4398239031952,660.8269144919869,3940.11751956639,3149.5079113639326,5872.331850022187,4581.64833385213,2483.5641998196866,6145.585621443899,4716.011142310523,3666.091164031932,2780.4295080028555,3385.6043194000094,5742.513680118316,3748.137333845173,2856.201863404791,4700.40339924107,385.3008819351445,6226.950903283003,4082.6217829925176,3178.467542866845,1133.8947310972037,3831.510130801823,3114.7702171603287,5551.714148025275,2743.880759338678,3252.5097301711494,2141.66154428962,4779.710978785433,2209.87034053358,2818.69679333074,5420.107129871144,5224.173880582844,1699.8254604955773,4394.240286070165,2149.609850250041
2598.807656976945,403.98275481262795,2372.2070350896856,3561.851066289128,2932.799284273303,2089.534247160357,4163.4037411753625,3655.745174663299,2070.6697385737302,1572.6996768537854,3470.058085200304,3701.666847518426,3074.012061010171,2565.9638475475444,4560.769540979899,2413.0546027980804,2528.5592059609758,1963.8074490033384,1979.8958645469213,3660.0725661583538,4122.222552536557,2364.2893246201916,2165.0745740588245,1896.1963822895557,2737.173157985625,4095.6906623340105,5323.596564765778,2436.078127260495,3073.799904824646,2144.6457007053637,3233.0811528549666,4377.877239309595,4530.973307241723,3697.2342106906076,1478.7776288343694,4009.929267606849,1878.6004963802175,1481.9649426636242,3631.5373919884128,5005.196532485512,2554.964796643977,4100.204454727227,3762.34561546969,3120.083846058788,4082.57899133195,0.0,1420.4845411295396,3406.641941482697,1287.8265940230465,2963.8835489678067,3671.302507390531,2406.567070649808,2791.445174755363,2020.9874671011694,1770.4836989018004,2414.127556342456,2969.8819610149485,4370.06201897147,3647.9245615742934,2488.968086161412,2123.362011929666,4926.969160589195,4314.529385492814,4313.929404756758,369.99056698515943,2290.372963152508,4219.299661053716,3912.3646147082204,5413.234043981564,1793.4023647832073,4028.173132952579,2729.7949111698845,2248.895847869572,926.1813271147289,2054.808676318066,3242.539675484326,2250.4544275290264,1695.5391453921081,3160.0875671786366,1942.6845295744752,663.3218443591319,4264.613119807353,2144.75159026028,1029.614948877492,4265.847876054303,4768.674254156284,424.7938731125956,1329.3924150377873,1480.1577924792343,2948.2212259041885,3704.0310848653794,2440.085477909739,1001.9360729133373,1894.391005027473,4214.7851341478845,1511.615336672991,2020.6479508279022,2392.4775086813247,1295.474309087216,3238.6120959727486
2914.500096623433,1441.930688559613,1108.4070474374473,2151.402011240345,2754.677062516403,3299.4581141496556,4729.690667568123,2687.149231842921,1935.5521455225635,2862.105264133379,3854.528992032619,4233.9450519553275,1891.2134617329689,1692.0363324979162,3440.113394066248,3507.9412115480213,3113.487238983645,2772.295760313643,3398.6627134439213,4143.533416226422,4124.0305567724645,3782.2883857396437,814.7499739232894,1110.567333733529,1378.4456336297783,4303.951493332843,4544.399356642195,3733.521639722609,2167.966847143194,3425.2075443444296,2125.5109812866176,3008.546400151575,3667.5428978209648,2792.973867986058,2403.9844283466145,2843.4379994341357,1416.2199432814098,596.4790468071784,2665.7347401348848,3759.602336844284,2895.819221628657,2932.1812343504625,2344.653394640667,3086.229659125354,2686.498254115383,1420.4845411295396,0.0,2664.4828670090938,2688.336091507347,2484.6351033280525,2290.552823769843,1333.4244832085542,1990.643887650677,3026.1089588737545,3033.2758631428496,1103.7370307822418,1642.812722948663,3592.3744612004193,4579.0268831550875,1444.9659537753828,3019.5301584203457,3744.5884344965066,3640.195946914534,3151.0019811756706,1081.9474956031831,1298.0440711716997,2896.6469477994724,3618.1188735049877,4499.952548951266,3211.7389306408445,3968.0426919458664,1614.38238285265,3613.7968995643623,2192.160859313932,2111.8122456250703,2214.809579269965,1660.1708107893596,3112.619190208304,2548.6447036542772,1021.5475449904424,2069.6008122495505,2900.4269798643445,3552.397677955552,1774.0952214185122,3601.601478531044,3472.1339550663943,1262.352654591418,1056.550473366985,2900.6210686859804,1932.311049748461,3180.044779566634,1151.8132712805493,2114.6837807873308,478.21968824484856,3437.1295334208744,2746.8732706531982,2750.055534107811,986.6888902070398,1865.271674696477,2339.6485764218955
5566.070276839576,3691.750148229021,3242.03444350889,3107.470390206477,1248.1275057993878,5486.653384918807,3682.102096807475,630.6541048252991,4597.80620466609,3952.8161776597963,2744.0610161629065,3264.7021182169137,1292.0837342312605,974.1761697454932,1573.0729776768146,5819.045878831511,2747.777806574797,5266.690132306628,5024.012176537493,3111.544064503346,2217.919312397546,5208.908149101883,2927.9045032003687,3698.1706146402976,1990.24048963737,2708.9069852213465,1925.6033160672005,4589.869949614042,579.471974933214,4313.620603909551,1030.077599739456,2511.6011141473077,1138.219227363516,4981.580190054758,4820.514809800505,1368.2537644870554,4060.000573981363,3248.096302116826,4798.009625644054,2298.89205678431,5543.503800799364,1419.0153164282613,3072.441983947784,1593.6497126947318,2580.8275867752186,3406.641941482697,2664.4828670090938,0.0,4176.360440472542,668.1018334992059,2256.741350643666,1393.8953593024833,674.1432450762964,5407.420378383116,5154.822816796131,3137.816437968447,1824.7434766467857,965.6852477241231,4316.640517839076,1280.3406794525426,3263.7139776654762,2028.2825878565336,975.8573708283402,1526.4485588725222,3287.231025347777,1378.246321302908,2128.932655470576,1364.5083811490501,2025.3171133123817,4868.186460021534,2002.0177169171109,3789.3646374317154,4729.845612601113,3523.4190203245766,1760.8522078258018,4352.526250663745,4244.53628841314,4629.540394678721,5024.540231292013,3561.961497682,3763.9436037476703,2409.111168086686,5269.683278920375,2756.3055773743595,938.4252315075514,2338.1414915205614,2992.9851330624747,2079.4601780349144,4544.28237899583,4151.256912292588,690.6728213749266,3211.6801126888395,4392.3232738797815,2475.532281803248,809.3281906501218,4911.207276266397,5280.717607417386,2298.1169842940976,4409.274135145829,464.0748268113656
3204.3706425045466,1470.039337512095,3658.137808496831,4838.896982654828,3351.2969581057723,1705.3007036429087,3719.9895524382864,4560.822194689133,3058.5998202945734,573.4571682462432,3294.0645265976505,3342.6677209453533,4151.31971930915,3508.61883265595,5533.765012076769,2165.3913700359108,2319.408567152627,2252.5590845968945,847.7188550840425,3357.308998015226,4230.000836733961,1115.8021096825369,3451.7037210492163,3129.394781203707,3936.605719027498,4015.995389345088,6000.551227260125,1251.6490198973515,3981.713463279974,1016.9790142520151,4255.004011845936,5558.890093865321,5310.625112389313,4876.780150251803,1819.5232597056845,5035.920806568448,3029.164606133678,2760.018577638383,4834.198213667392,6066.462976706773,3148.3751313248868,5124.139271960707,5032.167895550486,3388.1436524167625,5295.048330571875,1287.8265940230465,2688.336091507347,4176.360440472542,0.0,3602.7184397164597,4871.712037611932,3471.8332955003757,3664.0633121989035,2028.939425076313,1372.2393210085474,3701.8345805523236,4141.814461545206,5093.673660904476,2846.4246418287626,3531.3924323769234,1642.317111283019,5937.969790239927,4963.000231783996,5326.967419572604,1655.8905480680176,3328.858478653156,5359.933018921505,4294.784604444093,6194.470269427403,696.9355754766718,4200.422066822571,3992.258364245731,980.6169421756898,653.7762819596626,2496.5348913373914,4473.455232754319,3399.704708532198,463.60652317455583,4247.363453145021,3197.665824961233,624.5436778552802,5441.869577527194,1098.7018782040013,1420.777470771901,4909.905719906444,5877.622876084004,1463.8518946973425,2278.20801605231,395.5540259079661,4183.459334268351,4287.762896939382,3727.0414904002614,1386.1367002262077,3151.6999699073517,4947.903678883109,1305.9304702854586,2380.712209890141,3633.351656730325,2080.8898958171717,4127.816382176901
5299.033188203674,3289.9130794894872,3262.455282293537,3396.9738692155115,618.0588017494771,5005.835440764109,3106.009755540539,1261.8593663717047,4401.04176219597,3337.4388110145183,2148.3551590856664,2663.821743917749,1631.0275738717605,975.2810966798248,2237.6460228677824,5366.170142354135,2080.7988483820345,4890.419324911209,4446.860462775508,2515.998695080941,1835.414270709749,4602.3887763504945,2924.939058245488,3580.842456927978,2181.4504330992722,2230.740789833727,2403.3293773380287,3941.436825256622,921.6296182881719,3671.537448867981,1450.9997059682685,3043.267135410397,1733.7475168054314,5049.71885591713,4423.368283639177,1976.6778531930795,3900.168964109376,3081.011318429389,4880.583506643033,2950.550827098052,5270.425955130761,2038.538171573199,3408.2248857330414,1005.1528931625273,3045.2371798277068,2963.8835489678067,2484.6351033280525,668.1018334992059,3602.7184397164597,0.0,2671.9525302388893,1430.346025677004,729.4706765490989,4984.607166631489,4665.370460082779,3175.8825586677476,2096.1123476340676,1494.1719233987099,3662.301040066067,1339.8063731763636,2602.02697027452,2691.95121347936,1370.0424452990496,2168.6706595048045,2904.599901401224,1339.2927488708365,2679.7129646247568,1150.0595720418135,2604.625590798992,4299.125622279023,1637.0031082514772,3828.5142163556093,4099.44532110199,2956.1727899069097,1129.0372248929616,4422.2726686377,4134.2303689892515,4046.4193059060253,4980.830515459546,3466.3605363115366,3240.8409499896784,2932.3609606978816,4701.199232733069,2197.1766665996615,1318.5202775797575,2957.0706764642946,2539.901347202289,1683.1062872041089,3981.8213493617463,4189.8384798435845,742.571539029742,3249.227626159793,3964.9761845071657,2416.2676600916966,1353.0707089106613,4438.083420930819,4921.411505928051,2378.2379638211146,4076.496498405095,930.5196875837714
4802.055882414739,3732.330794453514,1948.145410154232,1010.1293990737026,3266.0079489202103,5579.612663181917,5744.893347047707,1743.4326838997827,3715.109694672958,4914.456480445828,4779.52188965591,5278.4602744293725,1046.7542706098698,1826.1821472517463,1758.3196986060295,5756.023574417759,4443.621964188448,4945.844126501057,5641.655931386281,5140.6106055262535,4456.560137180357,5986.636049418488,1836.9752426965365,2729.6334041456926,936.4953730633164,4899.281422018744,3407.85614020105,5740.796476339237,1760.581273323103,5429.889509863898,1238.0454732884411,720.9210583475837,2558.2530888457845,3230.828753413743,4639.918681516411,1235.8446954184817,3150.370097961825,2584.9969960369394,3025.5024527483038,1688.3014878240792,4803.542853797185,1279.858120723153,878.9644736620473,3667.161126510942,434.3967733823539,3671.302507390531,2290.552823769843,2256.741350643666,4871.712037611932,2671.9525302388893,0.0,1552.489227975512,1963.44043782973,5258.273277172269,5322.042030139653,1821.634064789084,749.9235092421095,2695.5104627385517,6079.080489344503,1557.5460692236359,4686.199477536781,1834.115041978828,2942.9202203629306,1432.9803802135602,3360.4870276032907,1718.1848461582936,722.7762484116364,3621.1907528221986,3090.775130501247,5457.061151039632,4244.1491310019965,2286.279532703077,5715.203090771578,4287.420775528803,3243.1261370480183,2663.8252523560927,3131.890652518539,5321.43018138066,3587.183932891231,2557.237444976121,4281.459233429649,619.7773611265583,5815.94179180294,3649.022143163837,2937.217083592733,1304.6548478601533,3409.275733496779,2681.1055867675186,5134.648677757125,2582.9813584282792,2941.8989937210627,1870.8529368526006,4397.514801215455,1818.7565286714437,2593.5156057833924,5034.560592856242,4892.0395632191085,1308.935604027181,4045.3417319441633,1807.1871276879442
4244.717785494107,2591.2761597872964,1863.669350781141,2040.4572779788848,1915.9052796278836,4469.19215242218,4302.503475669137,1354.0681600370049,3237.4116124936904,3434.782083531938,3344.5655690448048,3819.313650592341,679.8279612519626,460.51809876377234,2166.203471490617,4736.886573739021,2909.0040681308783,4070.0724177902534,4288.322293048646,3692.3127280869635,3253.396326293033,4581.618275678693,1539.902030121397,2311.571561496637,796.0462264246974,3589.380246637851,3220.4030765731795,4231.265684867945,850.2083725887439,3923.4702938171963,831.8133451983088,2154.1562044459547,2336.497086846247,3634.4854668352987,3665.9640318962483,1603.507209825388,2685.8957286343043,1888.424645894032,3460.199524289026,2607.5371287966354,4227.3543433568475,1693.8231466611269,2100.8274700650695,2313.3177863884157,1983.7314418401,2406.567070649808,1333.4244832085542,1393.8953593024833,3471.8332955003757,1430.346025677004,1552.489227975512,0.0,755.1482419028732,4280.267299126539,4166.3345484275505,1767.0233572706386,820.6798183615826,2277.7344412114862,4538.252985116739,115.25864227033071,3134.6942130871394,2520.7167861267158,2359.380436048625,1908.3615118632533,2180.028524156966,165.7193477298286,1905.200938998299,2563.410878957371,3167.265758482701,4111.078116053987,3061.5310012843242,2422.1595003981465,4243.475726701992,2847.2515900538183,1708.0059542800198,3005.0118445081043,2854.205340302096,3933.660655878313,3633.3972608869785,2171.127548100295,2930.277359042314,2033.6801745763767,4494.4729787902825,2149.973187972352,2326.1050559811356,2406.0594027008146,2057.9050811215757,1199.1809208789136,3780.560562506703,2785.034432012646,2002.1962196710392,1841.0294443278194,3304.1093522722576,1084.0629596591702,2125.0198800411254,3894.7742722618723,4060.6485279453823,949.5259922940498,3174.46227646085,1017.9182497180218
4892.71064425161,3053.7590503635024,2618.771737288304,2667.8855753311464,1303.3703685464843,4880.372980472394,3783.793923800819,896.8184802762485,3924.75124303643,3507.6184357647853,2818.8587053197607,3322.813216287668,916.7348880505206,305.87737192868707,1885.1422486775373,5195.21780256959,2580.841899571727,4612.853285047119,4508.459069929437,3182.032328107305,2562.242731799624,4735.009757057951,2293.2815996481986,3033.9460248687683,1460.732674139249,2955.542442053743,2582.882967886272,4218.085591568289,328.4467433922895,3925.2153526711113,788.1410116273614,2396.6522593526165,1746.6490638780301,4386.827097285692,4175.050374855374,1466.2634805508185,3389.840350129339,2575.910090445123,4210.423023579104,2502.3410149577935,4870.524910646593,1545.0833211772112,2679.7376079528763,1705.7175992156492,2353.6684429923434,2791.445174755363,1990.643887650677,674.1432450762964,3664.0633121989035,729.4706765490989,1963.44043782973,755.1482419028732,0.0,4770.40057918169,4555.804536327694,2521.880748430623,1366.6438025034179,1621.857861575422,4211.261856512368,649.2945679466295,2970.423732233669,2312.4276811705913,1649.5775308660093,1721.6675611888616,2644.5591144584005,713.0913313910079,2058.7500807715833,1822.4904510147644,2623.6522609313147,4343.7696732433915,2360.6030670284226,3176.948813586395,4306.8980849910995,3012.001197837245,1433.3284263841974,3757.018446604302,3582.9797641440846,4125.099273422156,4382.719519781525,2901.8997558284127,3202.510303031826,2280.670572762757,4741.729793521031,2251.8794915903027,1611.0725207686962,2423.6344247381867,2389.5564143382344,1464.5498453398573,4014.7892287583413,3539.8436654108045,1247.1734505256275,2595.908061562466,3761.501893664285,1819.2610150860708,1464.8457004889626,4302.712540311519,4622.01908955491,1697.025691857669,3746.1515576842326,463.7652173869878
1469.9182309291903,1716.8580786174493,3476.658747366643,4824.498431543843,4932.480602275695,617.7196166449631,5736.699949891837,5600.436666595382,1982.1182986504616,2602.388928105098,5230.454164585328,5338.779537392512,4900.595767009558,4519.745903261045,6440.463789278689,510.5502202575179,4245.166087006963,461.63122244168005,1821.6680017418103,5338.335162238598,6040.923285657004,2282.20621845551,3457.5280134350323,2686.6278873271604,4389.2243192155265,5922.412721468338,7331.09211990642,3109.451808538123,5030.4370273104505,2966.4860669596947,5108.202797211756,5977.758319958495,6517.044880365716,3920.1567660864025,622.3272072897023,5855.80180228549,2341.913691240563,2677.9545288387553,3963.1522471419134,6785.5202069504585,1411.2762484680309,5945.507607343633,5068.0194714866675,5083.38888417412,5614.621756428923,2020.9874671011694,3026.1089588737545,5407.420378383116,2028.939425076313,4984.607166631489,5258.273277172269,4280.267299126539,4770.40057918169,0.0,747.2298390756355,3578.290856448648,4663.114559908002,6373.054513073383,4857.133330399836,4378.685463608685,3632.2930109552008,6764.724583484903,6330.521749161359,6164.022007186947,2126.315727433252,4193.827793410694,5906.867853324975,5914.035340199871,7391.013578064446,1732.7566331282649,5971.173149318063,3518.865276025355,2703.234807521722,2373.917958889903,4043.69282141411,3761.39297347698,2598.73400177952,1967.8428696552476,3114.6428326125933,2839.7556942110355,1925.0894584553728,5877.78412191712,1695.3517757374132,2935.036703389584,6282.497980025223,6489.648422392464,2445.5504319531015,3330.3528252898373,1747.2941827937846,3531.774211449537,5725.013196483043,3562.434063454087,1019.7492941958822,3463.763577456319,6216.734903423983,723.0244257042774,611.12699258092,3960.4285502932635,1225.1765869102296,5200.364293707221
2170.0734961399353,1598.236731997172,3697.9248028336106,5023.892961665883,4529.595434629566,349.7274343842644,5089.215620324217,5425.640315964282,2464.0314738647317,1935.9307870027274,4652.22284604435,4714.810104335486,4823.704572054657,4336.004031244666,6327.547162921269,793.992815695457,3670.143276601201,1127.316411069226,1075.0126255039986,4727.708824963736,5538.1830125155675,1541.6470486911069,3609.5107477165107,2967.1941454304942,4409.5794674814515,5364.987949555992,7056.344526667118,2373.0337710879717,4842.9319385546805,2247.698928712874,4996.4714848121575,6041.246830701424,6287.021360793519,4425.405961293946,927.7886983769528,5768.717208838113,2694.941364708516,2820.412633016134,4440.858766323582,6747.690066505723,2110.700771960109,5859.090397369544,5254.358619665868,4631.483880210531,5708.758384327892,1770.4836989018004,3033.2758631428496,5154.822816796131,1372.2393210085474,4665.370460082779,5322.042030139653,4166.3345484275505,4555.804536327694,747.2298390756355,0.0,3782.318881111559,4665.229296460036,6112.0295672755055,4148.709894374876,4252.958263597822,3012.210926911493,6685.867709168347,6032.677105681191,6074.481580622498,1996.347032869035,4056.384416504555,5922.412992274095,5503.638462931227,7172.141105758168,988.1047191836501,5488.897482880874,3847.1505384349075,1960.711223042292,1838.266767480988,3640.755690379265,4180.604678738352,3009.4788671705273,1237.909531655686,3660.9821556038755,3096.93257367625,1445.4766126772859,5933.635773952595,967.5121429816785,2507.591156714547,5982.109504218725,6488.600082655734,2166.611383916599,3091.2557258940906,1040.8342632955546,3923.741952425643,5392.18518691263,3780.806213219741,933.7633526756123,3503.3843788616746,5958.508836919267,289.8374485431447,1282.480204610582,4013.781703374138,1520.7674832465348,5006.64458034021
2983.3277806828396,2307.4048178995376,127.96580287326778,1248.6602226999148,3584.0770583526796,3987.0849302140527,5754.978154460102,2932.1759231482,1896.4926454307695,3933.6448233713218,4845.313984106706,5258.30547115789,1988.8050793378418,2225.4779102073776,3405.1453776051912,4087.6700533155804,4173.545911775501,3217.415811461894,4336.8192136479465,5156.352708212365,4957.521545359637,4757.908674667579,297.68099818429727,926.8032468587924,1233.8649296130432,5220.011274610238,4826.881026330149,4807.596693736799,2564.910708179916,4502.805115250936,2286.821393438937,2503.308246902287,3924.4114950994876,1873.9759096330458,2982.8752483275257,2800.2025078401025,1339.9144044497766,975.1888440707261,1708.690421564422,3495.5985050959443,2986.6495012280902,2875.901520800217,1489.820298975686,3956.7341548091144,2102.4962285923375,2414.127556342456,1103.7370307822418,3137.816437968447,3701.8345805523236,3175.8825586677476,1821.634064789084,1767.0233572706386,2521.880748430623,3578.290856448648,3782.318881111559,0.0,1501.1929003276025,3938.8488897611956,5674.772784386084,1873.3536602024722,4119.971192582055,3591.0352265402516,4074.167429463472,3079.161233160258,2046.2729642181168,1837.5569331174474,2537.542819624528,4321.547118003574,4649.33702662272,4150.3291899204805,4778.518058011813,655.1513000040527,4657.471573371651,3261.5151010099576,3091.5407182962995,1248.123848057556,1315.0070584802959,4095.8931667060115,1915.17149373966,757.5194052616733,3077.4267524540687,2421.6919458521147,4452.522014054506,2877.6787963391603,4046.955722296576,3125.256945194267,2339.2472013043,2093.0819910256737,3861.419646610945,1018.0120177227774,3768.158646052074,74.05074429065536,2853.5163264206144,822.639415701071,3796.632851277826,3493.846870723014,3143.979188172371,842.5549133973404,2354.4978548406025,2713.2398631084943
4368.011685349296,3067.224945183512,1625.2866160394601,1303.429197373221,2651.9502963766117,4939.500702011287,5093.21148885308,1478.317598857566,3296.178692979038,4168.630724468887,4130.152438292078,4615.976006396156,541.8412983761943,1163.2730954530837,1918.6349606842882,5149.204197736674,3729.099626089386,4386.012482561467,4925.515002655052,4484.344707137599,3926.378902888131,5257.60250079492,1399.7043807354464,2304.3029888037727,287.77274661266983,4317.944651521601,3345.6927505041463,4991.65938103002,1257.329804734621,4680.957962442303,837.5724071959394,1417.1787995637674,2446.553108584606,3225.7817739278335,4040.857666395217,1308.6025308763544,2721.582035038077,2040.4472717936133,3031.9933147690153,2128.398832661069,4361.611568319673,1388.6668793807253,1317.3931528628805,3055.332985788783,1184.2494208793182,2969.8819610149485,1642.812722948663,1824.7434766467857,4141.814461545206,2096.1123476340676,749.9235092421095,820.6798183615826,1366.6438025034179,4663.114559908002,4665.229296460036,1501.1929003276025,0.0,2495.6478564430927,5358.929193628611,845.850117259553,3943.7987675483646,2153.2362919867846,2675.0779920041587,1599.5243966620205,2678.793516893006,984.5682541550888,1257.1936160393116,3150.600643249633,3148.5520140605904,4742.470451471469,3722.1444505501127,2102.140942202734,4971.320709509798,3547.5596797869375,2527.6376716709224,2607.5660267529183,2784.4263248017537,4595.509005182451,3406.2444440687163,2137.2029768110465,3561.4831886507623,1300.7371338656403,5109.219643530898,2899.907103649012,2656.16782683719,1829.3240227682466,2684.338897149911,1932.010269236165,4416.969791833423,2448.8077921049667,2509.1079328910905,1568.3282314235114,3754.7846681711326,1202.8472555420326,2364.2113842615677,4381.348615634802,4348.595036060382,741.2412657697897,3476.398267364227,1362.6260078117552
6504.883962676737,4657.431666052117,4052.9430705848813,3665.7524656073006,1903.1215451087196,6446.061036817834,4022.3477344856697,1017.3700533517788,5513.868496127379,4829.175741987963,3176.0182585931398,3682.27957739686,1964.009705531264,1905.9267842233612,1300.442835580635,6782.980767116032,3433.444063307425,6230.305177785114,5939.111117811571,3523.0530000512335,2321.0797886729356,6095.481593395883,3762.8783095126796,4584.740587633831,2723.036364873595,2912.186844507234,961.5440401588471,5403.661831017371,1428.3270467764028,5144.105219557334,1662.9904220412698,2694.770127615712,320.32741163378455,5721.212802861472,5785.853094169087,1505.3132029066248,4963.5558026274875,4163.3603029808755,5527.621033438617,2050.5007991342018,6484.361453379431,1498.114404035286,3571.2837603048297,2121.451896532184,2903.4124813818657,4370.06201897147,3592.3744612004193,965.6852477241231,5093.673660904476,1494.1719233987099,2695.5104627385517,2277.7344412114862,1621.857861575422,6373.054513073383,6112.0295672755055,3938.8488897611956,2495.6478564430927,0.0,4880.830491417828,2162.65183184557,4038.0661347785035,1693.2000576570981,335.575185256598,1464.7870197581633,4252.642412200325,2294.4390995058034,2304.567763437865,1440.2356617671983,1115.2677331815885,5789.29779604513,2113.7499140593713,4573.767906622505,5582.522691543134,4444.583063114582,2620.648403324834,5100.975076744544,5120.9851968089115,5539.589235742485,5851.274573783049,4438.907429009644,4708.667113614743,2622.372760886599,6191.4280687137925,3681.1034757926873,368.5554474349818,2263.785656737404,3954.42447196264,3044.3598818557903,5469.675694234532,4929.039389832972,921.8490509893691,4011.0590953688284,5357.6248530416915,3355.633744222096,157.11195799492856,5871.719894387675,6242.26009990356,3099.991922563832,5367.80430071086,1259.909897810157
6028.40760954939,4009.4191314953587,5687.282447084195,6487.7800348408855,3070.4713884576418,4439.821397998459,1336.3009449147303,4924.103398343397,5708.169817819368,2283.253645695326,1751.0790587420663,1332.6121499145956,5072.235784807425,4269.962689725754,5887.326950182485,4908.449639183843,1637.7797635106497,5098.86595792535,3187.419004094849,1473.8709062831792,2871.41616579694,2906.9271468287607,5378.641243084075,5457.346343957381,5290.745950640419,2323.6574559020096,5498.7398551050765,1841.7806191292161,4508.097688860458,1903.5408778213825,4998.018174466855,6598.29041812256,5190.064147720142,7276.532672053359,4656.471466563496,5628.369850065025,5512.621393939275,4952.599744266136,7182.321248836548,6612.33350607242,5974.169112469532,5694.835468775546,6597.5632171920115,2770.5552890772633,6501.626120725337,3647.9245615742934,4579.0268831550875,4316.640517839076,2846.4246418287626,3662.301040066067,6079.080489344503,4538.252985116739,4211.261856512368,4857.133330399836,4148.709894374876,5674.772784386084,5358.929193628611,4880.830491417828,0.0,4522.594219015564,1567.9715558201303,6342.897429177299,4600.54012238237,5830.872560178451,3951.7077843348943,4374.725878692858,6269.723302954047,3520.6900716336845,5924.264230370721,3197.9060633584904,2995.033325510085,6175.236007149848,2275.2806863980536,2759.3749591610413,2835.9751795502366,6753.858837340398,5878.870668003677,2916.2281048793147,6801.919296274692,5457.141110424486,3191.7418447889854,6480.114570224974,3432.265990432122,2823.299824019581,4550.069240495138,6607.590564589485,3476.1328411953705,3612.3923486062527,3112.6178513839436,6460.557013610281,3966.6317969546903,5727.582689912473,4190.428724938297,4895.1298359083385,4791.635546808313,4138.121153278381,5225.359384045656,5210.398582228138,4816.944325014355,4565.988327559543
4357.560188887355,2684.1473830175573,1971.866239082408,2099.039078736982,1844.0018582984128,4558.753048451079,4253.8830618658285,1244.3240404846315,3352.140808413185,3477.376335464714,3293.010304239269,3773.8684783141293,625.8879713638848,364.64892709152423,2075.312137823127,4832.126810410608,2888.9048398381005,4173.870592600711,4353.310930757875,3644.206028742749,3169.276428728962,4637.966834516716,1650.6191933822897,2426.7615759184087,858.107890198546,3517.9883541001104,3106.0602565855024,4263.298773866664,734.9750501683714,3957.024416743976,744.1155618773201,2133.0221403503997,2223.429785959745,3737.600380711801,3765.905992596868,1523.1753352743074,2801.0528102001217,2002.8014051487985,3561.6945044178065,2538.449252225657,4339.876594367172,1613.2055198780467,2147.2468774377107,2244.115791759641,1984.4343467388885,2488.968086161412,1444.9659537753828,1280.3406794525426,3531.3924323769234,1339.8063731763636,1557.5460692236359,115.25864227033071,649.2945679466295,4378.685463608685,4252.958263597822,1873.3536602024722,845.850117259553,2162.65183184557,4522.594219015564,0.0,3141.037220594497,2439.1485083374887,2244.5765203639194,1825.5186943017045,2271.971526858557,202.8961356211598,1867.486368119992,2465.2019198388193,3057.5218789204105,4177.465647843917,2974.9022423624274,2528.250009185207,4286.616369651593,2901.012431464919,1687.3383191814266,3107.829998606745,2969.129921779948,3994.130366112379,3745.482819227049,2286.0361452684865,2999.3050877124856,2012.4192801165962,4563.384652314333,2190.8885296322132,2211.5146881974356,2352.0060977099947,2131.465657782926,1253.7115784142702,3846.5511726148925,2891.140050251803,1894.806205403867,1947.4000921361794,3397.7345016385557,1199.0230186285,2009.8450143759837,3983.3077072278766,4166.271583781476,1048.6215295768059,3280.440045272128,902.9252587833614
4626.003829782245,2506.074517846586,4127.676473999022,4992.404123968031,2139.9092879185328,3347.580291983151,2113.4217345321786,3800.3794998762955,4194.01235563571,1107.2995522666843,1665.3517714026673,1707.1763728335163,3737.9984288281876,2951.231229323958,4804.609179383065,3806.1361946263823,733.2124356064895,3784.9009713741516,2305.1334589545995,1715.4988180890712,2685.4280973559885,2262.7043439621093,3825.487146290522,3892.3095946260482,3837.526306049901,2398.518865074862,4840.001498398528,1382.869546602643,3293.7171942099103,1163.9202404718287,3723.4771739936855,5269.52288460018,4311.002532943005,5710.249713452907,3307.8984731954815,4436.266434127238,3962.5254887793462,3384.8307890933042,5614.595782788285,5467.514739358733,4575.48719232302,4513.758744657162,5121.737961359797,2023.020762267407,5118.310658999999,2123.362011929666,3019.5301584203457,3263.7139776654762,1642.317111283019,2602.02697027452,4686.199477536781,3134.6942130871394,2970.423732233669,3632.2930109552008,3012.210926911493,4119.971192582055,3943.7987675483646,4038.0661347785035,1567.9715558201303,3141.037220594497,0.0,5250.879411457189,3828.109528014709,4681.729138764971,2403.3598556953552,2969.032796601951,4977.331725225676,2942.8891342741745,5148.938060137159,2228.9813055770564,2695.1334685571696,4608.859479576807,1643.9957302064379,1308.8274110370699,1539.1995640546418,5185.970883210973,4324.996064364105,1922.1922496735333,5253.695603997723,3889.612828745041,1773.4181936503296,5149.123758625831,2583.443225838338,1255.6525491177879,3773.7799836001313,5389.421748496308,1915.0819734987842,2093.334958594539,2010.7517026040284,4892.59786410553,3136.055426308821,4170.664283003848,2808.50826850216,3356.5705478879777,3914.6203765417667,2917.633375415252,3891.8687970060087,3706.0438745384545,3359.411272030413,3391.7230973853098
6519.034299212499,5102.581979465396,3718.9338216311403,2807.182661583673,3272.4365359586423,6984.834893971438,5630.42017353341,1450.6159627816728,5442.485740528495,5815.673234650051,4727.207796056462,5246.603699720801,1867.1538974334705,2430.5398776753277,455.5712538922965,7235.709531016015,4772.09783051448,6514.992581265615,6772.54702853904,5089.621004265445,3990.291322735221,7028.043520247865,3538.2996989742114,4448.155849175812,2440.8330333707786,4563.0260410982755,1935.3123415833943,6528.3997746081695,1984.2154319511267,6237.126972043859,1696.1708341086985,1407.455873794983,1395.060404840593,5053.811562062439,6144.050736510562,917.2703011898942,4868.23309626162,4189.506792394183,4847.528331330616,373.81349017925993,6513.583496811337,826.9213860869719,2617.517157249785,3594.216709277558,1782.250921748674,4926.969160589195,3744.5884344965066,2028.2825878565336,5937.969790239927,2691.95121347936,1834.115041978828,2520.7167861267158,2312.4276811705913,6764.724583484903,6685.867709168347,3591.0352265402516,2153.2362919867846,1693.2000576570981,6342.897429177299,2439.1485083374887,5250.879411457189,0.0,2028.4597837300105,614.0393652218064,4694.279190263932,2639.8100485415607,1138.1954374961267,3091.689850039295,1449.5685587739551,6600.535231998461,3777.1986311175106,4108.940509810284,6617.6932081794175,5293.084564979573,3715.6952795014017,4496.869822588707,4903.149512966742,6401.475362525735,5416.859564752441,4278.540674993869,5430.00663873968,1401.8548544589053,6991.348054672789,4546.0536556746665,2057.357075532587,728.3610874971282,4568.799207710599,3669.855092778596,6269.419016101093,4414.896140842387,2459.6685847203075,3649.378962988223,5811.710678244402,3340.7694332282194,1701.4987621932019,6412.360094712241,6485.940136197527,2894.1847782961263,5605.815424977885,1865.3456469110488
6538.470379830515,4622.1287738678375,4183.540537878653,3890.033788425237,1689.1565776946195,6371.673403243217,3706.6380582757192,1214.8646000806018,5573.646930179377,4667.572756805939,2879.414960453772,3379.467485940647,2134.5561500482954,1949.8508308329644,1630.5214491778397,6724.5117687916945,3196.229694037179,6211.3033904545355,5803.556414769223,3220.250778289479,1991.4211867412678,5936.2696776292105,3879.6830493298035,4669.415487470889,2882.1856978300343,2586.937651060226,1037.74407808332,5204.070615939987,1516.635384335009,4954.032011538581,1837.7850085167743,2991.444415855659,648.9928284503616,5889.003260800762,5755.56479990296,1789.4927726383814,5034.741788415867,4223.775579531304,5699.330682704505,2384.4432980538663,6515.117368171428,1791.691416121091,3811.0961709861117,1863.1661070822427,3177.709306159392,4314.529385492814,3640.195946914534,975.8573708283402,4963.000231783996,1370.0424452990496,2942.9202203629306,2359.380436048625,1649.5775308660093,6330.521749161359,6032.677105681191,4074.167429463472,2675.0779920041587,335.575185256598,4600.54012238237,2244.5765203639194,3828.109528014709,2028.4597837300105,0.0,1777.4362810396333,4224.674110731501,2352.660337142827,2598.373471349529,1121.6231665947341,1335.7834813666473,5659.931080162461,1786.4503126015004,4718.910959565354,5402.990774522755,4320.494310484044,2469.8588498505333,5263.784084131205,5213.533606041876,5400.719809853683,5976.219302458704,4530.482857424029,4610.845949253672,2913.5989429789406,6061.591361674671,3565.352666856534,54.41013517718839,2588.0178736357293,3893.206437394375,3003.457744959466,5345.645759645882,5078.114499509144,693.5489944985861,4147.4142046625875,5311.394293433128,3443.39894436442,362.7691056098915,5801.63154275795,6231.628434522713,3231.6345492733244,5367.076778239156,1361.5794297065447
5963.031441738086,4494.070427456717,3206.0086025701808,2442.366896837983,2771.1428377312136,6375.254925546194,5196.610509639721,906.8129347053895,4894.842683867379,5213.922007489276,4267.601121054896,4788.521463283004,1263.4451872800028,1822.2305151917528,330.5842586467176,6631.449793706501,4234.774952290263,5923.291201009453,6160.198012376307,4634.311023982961,3633.2480178740902,6419.775519132115,2998.5473622540967,3903.7442349714715,1885.9303041979044,4176.281596880772,2008.8559096264223,5939.174851906787,1393.7069703151376,5644.916747812053,1082.1937032809792,1246.9507212917435,1237.6171074253946,4652.682395193766,5544.44551193228,308.22072264044834,4320.361461142458,3615.777640860815,4448.655959159462,787.5379232583018,5955.1384073021345,218.83421572048545,2290.318256795111,3119.2019484849006,1517.756909178805,4313.929404756758,3151.0019811756706,1526.4485588725222,5326.967419572604,2168.6706595048045,1432.9803802135602,1908.3615118632533,1721.6675611888616,6164.022007186947,6074.481580622498,3079.161233160258,1599.5243966620205,1464.7870197581633,5830.872560178451,1825.5186943017045,4681.729138764971,614.0393652218064,1777.4362810396333,0.0,4084.76028124944,2025.9269186930214,871.5553755975577,2732.9537898519256,1658.1755109806686,5987.701613335872,3415.9757363988992,3635.221776600982,6018.090977448746,4683.503807537792,3142.7630436889453,4069.2573532679153,4379.325436833851,5790.548963526861,4949.141227499171,3736.7117431791553,4816.283418469993,1189.3929544385232,6378.012905572472,3939.8796511260343,1791.7971871397726,834.4150351821321,3954.7696265280742,3056.6767045543106,5656.557532301073,3959.1060213281735,2059.8684538178654,3141.8483571619113,5204.509241453031,2762.216737222842,1417.4893985032127,5801.937918626845,5898.4988015206045,2337.6714754945788,5015.561947994462,1290.685205290586
2479.4378705650197,413.04547682791537,2002.7300539825628,3206.441555125713,2951.2204739124454,2290.5833271046918,4387.923029375173,3478.3999051115443,1820.876318218511,1934.3907860455702,3643.1385697656356,3913.895391539355,2829.305027390649,2394.4044458079757,4346.06883373607,2563.642320330393,2736.846710320474,1987.9635130064637,2322.167883248754,3859.960192789687,4206.852596534017,2721.4058456395287,1801.526277657365,1541.8418281218085,2433.083504291828,4232.1524819344595,5212.716984681597,2801.630732611455,2905.2938664572303,2507.338459661958,3011.83882581854,4073.694413377248,4391.156485696336,3353.8261295310167,1533.3106550288494,3777.9026641696314,1561.071479816988,1112.6576380872962,3280.9764687885227,4751.355397391465,2441.5927270681323,3868.245601107691,3411.818624281485,3180.2567281785596,3763.8773029099925,369.99056698515943,1081.9474956031831,3287.231025347777,1655.8905480680176,2904.599901401224,3360.4870276032907,2180.028524156966,2644.5591144584005,2126.315727433252,1996.347032869035,2046.2729642181168,2678.793516893006,4252.642412200325,3951.7077843348943,2271.971526858557,2403.3598556953552,4694.279190263932,4224.674110731501,4084.76028124944,0.0,2080.6245921073796,3934.842237552352,3918.16741919038,5264.74360774625,2134.9263916051063,4095.8814097960644,2363.149807470741,2618.886156155895,1276.3489060950378,2105.709918810756,2884.1317222138105,1927.5704422585961,2054.87636525826,2851.457465512154,1579.7159635535752,1031.9206674788522,3962.6874719257135,2470.6526267223403,1217.2433236497952,4178.221029071225,4495.663922180683,515.2752196059888,1223.957406870844,1830.3495503550678,2589.0955494786203,3646.8260318782686,2071.1739180329596,1127.0144725339599,1559.9657319277883,4095.9165395232358,1718.9464604509935,2016.9729430582354,2065.8291734458585,1194.1171239459723,3074.7096054530093
4211.847141907456,2493.401031470469,1927.0030338328477,2185.82378787152,1793.297650995506,4364.287085772888,4154.557347265892,1413.2005418715346,3223.6697402676036,3279.721954896177,3199.312607786241,3669.3438181049487,825.4797109269247,407.23113285332164,2271.1761237865285,4643.101005849108,2746.9905310084346,3998.230558388173,4150.417538284311,3544.260256547902,3145.3661566388428,4435.995506806224,1593.815375940388,2321.530519850213,943.482489932378,3463.3554453971374,3246.8384362912175,4071.233039840019,871.14941903212,3764.0326385176313,943.8061943651355,2316.8124502222877,2375.2108429284754,3710.9162630419187,3583.5554059996057,1724.5765464698861,2682.085352471095,1872.7564648720347,3541.2912590254423,2741.336679892676,4192.314025220201,1814.4777233917755,2254.3580186385657,2186.400192645665,2149.4398239031952,2290.372963152508,1298.0440711716997,1378.246321302908,3328.858478653156,1339.2927488708365,1718.1848461582936,165.7193477298286,713.0913313910079,4193.827793410694,4056.384416504555,1837.5569331174474,984.5682541550888,2294.4390995058034,4374.725878692858,202.8961356211598,2969.032796601951,2639.8100485415607,2352.660337142827,2025.9269186930214,2080.6245921073796,0.0,2061.5981536555564,2484.048672854258,3222.6113684571087,3974.5802638842256,2957.9063631793683,2491.3399796850285,4088.802050503913,2699.4871572985858,1546.888086999186,3083.1037898406857,2870.0172886373,3791.506354370121,3674.383501242215,2188.808673200104,2796.60549422617,2196.2670515010236,4360.625574512905,1993.7447322232608,2316.4233515324877,2552.846162170568,1929.64721067505,1051.6149018057895,3643.660061581075,2853.391752934742,1951.5787124461572,1911.10676428974,3207.380292594722,1107.2045399947563,2139.3945098036497,3788.15667887866,3994.647277135367,1046.4032035281618,3110.2464764428237,1043.4923489441599
5511.339100480935,4324.4152416318675,2664.7739748408308,1669.2216173117931,3297.389713878843,6195.45765865283,5783.448074559415,1517.3595795835608,4425.309575042293,5339.982527601378,4828.019725873539,5343.197193239736,1246.5686434127888,2027.0656013294192,1158.3949640645023,6397.469085683884,4636.98482925985,5613.588632253436,6159.917587991742,5195.711550872411,4335.2743714654325,6474.05298869549,2532.338113447728,3435.1185436604655,1519.6722679660243,4837.83516903439,2875.674518351825,6130.724093441573,1773.7696390738001,5824.4947817569555,1271.853474929404,394.67376323870326,2101.4722759734423,3917.2488068419902,5285.373069237875,812.7218295296369,3856.9393964188753,3252.6525740453744,3710.808693345697,965.72930408526,5511.174753528507,807.236153294066,1481.540015606733,3680.7736834389857,660.8269144919869,4219.299661053716,2896.6469477994724,2128.932655470576,5359.933018921505,2679.7129646247568,722.7762484116364,1905.200938998299,2058.7500807715833,5906.867853324975,5922.412992274095,2537.542819624528,1257.1936160393116,2304.567763437865,6269.723302954047,1867.486368119992,4977.331725225676,1138.1954374961267,2598.373471349529,871.5553755975577,3934.842237552352,2061.5981536555564,0.0,3452.487989636604,2488.921180970784,5978.751339807502,4117.753510370066,3007.937648330663,6148.62357122771,4746.120001277674,3465.010121133848,3367.6906927569817,3850.70246976068,5818.595113240394,4305.0095177475505,3262.8903403577633,4795.197408708425,319.2908223876781,6351.538559719526,4054.880064688474,2605.235085566176,591.7472735560342,3916.053096089735,3101.4770171387695,5650.813373992898,3299.424347081169,2762.3662541967533,2589.0193616753813,5010.603733975478,2443.720447708575,2235.7351444681453,5638.394241590863,5567.330836568364,1948.835710913057,4706.939752453711,1750.1494367604732
6368.544697470608,4274.83772689549,4410.263569042104,4449.5210898886635,981.5592691554598,5852.219031326921,2585.019968116301,1936.9576282368698,5513.518368785217,3909.6854972451433,1778.2957989493761,2266.7504999800926,2635.827711023048,2103.0553364954526,2661.1475913569698,6249.877945607578,2246.233708710872,5873.8100656260585,5102.721498175753,2107.948482992884,902.0583010537625,5161.787282895141,4073.9870965707537,4721.658690914136,3277.2207881047625,1475.005888143163,1981.8870423132087,4322.0398643811695,1896.6579358421488,4103.675065711831,2390.2416361608716,3843.361984530211,1760.549455928461,6194.342196198076,5391.11898140822,2653.7604552244347,5028.8466718921745,4212.723580680437,6022.578370797096,3427.635194727117,6336.178903259045,2684.2923274464724,4428.190603621416,924.9091219498272,3940.11751956639,3912.3646147082204,3618.1188735049877,1364.5083811490501,4294.784604444093,1150.0595720418135,3621.1907528221986,2563.410878957371,1822.4904510147644,5914.035340199871,5503.638462931227,4321.547118003574,3150.600643249633,1440.2356617671983,3520.6900716336845,2465.2019198388193,2942.8891342741745,3091.689850039295,1121.6231665947341,2732.9537898519256,3918.16741919038,2484.048672854258,3452.487989636604,0.0,2410.8780882180663,4980.746702307296,686.4916911310725,4975.335374876753,4576.292589686547,3692.4927532517922,1871.6441069939015,5565.808458898401,5274.564531534523,4697.1041146514945,6129.257255823581,4611.273765473592,4058.3474360637238,3747.1762344221283,5374.025085258256,2998.765677865645,1077.7791058653906,3567.202954961772,3491.8439384893763,2732.8700737270697,4689.434932217953,5337.212243372096,690.6655448362831,4395.136411810788,4906.057925849633,3566.271078978153,1396.5687148110546,5306.957100573736,5921.189711024129,3512.6798832977934,5110.163029052204,1818.987033786112
7403.432254851867,5675.445520995599,4772.586797971306,4100.485119606459,3010.17669304727,7500.2942657688445,4966.682266444069,1813.2673349743552,6370.273597867049,5941.871977993888,4188.668714766184,4675.608775059136,2684.456418941645,2872.849930315191,1338.3518468567977,7818.86202437682,4529.866682326202,7217.079803722555,7041.3527403081425,4517.229077122611,3206.4965479866023,7206.950934105768,4524.482161863941,5401.644599099889,3418.4044715679856,3817.4634356542306,580.0551840032116,6517.598234016116,2363.630650205949,6259.1752768991055,2404.7348507136912,2818.1728522008725,887.1977668592274,6299.679322382212,6790.5610549092335,1881.5015186581702,5803.310273102843,5037.071276368938,6096.9393534701485,1802.0320013479227,7388.277264329283,1821.5006774464837,3945.749901856553,3198.9328496572098,3149.5079113639326,5413.234043981564,4499.952548951266,2025.3171133123817,6194.470269427403,2604.625590798992,3090.775130501247,3167.265758482701,2623.6522609313147,7391.013578064446,7172.141105758168,4649.33702662272,3148.5520140605904,1115.2677331815885,5924.264230370721,3057.5218789204105,5148.938060137159,1449.5685587739551,1335.7834813666473,1658.1755109806686,5264.74360774625,3222.6113684571087,2488.921180970784,2410.8780882180663,0.0,6888.442192945005,3022.533499606249,5241.817412620359,6697.63301183112,5543.030275518707,3733.130361070317,5706.219459032836,5911.894152771343,6643.845753298763,6551.982601725679,5243.263515373321,5789.101671140782,2789.9694923185093,7290.357944160561,4776.951294208996,1388.84074115429,2176.1573881817467,5006.2136543264905,4084.1578939082406,6566.218749117029,5578.394638003034,2016.9251790966366,4716.847043144922,6384.674952183705,4193.106110451535,1251.5760253332594,6923.247392956574,7216.6638965098,3847.8798438263375,6332.799023278884,2192.2798099996267
3103.874254554137,1844.322557117382,4090.40948297759,5338.845122439215,4044.0725269643717,1246.610203860854,4220.423528951212,5239.603715258244,3199.097404688548,1123.7838171650274,3894.218661611338,3885.3187520054257,4790.466041776937,4176.587380521207,6203.646893175014,1712.910646550193,2941.3609972643617,2074.161962047564,187.29256392072813,3918.485703904124,4878.7694845877895,647.4663343533778,3924.7288052921567,3469.216966701564,4520.9027994913795,4627.016715831055,6697.468763306924,1391.0440268967047,4657.928581852882,1297.3934478823298,4910.123045660668,6157.2880325969,6003.78614321871,5115.8249481764915,1748.9412914460565,5692.70921290733,3291.4159916197164,3180.2373335211946,5099.931095320014,6715.914764946097,3044.9119779888547,5781.6894289746315,5546.548314424206,4068.5526645347722,5872.331850022187,1793.4023647832073,3211.7389306408445,4868.186460021534,696.9355754766718,4299.125622279023,5457.061151039632,4111.078116053987,4343.7696732433915,1732.7566331282649,988.1047191836501,4150.3291899204805,4742.470451471469,5789.29779604513,3197.9060633584904,4177.465647843917,2228.9813055770564,6600.535231998461,5659.931080162461,5987.701613335872,2134.9263916051063,3974.5802638842256,5978.751339807502,4980.746702307296,6888.442192945005,0.0,4860.616565516457,4355.962244407658,973.0814575712559,1345.4142442363245,3193.176718462353,4780.486924931811,3645.649408975718,307.7014883113176,4413.579544292024,3564.772063581345,1183.7505084003133,6042.279245373305,402.13314150664087,2111.9710683023095,5606.840586599998,6510.576337579415,2062.7906699052132,2931.213662263807,331.1617832012021,4501.25326658454,4984.421687002515,4165.79974609438,1471.9722575106503,3687.2433767378307,5643.02453808381,1075.666287853719,2223.2736729330018,4185.705575068557,2196.887533143424,4807.334548230338
6574.623448229183,4414.739548711453,4856.288297088219,5025.501900480388,1213.6558662573998,5838.342989561079,1944.1953255781684,2600.473858592122,5795.504772756553,3749.880429010637,1252.9258583830886,1685.1216575950828,3230.092860836202,2611.046314233817,3347.625000201337,6261.71935743722,1963.0715806554276,5983.9170111593285,4962.264239350117,1531.753459107568,217.8934665656596,4957.12339529066,4513.235502647407,5078.284739951571,3818.139069071476,801.8588994262024,2541.784805029135,4032.2822191949804,2491.4143654167606,3850.9648768667053,3006.259651231909,4505.838518782936,2433.040568216239,6649.169477947754,5492.405144951708,3326.700613712782,5349.085955123641,4549.4354738786005,6487.207941273733,4114.104770633338,6537.374329390431,3360.798087255466,5023.436340936849,916.0332329266225,4581.64833385213,4028.173132952579,3968.0426919458664,2002.0177169171109,4200.422066822571,1637.0031082514772,4244.1491310019965,3061.5310012843242,2360.6030670284226,5971.173149318063,5488.897482880874,4778.518058011813,3722.1444505501127,2113.7499140593713,2995.033325510085,2974.9022423624274,2695.1334685571696,3777.1986311175106,1786.4503126015004,3415.9757363988992,4095.8814097960644,2957.9063631793683,4117.753510370066,686.4916911310725,3022.533499606249,4860.616565516457,0.0,5424.142274026742,4335.348071507523,3650.9672068027394,1990.1905271106577,6026.369427204823,5624.9123226583715,4562.989945246428,6513.092370711934,4984.557215774034,4062.225076994257,4406.466426542927,5239.412352451465,3039.2120826301343,1746.6630277348863,4250.39075544355,3625.1895752637543,2990.9298627492085,4594.525255408441,5781.679767256312,1360.8307326629563,4850.723234582344,4990.604017488063,3987.9240719978607,2079.1727326186733,5320.791108274971,6047.879540259544,4003.79807003013,5285.5951003901155,2437.6549875636615
2670.6559644059357,2533.561059454656,567.8677485612297,1472.2457953045748,4224.104469546296,4001.7133578162493,6336.568988468444,3561.3451543652714,1627.1426822771257,4296.399653263765,5444.5260033627355,5840.086268213852,2613.4842870331167,2880.579635709799,3965.0181762338743,4026.6350573137365,4727.6709093460595,3109.206714223099,4538.057935141969,5744.841059589028,5600.23961376654,4988.245625042336,911.6061467349809,889.9473216685356,1853.0320280130077,5846.242187726489,5446.2463122360705,5164.780510283084,3214.504564753486,4869.558860069462,2913.956903721982,2904.181803482695,4545.334582537352,1225.0903978809076,2971.7624868013927,3371.4000306960015,1177.0567203958353,1256.3178702832336,1070.7753126407988,3973.560427853086,2685.982318137072,3441.5181954445634,1725.6056693964013,4590.696315114952,2483.5641998196866,2729.7949111698845,1614.38238285265,3789.3646374317154,3992.258364245731,3828.5142163556093,2286.279532703077,2422.1595003981465,3176.948813586395,3518.865276025355,3847.1505384349075,655.1513000040527,2102.140942202734,4573.767906622505,6175.236007149848,2528.250009185207,4608.859479576807,4108.940509810284,4718.910959565354,3635.221776600982,2363.149807470741,2491.3399796850285,3007.937648330663,4975.335374876753,5241.817412620359,4355.962244407658,5424.142274026742,0.0,4968.838559938127,3632.11217994998,3690.6492995115373,610.0258574462233,972.9118827817863,4345.90084894628,1313.9589372617395,795.6732703597623,3378.612442716832,2841.0495868974203,4617.185153231458,3353.614037535775,4692.924169600443,3578.2682816273013,2745.6024994053673,2659.22192201798,4094.540838908558,362.89667505365765,4423.001988087729,581.1792196087193,2954.738838587939,1443.080536008992,4434.151621017599,3568.191665167385,3008.996510783288,1491.349676905118,2339.6360933615297,3359.8954773483656
4039.0855935586465,2450.6545803513395,4619.820327939172,5762.212582572774,3721.413792381197,2211.9275180043765,3401.9354330104507,5192.519546567446,4009.692250726482,809.2829245307229,3235.066619687607,3128.245056723658,4912.470632301938,4202.252367302326,6191.484416957617,2672.865073204407,2372.6667629030844,3025.665203232175,924.5785413414048,3188.618103194548,4315.214015091256,660.6316160720739,4398.2266596055515,4109.425173475848,4790.250577664806,3972.273757900002,6431.18166775881,434.31478972745117,4634.329527164097,486.07639807441785,4975.410368458968,6379.286998996048,5833.129566812828,5854.010133494817,2658.8527314163152,5741.935231769599,4006.537062509843,3729.561654124651,5813.818602234249,6783.466905074425,3980.826547629148,5826.990531215921,5944.461909671641,3652.1244230603643,6145.585621443899,2248.895847869572,3613.7968995643623,4729.845612601113,980.6169421756898,4099.44532110199,5715.203090771578,4243.475726701992,4306.8980849910995,2703.234807521722,1960.711223042292,4657.471573371651,4971.320709509798,5582.522691543134,2275.2806863980536,4286.616369651593,1643.9957302064379,6617.6932081794175,5402.990774522755,6018.090977448746,2618.886156155895,4088.802050503913,6148.62357122771,4576.292589686547,6697.63301183112,973.0814575712559,4335.348071507523,4968.838559938127,0.0,1435.8098084053472,2972.607662854451,5454.008935005974,4375.840014989807,755.2943692415562,5209.942025331376,4175.26529035665,1590.9451552599164,6260.0900061761095,1157.8534424464092,2095.890650464618,5348.648540440473,6634.85142411162,2356.9999728097155,3049.6189726234657,1015.3005782496139,5163.811893174363,4710.223403452962,4686.1883498388115,2295.4879745143517,4062.545240618497,5448.042470528382,2023.800684018562,3170.3742628292325,4524.519922810043,3015.7641153180402,4762.773185392939
3318.7303064434145,1255.5240805822882,3235.2971775818364,4333.217522493534,2732.9460557270427,2187.516628113259,3417.57552393111,3908.819020634493,2952.4308974932846,672.1551199180142,2857.0351212261985,2991.343206608864,3524.5455024107714,2862.598078097063,4885.241064925455,2617.3764700159204,1872.3353169905224,2487.3132062522805,1501.2987884208792,2978.671823156925,3700.6372210576114,1738.3189954105087,2991.074313508777,2817.4441133495448,3358.5786565987996,3550.4253671212414,5357.301854422802,1546.0816160167612,3330.9300379761808,1242.5241344915598,3616.262732910041,4961.072772349646,4658.498909383257,4623.167149595286,2004.4245545435228,4395.1165595249,2801.8086448463964,2376.148277313518,4555.39395870895,5429.421452376762,3267.7498340836923,4482.773232941524,4511.424059866242,2802.8431369851933,4716.011142310523,926.1813271147289,2192.160859313932,3523.4190203245766,653.7762819596626,2956.1727899069097,4287.420775528803,2847.2515900538183,3012.001197837245,2373.917958889903,1838.266767480988,3261.5151010099576,3547.5596797869375,4444.583063114582,2759.3749591610413,2901.012431464919,1308.8274110370699,5293.084564979573,4320.494310484044,4683.503807537792,1276.3489060950378,2699.4871572985858,4746.120001277674,3692.4927532517922,5543.030275518707,1345.4142442363245,3650.9672068027394,3632.11217994998,1435.8098084053472,0.0,1862.13771173885,4160.417847517001,3174.524570081794,1113.1142357732203,4076.77826580561,2854.7266078081802,466.301896461938,4842.723597073552,1747.3872835533627,767.2558768598645,4267.732825037786,5252.162605806583,929.8347830200802,1648.352415484019,1025.6486095076618,3865.295355214139,3650.5234595007055,3296.1790462233694,1501.2049546977257,2631.591226821711,4297.903555517503,1685.2069362630216,2588.796025622142,3088.9591518959905,2065.9132466560645,3475.6698315037056
4584.528477479227,2432.1638954285136,3139.733201578918,3707.9671498848265,891.2498652577734,3988.034376847823,2670.612293797997,2266.613440391193,3831.2225648047392,2208.7618791657924,1754.7136909820924,2175.4153730322396,2243.8935257529492,1442.928081293382,3272.4636262317727,4379.637939751299,1201.726594367454,4018.399922181092,3334.2955254641124,2067.142282619413,2106.0216825913735,3474.89983360456,2799.2333722824906,3194.71668893503,2480.466819937933,2202.9132485583723,3507.5098988236646,2831.0239368336324,1754.9744598950729,2552.8027251869657,2199.0239519809697,3776.7172333645794,2862.1538235435564,4895.930658373851,3531.2143883889294,2897.902774515736,3419.073541378132,2652.9494429898214,4758.2422240901105,3928.3314011336925,4547.185629952884,2974.867291552516,3794.2614299623588,1074.6131887470015,3666.091164031932,2054.808676318066,2111.8122456250703,1760.8522078258018,2496.5348913373914,1129.0372248929616,3243.1261370480183,1708.0059542800198,1433.3284263841974,4043.69282141411,3640.755690379265,3091.5407182962995,2527.6376716709224,2620.648403324834,2835.9751795502366,1687.3383191814266,1539.1995640546418,3715.6952795014017,2469.8588498505333,3142.7630436889453,2105.709918810756,1546.888086999186,3465.010121133848,1871.6441069939015,3733.130361070317,3193.176718462353,1990.1905271106577,3690.6492995115373,2972.607662854451,1862.13771173885,0.0,4300.016879802451,3723.391144691758,2930.994600324778,4641.648690026961,3126.8767007414926,2196.1302646728404,3657.3659003519188,3594.1869079684766,1133.3118542501886,2416.367271779065,3856.076551796787,1642.288972477743,1063.299847053502,2883.1366365729186,4027.810316996569,1791.2459403378975,3156.6899249577878,3039.7677455840276,2269.1351667772024,2481.5995352195728,3437.542053826396,4074.058925225432,2469.734220706755,3296.414412902753,1853.3882491925428
2701.392824371901,3003.5283771377954,1173.3731207356848,1721.8450447078567,4829.566417847465,4293.685789404018,6942.245340003261,4083.9550614275863,1784.2636092968435,4815.239164025189,6053.489543002614,6445.980739944931,3137.4266297005256,3465.250468980994,4399.604487315195,4256.136335278864,5327.378245137095,3322.2490276956964,4957.623152477808,6352.093027927487,6204.448851047529,5422.65347823637,1518.3976868692864,1347.8791263766939,2382.0180161562594,6455.640869764674,5946.446161052161,5675.21590557584,3774.1968637274344,5386.9015140004185,3438.23336814766,3202.831376608048,5051.120455928663,629.9343345024148,3269.5003294211483,3825.01984091743,1496.1657295533805,1805.8862281002089,461.74146636402514,4322.329469761069,2729.1977691592815,3888.219968726693,1953.8016360321747,5198.414328185951,2780.4295080028555,3242.539675484326,2214.809579269965,4352.526250663745,4473.455232754319,4422.2726686377,2663.8252523560927,3005.0118445081043,3757.018446604302,3761.39297347698,4180.604678738352,1248.123848057556,2607.5660267529183,5100.975076744544,6753.858837340398,3107.829998606745,5185.970883210973,4496.869822588707,5263.784084131205,4069.2573532679153,2884.1317222138105,3083.1037898406857,3367.6906927569817,5565.808458898401,5706.219459032836,4780.486924931811,6026.369427204823,610.0258574462233,5454.008935005974,4160.417847517001,4300.016879802451,0.0,1172.8833808017744,4798.969726923999,1006.828935713014,1308.7152739545754,3873.3578780652324,3158.489298193205,5011.016043200221,3930.6084298146516,5240.447120282868,3909.034200433785,3299.8426829320215,3264.885407025796,4539.856392130592,295.61457222877243,4999.063895276894,1175.6722320187714,3335.0580269412108,2051.5508603242088,4966.21890552118,3914.3059882320135,3201.9333127010937,2060.93797708228,2660.5606784407305,3912.6603205201704
1707.2358001825637,1945.5249716066355,1187.1819212108985,2421.087286564035,4412.517260855191,3121.6122993281847,6242.993241677104,4143.9694865460815,655.680022305087,3798.116241697323,5424.368120190682,5755.553000968195,3228.142910217731,3277.2070788505257,4701.851995161587,3099.3255348946486,4591.0823318992,2169.617282239427,3818.28239104247,5683.098510650154,5776.6843845031035,4291.9395233693585,1388.6247579015005,553.4107519745168,2503.1280436845414,5926.303815535025,6043.9013524680395,4633.266347909863,3701.3226003407217,4359.975130241571,3514.6308599693652,3797.198308520902,5144.587173012427,1478.7817723525,2096.617750302138,4092.749512497069,373.62894240810607,1076.4889403523846,1454.3580299888336,4810.318351435173,1719.2562880574262,4171.6327122720195,2675.558885840677,4734.900967770709,3385.6043194000094,2250.4544275290264,1660.1708107893596,4244.53628841314,3399.704708532198,4134.2303689892515,3131.890652518539,2854.205340302096,3582.9797641440846,2598.73400177952,3009.4788671705273,1315.0070584802959,2784.4263248017537,5120.9851968089115,5878.870668003677,2969.129921779948,4324.996064364105,4903.149512966742,5213.533606041876,4379.325436833851,1927.5704422585961,2870.0172886373,3850.70246976068,5274.564531534523,5911.894152771343,3645.649408975718,5624.9123226583715,972.9118827817863,4375.840014989807,3174.524570081794,3723.391144691758,1172.8833808017744,0.0,3688.791189385758,935.9393353716894,683.1022281774524,2829.705826131932,3722.063256274939,3856.4404136230346,3100.065086596248,5179.830574220938,4436.532326324468,2411.4457364711734,2662.3801230126774,3424.2661262869156,933.0536934287328,4809.241616712764,1261.692270752659,2183.096604778176,1770.1457123824582,4971.206777386855,2746.0926954675074,2058.925150861002,2064.4296769948355,1491.5112466870637,3864.603851057441
3283.8358842556368,1812.9934494434888,4044.5146034054565,5257.388815412457,3769.5691157803435,1524.191870245016,3916.9432081382038,5021.917715463387,3285.772509922134,818.8576410005587,3587.220381372881,3578.414904136747,4613.32605009065,3971.924692391083,5996.6439456306725,1993.3639490318872,2636.986658496588,2273.5961419447385,405.98594235391937,3610.926442578968,4577.862942707656,669.83293891089,3856.321714017258,3467.90490016739,4385.344133389078,4320.547906009723,6438.433951311841,1142.868465943479,4443.6411017570945,1012.7464393840148,4718.523894285691,6012.654196913041,5761.586122305038,5166.511761244331,1904.2560772375127,5499.511025679738,3325.515043444699,3137.616161712105,5138.421660195376,6529.777457593482,3225.606903134509,5587.740688278224,5456.733904160712,3781.2026534469164,5742.513680118316,1695.5391453921081,3112.619190208304,4629.540394678721,463.60652317455583,4046.4193059060253,5321.43018138066,3933.660655878313,4125.099273422156,1967.8428696552476,1237.909531655686,4095.8931667060115,4595.509005182451,5539.589235742485,2916.2281048793147,3994.130366112379,1922.1922496735333,6401.475362525735,5400.719809853683,5790.548963526861,2054.87636525826,3791.506354370121,5818.595113240394,4697.1041146514945,6643.845753298763,307.7014883113176,4562.989945246428,4345.90084894628,755.2943692415562,1113.1142357732203,2930.994600324778,4798.969726923999,3688.791189385758,0.0,4494.456083647275,3550.54024899099,1045.5371413034545,5896.128012014156,678.2475717501685,1877.543483994179,5347.295038501991,6339.027206881826,1912.344373261521,2741.2877871148444,268.7666949493556,4513.932410917226,4720.622408464799,4116.634116515701,1558.62889567594,3582.027437783245,5395.250568281792,1273.3659209645905,2416.922558124277,4070.878041607363,2285.1209321469178,4588.779248644023
1844.100396146858,2828.8097947661663,1798.6410268872442,2698.3483735548307,5299.489100862177,3701.590153963699,7178.468134347467,4847.067463462521,1214.7850669752238,4680.7123040649485,6354.396706739122,6690.495789236699,3903.8136748519387,4078.411589128787,5278.972559799208,3572.860480235129,5526.919211452344,2654.2632097017054,4575.085604096715,6616.804913809232,6671.944525086072,5059.738301500187,2097.2467612422242,1447.009249838093,3146.822061557342,6843.203632523368,6741.796990683196,5494.695893702763,4460.681930114834,5232.913461693877,4201.99128149274,4171.61378940213,5839.415577908803,838.8360952331517,2734.950305608129,4684.729848047271,1291.219793519678,1988.8643340200454,944.7273704159317,5268.495279383859,1883.5515234718162,4755.291830306318,2939.526739411806,5634.868801711358,3748.137333845173,3160.0875671786366,2548.6447036542772,5024.540231292013,4247.363453145021,4980.830515459546,3587.183932891231,3633.3972608869785,4382.719519781525,3114.6428326125933,3660.9821556038755,1915.17149373966,3406.2444440687163,5851.274573783049,6801.919296274692,3745.482819227049,5253.695603997723,5416.859564752441,5976.219302458704,4949.141227499171,2851.457465512154,3674.383501242215,4305.0095177475505,6129.257255823581,6551.982601725679,4413.579544292024,6513.092370711934,1313.9589372617395,5209.942025331376,4076.77826580561,4641.648690026961,1006.828935713014,935.9393353716894,4494.456083647275,0.0,1528.6922162871765,3706.713693116451,4118.496505731187,4575.091496348133,4034.630377091934,5946.809604612712,4864.516668912751,3343.041821179777,3578.4468255310153,4226.110374954728,1006.329948389195,5625.96056436321,1844.351572038531,2943.9430864352657,2569.766202432042,5707.467399714606,3427.9347012666385,2512.5235737497073,2751.2874895766527,2216.836371040948,4614.996232882537
2249.0435031741827,1737.953805444207,644.2263725034853,1988.7392031689321,3770.917970366632,3277.314002032763,5712.44531633564,3466.0417547101188,1165.3377715842732,3513.8206734390988,4858.458657317565,5219.222950222092,2558.991349594601,2596.0354227346356,4054.8838714333115,3350.2233277202586,4074.797799659021,2466.383595859533,3747.7851578885898,5136.141819248082,5143.353149050239,4194.641247853861,740.2521225771663,172.4013370017763,1851.5032162286404,5323.751333004389,5364.60642754881,4378.71532312675,3018.3134667459576,4086.5305926609676,2841.3473903150243,3251.7630247219736,4466.527179987265,1824.2148260183064,2257.9150759461704,3444.1154401317617,594.0653934778562,505.77286096033254,1725.4010515384534,4209.944749700285,2248.2925089876544,3525.3992620446556,2236.0003422370046,4107.149391115084,2856.201863404791,1942.6845295744752,1021.5475449904424,3561.961497682,3197.665824961233,3466.3605363115366,2557.237444976121,2171.127548100295,2901.8997558284127,2839.7556942110355,3096.93257367625,757.5194052616733,2137.2029768110465,4438.907429009644,5457.141110424486,2286.0361452684865,3889.612828745041,4278.540674993869,4530.482857424029,3736.7117431791553,1579.7159635535752,2188.808673200104,3262.8903403577633,4611.273765473592,5243.263515373321,3564.772063581345,4984.557215774034,795.6732703597623,4175.26529035665,2854.7266078081802,3126.8767007414926,1308.7152739545754,683.1022281774524,3550.54024899099,1528.6922162871765,0.0,2586.124111314846,3166.1767214324914,3834.4243729983773,2637.148221948854,4496.880473322034,3853.913401108151,1992.7566152026698,2065.0049596260055,3299.999957566212,1013.1007910134111,4132.252493888169,730.0848508837859,2185.5758372769865,1087.084359095006,4288.789288264229,2812.7007922359962,2388.9846840122273,1403.6197110649307,1623.5529233101706,3181.870270798764
2859.1212549330608,884.1873081706161,3034.6003496383173,4218.150085694083,3084.2363440971894,1793.8716437081,3883.649189807056,4092.8766271474638,2549.384906773593,974.2623280102744,3313.761595333617,3457.209696830234,3609.013742342359,3016.4612316535745,5041.073302960194,2201.398961925121,2331.10817477568,2022.1198785841061,1364.8764433522913,3442.9728413557077,4123.225653532075,1715.1582225220504,2827.4204756491386,2525.951165276954,3344.974775496072,3998.43612864955,5641.53763429528,1806.5922656861453,3508.3823200660445,1530.3576456665282,3735.968689551078,4977.583687886423,4901.904589454694,4298.992295327476,1538.2055504011812,4518.677441122126,2456.4058556199548,2139.3577531698625,4246.5058200457,5537.011336666469,2807.3947744586976,4608.090768450314,4414.254186248002,3191.870499148892,4700.40339924107,663.3218443591319,2069.6008122495505,3763.9436037476703,624.5436778552802,3240.8409499896784,4281.459233429649,2930.277359042314,3202.510303031826,1925.0894584553728,1445.4766126772859,3077.4267524540687,3561.4831886507623,4708.667113614743,3191.7418447889854,2999.3050877124856,1773.4181936503296,5430.00663873968,4610.845949253672,4816.283418469993,1031.9206674788522,2796.60549422617,4795.197408708425,4058.3474360637238,5789.101671140782,1183.7505084003133,4062.225076994257,3378.612442716832,1590.9451552599164,466.301896461938,2196.1302646728404,3873.3578780652324,2829.705826131932,1045.5371413034545,3706.713693116451,2586.124111314846,0.0,4861.968739894262,1564.2685708662693,1062.8386676161153,4559.352981526766,5327.2877673267285,879.1443130965471,1762.0068049959398,855.8569762857577,3581.2022976721096,3958.940397979363,3103.032662214499,1035.2883433193867,2537.1206556789925,4557.704621076052,1258.828416557634,2122.5606732051265,3025.404128781806,1625.5028995092566,3663.5884860951564
5405.016577058113,4340.542673300771,2546.456006836561,1439.9300599938874,3547.4074938254557,6194.793298192685,6038.234816164903,1810.276376769304,4318.160491691109,5454.189211071156,5078.435759669013,5590.258676408634,1414.444746069991,2214.5152781563734,1468.230707998235,6375.054500868365,4843.307088805025,5565.271634036204,6225.641784822589,5445.11297956709,4623.481228825094,6557.666907603344,2452.8515510957855,3338.3840581216837,1529.694706903309,5114.8617867912135,3189.3078556773094,6262.859521637221,2015.0528197784292,5954.061235075517,1494.8290485085577,120.60659986086999,2420.750188493641,3686.645667087902,5259.137082291923,1124.8692987458585,3757.6019550895753,3204.7388918982156,3479.973606867874,1171.2995402415215,5408.132212689424,1124.3347550271674,1229.4046481386833,3937.024124338077,385.3008819351445,4264.613119807353,2900.4269798643445,2409.111168086686,5441.869577527194,2932.3609606978816,619.7773611265583,2033.6801745763767,2280.670572762757,5877.78412191712,5933.635773952595,2421.6919458521147,1300.7371338656403,2622.372760886599,6480.114570224974,2012.4192801165962,5149.123758625831,1401.8548544589053,2913.5989429789406,1189.3929544385232,3962.6874719257135,2196.2670515010236,319.2908223876781,3747.1762344221283,2789.9694923185093,6042.279245373305,4406.466426542927,2841.0495868974203,6260.0900061761095,4842.723597073552,3657.3659003519188,3158.489298193205,3722.063256274939,5896.128012014156,4118.496505731187,3166.1767214324914,4861.968739894262,0.0,6406.9506530555545,4175.555758799661,2919.403578651297,751.0839411477252,3985.069663763609,3211.6173022882103,5717.274783378878,3112.6838417168233,3056.511431857241,2466.519013803259,5011.605717800434,2432.3688097182144,2551.2193856838335,5646.862045915766,5510.637561599566,1924.356737799154,4665.107885557418,2009.5194457999162
3137.5310302927687,2148.66798605322,4385.5909761541825,5659.427799247995,4441.924486126481,1123.3983776826456,4519.33142521203,5636.994345504526,3363.582334277697,1490.6885141906741,4244.2595393953,4207.11810456481,5172.973174720317,4570.590294267142,6597.4813854968925,1557.913919042063,3305.699469592782,2094.7518806639127,278.4527729759573,4249.237238683315,5251.410043647802,599.2631506316736,4239.309147726785,3727.268989660392,4881.235123679764,4980.392936864521,7099.185978697135,1592.15925313299,5054.596822935733,1566.8960084351484,5298.828202071284,6520.930429441261,6405.55011052267,5309.558240462666,1852.1104722626565,6081.585354917416,3515.0432968377504,3477.814388906918,5307.483091066989,7101.269630571212,3078.1606132913207,6170.824240282412,5873.206912824373,4459.070090675521,6226.950903283003,2144.75159026028,3552.397677955552,5269.683278920375,1098.7018782040013,4701.199232733069,5815.94179180294,4494.4729787902825,4741.729793521031,1695.3517757374132,967.5121429816785,4452.522014054506,5109.219643530898,6191.4280687137925,3432.265990432122,4563.384652314333,2583.443225838338,6991.348054672789,6061.591361674671,6378.012905572472,2470.6526267223403,4360.625574512905,6351.538559719526,5374.025085258256,7290.357944160561,402.13314150664087,5239.412352451465,4617.185153231458,1157.8534424464092,1747.3872835533627,3594.1869079684766,5011.016043200221,3856.4404136230346,678.2475717501685,4575.091496348133,3834.4243729983773,1564.2685708662693,6406.9506530555545,0.0,2513.65478705808,6008.460521169878,6889.023268438639,2439.6314911170502,3321.518757817273,727.1145175809654,4739.110197576333,5385.371072252403,4463.459429909719,1675.9860969927527,4030.069556547752,6045.121212331313,1152.8224817347204,2249.9919748339103,4533.4883452954855,2375.6087874086084,5205.092502581389
3628.3524843534706,1432.9838145164097,2879.4605097422327,3820.5217452558754,2022.2897406084026,2855.1869683367495,3170.9305730483916,3148.146656153426,3038.1196256818134,1286.6078123251077,2442.844249099807,2696.957307691206,2816.682661263068,2117.990078159244,4131.554781878851,3251.9960355069625,1519.812094180725,2951.141212847159,2268.457413906199,2645.617338593962,3118.678477003521,2484.066341730228,2586.2425996994175,2646.4573082080883,2742.941261975728,3067.5842612938936,4600.400522166086,2091.7829397260602,2573.7827264235034,1781.0926014359834,2884.4226795409168,4295.429421721302,3891.902409191294,4460.121070767586,2458.0758341241226,3657.047634269207,2746.5745124631158,2131.6659157053673,4361.007715533877,4696.3203356467275,3584.5786241099527,3743.4641680989816,3972.711450787737,2148.5926086983077,4082.6217829925176,1029.614948877492,1774.0952214185122,2756.3055773743595,1420.777470771901,2197.1766665996615,3649.022143163837,2149.973187972352,2251.8794915903027,2935.036703389584,2507.591156714547,2877.6787963391603,2899.907103649012,3681.1034757926873,2823.299824019581,2190.8885296322132,1255.6525491177879,4546.0536556746665,3565.352666856534,3939.8796511260343,1217.2433236497952,1993.7447322232608,4054.880064688474,2998.765677865645,4776.951294208996,2111.9710683023095,3039.2120826301343,3353.614037535775,2095.890650464618,767.2558768598645,1133.3118542501886,3930.6084298146516,3100.065086596248,1877.543483994179,4034.630377091934,2637.148221948854,1062.8386676161153,4175.555758799661,2513.65478705808,0.0,3513.091529113496,4539.355552303102,702.9729266266233,967.9279433180966,1789.3756006923195,3637.5129907737787,2903.85596336268,2925.6204854098896,1952.9079242322205,2142.232142099684,3533.444215583713,2308.5831532134594,3023.337777566542,2539.264910207283,2324.734554057517,2714.905511490409
6497.448213327522,4574.958690016884,4155.564676369748,3878.627184417188,1634.7699016733216,6321.388445212413,3662.547812553442,1203.2806947911201,5535.758566383111,4613.538902842482,2830.993816196885,3332.252427683113,2114.961508969135,1912.5553020527284,1653.7745559250213,6675.268035803807,3142.5302184521634,6165.22794440968,5750.226469152759,3173.0116348239258,1953.091587186838,5882.245136953237,3849.849098879721,4634.862313463584,2859.608886931568,2546.226054985889,1091.1442462300747,5149.6751684062565,1486.2367967753326,4899.627040154894,1819.6007254727617,2998.91916867194,686.4799162757782,5866.324367233712,5708.597399384546,1794.6316472081396,4998.370893582929,4186.383393489541,5677.363431978703,2410.8458997762586,6473.797089874303,1799.5497525781273,3803.065183220635,1810.2892032252753,3178.467542866845,4265.847876054303,3601.601478531044,938.4252315075514,4909.905719906444,1318.5202775797575,2937.217083592733,2326.1050559811356,1611.0725207686962,6282.497980025223,5982.109504218725,4046.955722296576,2656.16782683719,368.5554474349818,4550.069240495138,2211.5146881974356,3773.7799836001313,2057.357075532587,54.41013517718839,1791.7971871397726,4178.221029071225,2316.4233515324877,2605.235085566176,1077.7791058653906,1388.84074115429,5606.840586599998,1746.6630277348863,4692.924169600443,5348.648540440473,4267.732825037786,2416.367271779065,5240.447120282868,5179.830574220938,5347.295038501991,5946.809604612712,4496.880473322034,4559.352981526766,2919.403578651297,6008.460521169878,3513.091529113496,0.0,2606.907960928425,3844.2131795358337,2956.398681038977,5292.792838590417,5052.6174118261715,639.1397144850263,4120.322884705154,5263.223554071022,3409.8502624279563,374.3108827659173,5751.684318848697,6186.290886267313,3204.4149899045537,5322.801210512,1333.7205467300862
6101.923743456075,4890.54187452321,3252.1145682776923,2190.999335902227,3569.6152599753655,6767.156434910678,6018.704421675481,1708.225331064084,5015.570922139572,5825.681976454345,5081.795283883935,5602.175916344648,1727.619797885229,2452.223700362183,972.1301367044427,6977.779415483983,4991.9769964483,6201.429090619194,6689.624052471782,5449.478504726851,4467.654952172113,6987.6060415042,3124.049561551961,4026.197261886332,2100.4332078545126,5009.124427236461,2643.7012658590984,6592.909230678973,2108.9314420191563,6290.803257035543,1672.2878314826662,722.6756781987339,2001.5514345631987,4436.6620907759025,5867.6814240641925,980.6113531675021,4447.910277345194,3841.8172383346136,4230.023615293064,428.6094909121824,6102.108039145897,920.4617209053289,1977.394620045528,3930.385697807532,1133.8947310972037,4768.674254156284,3472.1339550663943,2338.1414915205614,5877.622876084004,2957.0706764642946,1304.6548478601533,2406.0594027008146,2423.6344247381867,6489.648422392464,6488.600082655734,3125.256945194267,1829.3240227682466,2263.785656737404,6607.590564589485,2352.0060977099947,5389.421748496308,728.3610874971282,2588.0178736357293,834.4150351821321,4495.663922180683,2552.846162170568,591.7472735560342,3567.202954961772,2176.1573881817467,6510.576337579415,4250.39075544355,3578.2682816273013,6634.85142411162,5252.162605806583,3856.076551796787,3909.034200433785,4436.532326324468,6339.027206881826,4864.516668912751,3853.913401108151,5327.2877673267285,751.0839411477252,6889.023268438639,4539.355552303102,2606.907960928425,0.0,4449.523319699426,3603.872854457687,6180.959492535928,3858.2317134077107,2893.747441630662,3175.319463530087,5582.82714451379,3025.9581965817038,2233.958874310133,6206.306050206837,6156.7085494769035,2535.9982064136007,5293.841208349566,2041.605321500216
2966.8358828657847,790.0954310588057,2319.41089286159,3405.704455824228,2513.7654609171477,2494.493246294726,3873.8693899832247,3264.9185937324683,2335.70351825419,1600.099190528512,3130.241635896181,3398.867214384375,2734.7947707837234,2177.465362431513,4190.0509381543325,2831.711797299471,2221.930767876443,2382.0291330344808,2243.941837443208,3344.7129343178312,3726.509111541927,2577.5888581162435,2064.3717261990396,1982.7677035583367,2473.4904014782433,3728.8570406412746,4905.6125135725915,2472.5437713611864,2680.6864439695296,2165.5223087744903,2872.678894916033,4101.180736140875,4121.900170925662,3803.1161670983706,1900.3102189234787,3654.208826651263,2052.399896695086,1494.891565478246,3716.00352656076,4665.381984334508,2926.1595281303444,3744.0688977444047,3587.880721191551,2713.1459813760484,3831.510130801823,424.7938731125956,1262.352654591418,2992.9851330624747,1463.8518946973425,2539.901347202289,3409.275733496779,2057.9050811215757,2389.5564143382344,2445.5504319531015,2166.611383916599,2339.2472013043,2684.338897149911,3954.42447196264,3476.1328411953705,2131.465657782926,1915.0819734987842,4568.799207710599,3893.206437394375,3954.7696265280742,515.2752196059888,1929.64721067505,3916.053096089735,3491.8439384893763,5006.2136543264905,2062.7906699052132,3625.1895752637543,2745.6024994053673,2356.9999728097155,929.8347830200802,1642.288972477743,3299.8426829320215,2411.4457364711734,1912.344373261521,3343.041821179777,1992.7566152026698,879.1443130965471,3985.069663763609,2439.6314911170502,702.9729266266233,3844.2131795358337,4449.523319699426,0.0,925.326375978768,1734.857033699607,3004.4807884761053,3279.604585414681,2376.9109635575333,1426.7157256065416,1705.5642759547352,3799.7071575120103,1918.3333892973346,2432.9442600308375,2174.5184145828703,1666.4498620399595,2842.5106860430624
3636.4083813469024,1618.6968919454935,2125.0708809912667,2899.712821926509,1795.7499361219534,3416.5657458635274,3677.478045373623,2341.157135239324,2805.4012596405883,2242.7123826260026,2798.1551455857484,3181.1226978959803,1876.2587771040535,1256.785108137823,3279.145193565238,3740.0107096468323,2080.4710154121353,3211.8664369386534,3104.709024060387,3088.2042858083396,3129.6195475317763,3384.3809334147063,1795.639832992129,2131.4683156641104,1779.6724854829329,3265.145613264132,4001.032631378304,3059.7107793791556,1756.4622722108213,2748.9476948028678,1979.2954986080274,3331.152681184848,3201.5808973550857,3849.0815974506177,2752.2027505532724,2761.651826611385,2366.165193252576,1589.9773931185314,3718.965354134131,3788.691566441507,3604.8520032037377,2850.5342594722483,3035.251517365242,2085.0491966265445,3114.7702171603287,1329.3924150377873,1056.550473366985,2079.4601780349144,2278.20801605231,1683.1062872041089,2681.1055867675186,1199.1809208789136,1464.5498453398573,3330.3528252898373,3091.2557258940906,2093.0819910256737,1932.010269236165,3044.3598818557903,3612.3923486062527,1253.7115784142702,2093.334958594539,3669.855092778596,3003.457744959466,3056.6767045543106,1223.957406870844,1051.6149018057895,3101.4770171387695,2732.8700737270697,4084.1578939082406,2931.213662263807,2990.9298627492085,2659.22192201798,3049.6189726234657,1648.352415484019,1063.299847053502,3264.885407025796,2662.3801230126774,2741.2877871148444,3578.4468255310153,2065.0049596260055,1762.0068049959398,3211.6173022882103,3321.518757817273,967.9279433180966,2956.398681038977,3603.872854457687,925.326375978768,0.0,2600.052582697704,2985.9407878603347,2424.441238645515,2152.7208152795847,2313.48003666014,1288.5625326902066,2888.5009697436485,2839.224051264183,3239.3336671490015,1612.9348945875029,2394.815436463737,1917.3972184753475
3028.974543909044,1565.5775564388368,3806.273781656017,5036.785759492456,3743.28703940494,1354.4886633563972,4058.4615662639953,4910.2638744345495,3017.0807948058005,910.1699626910348,3671.34451389365,3698.173157643379,4460.063176292573,3845.8794041259275,5872.942137053029,1822.0047729536825,2702.7107210319423,2029.2720294026622,509.1045667375221,3720.237776853786,4621.972132960778,897.496713402339,3628.266380350401,3213.2908186339123,4198.212109563307,4397.513546144116,6382.671157692914,1383.7637440668839,4328.1802445477015,1219.5586559887147,4578.9736815143415,5832.671700211662,5680.824487408848,4901.297549803113,1644.956703863661,5361.552276567393,3062.3569175027587,2897.206771981765,4875.206373473127,6384.994522191072,2971.086357922469,5450.528738573717,5240.768966935769,3783.606458235317,5551.714148025275,1480.1577924792343,2900.6210686859804,4544.28237899583,395.5540259079661,3981.8213493617463,5134.648677757125,3780.560562506703,4014.7892287583413,1747.2941827937846,1040.8342632955546,3861.419646610945,4416.969791833423,5469.675694234532,3112.6178513839436,3846.5511726148925,2010.7517026040284,6269.419016101093,5345.645759645882,5656.557532301073,1830.3495503550678,3643.660061581075,5650.813373992898,4689.434932217953,6566.218749117029,331.1617832012021,4594.525255408441,4094.540838908558,1015.3005782496139,1025.6486095076618,2883.1366365729186,4539.856392130592,3424.2661262869156,268.7666949493556,4226.110374954728,3299.999957566212,855.8569762857577,5717.274783378878,727.1145175809654,1789.3756006923195,5292.792838590417,6180.959492535928,1734.857033699607,2600.052582697704,0.0,4256.133692404997,4673.624072418534,3879.8451044108706,1289.9920452816755,3374.138961074662,5322.541488389264,1036.6779214432993,2169.3761752144324,3869.378620585093,2016.3552553282864,4478.22170668894
2547.8045417013445,2714.040204022409,927.5251455982205,1699.8965193155145,4579.258582709868,4049.3399675818773,6661.8930722548375,3914.9373919543077,1572.0282712855383,4520.885174184365,5779.327042065711,6165.999302454468,2966.5944286396816,3243.3466974847133,4289.562231587041,4032.075740062555,5042.005089405007,3101.2750100016924,4679.622104300516,6074.1323457762255,5956.271491450083,5141.723694654644,1268.5991006917825,1055.2532243172723,2206.3429356401057,6193.975212293475,5794.496839050824,5381.818028979519,3575.8105628665508,5092.777117098489,3267.478986966251,3167.21635300227,4894.817864737052,871.3230924295535,3021.0016773052275,3702.329207357174,1229.985488577812,1510.9313511778087,733.4287660148057,4262.41079800915,2570.4936544986836,3769.96092667192,1945.690547351249,4942.799147348089,2743.880759338678,2948.2212259041885,1932.311049748461,4151.256912292588,4183.459334268351,4189.8384798435845,2582.9813584282792,2785.034432012646,3539.8436654108045,3531.774211449537,3923.741952425643,1018.0120177227774,2448.8077921049667,4929.039389832972,6460.557013610281,2891.140050251803,4892.59786410553,4414.896140842387,5078.114499509144,3959.1060213281735,2589.0955494786203,2853.391752934742,3299.424347081169,5337.212243372096,5578.394638003034,4501.25326658454,5781.679767256312,362.89667505365765,5163.811893174363,3865.295355214139,4027.810316996569,295.61457222877243,933.0536934287328,4513.932410917226,1006.329948389195,1013.1007910134111,3581.2022976721096,3112.6838417168233,4739.110197576333,3637.5129907737787,5052.6174118261715,3858.2317134077107,3004.4807884761053,2985.9407878603347,4256.133692404997,0.0,4785.879274553945,944.0164031763431,3064.178864535326,1796.1057427659987,4790.536249470407,3653.4488148724618,2987.535479496938,1853.141973942094,2403.1393164286164,3720.1458459400487
6028.811016627159,4032.4255844467857,3865.8647249674946,3797.073172229895,996.2983060173292,5734.778839120913,3171.2934833471336,1246.3161203535003,5110.169293177281,3979.088474294207,2284.635876086384,2799.5057351668347,1980.7661796852753,1548.7273505204207,2015.9970861439763,6101.656648962805,2514.798758285243,5632.960614720647,5124.653376861796,2641.123098916822,1578.7077795729012,5247.743990641503,3540.0158034772953,4256.9924249339465,2660.530398144325,2117.658455756499,1723.5926379226034,4510.846483006488,1253.2448144416958,4260.510923630287,1720.5033214106274,3152.873306260815,1224.3301124786567,5628.992604033514,5165.747364059144,1966.4717963105907,4594.85332257614,3775.2222594227483,5449.88578034485,2779.7490891898856,6001.446993465909,1999.9727145588763,3763.001416244884,1200.8337744125952,3252.5097301711494,3704.0310848653794,3180.044779566634,690.6728213749266,4287.762896939382,742.571539029742,2941.8989937210627,2002.1962196710392,1247.1734505256275,5725.013196483043,5392.18518691263,3768.158646052074,2509.1079328910905,921.8490509893691,3966.6317969546903,1894.806205403867,3136.055426308821,2459.6685847203075,693.5489944985861,2059.8684538178654,3646.8260318782686,1951.5787124461572,2762.3662541967533,690.6655448362831,2016.9251790966366,4984.421687002515,1360.8307326629563,4423.001988087729,4710.223403452962,3650.5234595007055,1791.2459403378975,4999.063895276894,4809.241616712764,4720.622408464799,5625.96056436321,4132.252493888169,3958.940397979363,3056.511431857241,5385.371072252403,2903.85596336268,639.1397144850263,2893.747441630662,3279.604585414681,2424.441238645515,4673.624072418534,4785.879274553945,0.0,3842.2056167296673,4705.627013462924,3057.6931829658774,825.0041689743153,5170.072664199798,5663.442736400713,2938.1832439875157,4815.87685965204,1153.8729536175113
2939.688833484932,2321.70037801694,86.0053753261973,1262.0783423262599,3655.3526486209234,3980.135050302942,5818.335530201485,3003.631975675449,1853.748258431279,3968.091165499351,4910.90541609447,5321.61030232814,2059.4705790377293,2299.4105761383717,3468.463444524102,4072.377118452686,4232.877749191914,3195.547992179902,4351.967443795966,5220.540007133074,5029.28609164611,4776.918557923403,358.2217584820886,896.0918635552943,1303.2400414048825,5289.39060034443,4897.452197580289,4842.046616554306,2638.5829915047207,4538.2289571329475,2357.895129625574,2545.9762328539127,3995.0646144342895,1800.85103926588,2971.206559619341,2864.5909605191455,1303.2775767985884,986.2333025131528,1636.5812503838604,3549.0430844605144,2944.215269918285,2939.644858559109,1507.1929312022403,4027.126264916584,2141.66154428962,2440.085477909739,1151.8132712805493,3211.6801126888395,3727.0414904002614,3249.227626159793,1870.8529368526006,1841.0294443278194,2595.908061562466,3562.434063454087,3780.806213219741,74.05074429065536,1568.3282314235114,4011.0590953688284,5727.582689912473,1947.4000921361794,4170.664283003848,3649.378962988223,4147.4142046625875,3141.8483571619113,2071.1739180329596,1911.10676428974,2589.0193616753813,4395.136411810788,4716.847043144922,4165.79974609438,4850.723234582344,581.1792196087193,4686.1883498388115,3296.1790462233694,3156.6899249577878,1175.6722320187714,1261.692270752659,4116.634116515701,1844.351572038531,730.0848508837859,3103.032662214499,2466.519013803259,4463.459429909719,2925.6204854098896,4120.322884705154,3175.319463530087,2376.9109635575333,2152.7208152795847,3879.8451044108706,944.0164031763431,3842.2056167296673,0.0,2854.406170715198,888.9606981869333,3869.114291196888,3492.9664662497116,3119.0691349267977,915.9166299396468,2340.4833040671324,2786.6234681020333
1838.3088319868891,714.0233029425581,2772.4354938696047,4092.1281114769613,3924.910449397922,1184.8639457663483,4918.780394197732,4604.315512137825,1730.9817581257175,1914.9742315720596,4326.896094971659,4489.332461060107,3944.6790651525757,3518.332943294878,5470.20311128947,1436.9701709583258,3350.6066412763225,1003.3674125872335,1639.1516724577382,4470.998496555328,5071.443789633481,2119.3291829166133,2676.1074693623577,2066.3856996381382,3493.128967574201,4993.52704770576,6314.444992525076,2625.6651728025035,4029.19029281877,2403.090277079286,4135.678679652591,5117.767542561894,5507.300835260227,3646.4953722323576,510.7189770235681,4896.933447335486,1839.0588115405662,1887.788397204782,3636.497873672554,5855.662401342824,1784.5822954969042,4987.1595208034005,4321.416740482339,4092.2673527483516,4779.710978785433,1001.9360729133373,2114.6837807873308,4392.3232738797815,1386.1367002262077,3964.9761845071657,4397.514801215455,3304.1093522722576,3761.501893664285,1019.7492941958822,933.7633526756123,2853.5163264206144,3754.7846681711326,5357.6248530416915,4190.428724938297,3397.7345016385557,2808.50826850216,5811.710678244402,5311.394293433128,5204.509241453031,1127.0144725339599,3207.380292594722,5010.603733975478,4906.057925849633,6384.674952183705,1471.9722575106503,4990.604017488063,2954.738838587939,2295.4879745143517,1501.2049546977257,3039.7677455840276,3335.0580269412108,2183.096604778176,1558.62889567594,2943.9430864352657,2185.5758372769865,1035.2883433193867,5011.605717800434,1675.9860969927527,1952.9079242322205,5263.223554071022,5582.82714451379,1426.7157256065416,2313.48003666014,1289.9920452816755,3064.178864535326,4705.627013462924,2854.406170715198,0.0,2579.2959267901,5201.5870160900895,643.9289277754183,1091.8810476649917,3088.5798143089974,728.1083659044167,4197.690444541379
3218.2820740477364,1917.2344582468259,879.0108307228073,1701.9738050158116,2783.314536647448,3762.5042248774953,4934.479764765887,2396.3694961155297,2177.6242482062876,3295.901333400167,4022.6900317728932,4437.952668014836,1525.8500012075233,1513.5963187223992,3064.9601620995013,3953.8150111450586,3364.982742720236,3183.376166566873,3873.974995925632,4334.704289156989,4160.693785264184,4251.857850578968,534.3032496073745,1229.1701777252001,925.5493823465067,4404.510954446703,4288.333778251058,4161.797747382734,1932.1119506004306,3851.1976908947427,1790.033368796515,2538.5844672525673,3394.3803589005756,2666.4363210615024,2841.949868547297,2458.2290613758923,1614.5506587248974,855.1320473616927,2513.1548836060624,3331.0084461219844,3206.4843483692543,2544.6941959158867,1882.8469438924137,3147.673665036132,2209.87034053358,1894.391005027473,478.21968824484856,2475.532281803248,3151.6999699073517,2416.2676600916966,1818.7565286714437,1084.0629596591702,1819.2610150860708,3463.763577456319,3503.3843788616746,822.639415701071,1202.8472555420326,3355.633744222096,4895.1298359083385,1199.0230186285,3356.5705478879777,3340.7694332282194,3443.39894436442,2762.216737222842,1559.9657319277883,1107.2045399947563,2443.720447708575,3566.271078978153,4193.106110451535,3687.2433767378307,3987.9240719978607,1443.080536008992,4062.545240618497,2631.591226821711,2269.1351667772024,2051.5508603242088,1770.1457123824582,3582.027437783245,2569.766202432042,1087.084359095006,2537.1206556789925,2432.3688097182144,4030.069556547752,2142.232142099684,3409.8502624279563,3025.9581965817038,1705.5642759547352,1288.5625326902066,3374.138961074662,1796.1057427659987,3057.6931829658774,888.9606981869333,2579.2959267901,0.0,3204.517109878023,3215.806602636732,3147.885132252764,510.7020334608036,2273.6421563333133,2096.862484601697
6349.102168409326,4500.938552963815,3909.7406703479705,3552.6821665571206,1786.6244585105176,6291.999328082768,3965.95769497167,887.7571700797462,5360.084273954747,4690.315145815471,3101.5895876704903,3612.4850402260495,1828.9169372855615,1749.6429245320314,1286.5097699963262,6627.568585899129,3322.03065347507,6073.263564642078,5793.970609559216,3453.5051602186727,2290.6788103854724,5955.447145240146,3616.729295901754,4433.686600982302,2585.831701222065,2871.4950390435997,1118.6521073399003,5275.483955276237,1275.0308072709454,5013.009105342619,1528.4565002118961,2628.7058438625268,401.6251914372401,5588.077652093696,5629.085150950285,1427.5838987183902,4810.895706526384,4009.3584169273267,5395.606425085135,2048.2863170409055,6328.408476231287,1428.950069647291,3465.7403422221346,2024.5254647213012,2818.69679333074,4214.7851341478845,3437.1295334208744,809.3281906501218,4947.903678883109,1353.0707089106613,2593.5156057833924,2125.0198800411254,1464.8457004889626,6216.734903423983,5958.508836919267,3796.632851277826,2364.2113842615677,157.11195799492856,4791.635546808313,2009.8450143759837,3914.6203765417667,1701.4987621932019,362.7691056098915,1417.4893985032127,4095.9165395232358,2139.3945098036497,2235.7351444681453,1396.5687148110546,1251.5760253332594,5643.02453808381,2079.1727326186733,4434.151621017599,5448.042470528382,4297.903555517503,2481.5995352195728,4966.21890552118,4971.206777386855,5395.250568281792,5707.467399714606,4288.789288264229,4557.704621076052,2551.2193856838335,6045.121212331313,3533.444215583713,374.3108827659173,2233.958874310133,3799.7071575120103,2888.5009697436485,5322.541488389264,4790.536249470407,825.0041689743153,3869.114291196888,5201.5870160900895,3204.517109878023,0.0,5717.344769756412,6085.149808254929,2956.423863938322,5210.726643085108,1107.8066461278333
2028.254826334453,1316.1949636421648,3410.3121598730513,4734.662619597937,4328.594208919681,577.9933139794958,5017.2968539573185,5166.1137065586345,2221.05662894263,1879.3723444801988,4532.177542545856,4624.809420411829,4548.170024514585,4076.361217221064,6058.592045634447,943.7460706408267,3546.8007845314623,1002.1592829186386,1200.8553987574855,4628.386135009264,5379.3793719842815,1686.248565952244,3319.79423748295,2685.4460233460286,4124.086435147062,5233.71052095595,6820.367444199542,2414.836501548293,4584.939350915887,2254.9721670018457,4725.912102087067,5754.091231819843,6039.736505047218,4177.428042392831,699.2942436557018,5495.560595734069,2423.5341426612913,2530.890673070846,4185.977196425824,6469.2331690290775,1969.2688156077118,5585.928468195954,4964.789553894203,4449.2843453130745,5420.107129871144,1511.615336672991,2746.8732706531982,4911.207276266397,1305.9304702854586,4438.083420930819,5034.560592856242,3894.7742722618723,4302.712540311519,723.0244257042774,289.8374485431447,3493.846870723014,4381.348615634802,5871.719894387675,4138.121153278381,3983.3077072278766,2917.633375415252,6412.360094712241,5801.63154275795,5801.937918626845,1718.9464604509935,3788.15667887866,5638.394241590863,5306.957100573736,6923.247392956574,1075.666287853719,5320.791108274971,3568.191665167385,2023.800684018562,1685.2069362630216,3437.542053826396,3914.3059882320135,2746.0926954675074,1273.3659209645905,3427.9347012666385,2812.7007922359962,1258.828416557634,5646.862045915766,1152.8224817347204,2308.5831532134594,5751.684318848697,6206.306050206837,1918.3333892973346,2839.224051264183,1036.6779214432993,3653.4488148724618,5170.072664199798,3492.9664662497116,643.9289277754183,3215.806602636732,5717.344769756412,0.0,1148.9140534835494,3726.0064952768125,1254.5849167856275,4750.12267528366
887.804690607681,1646.3750837913576,3033.192629643228,4374.596323361734,4945.56818873393,1223.1693375706407,6004.628327146486,5407.39146127012,1418.2262926550195,2942.8046205055816,5417.719335160599,5579.465259111666,4641.0518985856,4350.835043130456,6190.087257284586,1064.174418813946,4442.408877674927,156.35173951063038,2339.041002953347,5562.540715627168,6137.898085896996,2817.3130226859776,3061.137440265138,2225.1223027386604,4066.1251323243855,6079.211028739915,7203.800280934293,3553.1040884153676,4855.6083203883945,3374.0256612534827,4872.226755197771,5604.542760537206,6358.989156738987,3326.6271476524093,584.378082595506,5591.580462661787,1844.5534186585653,2314.8950781262206,3378.585151157952,6476.5164882713,828.4326997511625,5679.830504640962,4623.689460579398,5140.724488372043,5224.173880582844,2020.6479508279022,2750.055534107811,5280.717607417386,2380.712209890141,4921.411505928051,4892.0395632191085,4060.6485279453823,4622.01908955491,611.12699258092,1282.480204610582,3143.979188172371,4348.595036060382,6242.26009990356,5225.359384045656,4166.271583781476,3891.8687970060087,6485.940136197527,6231.628434522713,5898.4988015206045,2016.9729430582354,3994.647277135367,5567.330836568364,5921.189711024129,7216.6638965098,2223.2736729330018,6047.879540259544,3008.996510783288,3170.3742628292325,2588.796025622142,4074.058925225432,3201.9333127010937,2058.925150861002,2416.922558124277,2512.5235737497073,2388.9846840122273,2122.5606732051265,5510.637561599566,2249.9919748339103,3023.337777566542,6186.290886267313,6156.7085494769035,2432.9442600308375,3239.3336671490015,2169.3761752144324,2987.535479496938,5663.442736400713,3119.0691349267977,1091.8810476649917,3147.885132252764,6085.149808254929,1148.9140534835494,0.0,3621.9516794944957,886.4770089799283,5027.990151373808
3627.0028464003162,2427.6339099963157,953.3796560473692,1286.969499370129,2835.553988457987,4270.8830484163345,5133.13420110024,2099.0344603602866,2557.3171118218793,3743.774341008549,4193.168447103693,4640.496746076329,1166.3332795054762,1409.6360150326036,2653.0515969728144,4454.294847882996,3629.5859852390877,3665.431018451309,4371.960361606678,4525.087157792322,4191.76935967677,4740.211011296122,676.6851003605738,1568.2198343759078,453.47360970733473,4499.684963138197,3998.6213290412984,4600.1866391250915,1723.3484646170664,4288.232504522113,1458.5153586685335,2029.3724437857634,3096.3118912029836,2690.871944579489,3339.8529700908985,2042.104560498311,1982.985269291227,1307.8146707947574,2513.4081267768674,2857.874987870708,3620.4088867999426,2124.48628712755,1434.0847961072602,3223.9623551773984,1699.8254604955773,2392.4775086813247,986.6888902070398,2298.1169842940976,3633.351656730325,2378.2379638211146,1308.935604027181,949.5259922940498,1697.025691857669,3960.4285502932635,4013.781703374138,842.5549133973404,741.2412657697897,3099.991922563832,5210.398582228138,1048.6215295768059,3706.0438745384545,2894.1847782961263,3231.6345492733244,2337.6714754945788,2065.8291734458585,1046.4032035281618,1948.835710913057,3512.6798832977934,3847.8798438263375,4185.705575068557,4003.79807003013,1491.349676905118,4524.519922810043,3088.9591518959905,2469.734220706755,2060.93797708228,2064.4296769948355,4070.878041607363,2751.2874895766527,1403.6197110649307,3025.404128781806,1924.356737799154,4533.4883452954855,2539.264910207283,3204.4149899045537,2535.9982064136007,2174.5184145828703,1612.9348945875029,3869.378620585093,1853.141973942094,2938.1832439875157,915.9166299396468,3088.5798143089974,510.7020334608036,2956.423863938322,3726.0064952768125,3621.9516794944957,0.0,2758.1706520005246,1870.7086637948203
1303.923326105105,891.7537297623151,2254.951468916349,3602.0230241685017,4145.192603099764,1662.5671669670974,5439.325688230481,4522.384222543789,1003.0350196598323,2574.874312560712,4765.301432205627,4986.003640334411,3756.4756463942367,3470.8080586621318,5305.269202138662,1733.5092402188113,3817.8123401975904,909.9158223934783,2360.0764900148897,4949.692104131326,5391.494946126909,2843.4556485660187,2233.7810797562506,1477.5859132277217,3196.636304728144,5387.855997181903,6329.024588356803,3330.9538664124425,3973.5722040054843,3093.030072888558,3985.9322837616046,4762.905836272643,5478.228441664148,2933.9560881874154,635.3266759644205,4708.26381729327,1175.55316111395,1460.4512127150979,2934.8445531961315,5604.650302115199,1261.2795085947441,4796.791790941108,3844.296737768952,4370.855926608654,4394.240286070165,1295.474309087216,1865.271674696477,4409.274135145829,2080.8898958171717,4076.496498405095,4045.3417319441633,3174.46227646085,3746.1515576842326,1225.1765869102296,1520.7674832465348,2354.4978548406025,3476.398267364227,5367.80430071086,4816.944325014355,3280.440045272128,3359.411272030413,5605.815424977885,5367.076778239156,5015.561947994462,1194.1171239459723,3110.2464764428237,4706.939752453711,5110.163029052204,6332.799023278884,2196.887533143424,5285.5951003901155,2339.6360933615297,3015.7641153180402,2065.9132466560645,3296.414412902753,2660.5606784407305,1491.5112466870637,2285.1209321469178,2216.836371040948,1623.5529233101706,1625.5028995092566,4665.107885557418,2375.6087874086084,2324.734554057517,5322.801210512,5293.841208349566,1666.4498620399595,2394.815436463737,2016.3552553282864,2403.1393164286164,4815.87685965204,2340.4833040671324,728.1083659044167,2273.6421563333133,5210.726643085108,1254.5849167856275,886.4770089799283,2758.1706520005246,0.0,4146.140124066479
5254.141189353499,3486.4087074634554,2822.045802688894,2643.482454742229,1548.577443032475,5328.094445346948,4033.442741100708,433.25589670424563,4254.892091179047,3966.034899813288,3078.1985567641664,3594.2723535772852,828.0867412348787,680.7595091513599,1429.7311370495509,5633.826464535272,2953.9159725329014,5025.881052543126,4972.199909459494,3446.0523528457884,2650.94393709901,5197.324484103336,2519.1402487350724,3326.0058219752113,1538.539333789033,3113.452371637151,2205.1545995365036,4663.870023816058,172.73443222762498,4374.195394383863,571.4555321536407,2118.2170338362407,1332.9164560241572,4540.278501431603,4598.420176813119,1063.4062403357434,3703.6500240061832,2905.007689288447,4353.954050524305,2077.738872359566,5235.131555259046,1133.4550946385132,2611.0666568827774,1930.7709455085544,2149.609850250041,3238.6120959727486,2339.6485764218955,464.0748268113656,4127.816382176901,930.5196875837714,1807.1871276879442,1017.9182497180218,463.7652173869878,5200.364293707221,5006.64458034021,2713.2398631084943,1362.6260078117552,1259.909897810157,4565.988327559543,902.9252587833614,3391.7230973853098,1865.3456469110488,1361.5794297065447,1290.685205290586,3074.7096054530093,1043.4923489441599,1750.1494367604732,1818.987033786112,2192.2798099996267,4807.334548230338,2437.6549875636615,3359.8954773483656,4762.773185392939,3475.6698315037056,1853.3882491925428,3912.6603205201704,3864.603851057441,4588.779248644023,4614.996232882537,3181.870270798764,3663.5884860951564,2009.5194457999162,5205.092502581389,2714.905511490409,1333.7205467300862,2041.605321500216,2842.5106860430624,1917.3972184753475,4478.22170668894,3720.1458459400487,1153.8729536175113,2786.6234681020333,4197.690444541379,2096.862484601697,1107.8066461278333,4750.12267528366,5027.990151373808,1870.7086637948203,4146.140124066479,0.0
