0,100,9
1,1,1,1,1,1,1,1,1,1,1,1,1,1,1,1,1,1,1,1,1,1,1,1,1,1,1,1,1,1,1,1,1,1,1,1,1,1,1,1,1,1,1,1,1,1,1,1,1,1,1,1,1,1,1,1,1,1,1,1,1,1,1,1,1,1,1,1,1,1,1,1,1,1,1,1,1,1,1,1,1,1,1,1,1,1,1,1,1,1,1,1,1,1,1,1,1,1,1,1
distances
0.0,6957.994245473115,1824.010671740985,4893.835074673644,6735.117321319132,1134.0528621863264,4287.118735231391,4648.648727622792,6615.086566978622,1800.801476085856,1509.6050638203355,2637.6514330396276,3807.187793781258,2629.1805818857324,4970.639500067269,3565.82404739774,3928.8033191741733,3945.7286645263634,1085.5002120386712,5398.111404551039,2037.0780756645045,2198.2816808828206,3847.4697027377615,3252.723469968051,5561.93986480778,5171.453858831285,2940.8463201223212,6876.1922277151325,5021.100784609885,2875.233035587898,4832.96120709488,6028.578664411703,3760.8923140681654,893.883667965804,1240.9628240430889,2887.511843997354,1834.2031583761377,6155.8610368712025,3931.903217980447,4845.16691551323,1904.0589700986154,3729.788794374555,89.70003862317931,3856.902110733431,2499.8215310993705,1117.2078340550606,5971.518527465605,2414.307982630634,4079.8637460220402,5090.779731680011,2812.052902293447,3969.759316750702,6328.779697591076,6875.5060178669755,3565.8935846349927,4485.763175213333,6949.648291417343,5504.746462686997,2422.5652520421404,6341.494338696913,5390.554809488536,7147.468687915323,3954.113849431374,4975.082080549022,5544.900948541642,1696.7762726564747,559.7152575872841,6794.279121514291,3098.2991989864367,1914.653931246323,5968.161344750073,1021.2171755571871,5550.5952678181275,5207.653051661947,4094.156277542175,3786.259295847816,1424.152306662809,2619.4003002962336,5592.91862408117,4990.786819533068,635.8389104395857,1680.9107938852674,5205.111906469735,5124.636816833462,6280.209328156188,3946.451686789666,2513.1493415553323,3244.6244352844597,2079.3080204320377,4613.254149311199,3800.9639571804673,3038.6362970717632,4460.736336721215,3159.536310998181,5458.67121992752,4900.539733455489,3402.0641900424216,1861.3132527613398,2542.072223496807,2991.9273817038074
6957.994245473115,0.0,6055.44289373651,3107.404465122138,1918.2100263636407,5824.822010191385,4622.889475806771,2385.6762124814845,1317.5836172122063,5530.3826679408,5882.3119965953,5692.187716822505,4476.077080001415,4358.3506243972615,2112.6403803278968,5404.41428763349,3445.819735912632,6524.84626501805,6304.255040025347,1680.456133228416,7658.029259563325,4767.045843276315,4367.338693439977,4611.68311715907,1791.2758379392603,3139.1369290612347,4156.890915164601,3219.9618017089892,4340.281125099272,6236.699615455677,4489.44493091039,2211.4027521862677,5684.372775695134,6912.316511451497,5769.101886776139,4614.613188657311,5190.869876860716,2035.925344417619,4915.26540336206,3476.651087422637,5306.074207035744,3988.967047779287,6870.204216694145,3109.9686733156977,7124.768114376565,6505.462151512143,1743.5076282649293,4545.505388251673,6178.985163817275,3786.8212704806915,4439.9556095747175,6367.665256509799,2580.431108194133,2975.5277123501974,4517.829647577474,3990.402450347709,3455.5789418835448,1719.8272417687772,4985.787424907825,4416.1892671270325,4702.424145864876,1703.1005060257012,3966.1797396013208,3697.4967981293776,1938.7280653059622,6765.783183807844,6462.616599538069,2686.5462786090247,6503.546932564183,7755.571804261114,3506.379526869845,6064.815973491694,3429.97814160557,5048.9474067648,4311.7105095301795,6084.3290909908055,5588.4467874322645,4813.135341357543,1422.2828328138535,2671.8422896769193,6409.151578884681,7186.772824007797,3957.1797317607393,4689.065875418685,2500.3864707818666,4985.846135501777,4473.34960773479,4986.464581861983,6839.128859178631,4354.607532148908,3299.2952950040712,5767.3962064097,2656.351264828129,4081.3500060745832,2096.6971109499814,3228.0204472563364,3556.148264243492,6469.7305040208585,5380.076450171038,6127.112983437794
1824.010671740985,6055.44289373651,0.0,3451.3845245908196,5405.170253740579,1427.626367846293,2545.077566191058,3672.685828912677,6052.582645102338,2480.1191871432306,2439.2331552299383,3570.367765387342,4208.7297117702865,1916.214879017486,4372.834093870931,1749.208239611568,3774.866263750413,5121.362603534337,2321.265845287222,4384.086462233722,1607.279595062415,1724.1269374294923,2206.2788724896045,3648.360673921645,5034.233929044319,3677.902308754271,1938.4953947662605,5309.610843415646,3295.9035156037257,1124.9899207784042,5267.294896106065,4671.430658023835,4666.074388127133,1138.7399058402227,1149.618173998654,1468.8718873509697,1257.2791957890656,5791.8209916814585,4532.553834202523,4905.359239115623,902.6584891142388,2261.183047106315,1758.162811655963,3220.174099333295,1295.2350296594823,736.0480307812796,4742.10500450106,2037.3835447114518,5131.918607450629,3457.8373314025343,2907.3607757115387,5093.261723172097,4875.048708358102,5348.592178851179,1929.2145891781968,4727.108038264516,5348.845911280769,4922.515599277467,1070.0629171319788,4605.470925560599,3618.043213866993,6661.477978218122,4122.376530934554,3368.8350224677074,4344.857939756488,3192.163369635865,1348.9841793338421,6596.927883354493,4352.982820907635,1700.8637813281816,4353.364429207828,1937.192587524534,3962.208515515053,3405.976082355394,2432.9076090696494,4832.79243690612,1156.6560722193958,2971.498303891321,4854.6465083366265,4730.132926223744,1273.6724931535578,1132.8059987151378,3535.183616820207,3354.162985565251,4844.190955442715,2163.8987203217252,1830.5052661232637,1517.2218347031524,866.0146074899662,2900.7519263804684,2759.273571090043,4006.4331973216526,3976.313516077172,1974.0995466432282,4224.990071866441,3421.000406898105,2759.1027352605047,3204.6306966067086,3290.633008178366,1212.4759939974072
4893.835074673644,3107.404465122138,3451.3845245908196,0.0,1968.8483476908527,3855.6264438460576,1516.7740469648077,1425.172318615893,3722.274863251907,4155.456305005865,4417.365602635353,4887.341682448036,4383.926033559531,2479.258065048695,2549.770755359195,2359.7452753180796,3221.559383578704,6286.9925761572995,4678.9430072436235,1610.4964048497593,4943.84806071475,2906.696502931291,1360.7390159780823,4118.266473920428,3064.401444094425,323.3695307616351,2049.374854950894,2022.284369046055,1334.7466856973276,3296.269622425022,5070.428982996408,1234.7476219802977,5497.694187637668,4520.033194807534,3668.3661300013387,2034.1015452766856,3100.350950650748,3909.564026939705,4900.700442745403,4152.173759705391,2993.2218852408846,1195.1279421467812,4805.872155543154,2183.7697650755217,4264.794636097968,4084.557525602497,1441.1780920986137,2884.435525052345,6075.21552325257,822.3870335760407,3455.8433869035503,6173.245869468104,1439.8482577191946,1990.7233563529114,1585.380205817204,4383.632093521764,2139.2091883520884,2881.6834486940097,2499.653260166297,2084.723212420536,1807.5416952673595,4356.420656740117,3939.0672373881866,676.070981203897,1168.858947623707,5436.4380324745725,4335.429464756865,4843.521417996724,5863.948298351375,5086.693713582625,1275.7174122590786,4306.705134908239,865.0163962613658,2068.7413265524524,1242.1728444012936,5851.241563567171,3492.9239472718264,3840.6913662602465,2508.9693150136372,3431.221820479842,4262.018499766162,4541.384594507054,1043.6001912384838,1704.0713206309765,1399.5774994168778,1900.1125415177385,2574.134267887749,2069.1045741636644,4079.53446489339,1258.1052848092643,1429.5928321438241,5183.597758493612,2633.6967817478535,1763.2414509062564,1010.7082572280689,139.86960825711918,2229.2394746282866,5241.9146044289,4496.730279171745,3165.0554279483003
6735.117321319132,1918.2100263636407,5405.170253740579,1968.8483476908527,0.0,5641.037826701396,3340.3950444606103,2301.7137115571086,3091.2869421520872,5711.111384207631,6022.566775243343,6211.582929926397,5316.736722413477,4161.143670718664,2903.296227014047,4270.793396397559,4118.264984784855,7382.347025909443,6358.6209839251305,1710.5494028133185,6912.618589530454,4609.062416852261,3317.7411488782545,5245.114656989683,3026.5768692635247,1809.5558319681656,3798.958819488308,1301.8024520828806,2832.972177163941,5245.8665403756695,5673.984357998266,735.1225385695911,6538.90968366516,6444.488208921869,5494.331763358489,3957.7669280876053,4903.562424980639,3643.0997185891033,5823.228524587542,4636.887868839293,4868.529852965472,3144.580959565996,6645.6648100565535,3316.070622542439,6225.72814188228,6010.272323731179,841.399408533189,4497.270044494215,7094.920238011982,2325.028479039558,4784.884937034537,7242.891983882129,769.7328766072034,1057.6524201087993,3552.914346489091,5048.910884359219,1537.3736901342497,2863.7690454231815,4411.610620329609,2573.2640014988747,3066.706158337476,3589.7905918380525,4802.225263450477,2304.2491667163517,1254.948679692122,7016.57344477723,6185.911175857037,4459.5080460932,7144.765807236021,7054.205860186673,1750.830987204076,6027.10395669645,1834.3299002682154,3454.6942937239755,3166.552809162829,6929.804343315112,5311.83343358016,5191.327655343765,2387.285287021432,3782.2172619107964,6117.185811793688,6506.148558521623,2425.3702890717536,3126.872328021405,725.4274157605294,3774.500621616057,4271.971117704449,4034.7614538559774,6048.372277645945,2990.5068443489645,2971.2870632010636,6412.6753172529325,3308.389719058503,3580.4758538262763,1300.2324261592619,2026.6444865622093,3603.8512274876166,6773.043941834425,5840.841449040112,5108.839102425716
1134.0528621863264,5824.822010191385,1427.626367846293,3855.6264438460576,5641.037826701396,0.0,3469.853335137524,3518.1892751655646,5515.076811772254,1084.6904704854744,1011.6528162947012,2161.0584603321126,2996.7462513719784,1501.8859430016648,3854.8450837212645,2928.9338793788093,2890.5848302904037,3696.603473328726,963.1140043800631,4267.18089907201,2502.7424633521523,1065.3930707884301,2953.14456065598,2422.480031806248,4461.084821724084,4149.183134286795,1843.49527856732,5866.473388660772,4161.612259576449,2538.8494208292464,4060.753675805145,4946.738982822219,3279.467107677405,1333.8520381455353,290.1777188586332,1933.2688159580912,755.5976993149201,5093.172318585343,3240.1445436649888,3899.2481191954175,976.6164234232396,2738.8187690887835,1045.74527778996,2728.1613865248146,2587.811047171141,1121.6226366871342,4861.921748302002,1285.1062985080266,3721.174754987462,4148.445496651125,1819.9573104136266,3672.922276468698,5274.745160985315,5846.307336665256,2683.805011057994,3610.5465648398717,5958.423732037274,4394.946837532396,1505.1844998182119,5469.841049317795,4585.8333714033915,6064.4496162933865,3034.097356284073,4017.3582555123207,4433.327427624199,1844.2967922850705,667.0343241880432,5782.033010406807,2925.996168959385,2473.277510939684,4997.447119543537,549.8149658294144,4570.181819597335,4466.2060987093955,3204.3288560697074,3420.6783196478736,395.69255537095984,1737.4899423953511,4465.978053775567,3941.814436454867,635.9012966255063,2010.2212201379728,4288.5379024226895,4322.47099814377,5220.329104202244,3203.2386844479756,1386.4656094173417,2467.6407545041884,2114.685707813811,3751.4857364636214,2685.136612761816,2598.2094416026202,3356.4907039251584,2095.019773675895,4353.719259083204,3877.4498772225284,2269.668734226209,1805.1941265448431,1914.6870984808463,2606.4696527467954
4287.118735231391,4622.889475806771,2545.077566191058,1516.7740469648077,3340.3950444606103,3469.853335137524,0.0,2663.569265081162,5155.552179769012,4142.002155941616,4301.746447395988,5098.838754165501,5019.586367521631,2553.6381499321706,3773.639025735901,971.4271885283011,4026.0095121459913,6641.052574213292,4417.389930900373,3067.0375024019518,3784.411508574748,2840.55514004798,609.1473376064281,4610.1945521078605,4376.363135715545,1552.0242860152027,2128.4696601485775,2886.8328491497396,752.5685173710098,1996.4803445113098,5894.703317062869,2645.6677370017574,5949.561240804989,3683.7956786689456,3209.222356467217,1591.1264126790807,2781.4710815187345,5235.914938267905,5499.549471177888,5122.708894970706,2493.5494259839725,1112.1988459776428,4208.618927486427,3012.3980633906936,2998.3167895924535,3272.5054993448057,2944.2169573271945,2979.3239324400424,6510.977633921729,1049.2816904911665,3825.9228715525624,6557.710768986156,2650.7662316320916,2977.7134101301626,814.7748284188707,5219.311074026532,2883.594328293077,4204.55306820178,1967.8303694155143,2062.2680497774772,1116.433935084383,5798.0809802183685,4676.0433682386865,1038.1521768083905,2684.2703877608906,5276.527336504759,3745.8520927046757,6165.1537144837675,6053.451058014758,3960.6714950403293,1904.7380008119228,4005.52583832947,1585.3151664186526,1041.598676896241,430.6126836241588,6245.9906130062345,3074.201893138608,4131.750941199142,3900.4340955696202,4544.45765258969,3666.0838931760686,3471.988771947859,1047.8081367373513,852.6191532806426,2653.6485140696386,452.29387764262293,2593.696256857383,1043.1878605452614,2931.670211699297,384.591557620549,2127.023405409776,5474.890601266294,3682.303964328448,1805.7398330656608,2526.748344173001,1402.9210646148274,2810.431044291427,5165.699960359002,4721.208028660673,1845.4602964780897
4648.648727622792,2385.6762124814845,3672.685828912677,1425.172318615893,2301.7137115571086,3518.1892751655646,2663.569265081162,0.0,2547.5070226183875,3435.918213427671,3761.173877839869,3913.633913814755,3131.392447523944,2019.9947681239175,1136.6084043187434,3232.427898773459,1924.5898115507625,5148.354287505086,4129.088119880828,749.6421345048583,5277.888324163747,2453.330570235083,2226.3048557702064,2980.159278859101,1712.9470031641372,1685.9576373812008,1775.5831317181405,3026.3636748257804,2715.746616218273,3942.583794826053,3701.5753232553566,1756.8716542676077,4319.533057254222,4537.553177143492,3428.877966965287,2249.9820499999546,2839.144359151186,2572.473615597641,3650.6509307486517,2745.9041831245677,2925.8721086421388,1747.1943997612286,4559.40649860681,1016.3386251073015,4779.11658318198,4125.337078370808,1461.9309227135188,2280.707704776085,4889.655821169625,2241.0760072172925,2483.1783209350874,5017.867199715234,2240.3403791120672,2892.9252931916512,2297.893790863712,3022.511975978424,3211.9994899720955,1541.324106241773,2602.622912144016,3470.582803751555,3214.409825087803,3190.585106675106,2644.103260702199,2084.9828329482716,1052.6457456547291,4736.651561490353,4129.480900649015,3503.011220298901,4856.598163993495,5371.5749953966015,2574.3225705019954,3831.868556002411,2226.5429903246873,3435.2313432287206,2262.1816495429807,4698.874696054471,3245.3549175475396,2889.6302690318357,1278.8092425272034,2006.1518978387455,4070.6561932445243,4802.677382990555,2464.707056896215,3080.694773097783,2153.317346944709,2912.138053487506,2136.1426433393904,2723.3786250677667,4470.218645470712,2534.2169852938796,913.9791406656936,4131.4078147959435,1231.2589382327342,1700.1587335484296,1051.1188643431344,1559.8947636943335,1325.574943013785,4482.633230674355,3540.28680835508,3849.593809189224
6615.086566978622,1317.5836172122063,6052.582645102338,3722.274863251907,3091.2869421520872,5515.076811772254,5155.552179769012,2547.5070226183875,0.0,4991.385045937651,5349.031753798532,4917.428331131731,3561.7166125479434,4184.064569254399,1687.2233319587542,5779.554277959591,2763.8837333623496,5509.791741368997,5805.713490918838,2111.780811359219,7648.790705083909,4522.3315342995365,4765.555263300175,3829.313447408556,1054.0340628011033,3857.106644198732,4117.661239339633,4362.56454607803,5049.42601149804,6463.545630077118,3354.7741404334506,3172.483362017995,4698.1940449694075,6738.954208913205,5525.228269131512,4726.109258035409,4997.738374591651,781.3912238053354,3930.1375688006137,2419.1072839469107,5206.974099982445,4294.700983258439,6532.322077091423,2850.3547127431357,7245.751134599159,6370.531226840113,2646.2039758129004,4246.939551976811,5140.3622637670205,4509.231998052995,3875.6551913032717,5346.857701085377,3632.1801061139577,4130.6448525877895,4845.395061026913,2962.8372240636168,4598.234560318666,1135.0625209863992,5006.60316129619,5398.817769454531,5486.068927561247,644.3363960797179,3097.1304695272365,4384.993830285398,2643.9604949191285,6116.425988009746,6179.8558970714685,1381.802013506276,5617.208461531137,7711.616076566312,4450.042685396401,5641.216707787249,4270.920983968915,5783.069612216768,4778.372827793265,5089.396864808737,5358.026198728408,4191.466461314107,1269.1980429787154,1764.9490558381567,6139.591104365991,7149.783767930398,4711.376458574288,5416.670336791229,3540.6837138475107,5443.010713906414,4288.933770096829,5264.714007620357,6894.814096146466,4963.742037992104,3376.870347513212,4907.760943701414,2158.6539500021768,4148.620362440628,2792.3242190354617,3859.5135342186586,3323.8909039678188,5798.713924441177,4661.687504739995,6379.186120547512
1800.801476085856,5530.3826679408,2480.1191871432306,4155.456305005865,5711.111384207631,1084.6904704854744,4142.002155941616,3435.918213427671,4991.385045937651,0.0,357.9184073682153,1091.1715014080057,2011.7383584099605,1689.7117146602257,3439.507731208639,3785.976193101721,2234.1386522212542,2658.825590944243,820.6226480331866,4146.310424995818,3548.9297292164006,1312.5417136540843,3561.488988144425,1452.2897672496356,3957.3056551933164,4473.487402500201,2139.886647411493,6166.283033672798,4754.669890744151,3558.197094593412,3054.1052146134393,5079.698593059729,2195.828841902757,2336.9141947005664,1336.4482442534015,2552.0907624632005,1424.782001528655,4456.594636070236,2188.0321838409964,3056.4204701226895,1810.431418453071,3210.7103096599976,1738.0057020947888,2471.7820609999176,3672.301664177522,2193.9573194766112,4883.417537212438,1271.332586056458,2651.9777546144687,4624.176640973937,1116.6226118084842,2620.111263544738,5482.942378345773,6103.139240925117,3327.2631442820984,2684.982036351268,6293.989277429776,3932.9861782937915,2239.0638039808064,6008.282167681874,5229.289005401117,5476.070896080966,2162.1140128762877,4472.997728411339,4458.352640785271,1305.7860763819622,1590.7916888307527,5032.664147736466,1948.7339130473918,3496.012579217929,5395.655511568543,791.8983488125227,4964.1628553793435,5178.402138805463,3802.934851132872,2353.2898944339604,1331.3294116431136,836.3053358702194,4113.79039977841,3286.0996103103757,1600.9781303952905,3071.4961200712914,4798.787486491354,4977.089938384879,5413.752636453295,3962.3741927336946,1610.2815765973976,3241.087211609092,3199.246698341658,4358.37416169149,2784.6441913379167,1526.4691475155994,2898.6153472597916,2465.5067282944087,4414.67580504775,4211.88787771054,2112.067040964846,1086.564933188072,831.3094811470643,3606.8866434452857
1509.6050638203355,5882.3119965953,2439.2331552299383,4417.365602635353,6022.566775243343,1011.6528162947012,4301.746447395988,3761.173877839869,5349.031753798532,357.9184073682153,0.0,1193.972509298267,2303.7516038464305,1938.363158265499,3795.1084102018744,3871.490623627029,2590.5863005678852,2690.2248933985056,472.1976579780971,4479.627233705947,3361.7333588143188,1525.5944606627936,3737.9616827261625,1760.9301268991337,4315.21892719454,4731.668830102229,2378.1428735441864,6435.966746099455,4943.135035719133,3548.203734581204,3323.3621703479744,5378.830316344995,2332.250542401695,2136.2030813141337,1294.9429824223923,2713.200489418539,1529.6228765185883,4810.2154822437005,2426.7504718139025,3387.1326469555333,1880.2256714705818,3423.138266541099,1455.8114198360315,2811.5993066843644,3563.906344608399,2053.9524769288114,5200.059760724774,1542.7988146514765,2735.32018083825,4845.798885304672,1474.5374897550078,2673.3080236674937,5769.468997847635,6381.711323421093,3490.5393050989983,2995.2906174600153,6556.0877010247505,4290.456913796129,2356.4607679692017,6217.530099630319,5403.532678210061,5831.509279765059,2492.402698123439,4699.184321487294,4772.976639151087,1019.2290018253995,1386.575596502405,5373.928854220625,1914.7903891674405,3290.536499139464,5640.355224412466,564.7705735756781,5208.2480623043475,5328.596964189729,3984.287662000574,2434.2200186265,1339.2721169295655,1182.146633977359,4467.3768732501185,3640.257885096192,1412.3390891089155,2904.26786405662,5011.777264556456,5146.679746755669,5702.899218618193,4089.7037578124164,1847.2337464933885,3357.889529807823,3092.042443527094,4540.600732346877,3075.342656694535,1625.2274927953931,3254.9761874798714,2693.1833657625316,4723.47632436842,4466.348520373214,2435.601484167104,864.0591588710807,1037.0637926000504,3611.516792244638
2637.6514330396276,5692.187716822505,3570.367765387342,4887.341682448036,6211.582929926397,2161.0584603321126,5098.838754165501,3913.633913814755,4917.428331131731,1091.1715014080057,1193.972509298267,0.0,1441.4473838975186,2555.413914682512,3590.1543581502174,4830.457038576785,2246.6654265346233,1580.0920792678507,1553.2184001614196,4542.195852608736,4553.732423795342,2271.59883378844,4499.712500440112,1091.7864680957537,3964.576095651337,5210.698819625732,3001.2259727752926,6841.257165869005,5656.374986194072,4647.919477128665,2306.772267168998,5652.176547130849,1139.0084692665812,3327.157241500918,2423.7506072624305,3531.8575479547585,2485.126683013363,4265.300218166243,1366.3139861162947,2652.9150859430083,2882.4685847087735,4089.9865599468662,2598.1988607889507,2897.3010710252393,4743.645924491835,3242.8708821403916,5370.191318755506,2123.2562070805307,1561.7955150316568,5457.499386667488,1446.3628697187298,1531.789946214885,6103.117224746466,6746.281212916713,4289.4821896421245,2159.7876247974013,6993.543733249403,3991.3633512679603,3272.75127027796,6855.212863252096,6152.30235349109,5302.855214856426,1829.0159291589016,5297.622415055267,4966.265235524377,1318.7197398939627,2579.151213363032,4658.5337139285575,978.1754972927913,4477.2301743047565,6158.933717031626,1758.6430241959285,5734.891513875481,6140.434944849102,4729.359662471232,1262.4262549210544,2422.31692445745,1048.513766051739,4282.51558144626,3152.6110026460606,2606.2653744699523,4098.223749442678,5649.6109896031785,5910.1906153004065,6024.22038606059,4964.20148841775,2506.29435375975,4261.446896139502,4270.60649940556,5275.966503136748,3460.715974916896,437.16014533120443,3057.886168733722,3335.462353992322,4954.527060187784,4965.3461737123625,2680.9138041699516,991.0254443943408,391.11793624174277,4693.829760128184
3807.187793781258,4476.077080001415,4208.7297117702865,4383.926033559531,5316.736722413477,2996.7462513719784,5019.586367521631,3131.392447523944,3561.7166125479434,2011.7383584099605,2303.7516038464305,1441.4473838975186,0.0,2590.590978318654,2469.191989718499,5028.800116124819,1209.920403582401,2080.828209465164,2762.2958771798867,3606.3014216541856,5498.90951641596,2545.0200740937194,4415.01197980753,574.2872579780962,2691.8175183940307,4695.232958414949,2935.1229511425922,6157.718419961488,5421.115055287888,5138.981106912245,1066.3627715299326,4871.309798723234,1231.435900978204,4316.428999302664,3178.2689117584123,3634.651760688498,2959.904644476575,2866.4053310395584,520.1497199018756,1216.5240329385192,3351.461080611261,3914.602090876287,3747.463687800057,2201.7854194796096,5489.003195880378,4110.7307346841635,4493.84987380798,2261.8211320979826,1778.257327800451,5095.31590433655,1322.1200772728623,1933.9210459219896,5367.537179650459,6019.724599390408,4277.6824099734185,722.0076319326547,6342.12340974953,2757.427749359174,3553.0695686283716,6460.403586098471,5942.579180494695,3897.4810294574872,521.5447482028745,4928.089713470829,4138.240892188008,2747.8236210712294,3584.4940380367493,3217.1574676428254,2056.321074354149,5467.7637786707655,5639.411889993671,2803.439447450578,5246.934855246632,6025.58775559837,4601.555631010561,1629.9506010235405,3095.432018972473,1261.7102357708764,3127.8375387006595,1824.6676692756955,3584.615830837386,5002.030442719936,5310.907405777284,5733.818083337664,5278.413612122586,5013.0931303537545,2605.9442324633505,4410.9668122598705,5027.89759391418,5095.013846956061,3013.849935867743,1351.1563381685337,2009.367656984654,3231.03238419317,4168.264042205579,4491.968286444707,2232.4132888808917,2417.4323308717458,1319.0573716396873,5141.853134539143
2629.1805818857324,4358.3506243972615,1916.214879017486,2479.258065048695,4161.143670718664,1501.8859430016648,2553.6381499321706,2019.9947681239175,4184.064569254399,1689.7117146602257,1938.363158265499,2555.413914682512,2590.590978318654,0.0,2496.869333792219,2439.9229219024523,1898.3791452217868,4087.450253611902,2215.2505192625504,2769.625677955958,3479.5770392540526,447.9374324992274,1949.0816589896895,2110.6245121105744,3146.4465537849196,2793.3384005816406,453.0496909280481,4499.306621823523,3103.1911331216775,2627.828606743027,3581.7798184473872,3484.52240768014,3408.2620689154764,2573.3419841359987,1412.816743911255,1049.6710793396185,833.9949059820447,3880.886068712917,3025.347054749256,3056.270075704207,1031.3374698254684,1539.835932849016,2539.8309868418414,1333.7423356724491,3186.522969049023,2189.5508156343385,3368.1031447878786,434.1533958786914,3963.1433060703216,2938.7425545721085,1304.6212450585042,4004.714228007038,3848.7874294172184,4450.758498649416,1755.8385902132345,2965.553676044492,4617.7432188605935,3049.0020678317032,1002.9432455892006,4328.922620967023,3596.905463929376,4776.199066050011,2365.1797302040286,2785.5623690998195,2938.4634475625185,2957.574463337314,2111.332856869565,4681.062559599476,3522.551288425053,3531.5488300962224,3707.403435055322,1867.3319762955919,3275.602690855532,3593.6422062644187,2174.86403104401,3694.316563220456,1230.851180558397,1580.205448683493,3045.0413054861833,2815.7397161687372,2054.4950840067736,2974.4402258752825,3118.85188637646,3355.3160071623656,3786.4679521058933,2466.502480329991,116.16197751846316,1825.0641767532447,2780.9397630387466,2720.5694750989173,1191.404141146068,2922.314388989145,2067.8393493330186,785.3162076342239,2865.6645121901483,2528.499548624243,860.531804438395,2772.031152041766,2172.588814576058,2605.8423082550485
4970.639500067269,2112.6403803278968,4372.834093870931,2549.770755359195,2903.296227014047,3854.8450837212645,3773.639025735901,1136.6084043187434,1687.2233319587542,3439.507731208639,3795.1084102018744,3590.1543581502174,2469.191989718499,2496.869333792219,0.0,4253.166261510241,1346.9777909278978,4549.913757706623,4231.667839607097,1234.1753847298205,5964.528408989264,2842.067780768432,3292.8138774576987,2522.5381774066373,667.0299786733724,2788.2310222110364,2445.7059914736274,3905.0264519156594,3852.1669009342004,4845.466651591878,2778.195558834007,2578.913495417983,3700.4592721542012,5056.109144267853,3849.378042855755,3089.7425994114783,3313.0328990778225,1495.1562743800396,2955.7398193697627,1752.8500635858732,3520.4535984855697,2779.795095699861,4885.78788565877,1163.1378053958183,5585.21081332021,4684.141881879006,2123.3249788428525,2575.500960767244,4236.450203918606,3370.579171183048,2335.695357986996,4401.660217219181,3096.27554189481,3728.4184203240925,3318.9070466275493,2145.6539577529734,4116.046413601893,552.1977708194773,3337.937145785852,4546.852547401114,4348.6551273391415,2288.679152418049,1947.647262940597,3217.1860706165257,1847.4556871343357,4656.105571750817,4515.29377135187,2404.813779196218,4435.456787655698,6025.073839594167,3618.7712543884286,4025.4668962196174,3309.5869854596663,4571.538070016808,3359.7029632669914,4099.109825195344,3679.189151543312,2702.1551305831795,693.162551155932,925.7011859828203,4471.607893387792,5464.084659831782,3593.0439976613143,4217.30161197892,3000.8034326021752,3985.5634511925664,2602.077725130631,3694.0962903773907,5221.369502204762,3665.284184720197,1775.641579131329,3694.3661237723854,544.8336720890145,2509.0034975912254,1929.53412946908,2687.0341244176634,1636.879213105842,4357.832189304448,3269.8092781966657,4773.2619025672575
3565.82404739774,5404.41428763349,1749.208239611568,2359.7452753180796,4270.793396397559,2928.9338793788093,971.4271885283011,3232.427898773459,5779.554277959591,3785.976193101721,3871.490623627029,4830.457038576785,5028.800116124819,2439.9229219024523,4253.166261510241,0.0,4203.69959699715,6408.22364895023,3891.130111273074,3770.472206234121,2829.498602645529,2583.5658257542036,1037.7404094786903,4546.6754085838365,4899.58383768438,2462.651860820161,2116.8962729989867,3856.744066039384,1687.933341601498,1027.5507544525476,5997.8347544429735,3557.2014393340164,5800.599528410577,2862.439191231143,2644.108965167094,1394.8022914825601,2361.507024240453,5747.574024484505,5463.594226234686,5356.7792775084545,1991.297623298185,1486.3315297476536,3495.766731455204,3296.816459619795,2028.5310525175598,2483.1169972907032,3799.14770450492,2808.357796192287,6334.133358602817,2017.1270343545543,3738.9262268567168,6346.561923399866,3605.641543318054,3949.062629306479,937.2583658100896,5354.833230353677,3847.2219621176005,4743.04774521246,1558.0847656279811,2935.395428678221,1913.2283733469978,6422.947997370833,4769.82735351763,1990.0375651730797,3488.66400617457,4773.223296562816,3059.8359265843,6653.465401649354,5734.661804577494,3012.942978945503,2874.632675982968,3478.7289485662723,2553.8128590452748,1664.4121365346984,1117.816304702163,6050.558618322279,2549.4433665318006,3970.080392943196,4510.395663898456,4905.7444681358,2980.8782001901723,2549.363218138993,2016.9438462914625,1658.4304297934837,3602.472961622335,519.4636890726817,2435.935422206426,621.0212247137774,1990.7218570390496,1355.2930238133006,2485.3021340684118,5240.6833537585535,4045.329722928034,1874.6524775637752,3337.618382943892,2269.6896714960835,2971.9452538075125,4716.755260376035,4479.979109678303,874.9342795941874
3928.8033191741733,3445.819735912632,3774.866263750413,3221.559383578704,4118.264984784855,2890.5848302904037,4026.0095121459913,1924.5898115507625,2763.8837333623496,2234.1386522212542,2590.5863005678852,2246.6654265346233,1209.920403582401,1898.3791452217868,1346.9777909278978,4203.69959699715,0.0,3264.1810105165737,3053.0109966500286,2408.702388268422,5263.095407857339,2060.6941852601517,3442.518813822374,1176.082636367445,1750.2863577380701,3524.6413680783185,2100.3230148329567,4949.898027388039,4339.917836975258,4520.489899664638,1879.680598617222,3661.4192186355826,2421.1919171798427,4198.820298827994,2969.1607034455046,2837.698683179206,2550.2747715305113,2231.476562440439,1727.4745241597627,1163.9348456103542,2872.208846157431,2915.9804720388647,3851.2565742589786,1050.7477535403066,5064.2268386131755,3891.526651258603,3289.9228844428862,1747.5692096452149,2981.9464582404894,3968.7624273884176,1127.0332515134594,3124.901721848705,4158.0240073362975,4810.069806494808,3355.958430074038,1196.1762572539212,5136.576341376229,1755.9050408199755,2896.90018234526,5306.062414101534,4862.6648060776315,3243.009451933805,722.5336095719008,3801.8798421720276,2929.043072653593,3366.2030389511565,3553.0144065244094,2893.0006291573795,3092.7527137632583,5280.25829899684,4458.446160560986,2923.8476279459237,4077.419754365376,4987.59342723783,3596.865406912525,2811.586988267658,2829.189407813659,1427.7824760831043,2037.4002194728457,1062.4915305813029,3526.4073239665613,4751.66729137405,4189.42742114349,4672.680786935589,4068.6888637026545,4093.4409269079483,1962.7105536420802,3586.1625659583533,4638.738394331912,4046.721703539422,1924.1394278162384,2351.1645143868604,831.259020037076,2331.2296464711494,2958.405520328983,3337.2601760465127,1236.9911730570275,3055.6323279545595,1939.8999294107932,4489.965697912736
3945.7286645263634,6524.84626501805,5121.362603534337,6286.9925761572995,7382.347025909443,3696.603473328726,6641.052574213292,5148.354287505086,5509.791741368997,2658.825590944243,2690.2248933985056,1580.0920792678507,2080.828209465164,4087.450253611902,4549.913757706623,6408.22364895023,3264.1810105165737,0.0,2930.5790839738484,5672.838830987268,5960.013457859974,3838.208161766373,6036.061220602886,2178.5268022482537,4733.572404335335,6608.025384828057,4520.531790216059,8160.8858691843625,7163.293902656863,6214.523257675443,2235.6624754987056,6903.831303252202,849.4566032282049,4743.796140447964,3971.835386674025,5093.121180028018,4065.076580506203,4757.921338654728,1610.205026689459,3091.8146227678335,4461.372939464488,5599.169995350471,3929.3231001150825,4161.661476337666,6245.550769519771,4727.633414785985,6552.011129211091,3663.6656512074082,395.100589726211,6920.898658045572,2856.847935718315,165.53479712133003,7386.946020794249,8039.025932161931,5838.86252353607,2552.3490426947883,8332.625698992186,4815.8469943770015,4850.1466805502905,8315.421572503465,7669.531536051012,5737.676702945627,2602.3350929809176,6756.929177805921,6180.994465087395,2288.8814897772672,4020.8435555774863,4850.71781529497,852.8248593075841,5854.828738800991,7561.772300282255,3233.073068394218,7149.204236697955,7680.948583238987,6257.750578496798,452.67784509626733,3986.4454137933462,2513.953927383118,5203.438574799649,3853.299015388502,4062.011784196595,5540.591715707358,7123.019339499368,7434.890957206031,7301.070409947914,6527.9838030076335,4050.462290823728,5833.606335571506,5775.768121655336,6795.305693160831,4863.04655110806,1170.6123466088168,4083.133541710582,4851.881332558021,6197.745998097212,6379.271124933082,4058.9747798164503,2084.434420907984,1931.8174521897765,6265.522635948896
1085.5002120386712,6304.255040025347,2321.265845287222,4678.9430072436235,6358.6209839251305,963.1140043800631,4417.389930900373,4129.088119880828,5805.713490918838,820.6226480331866,472.1976579780971,1553.2184001614196,2762.2958771798867,2215.2505192625504,4231.667839607097,3891.130111273074,3053.0109966500286,2930.5790839738484,0.0,4860.275813175215,3036.757175920558,1775.0582051777908,3882.7522743019545,2227.671353754184,4766.977720242669,4985.737190906576,2629.9017847366467,6701.096374307267,5093.855657056058,3446.204144677445,3766.3601250146007,5695.29025118615,2682.119806078953,1814.7515459125527,1247.2522010183025,2854.160911670013,1647.756990871227,5277.160107496171,2854.1931410184907,3858.4280369062217,1931.7034643270176,3621.7876961172087,1045.0750289931345,3211.3609810427724,3334.6490263756396,1816.8721345196532,5547.443903223988,1861.9842876850496,3028.8462028160156,5044.839150057809,1930.4989177932734,2937.2082882466816,6063.779867575751,6661.269028262783,3620.4314845715558,3460.4913232759304,6808.866147572002,4736.266275781483,2449.6404557212068,6391.511229660557,5531.192650202305,6295.710775098392,2963.858172230412,4905.831365366731,5118.063514410308,883.3792920971149,1093.9825552137474,5846.106303849511,2104.708288980684,2944.277876058067,5869.529262031922,414.3772563896334,5438.490371264898,5423.005247432829,4133.084841917716,2730.918746992301,1352.2111804644273,1653.0513516645512,4895.91539177813,4106.573295226203,1141.2033887703808,2610.0134101984995,5197.234792928351,5269.379323302223,6001.718441485572,4163.0950661147535,2112.0783624023047,3426.9747128913864,2871.3571881507532,4685.490900953815,3391.1876938478354,1960.8224444518169,3695.4829874690267,2924.168994175952,5058.610870414228,4716.368518023163,2809.2478157772057,893.3798259514255,1468.5143928371967,3527.715962642826
5398.111404551039,1680.456133228416,4384.086462233722,1610.4964048497593,1710.5494028133185,4267.18089907201,3067.0375024019518,749.6421345048583,2111.780811359219,4146.310424995818,4479.627233705947,4542.195852608736,3606.3014216541856,2769.625677955958,1234.1753847298205,3770.472206234121,2408.702388268422,5672.838830987268,4860.275813175215,0.0,5982.919814290427,3202.02789375811,2734.882677388739,3546.833152766704,1552.5309787936599,1758.9603128351134,2515.178845393901,2673.0649264636277,2939.481855447657,4566.042362387804,4008.5038991109886,1346.9932022040794,4828.658876238515,5277.9303651526125,4178.17234386101,2935.728249814175,3587.7537556394527,2353.2800000002126,4113.827248594792,2986.9878264994654,3663.985743469125,2322.54723076238,5308.898260928815,1681.2605426940822,5444.883408149342,4862.025440470873,896.5040503762377,3022.365477213171,5384.424096548581,2403.963549245287,3144.2862497993087,5532.7211868603135,1864.7848046798858,2494.25401694234,2861.5078673638136,3363.225997388222,2886.9795418700146,1367.6259829781682,3316.4805165238045,3416.0664672106427,3387.1053126638976,2746.859395877772,3092.6020280503276,2275.312299862153,630.1456349210077,5438.297124030095,4878.937839235093,3276.956363784083,5457.259215489035,6084.950002491803,2466.899346974051,4572.57523769101,2216.454449188839,3673.697661587845,2712.2698365232764,5220.212381390818,3994.5350493574338,3547.3398371399376,931.9655520339795,2152.4148192848425,4819.856928397875,5516.679988643894,2611.3606678030897,3307.5753240730587,1768.858425580747,3386.6814670448416,2885.7762731313733,3320.6675516409346,5159.760814110378,2856.267454017043,1642.4466603810913,4720.56405948717,1598.9274128530665,2411.797806607345,742.0513893612758,1747.8206787013362,2051.0298084379465,5172.788324907659,4182.171353153526,4460.757551151261
2037.0780756645045,7658.029259563325,1607.279595062415,4943.84806071475,6912.618589530454,2502.7424633521523,3784.411508574748,5277.888324163747,7648.790705083909,3548.9297292164006,3361.7333588143188,4553.732423795342,5498.90951641596,3479.5770392540526,5964.528408989264,2829.498602645529,5263.095407857339,5960.013457859974,3036.757175920558,5982.919814290427,0.0,3210.67387210629,3614.0417471780816,4924.632196419343,6621.5019936462295,5133.026860625999,3542.8204352975613,6663.889629256851,4516.824616798952,1812.3653042929843,6563.435661388401,6177.977901091343,5692.740691856604,1226.92858836405,2334.202423874159,3050.9383107958774,2717.7074871126215,7357.798341920632,5732.9740213170335,6347.199927554276,2448.470069897936,3785.8466827626553,2040.0218220916165,4805.073687495022,871.221713903528,1392.8486944047443,6295.405052225472,3519.8392068372955,6064.946754291746,4801.920879140867,4279.107571778256,5972.602846117428,6325.723844984699,6736.924290618383,3363.4263487119797,6097.8023596099765,6667.871769088619,6515.887380227041,2676.149873673932,5746.265301565531,4712.703601416176,8251.092250833037,5508.917487926644,4744.800493779796,5911.317228134607,3733.676636819664,1975.1588099504809,8132.719557729505,5120.258858330993,218.14363061524384,5683.979637938546,2797.6223781732942,5332.615261507996,4407.211377225399,3802.4332590756935,5766.244319938672,2447.9410179581537,4238.157474574653,6460.118600194969,6263.853139074224,1953.0713603204567,511.44154204855107,4830.538486406045,4469.737546823079,6306.321119017728,3341.091707377396,3382.723116748547,2889.128312457583,866.7620303555065,4167.688927973392,4365.240167030905,4979.29132010018,5547.1607274851885,3577.940641869985,5783.954857051532,4893.252398383411,4336.705763882304,3882.4692330301855,4372.8044095716195,1968.9830301401794
2198.2816808828206,4767.045843276315,1724.1269374294923,2906.696502931291,4609.062416852261,1065.3930707884301,2840.55514004798,2453.330570235083,4522.3315342995365,1312.5417136540843,1525.5944606627936,2271.59883378844,2545.0200740937194,447.9374324992274,2842.067780768432,2583.5658257542036,2060.6941852601517,3838.208161766373,1775.0582051777908,3202.02789375811,3210.67387210629,0.0,2252.6301997957858,2013.5901367140232,3473.3121409566684,3216.587240871604,857.9596234881918,4928.872847905594,3442.203264445172,2593.9733274875825,3583.283217273929,3931.0231291109185,3217.803994788061,2217.2531851317744,1010.5937982245888,1261.0389130554217,493.05416381772903,4164.769272150379,2928.6806363142423,3181.528933665856,827.2053793490463,1902.067049351573,2109.468058680198,1690.8656648418287,3019.00475239192,1863.9233164196962,3815.192654956234,314.0235079814886,3751.2972943428513,3321.852855459585,1223.0060462009176,3769.6092038448764,4289.825885125177,4886.374662744763,2026.7519119004178,3014.5024254568116,5041.411046834506,3390.7038504859133,1036.8869258549844,4699.677409261406,3919.2218515665836,5096.560805944043,2408.0513214817497,3174.116777033416,3385.4140024831527,2542.1281014860365,1696.1097890045326,4922.380184204589,3214.7222628434015,3240.374390095688,4116.487917360866,1420.3097888538264,3684.4068511892115,3880.6822719791166,2492.0545965730767,3469.698090375155,837.3285573178546,1393.127469405797,3425.819868769664,3054.163728703489,1644.768659480719,2699.671294251395,3491.4239819557865,3668.8783237193898,4228.878027144907,2692.657319396584,338.65219548232676,1996.6205994955574,2583.0122587033925,3046.8406664980034,1639.1594108011582,2667.7217310261203,2374.136578313051,1167.6593738710785,3313.5034129965825,2948.8905993591898,1221.4419509612399,2376.5399763126225,1906.4023105895044,2598.8458506348543
3847.4697027377615,4367.338693439977,2206.2788724896045,1360.7390159780823,3317.7411488782545,2953.14456065598,609.1473376064281,2226.3048557702064,4765.555263300175,3561.488988144425,3737.9616827261625,4499.712500440112,4415.01197980753,1949.0816589896895,3292.8138774576987,1037.7404094786903,3442.518813822374,6036.061220602886,3882.7522743019545,2734.882677388739,3614.0417471780816,2252.6301997957858,0.0,4001.388891365597,3921.5116452063485,1520.586063887868,1520.008752914272,3103.631434958894,1211.111056272297,1935.5613871352673,5302.959934737674,2588.514349943805,5340.7809886691675,3329.007930334351,2707.925680212439,1029.5103159735704,2235.8576145313905,4777.622299239654,4892.420502230976,4556.362341227594,1987.3914628255802,533.3026242059944,3764.8750665922507,2448.647866236589,2908.0461689294066,2901.0282340537465,2785.010302638035,2377.464221383994,5902.833879068595,1256.2704082644784,3216.8555492623545,5951.264408416753,2711.75215128116,3148.796181350898,282.7244975307238,4631.656777524971,3144.3905419316156,3757.6624022437145,1452.1078819443824,2517.3897108413707,1668.0289975372127,5409.828003702243,4080.279876640082,1162.5709191378387,2458.3996569307033,4727.7154397388385,3293.834115484415,5697.065079477502,5459.012287572267,3768.50042396548,2149.6716875099783,3475.4861227635483,1756.1886256920125,1645.0045913179085,251.19919625866612,5638.847408873289,2559.1895754593875,3525.016347870319,3497.422229250137,4015.9156466888103,3215.1229591270694,3239.9092502576373,1357.7143869223744,1416.2486150425705,2692.784195316253,692.8387080208495,1993.4233163412632,725.0178100943452,2747.2797170153613,803.8452668181853,1575.9919201220546,4871.374874458442,3149.88774525379,1196.601196880983,2309.8519303167463,1291.2013238906627,2216.8163180002084,4601.448277238374,4119.881218518928,1805.5130544911603
3252.723469968051,4611.68311715907,3648.360673921645,4118.266473920428,5245.114656989683,2422.480031806248,4610.1945521078605,2980.159278859101,3829.313447408556,1452.2897672496356,1760.9301268991337,1091.7864680957537,574.2872579780962,2110.6245121105744,2522.5381774066373,4546.6754085838365,1176.082636367445,2178.5268022482537,2227.671353754184,3546.833152766704,4924.632196419343,2013.5901367140232,4001.388891365597,0.0,2873.4554855875176,4437.615724363929,2491.756576541135,5983.648359321009,5064.381653456718,4601.8313880155365,1639.7433671367603,4736.995904644736,1380.7809433107054,3743.398589413769,2605.4924111856476,3160.2419623668056,2407.0401083259912,3193.7171895144375,918.4954003553854,1646.3945148794076,2804.1136263211583,3522.7399130570225,3190.281417778689,1984.1811421150537,4923.346148319554,3536.734647383798,4407.332188848941,1747.2536363233014,1958.098036368966,4780.916215288133,807.7787252583463,2057.774196996357,5213.920728242231,5865.232761274015,3841.56473133019,1234.7848508647164,6154.238855126846,2903.90203104788,3038.908244627501,6167.080207125086,5580.860484924256,4231.666258838119,766.9722313213172,4615.001811793902,4022.8453345443195,2319.259126079059,3013.8973700716815,3655.511669553525,1919.503123155834,4893.843248877102,5390.6603054254865,2241.5099005737184,4982.548182440988,5634.128140513401,4202.969543973047,1735.8515747796528,2526.059877894425,688.256432098531,3211.2173852931537,2064.5565331586345,3012.607894441293,4428.009846911025,4989.590141035634,5359.878845009278,5129.248726158344,4567.646081715614,2110.964701520373,3934.8512010008712,4460.320980385604,4717.786549197197,2704.047179214519,1178.3980516807555,2003.5095890491764,2805.5247176735047,4031.248028382773,4215.1214454196925,1899.9543445462048,1992.5606877191974,850.3782191360499,4611.517265793765
5561.93986480778,1791.2758379392603,5034.233929044319,3064.401444094425,3026.5768692635247,4461.084821724084,4376.363135715545,1712.9470031641372,1054.0340628011033,3957.3056551933164,4315.21892719454,3964.576095651337,2691.8175183940307,3146.4465537849196,667.0299786733724,4899.58383768438,1750.2863577380701,4733.572404335335,4766.977720242669,1552.5309787936599,6621.5019936462295,3473.3121409566684,3921.5116452063485,2873.4554855875176,0.0,3266.705471041581,3111.2445879302063,4164.163276022688,4392.449646810307,5510.493322472862,2740.7076193629264,2857.204841816211,3893.7012034408854,5690.558391787048,4473.582645615592,3755.934646572674,3952.2113706638966,859.5521509163948,3124.108357962156,1706.5507696315399,4174.517914056304,3418.5694845727503,5478.946180596137,1816.4386112792251,6251.574540122351,5327.225202803049,2349.3263356266616,3194.7313153227765,4388.756585262505,3884.677821996825,2840.7720408890605,4576.446867943406,3367.9957076345863,3962.1380048510423,3963.019919126448,2204.5643760784124,4388.614735255989,185.63242342058632,4003.6695351504723,4967.109188214911,4871.615902929336,1629.9056774181747,2189.46722455053,3740.2530127971286,2178.160044751533,5116.485394984334,5126.014715302522,1791.2220324116715,4733.80535949948,6677.842916850095,4019.2017892941126,4592.189284280103,3755.389365124873,5121.876667914798,3971.95680916296,4293.455703747274,4307.665612828019,3173.2293792491582,650.9192216120213,880.8466355711421,5086.078289221372,6119.043899889753,4102.188015815585,4761.139597904791,3271.3532595502425,4612.481943062433,3248.7788820530704,4349.8850026248965,5885.243942150996,4239.513059846024,2433.3318553409435,4004.002554870813,1104.8281433711754,3175.1728368846316,2294.4455029416144,3204.1259189566813,2286.295622076244,4805.123309307369,3681.115576400719,5436.650046864245
5171.453858831285,3139.1369290612347,3677.902308754271,323.3695307616351,1809.5558319681656,4149.183134286795,1552.0242860152027,1685.9576373812008,3857.106644198732,4473.487402500201,4731.668830102229,5210.698819625732,4695.232958414949,2793.3384005816406,2788.2310222110364,2462.651860820161,3524.6413680783185,6608.025384828057,4985.737190906576,1758.9603128351134,5133.026860625999,3216.587240871604,1520.586063887868,4437.615724363929,3266.705471041581,0.0,2358.6303577394237,1718.1877185607514,1208.5901526427392,3438.3554333397524,5362.50020802284,1096.7121925104143,5816.303614986068,4766.292126351153,3953.885720409228,2294.236761784189,3393.6129716772352,4098.33035484281,5212.983569383276,4428.731929189325,3267.6935347810686,1447.8458308345541,5084.121474828272,2493.5756163655838,4423.344371541175,4331.380538562848,1414.0503934195556,3202.1759647822287,6393.769301927776,657.0718187451048,3778.960859279969,6493.493901736569,1198.2781857865893,1704.0529187745317,1771.820539163603,4677.0970107695,1824.983351947354,3081.9098065650783,2762.0760730155494,1790.1302495461048,1629.5998185336791,4481.335912024114,4244.349604170232,558.698078429665,1231.4883040877814,5750.894511317435,4612.048593557639,5028.391560899767,6187.317568374278,5284.049446739309,953.7770334706114,4609.359554152833,552.7964442866831,1934.5452015967476,1357.6224695006342,6171.4581096853435,3780.863799098031,4164.056577401536,2682.4934722129333,3686.7928447204627,4537.494476585509,4747.806946142714,854.3086377755992,1568.8054671921564,1173.6780142905466,1973.016559539732,2886.145506953694,2244.405704252241,4266.401917730912,1234.3341725237945,1752.6933490807799,5506.509700856342,2910.333050149759,2063.8667884214333,1075.1011768545322,271.831808604144,2551.288288732969,5559.67690577519,4820.0731891606165,3300.076906606874
2940.8463201223212,4156.890915164601,1938.4953947662605,2049.374854950894,3798.958819488308,1843.49527856732,2128.4696601485775,1775.5831317181405,4117.661239339633,2139.886647411493,2378.1428735441864,3001.2259727752926,2935.1229511425922,453.0496909280481,2445.7059914736274,2116.8962729989867,2100.3230148329567,4520.531790216059,2629.9017847366467,2515.178845393901,3542.8204352975613,857.9596234881918,1520.008752914272,2491.756576541135,3111.2445879302063,2358.6303577394237,0.0,4071.659219481537,2655.1595308871742,2460.6020090337647,3882.6051721498798,3103.5141550566514,3821.1780280162297,2762.919503214127,1700.6733313349748,737.382049729989,1106.6722320985557,3897.3581555766723,3394.6993263065283,3262.208027270027,1150.29321209855,1089.349689855833,2851.1919333920687,1317.6315991311833,3141.2290412278126,2349.829044012564,3031.187106546872,885.9407192340802,4382.842407552432,2486.071290537944,1698.9822397906346,4433.117156421653,3443.21971567456,4032.435719895607,1349.8475560654988,3238.157766417967,4183.4589992188285,2991.7454009063003,892.4629192347434,3875.87631231261,3153.107541112577,4732.447182212285,2653.7324641888827,2333.5222414703912,2605.669982339475,3396.6992723991625,2399.000746673706,4743.951205894301,3971.3694005203038,3621.026787118262,3262.4124252353504,2263.041112691062,2830.3325531325822,3163.9052388914874,1737.2971367952578,4119.726665678804,1516.8728795215502,2007.1677790889826,2917.3526463876456,2907.3310630693572,2333.977629010613,3053.4481550072214,2665.814082165521,2915.0233817618,3385.2219392242214,2079.690805373722,531.5688517520565,1496.0185963449787,2777.4507343425557,2277.1860768610895,876.330283156984,3359.929475514181,2091.9801631803302,334.29502721548204,2517.832688497788,2091.03594613316,899.9298141521925,3219.380170908058,2615.9072152652893,2413.4550335007284
6876.1922277151325,3219.9618017089892,5309.610843415646,2022.284369046055,1301.8024520828806,5866.473388660772,2886.8328491497396,3026.3636748257804,4362.56454607803,6166.283033672798,6435.966746099455,6841.257165869005,6157.718419961488,4499.306621823523,3905.0264519156594,3856.744066039384,4949.898027388039,8160.8858691843625,6701.096374307267,2673.0649264636277,6663.889629256851,4928.872847905594,3103.631434958894,5983.648359321009,4164.163276022688,1718.1877185607514,4071.659219481537,0.0,2194.6345597251498,4883.210805051324,6666.236172358883,1326.244067330746,7340.055026860562,6425.875940119759,5667.068571036793,3989.6963400455684,5111.031831769883,4859.445363606119,6676.802765179229,5655.71768347201,4972.764876680276,3146.5290865898573,6789.646573292383,3999.500181078881,5884.942580426253,5994.281417690364,1815.0550446763318,4897.920623783117,7912.545331937442,1865.1043388534595,5395.736140713425,8034.707671890808,808.7706285696829,249.2536808253793,3380.723110588178,6005.547331302452,236.49699829384716,3987.6438473004337,4456.6477953946505,1429.8212760988695,2216.7465216415703,4882.789578391434,5666.84845834058,1941.2787082770985,2061.3392833301364,7454.40765053267,6316.483281713805,5712.927622795601,7809.526352234814,6833.834139635304,982.1499724548181,6326.969695276326,1347.4471468540055,2618.800286531602,2884.603798325171,7714.190308837863,5495.733975867918,5793.606915472434,3513.287863021759,4825.479631854745,6240.808466083942,6325.228482217066,1839.8030239558254,2370.1716056490513,904.2980721255577,3337.45326512612,4595.650392089677,3811.9322222407104,5803.967375773317,2502.2554789367537,3396.6010655631903,7104.861784076873,4206.819632471186,3781.6211910018174,2002.0744118960715,1989.531922647636,4160.354959045322,7252.517853202776,6454.14025862872,4731.606015637925
5021.100784609885,4340.281125099272,3295.9035156037257,1334.7466856973276,2832.972177163941,4161.612259576449,752.5685173710098,2715.746616218273,5049.42601149804,4754.669890744151,4943.135035719133,5656.374986194072,5421.115055287888,3103.1911331216775,3852.1669009342004,1687.933341601498,4339.917836975258,7163.293902656863,5093.855657056058,2939.481855447657,4516.824616798952,3442.203264445172,1211.111056272297,5064.381653456718,4392.449646810307,1208.5901526427392,2655.1595308871742,2194.6345597251498,0.0,2713.4423277073715,6218.891643312174,2205.39623834131,6432.081490645543,4434.599142330003,3911.602019330315,2240.3338328072896,3446.891536824592,5241.526881283448,5920.991093096239,5366.356646560308,3191.2953214857753,1566.9106781689889,4941.054526755701,3292.1835055552415,3710.963438010404,4020.932078455441,2602.186525390715,3537.1616462406687,7003.295347506414,553.7205604869663,4312.587816490814,7068.806962791741,2089.755098511067,2314.1142016903577,1478.0325750567881,5532.720007466309,2166.7048945147103,4211.009235321267,2657.433716328593,1320.4126014716007,522.987234308831,5679.262031119535,5029.778551157993,664.4336334427992,2439.449736389746,5937.310975148598,4474.486142872051,6175.982429927808,6625.695137590469,4697.888302615655,1222.9497104774996,4686.319076119017,999.6189814049152,734.4198672979919,961.1883219619347,6751.424647682295,3766.827159263483,4651.153597246386,3843.7134596933734,4701.309186561229,4395.001989417184,4218.323774691791,407.6163757517601,369.3820064445479,2113.442410989711,1177.507434183326,3161.8931447564764,1786.1619520438226,3671.409014404279,410.68141638135984,2419.522399847747,6010.033371860758,3866.988283305886,2320.9127431254283,2282.2842870056747,1195.2985751024721,3189.0872953365515,5805.481048390822,5270.557094660867,2558.8968848925892
2875.233035587898,6236.699615455677,1124.9899207784042,3296.269622425022,5245.8665403756695,2538.8494208292464,1996.4803445113098,3942.583794826053,6463.545630077118,3558.197094593412,3548.203734581204,4647.919477128665,5138.981106912245,2627.828606743027,4845.466651591878,1027.5507544525476,4520.489899664638,6214.523257675443,3446.204144677445,4566.042362387804,1812.3653042929843,2593.9733274875825,1935.5613871352673,4601.8313880155365,5510.493322472862,3438.3554333397524,2460.6020090337647,4883.210805051324,2713.4423277073715,0.0,6172.891426947666,4520.654464408445,5715.45760324097,2056.4338696393816,2253.265247417844,1758.9234333048723,2210.2592386471324,6328.0454191721,5510.471431433884,5682.137580724353,1805.2735125362583,2247.940419746484,2820.6945861948616,3767.6324017531215,1001.8753325578984,1758.9118599321569,4714.356381563553,2884.1255901312616,6203.802805527994,3035.760039044588,3816.9684946780744,6178.2981952791015,4606.602939263269,4971.590176273282,1733.4800381962864,5582.263710676879,4874.73486865573,5371.876371264421,1625.0498047290735,3934.3029014666627,2901.494629421877,7098.136532774923,4977.254955781651,2997.39206051127,4369.8089500812275,4316.395200315421,2451.2070234886323,7195.267489797513,5462.738802205356,2003.8311022301757,3901.067209219164,3059.6093818108548,3571.8517639735555,2606.14948791891,2081.119869880156,5907.36296504371,2228.107215704172,3951.9852268651007,5208.173971256529,5367.816250868969,2379.6683638072345,1584.434594451914,3043.6251544112656,2657.4022326160934,4597.650554826019,1546.0261110527852,2578.382596877352,1253.1566755809106,1007.0511073093564,2380.999649361797,3087.875433150275,5080.326542919264,4542.759678912919,2338.157290545698,4226.912988127979,3222.862630487374,3359.7186416075083,4328.092567617865,4344.389050076662,156.69299323517953
4832.96120709488,4489.44493091039,5267.294896106065,5070.428982996408,5673.984357998266,4060.753675805145,5894.703317062869,3701.5753232553566,3354.7741404334506,3054.1052146134393,3323.3621703479744,2306.772267168998,1066.3627715299326,3581.7798184473872,2778.195558834007,5997.8347544429735,1879.680598617222,2235.6624754987056,3766.3601250146007,4008.5038991109886,6563.435661388401,3583.283217273929,5302.959934737674,1639.7433671367603,2740.7076193629264,5362.50020802284,3882.6051721498798,6666.236172358883,6218.891643312174,6172.891426947666,0.0,5344.227297037804,1535.9326891556805,5375.424156161446,4244.625209201044,4605.783077420494,4014.044368010523,2580.3640306966377,941.5393847381002,1042.3330722509,4399.894490401445,4782.595066145785,4777.813855219247,2927.1403720518765,6551.372546554196,5176.410532774424,4901.164007124532,3288.766049748446,1845.3067658893472,5837.356000016446,2364.95821487759,2070.2302537459454,5858.802682221087,6498.8775961635865,5195.861832290096,687.9388737496959,6869.913989803657,2867.0331225385244,4568.128878781989,7152.009257279593,6741.453257917613,3520.800608852765,1229.5208116437066,5671.125191910684,4605.410629905871,3615.5447823245117,4638.476572798875,2616.5401165426456,2588.4995083862777,6529.3482715885975,6274.6084505435865,3844.698464572352,5912.821436186704,6866.092271023453,5467.4156290271185,1871.4816480687166,4160.862166792959,2327.81429714056,3319.0738036762605,1899.690309467572,4641.569021955076,6067.653375281419,6059.503576872035,6552.356206312734,5764.604910995376,5935.712365579804,3611.1065074456055,5376.879970745581,6091.829131828059,5925.579685548495,3803.7303360970527,2051.499530227097,2474.6907670650485,4152.740104913863,4668.343905046092,5191.942664862546,3086.1548419826568,3293.0569091488537,2298.1646423322236,6168.100540857372
6028.578664411703,2211.4027521862677,4671.430658023835,1234.7476219802977,735.1225385695911,4946.738982822219,2645.6677370017574,1756.8716542676077,3172.483362017995,5079.698593059729,5378.830316344995,5652.176547130849,4871.309798723234,3484.52240768014,2578.913495417983,3557.2014393340164,3661.4192186355826,6903.831303252202,5695.29025118615,1346.9932022040794,6177.977901091343,3931.0231291109185,2588.514349943805,4736.995904644736,2857.204841816211,1096.7121925104143,3103.5141550566514,1326.244067330746,2205.39623834131,4520.654464408445,5344.227297037804,0.0,6071.828847538195,5717.01050524625,4789.350329520384,3228.208929596255,4202.323741638308,3591.0459782811195,5387.757719065046,4330.249633351869,4150.39798464593,2410.4062730423684,5939.38649673087,2763.798030902403,5496.199280869281,5282.274328869526,528.4386653576744,3840.991202311455,6639.313489914826,1668.663215128805,4209.815272749744,6771.8889875978475,517.7960035583512,1156.2511124254108,2819.818420728718,4688.116785586723,1540.777696165154,2677.3665416160334,3684.9153251712582,2234.402956743703,2512.8833476665804,3746.4537922854456,4371.054297256555,1622.421772166535,740.2988952970279,6384.422939847423,5476.164576345016,4476.678048792988,6605.047945933474,6319.128253990182,1300.669312711344,5351.330632655116,1237.864866221269,2878.5241530068843,2445.8050942497443,6453.664242347443,4608.109079346212,4614.821437762462,2208.7175857755105,3499.3512707707696,5406.1454317442285,5771.086293757874,1803.0560920539883,2530.029621973822,421.9460202679958,3069.725093532807,3592.493505569634,3302.6955973484746,5314.075709819441,2312.264260069986,2305.7916105331374,5884.370104536423,2895.266793234261,2869.2944885521947,706.1204235574836,1297.9225968046014,2995.0361324746987,6154.4294507846125,5272.45071881701,4385.671477255108
3760.8923140681654,5684.372775695134,4666.074388127133,5497.694187637668,6538.90968366516,3279.467107677405,5949.561240804989,4319.533057254222,4698.1940449694075,2195.828841902757,2332.250542401695,1139.0084692665812,1231.435900978204,3408.2620689154764,3700.4592721542012,5800.599528410577,2421.1919171798427,849.4566032282049,2682.119806078953,4828.658876238515,5692.740691856604,3217.803994788061,5340.7809886691675,1380.7809433107054,3893.7012034408854,5816.303614986068,3821.1780280162297,7340.055026860562,6432.081490645543,5715.45760324097,1535.9326891556805,6071.828847538195,0.0,4466.145508966876,3530.4635139522406,4443.688402264272,3515.018984643469,3959.8334245180063,771.8574053023008,2280.823386960288,3920.3714885783465,4879.17584715134,3725.9820659098727,3346.447660358817,5867.152689455509,4375.479319117507,5710.990968440591,3003.1044711759537,577.5305497183673,6159.854315963731,2125.3800246191267,704.1652700907651,6559.827764301133,7212.374008249157,5162.540855413155,1735.6291507534092,7516.438982209661,3971.686421803464,4252.039054515492,7547.4999404491555,6945.509816558106,4960.028063627564,1752.907340328062,5994.228560400163,5345.02440705681,2274.3426390315517,3718.075453699804,4130.950940072274,1060.158434829908,5615.336326315104,6768.695113708402,2897.020537477773,6362.315996752441,6982.4799815613505,5551.905932712208,400.5447236763953,3509.868392958631,1834.183770124739,4355.031308766563,3015.0546057267356,3744.521042300604,5235.908465628196,6367.278807657947,6719.194299850542,6472.75829174495,5873.1819540547185,3387.010278464623,5205.236355205785,5393.9662866912695,6077.1454625723745,4084.7676189477415,722.274817936359,3236.0983287560966,4145.618992599417,5366.22354764037,5595.524931326908,3280.4291767953173,1985.5948852094684,1375.5112666150721,5749.282191457643
893.883667965804,6912.316511451497,1138.7399058402227,4520.033194807534,6444.488208921869,1333.8520381455353,3683.7956786689456,4537.553177143492,6738.954208913205,2336.9141947005664,2136.2030813141337,3327.157241500918,4316.428999302664,2573.3419841359987,5056.109144267853,2862.439191231143,4198.820298827994,4743.796140447964,1814.7515459125527,5277.9303651526125,1226.92858836405,2217.2531851317744,3329.007930334351,3743.398589413769,5690.558391787048,4766.292126351153,2762.919503214127,6425.875940119759,4434.599142330003,2056.4338696393816,5375.424156161446,5717.01050524625,4466.145508966876,0.0,1231.8282360138521,2489.863329014064,1744.31933305946,6369.5841838824135,4524.883699069955,5231.071175489777,1614.6555413725246,3325.4610585977393,869.7719139228398,3897.6666893129786,1605.9443941768345,435.4786083954068,5736.619810485003,2503.1110843768,4840.303148334512,4584.609682267401,3151.128524542438,4751.950622286494,5956.478930170828,6454.377376441278,3048.395883005519,4942.665677548907,6473.159590176036,5606.169164990386,2032.9221423778135,5743.710039299425,4751.626030436739,7313.033901873695,4367.946338882038,4489.060971844333,5323.266025696067,2554.664171006827,750.653322513129,7091.132526035386,3910.183444336083,1159.2314882390835,5478.678513446924,1573.1002768053277,5080.199956342368,4526.474812383252,3561.7475024557816,4541.11708009494,1386.2516605483293,3063.8624107031956,5618.367284971142,5235.919820114991,736.0584247768645,803.7046580778292,4669.000475552021,4488.693576319618,5919.4560162477765,3298.024498380356,2462.5466034493643,2653.706826582959,1192.0597578783538,4038.6112169953917,3636.6050240620025,3752.3629305025916,4590.660389405538,2898.3196420912577,5216.795893897422,4502.7609746456665,3423.675468969715,2676.4387455215556,3154.0885361235505,2187.4600363410073
1240.9628240430889,5769.101886776139,1149.618173998654,3668.3661300013387,5494.331763358489,290.1777188586332,3209.222356467217,3428.877966965287,5525.228269131512,1336.4482442534015,1294.9429824223923,2423.7506072624305,3178.2689117584123,1412.816743911255,3849.378042855755,2644.108965167094,2969.1607034455046,3971.835386674025,1247.2522010183025,4178.17234386101,2334.202423874159,1010.5937982245888,2707.925680212439,2605.4924111856476,4473.582645615592,3953.885720409228,1700.6733313349748,5667.068571036793,3911.602019330315,2253.265247417844,4244.625209201044,4789.350329520384,3530.4635139522406,1231.8282360138521,0.0,1700.9546784397285,595.0318537557469,5139.672894101531,3451.6045487170163,4020.9891687763848,720.6312957136961,2525.6856260772042,1151.4284263513734,2701.3565913875573,2347.135803191839,941.5661747731803,4731.83762633863,1279.1217493206038,3985.5228682954507,3920.9626400751386,1946.2979675933493,3943.966697538153,5098.080777698603,5656.194075960972,2434.170105244496,3763.8828806339075,5751.198189055303,4396.237528189987,1255.8191828416225,5224.972452069389,4325.643999777259,6090.743316735733,3175.051489130216,3794.8127160054946,4305.923533812113,2130.1329601827674,701.50740234227,5860.399129059385,3209.605940942439,2326.724954530294,4781.234965356963,836.4977652881089,4357.039802387856,4195.798129035405,2958.9071664425364,3685.8017757981775,184.3817419648708,1917.2600193998207,4436.150129502495,4004.091919420682,641.9285648886486,1829.719234264372,4053.43360665128,4061.2940074045364,5047.3063804687945,2929.9003451602243,1297.072390643252,2195.933454731268,1875.9660106350539,3500.958473070482,2565.5001048528534,2860.5057415521824,3370.3779784270496,1921.756234402532,4218.2332357225105,3682.1600089193576,2231.791733231845,2095.367022827743,2158.0607904035055,2318.365541194917
2887.511843997354,4614.613188657311,1468.8718873509697,2034.1015452766856,3957.7669280876053,1933.2688159580912,1591.1264126790807,2249.9820499999546,4726.109258035409,2552.0907624632005,2713.200489418539,3531.8575479547585,3634.651760688498,1049.6710793396185,3089.7425994114783,1394.8022914825601,2837.698683179206,5093.121180028018,2854.160911670013,2935.728249814175,3050.9383107958774,1261.0389130554217,1029.5103159735704,3160.2419623668056,3755.934646572674,2294.236761784189,737.382049729989,3989.6963400455684,2240.3338328072896,1758.9234333048723,4605.783077420494,3228.208929596255,4443.688402264272,2489.863329014064,1700.9546784397285,0.0,1206.6609805119247,4569.3343547934855,4074.8536891164567,3999.4505117929634,988.396232194356,846.5078503670239,2801.5299184638384,2013.5510290660625,2531.54946566505,2054.693159335719,3275.2806079992597,1440.6768138749921,4990.5077711543545,2220.008261479448,2353.7130987586406,5019.561795596105,3473.4957888067174,3995.9181867903653,777.625354488908,3969.1051378522334,4062.511050277279,3621.4850556781257,467.94423102865574,3539.4805833887544,2690.6543968821043,5355.209580056134,3379.3707091306214,2095.148071866282,2876.0501164828474,3698.581796365331,2328.009335734932,5438.067811512651,4474.527231738902,3162.314236963177,3084.734445910377,2448.353141339296,2664.159912905004,2626.339124062428,1279.208793761597,4714.809362971211,1542.8654129780728,2609.7047837571586,3485.4848139839883,3622.4221349787495,2251.775255304579,2597.4572208459954,2355.4483259439166,2433.4936345579376,3433.3275735526604,1434.9811594651687,1057.4892780851253,776.4312265036745,2224.5897453732905,1833.2519451275648,1354.9726120604798,3922.6997946991814,2787.2005459047978,580.7627737768665,2757.2692360123265,2025.899024306246,1628.141103791683,3577.2308276369304,3162.7530103384615,1697.3544371574253
1834.2031583761377,5190.869876860716,1257.2791957890656,3100.350950650748,4903.562424980639,755.5976993149201,2781.4710815187345,2839.144359151186,4997.738374591651,1424.782001528655,1529.6228765185883,2485.126683013363,2959.904644476575,833.9949059820447,3313.0328990778225,2361.507024240453,2550.2747715305113,4065.076580506203,1647.756990871227,3587.7537556394527,2717.7074871126215,493.05416381772903,2235.8576145313905,2407.0401083259912,3952.2113706638966,3393.6129716772352,1106.6722320985557,5111.031831769883,3446.891536824592,2210.2592386471324,4014.044368010523,4202.323741638308,3515.018984643469,1744.31933305946,595.0318537557469,1206.6609805119247,0.0,4654.53551755296,3306.5847333204692,3660.7714851376613,405.959109726583,1988.9436555139007,1744.5399860026143,2153.4255788406062,2550.6379928317933,1376.3456560679078,4137.444526136634,803.1728804715708,4020.53204227923,3405.564008378788,1651.1119963327749,4013.5213363631196,4521.97970331093,5090.948187792133,1976.8647262597406,3470.034950731909,5204.1742035551615,3863.8421480813627,826.8814768205899,4744.085047491033,3890.8514989463424,5578.615142549716,2865.7248117856675,3270.9570295155204,3711.2063147048293,2495.606627927767,1295.844238025929,5415.434028549143,3373.4903327955453,2748.0368632261834,4246.612011388844,1244.36150777015,3818.2473539507623,3801.9142723103314,2485.8404799530076,3728.819812929689,410.75132282440666,1744.3372975502757,3876.6674971806647,3547.1483028745783,1233.7142670894266,2206.64829391931,3552.6296638318495,3630.9425308858854,4468.747581525387,2560.1314485897005,720.7479156966047,1829.3761118545303,2105.303153175333,3039.240175515584,1970.6277525235453,2906.8803919406455,2857.5411640909047,1341.5536120353145,3624.5028240057973,3121.8949353533662,1679.3605846279706,2390.5816458130016,2154.7732126200663,2236.0259187657016
6155.8610368712025,2035.925344417619,5791.8209916814585,3909.564026939705,3643.0997185891033,5093.172318585343,5235.914938267905,2572.473615597641,781.3912238053354,4456.594636070236,4810.2154822437005,4265.300218166243,2866.4053310395584,3880.886068712917,1495.1562743800396,5747.574024484505,2231.476562440439,4757.921338654728,5277.160107496171,2353.2800000002126,7357.798341920632,4164.769272150379,4777.622299239654,3193.7171895144375,859.5521509163948,4098.33035484281,3897.3581555766723,4859.445363606119,5241.526881283448,6328.0454191721,2580.3640306966377,3591.0459782811195,3959.8334245180063,6369.5841838824135,5139.672894101531,4569.3343547934855,4654.53551755296,0.0,3198.7340221409468,1681.6426657066597,4911.690747779628,4270.679438003396,6076.961347174097,2581.4830571346,7034.804090128524,6028.670544823709,3066.572754133187,3868.381660307188,4383.046884024857,4726.56566217809,3358.0397797435335,4593.907027619084,4085.98157062535,4641.694845701299,4812.404892732946,2227.362158838342,5090.652649336527,1034.280234615358,4786.9194529096685,5760.7891037601785,5714.142658665166,1038.1091594052139,2436.7241584147355,4585.550685861951,2960.2969891733837,5508.566117305755,5759.8009105510755,934.7258307856903,4909.741500840243,7400.350420971429,4808.084598117009,5154.920859426846,4569.688385637909,5972.845891668811,4831.039124712716,4345.714535553963,4983.978376486399,3631.7834319101407,1421.3144650966585,1170.9421575364004,5727.44482019216,6850.101087897098,4941.622777513476,5610.687022615502,3990.547925669481,5469.301097045947,3975.3713590915,5188.7265347329685,6651.811056488301,5096.635003494954,3270.308664812238,4217.5205812971435,1815.6096704578324,3989.9941578264247,3089.782861021143,4049.4335151189975,3033.2843578207435,5184.212423523172,4040.8921559914215,6260.290289983205
3931.903217980447,4915.26540336206,4532.553834202523,4900.700442745403,5823.228524587542,3240.1445436649888,5499.549471177888,3650.6509307486517,3930.1375688006137,2188.0321838409964,2426.7504718139025,1366.3139861162947,520.1497199018756,3025.347054749256,2955.7398193697627,5463.594226234686,1727.4745241597627,1610.205026689459,2854.1931410184907,4113.827248594792,5732.9740213170335,2928.6806363142423,4892.420502230976,918.4954003553854,3124.108357962156,5212.983569383276,3394.6993263065283,6676.802765179229,5920.991093096239,5510.471431433884,941.5393847381002,5387.757719065046,771.8574053023008,4524.883699069955,3451.6045487170163,4074.8536891164567,3306.5847333204692,3198.7340221409468,0.0,1517.1633540647492,3707.8832972899777,4400.726711365408,3881.451508260537,2720.1007536054613,5791.944690609968,4361.718581939576,5004.262950650175,2665.6794991448237,1280.9517017631854,5605.295991647631,1725.5884524445557,1455.1456470807318,5885.473379160591,6537.445692796232,4743.41613993902,971.374483612268,6861.829452834644,3205.7680241942026,3956.7972031612885,6974.753598744545,6441.315327658242,4208.741496338424,1021.2668694636086,5438.197229754085,4653.298117159162,2674.237873044393,3778.346911442754,3425.369707388095,1733.8057696596236,5683.857589603913,6158.221747249118,2967.4398751165963,5764.313278608302,6513.931878237367,5085.831249284722,1170.014827477413,3391.3398684959307,1563.3916039409316,3598.3301377907223,2244.51717412231,3788.8692171485677,5248.346704399872,5819.634199647431,6228.4373977684,5796.019300102873,5474.0180384176665,3028.5420375575104,4850.370531702089,5323.900798218727,5587.986805780414,3522.002572756016,1123.7667717302375,2514.97729054757,3700.853949011903,4685.568695116741,5007.518353601612,2732.723811870127,2351.5195326107755,1390.2292796819515,5523.879761985048
4845.16691551323,3476.651087422637,4905.359239115623,4152.173759705391,4636.887868839293,3899.2481191954175,5122.708894970706,2745.9041831245677,2419.1072839469107,3056.4204701226895,3387.1326469555333,2652.9150859430083,1216.5240329385192,3056.270075704207,1752.8500635858732,5356.7792775084545,1163.9348456103542,3091.8146227678335,3858.4280369062217,2986.9878264994654,6347.199927554276,3181.528933665856,4556.362341227594,1646.3945148794076,1706.5507696315399,4428.731929189325,3262.208027270027,5655.71768347201,5366.356646560308,5682.137580724353,1042.3330722509,4330.249633351869,2280.823386960288,5231.071175489777,4020.9891687763848,3999.4505117929634,3660.7714851376613,1681.6426657066597,1517.1633540647492,0.0,4004.8974285328454,4024.194697527693,4776.06882653433,2110.4581202165564,6199.509366219556,4959.626718337782,3874.4113493093373,2867.9939422714965,2726.7837474257108,4945.804180195169,2079.943853296285,2929.516576493979,4847.0183031576225,5481.157519021416,4490.556355077286,545.8982631406695,5864.311463265914,1826.7644795104268,4057.522314143201,6216.1980452135695,5884.281035767412,2697.796238233347,894.8405337807399,4782.379713366977,3595.2411583305507,3945.0111949896923,4540.153798579955,2012.8253049117302,3233.389493099772,6347.633485068038,5314.91810678443,3824.024962830264,4972.253037280886,6045.512899043389,4692.110508942645,2670.4684520604246,3899.311187913706,2226.2487473397937,2276.740800077602,857.655582131312,4525.236752580024,5837.545935512971,5170.090582597659,5714.341990873578,4751.897499755229,5222.752207452791,3114.874658370702,4741.798428195467,5763.920049905706,5106.522222779902,2996.423486652212,2556.865836662143,1518.8875877513117,3482.1358538006525,3667.7990810818687,4280.413840191623,2384.8392550075573,3615.1015323469132,2486.60719023693,5653.295253076121
1904.0589700986154,5306.074207035744,902.6584891142388,2993.2218852408846,4868.529852965472,976.6164234232396,2493.5494259839725,2925.8721086421388,5206.974099982445,1810.431418453071,1880.2256714705818,2882.4685847087735,3351.461080611261,1031.3374698254684,3520.4535984855697,1991.297623298185,2872.208846157431,4461.372939464488,1931.7034643270176,3663.985743469125,2448.470069897936,827.2053793490463,1987.3914628255802,2804.1136263211583,4174.517914056304,3267.6935347810686,1150.29321209855,4972.764876680276,3191.2953214857753,1805.2735125362583,4399.894490401445,4150.39798464593,3920.3714885783465,1614.6555413725246,720.6312957136961,988.396232194356,405.959109726583,4911.690747779628,3707.8832972899777,4004.8974285328454,0.0,1826.2497393382423,1817.1080253303605,2358.665293106463,2194.731008757338,1199.6211643885747,4136.877528715589,1138.277598964769,4423.279777827308,3206.0949032155922,2034.9673796274967,4412.823423147589,4431.08002434824,4971.718108483827,1713.631483487625,3840.544446858674,5049.470989460678,4072.494762648075,535.3818850250724,4504.344956426184,3609.754082961469,5804.404287463184,3234.338874887726,3083.2308130778983,3718.810981795794,2804.233698483955,1344.4630544068514,5702.955233970717,3755.6260510259804,2504.6572996280356,4073.111447205195,1517.6903156606097,3651.9273601836603,3491.5283225500257,2238.3270712210488,4130.592487068774,581.3314601120431,2147.2631813508556,4041.865127166541,3834.3923823761174,1269.8216149089608,1944.5359127239083,3334.881009351908,3346.133651167269,4385.241656483825,2232.076679705247,937.2821949215719,1495.8718114497644,1767.281887728158,2780.698700019475,2022.121145251688,3307.096910487051,3099.175272506542,1294.0697646390624,3617.9101746356273,2997.0142596312417,1888.6549605324944,2729.090961527666,2557.7581467075815,1830.078795923826
3729.788794374555,3988.967047779287,2261.183047106315,1195.1279421467812,3144.580959565996,2738.8187690887835,1112.1988459776428,1747.1943997612286,4294.700983258439,3210.7103096599976,3423.138266541099,4089.9865599468662,3914.602090876287,1539.835932849016,2779.795095699861,1486.3315297476536,2915.9804720388647,5599.169995350471,3621.7876961172087,2322.54723076238,3785.8466827626553,1902.067049351573,533.3026242059944,3522.7399130570225,3418.5694845727503,1447.8458308345541,1089.349689855833,3146.5290865898573,1566.9106781689889,2247.940419746484,4782.595066145785,2410.4062730423684,4879.17584715134,3325.4610585977393,2525.6856260772042,846.5078503670239,1988.9436555139007,4270.679438003396,4400.726711365408,4024.194697527693,1826.2497393382423,0.0,3643.1462321236845,1915.6340660956098,3161.661730984198,2890.024096799194,2511.726327003999,1973.9387925394237,5447.22547571633,1424.738926274565,2754.845606785433,5507.085033042164,2631.3695315483533,3149.5561714554324,550.7164827250044,4107.981526965524,3225.6882608314777,3259.414250866711,1314.4369149563622,2797.8636421893407,2070.452688570787,4937.65185022071,3564.123750820249,1284.0867297974853,2140.2448949379605,4433.384405382867,3170.073866724559,5184.3585862176815,5060.717098209107,3918.1713060545217,2258.6337623981894,3228.174856183134,1832.1154033130667,2113.346548252321,687.6015026888759,5190.993435289627,2358.52290108131,3085.7895656369697,3025.872864991522,3485.3570984777157,3094.6129804350335,3364.7600604444297,1589.3904476764042,1840.052754403797,2594.104683457859,1217.7610927390479,1604.747005596209,998.3423802689133,2929.5398107445135,1198.1952427751498,1043.878331295846,4443.641306541292,2619.1935477381203,755.138517747572,2005.5127204146577,1180.1996914022645,1698.4388025257194,4278.287223857814,3703.7624457948164,2138.9673192961595
89.70003862317931,6870.204216694145,1758.162811655963,4805.872155543154,6645.6648100565535,1045.74527778996,4208.618927486427,4559.40649860681,6532.322077091423,1738.0057020947888,1455.8114198360315,2598.1988607889507,3747.463687800057,2539.8309868418414,4885.78788565877,3495.766731455204,3851.2565742589786,3929.3231001150825,1045.0750289931345,5308.898260928815,2040.0218220916165,2109.468058680198,3764.8750665922507,3190.281417778689,5478.946180596137,5084.121474828272,2851.1919333920687,6789.646573292383,4941.054526755701,2820.6945861948616,4777.813855219247,5939.38649673087,3725.9820659098727,869.7719139228398,1151.4284263513734,2801.5299184638384,1744.5399860026143,6076.961347174097,3881.451508260537,4776.06882653433,1817.1080253303605,3643.1462321236845,0.0,3770.072664193756,2473.263534868252,1061.846352281252,5881.83337863697,2327.205850055599,4055.317431357501,5006.784460403004,2736.791525149843,3949.7051104607804,6240.45320357312,6788.157915443778,3483.5573089736877,4422.041599517242,6863.91993619863,5420.70235912543,2337.1454445063964,6261.464850702111,5313.600744980093,7066.648638321634,3886.191442892386,4890.35129881985,5455.204358381546,1696.4190307789524,473.5839863308308,6720.331416062902,3084.593146627444,1925.8806570636716,5883.160201185924,952.8223240930075,5465.057509072892,5134.034421046766,4011.979717247459,3760.315461765542,1334.5399224316977,2551.361172683515,5506.5064467977345,4912.849931044098,550.7930337050391,1666.4907916664285,5122.365489849392,5047.635086585598,6191.681997176293,3871.351398503112,2423.7832278405185,3166.6505294159006,2044.9580328026293,4532.817642214388,3711.2801099310736,3004.07257795763,4377.164610901903,3070.43952053855,5369.020769216301,4813.118879421638,3314.4553097798744,1846.3123064931349,2491.2223024413142,2934.8276962796303
3856.902110733431,3109.9686733156977,3220.174099333295,2183.7697650755217,3316.070622542439,2728.1613865248146,3012.3980633906936,1016.3386251073015,2850.3547127431357,2471.7820609999176,2811.5993066843644,2897.3010710252393,2201.7854194796096,1333.7423356724491,1163.1378053958183,3296.816459619795,1050.7477535403066,4161.661476337666,3211.3609810427724,1681.2605426940822,4805.073687495022,1690.8656648418287,2448.647866236589,1984.1811421150537,1816.4386112792251,2493.5756163655838,1317.6315991311833,3999.500181078881,3292.1835055552415,3767.6324017531215,2927.1403720518765,2763.798030902403,3346.447660358817,3897.6666893129786,2701.3565913875573,2013.5510290660625,2153.4255788406062,2581.4830571346,2720.1007536054613,2110.4581202165564,2358.665293106463,1915.6340660956098,3770.072664193756,0.0,4453.451268926606,3521.813628262858,2475.065027017472,1443.2225164575277,3921.8259693215605,2918.7969888020643,1471.2337347209657,4037.067906738875,3232.2671520926297,3882.6165647260354,2399.1927062628797,2240.566483241236,4171.529154309244,1715.2998721777487,2205.5007937486666,4265.021688367481,3814.5339834795022,3446.0794455406854,1758.8599285608277,2751.7877317300477,2068.982051978702,3758.0729756898013,3379.617893363094,3428.6134866474813,3842.3291550438516,4862.894298088845,3438.235844178377,2956.1243727903266,3045.568581596054,3949.922549150552,2581.7859093274947,3715.980746723266,2527.479538641015,1877.1201096626714,1738.1861313984762,1614.4476686362432,3331.8562467076817,4303.017403443774,3139.0477258552473,3628.9125240828002,3148.9122574755875,3122.5655693869744,1439.470773556726,2697.7324995182526,4075.311191070076,3008.7822525415495,887.910636891461,3120.6905656706817,775.4962317929088,1446.6887892508187,2061.3105839317373,2294.9801221457233,474.41029421061245,3491.6054426416795,2524.7824884536094,3710.7536263003235
2499.8215310993705,7124.768114376565,1295.2350296594823,4264.794636097968,6225.72814188228,2587.811047171141,2998.3167895924535,4779.11658318198,7245.751134599159,3672.301664177522,3563.906344608399,4743.645924491835,5489.003195880378,3186.522969049023,5585.21081332021,2028.5310525175598,5064.2268386131755,6245.550769519771,3334.6490263756396,5444.883408149342,871.221713903528,3019.00475239192,2908.0461689294066,4923.346148319554,6251.574540122351,4423.344371541175,3141.2290412278126,5884.942580426253,3710.963438010404,1001.8753325578984,6551.372546554196,5496.199280869281,5867.152689455509,1605.9443941768345,2347.135803191839,2531.54946566505,2550.6379928317933,7034.804090128524,5791.944690609968,6199.509366219556,2194.731008757338,3161.661730984198,2473.263534868252,4453.451268926606,0.0,1519.4760066266265,5662.9203500883705,3331.8939321548037,6298.049126302286,4036.7705822253506,4197.448627197837,6235.708598761572,5600.209707868536,5973.12161890891,2683.051528799437,6020.440458658818,5874.74355702885,6128.012207320495,2249.1089532545993,4908.599586249116,3873.578824652984,7867.969139046872,5416.362098812911,3995.369707477394,5301.375211069859,4135.502822199254,2243.817970279229,7861.56362060659,5435.90007819901,1083.7696477282434,4902.792609891733,3012.664340788897,4572.517788476388,3555.155467731896,3069.9252944529444,5996.957532718904,2401.101345096662,4239.958659814032,6014.878634445918,6000.691119084618,2193.4638216950375,861.064423877796,4045.247285953851,3637.452204835274,5588.645027298836,2547.550202312998,3108.663119406154,2197.3650302935557,473.21163800249036,3382.8037221856366,3885.726276304212,5180.122854991955,5222.044075707999,3100.934422352075,5164.201919536164,4199.246835887121,4006.6138238004664,4223.3996661558085,4500.817041245957,1153.6475570593473
1117.2078340550606,6505.462151512143,736.0480307812796,4084.557525602497,6010.272323731179,1121.6226366871342,3272.5054993448057,4125.337078370808,6370.531226840113,2193.9573194766112,2053.9524769288114,3242.8708821403916,4110.7307346841635,2189.5508156343385,4684.141881879006,2483.1169972907032,3891.526651258603,4727.633414785985,1816.8721345196532,4862.025440470873,1392.8486944047443,1863.9233164196962,2901.0282340537465,3536.734647383798,5327.225202803049,4331.380538562848,2349.829044012564,5994.281417690364,4020.932078455441,1758.9118599321569,5176.410532774424,5282.274328869526,4375.479319117507,435.4786083954068,941.5661747731803,2054.693159335719,1376.3456560679078,6028.670544823709,4361.718581939576,4959.626718337782,1199.6211643885747,2890.024096799194,1061.846352281252,3521.813628262858,1519.4760066266265,0.0,5306.316714132035,2163.406188036819,4788.941060623423,4157.231264635875,2887.4793836467475,4720.589549390308,5521.119860005305,6020.814317783351,2619.60326669994,4704.954839112698,6044.01846409175,5235.813450901493,1599.172504778643,5334.558224636507,4352.498829794443,6954.5174601920435,4116.60478476341,4059.2534894625633,4894.606198223101,2637.899721991721,734.2862762506188,6775.4333885909455,3916.469687922785,1389.8585080636808,5050.243366900747,1496.6299194620558,4649.456101705768,4141.825800326469,3136.221292118909,4487.888455755111,1063.3886212053428,2849.116021639343,5229.260114638399,4911.095154038557,677.4155737662072,891.3083307778519,4246.021102882674,4088.1927958476954,5483.9906817143665,2898.598025820931,2082.3499131149883,2235.956011100621,1054.4945896044226,3621.610580438625,3219.6121497815534,3677.3039119659393,4233.866579691075,2471.8571968530055,4786.46864519397,4067.565266189837,3047.5127464745733,2708.064719185455,3024.9390079484247,1874.7375749456241
5971.518527465605,1743.5076282649293,4742.10500450106,1441.1780920986137,841.399408533189,4861.921748302002,2944.2169573271945,1461.9309227135188,2646.2039758129004,4883.417537212438,5200.059760724774,5370.191318755506,4493.84987380798,3368.1031447878786,2123.3249788428525,3799.14770450492,3289.9228844428862,6552.011129211091,5547.443903223988,896.5040503762377,6295.405052225472,3815.192654956234,2785.010302638035,4407.332188848941,2349.3263356266616,1414.0503934195556,3031.187106546872,1815.0550446763318,2602.186525390715,4714.356381563553,4901.164007124532,528.4386653576744,5710.990968440591,5736.619810485003,4731.83762633863,3275.2806079992597,4137.444526136634,3066.572754133187,5004.262950650175,3874.4113493093373,4136.877528715589,2511.726327003999,5881.83337863697,2475.065027017472,5662.9203500883705,5306.316714132035,0.0,3685.8048294261316,6270.733562861685,2050.1641240010517,3944.642010689943,6414.417794429047,1021.9263683935358,1618.6280936675973,2983.8291113976356,4259.232453136715,2039.4682450111843,2172.598833626678,3711.2577089694264,2754.8518111960216,2959.6209736256774,3226.6161120252586,3983.1427624219045,1971.3930960630353,430.02279122972067,6187.738448554932,5429.715468102265,3948.6869585473596,6304.1299931080885,6422.456046329005,1811.500581971201,5226.607770227454,1690.234318516223,3305.9621482341568,2682.5380389737256,6099.787608553022,4547.937291944558,4351.017481492461,1698.580976154213,3030.6733492872504,5363.7591969313835,5863.397890428808,2214.841304223849,2947.164895483454,925.7541624886167,3340.2097527748165,3481.2224494555066,3469.0235221563426,5441.146835659189,2645.9221115040405,2177.6453963972185,5572.876764318856,2491.2446684378474,2842.900747405192,519.8499896585553,1543.2560345700904,2772.5078302417833,5939.744547983523,4999.741602599578,4588.7072796527345
2414.307982630634,4545.505388251673,2037.3835447114518,2884.435525052345,4497.270044494215,1285.1062985080266,2979.3239324400424,2280.707704776085,4246.939551976811,1271.332586056458,1542.7988146514765,2123.2562070805307,2261.8211320979826,434.1533958786914,2575.500960767244,2808.357796192287,1747.5692096452149,3663.6656512074082,1861.9842876850496,3022.365477213171,3519.8392068372955,314.0235079814886,2377.464221383994,1747.2536363233014,3194.7313153227765,3202.1759647822287,885.9407192340802,4897.920623783117,3537.1616462406687,2884.1255901312616,3288.766049748446,3840.991202311455,3003.1044711759537,2503.1110843768,1279.1217493206038,1440.6768138749921,803.1728804715708,3868.381660307188,2665.6794991448237,2867.9939422714965,1138.277598964769,1973.9387925394237,2327.205850055599,1443.2225164575277,3331.8939321548037,2163.406188036819,3685.8048294261316,0.0,3550.7499428786873,3368.9610532699835,943.3256496549858,3584.789073317007,4226.717871692526,4839.859291765929,2175.203167859269,2708.9895757455397,5023.325066422239,3119.8853472358564,1293.072280134409,4760.981462900375,4029.7367893580836,4811.999183868592,2102.3800989404845,3214.433754606556,3256.2656227832517,2558.2616042899135,1940.5764023222587,4615.242826288232,3088.765989732793,3545.3790528863065,4125.98316445923,1551.1619438037417,3694.893854500965,4020.4573218112882,2606.1036617571444,3277.278367544631,1116.8776793745142,1169.0310240237425,3180.8737142124955,2748.561066230292,1896.1119547181286,3008.53756645218,3551.099688759666,3786.9437252139087,4160.480357898351,2872.663941132864,386.93542078491583,2204.7140217590577,2896.9588291463515,3153.453986814616,1535.325310876167,2495.884883060916,2091.2601779388906,1219.1856484990294,3197.0878704209863,2940.6894827482206,990.0063298287538,2357.5551614927276,1742.4247908440702,2881.6471781071673
4079.8637460220402,6178.985163817275,5131.918607450629,6075.21552325257,7094.920238011982,3721.174754987462,6510.977633921729,4889.655821169625,5140.3622637670205,2651.9777546144687,2735.32018083825,1561.7955150316568,1778.257327800451,3963.1433060703216,4236.450203918606,6334.133358602817,2981.9464582404894,395.100589726211,3028.8462028160156,5384.424096548581,6064.946754291746,3751.2972943428513,5902.833879068595,1958.098036368966,4388.756585262505,6393.769301927776,4382.842407552432,7912.545331937442,7003.295347506414,6203.802805527994,1845.3067658893472,6639.313489914826,577.5305497183673,4840.303148334512,3985.5228682954507,4990.5077711543545,4020.53204227923,4383.046884024857,1280.9517017631854,2726.7837474257108,4423.279777827308,5447.22547571633,4055.317431357501,3921.8259693215605,6298.049126302286,4788.941060623423,6270.733562861685,3550.7499428786873,0.0,6735.783548322571,2692.390982139852,233.86230895978073,7129.8819694865915,7782.486638809603,5718.93990956296,2193.337559934859,8090.358803459399,4478.151133123134,4779.542591971851,8124.275564928235,7515.403552954758,5354.955270815714,2295.5278334400564,6570.316882775517,5909.964896061651,2476.9086150128746,4102.490536632229,4458.411398266652,1070.2499107054384,5972.121020629437,7346.073633043028,3293.9295948253052,6939.845934163813,7546.30317272802,6116.910880736207,301.11594754346675,3981.844798679627,2383.5161386046875,4877.77540848459,3507.9625698003106,4136.9833732634215,5627.090547027388,6942.588016333967,7287.161110194421,7042.236866757962,6423.405772024993,3936.655112026071,5745.690529579364,5825.565888448949,6645.419695393964,4661.8934934477,1125.5123286277228,3787.5242193945114,4709.585272111865,5934.294224370409,6173.017251847998,3857.3845172707374,2234.237112541997,1865.7588325667919,6245.318900748143
5090.779731680011,3786.8212704806915,3457.8373314025343,822.3870335760407,2325.028479039558,4148.445496651125,1049.2816904911665,2241.0760072172925,4509.231998052995,4624.176640973937,4845.798885304672,5457.499386667488,5095.31590433655,2938.7425545721085,3370.579171183048,2017.1270343545543,3968.7624273884176,6920.898658045572,5044.839150057809,2403.963549245287,4801.920879140867,3321.852855459585,1256.2704082644784,4780.916215288133,3884.677821996825,657.0718187451048,2486.071290537944,1865.1043388534595,553.7205604869663,3035.760039044588,5837.356000016446,1668.663215128805,6159.854315963731,4584.609682267401,3920.9626400751386,2220.008261479448,3405.564008378788,4726.56566217809,5605.295991647631,4945.804180195169,3206.0949032155922,1424.738926274565,5006.784460403004,2918.7969888020643,4036.7705822253506,4157.231264635875,2050.1641240010517,3368.9610532699835,6735.783548322571,0.0,4065.009555289754,6817.021392277789,1609.5905308198728,1937.2664332747318,1538.2798122659613,5149.417516066064,1891.3365356477414,3701.3799451281684,2674.216171965535,1397.942918684808,987.5770089344932,5135.856313001951,4675.634888611492,167.29935518106458,1888.5388511995193,5857.650302678882,4533.943816531034,5659.540428123559,6434.520326820018,4969.804744332015,895.7670707728655,4648.422722034325,536.688334761433,1277.623303613393,1025.1552369831606,6496.510822380426,3761.2694016282585,4427.148730957658,3318.5916773260915,4244.380345652001,4456.045235915475,4460.251672209092,224.53604866257,911.742833696542,1619.6716453059244,1500.2603070617447,3013.930036982942,1950.1178739812112,3940.2474645672955,675.7286346581741,2083.7757208435364,5786.786391205572,3431.6993656398577,2158.694132797882,1732.127350575875,683.879481572594,2882.4750858560774,5698.038376134457,5067.298547587067,2887.336534367443
2812.052902293447,4439.9556095747175,2907.3607757115387,3455.8433869035503,4784.884937034537,1819.9573104136266,3825.9228715525624,2483.1783209350874,3875.6551913032717,1116.6226118084842,1474.5374897550078,1446.3628697187298,1322.1200772728623,1304.6212450585042,2335.695357986996,3738.9262268567168,1127.0332515134594,2856.847935718315,1930.4989177932734,3144.2862497993087,4279.107571778256,1223.0060462009176,3216.8555492623545,807.7787252583463,2840.7720408890605,3778.960859279969,1698.9822397906346,5395.736140713425,4312.587816490814,3816.9684946780744,2364.95821487759,4209.815272749744,2125.3800246191267,3151.128524542438,1946.2979675933493,2353.7130987586406,1651.1119963327749,3358.0397797435335,1725.5884524445557,2079.943853296285,2034.9673796274967,2754.845606785433,2736.791525149843,1471.2337347209657,4197.448627197837,2887.4793836467475,3944.642010689943,943.3256496549858,2692.390982139852,4065.009555289754,0.0,2757.395514185805,4657.166738349187,5299.930424262002,3046.124183972151,1827.725795540731,5550.0857387108,2818.9259946100046,2236.3978862727004,5460.905033798885,4823.373693717397,4368.939934019807,1230.8471559807901,3901.5921617458944,3533.771103081381,2328.5728346987557,2467.3524467989973,3984.586572325164,2414.8226012071773,4272.072504003649,4730.815702439697,1800.186391643377,4311.113745931787,4857.307009317509,3426.5496520063743,2439.1029622639953,1835.167786694176,406.47458551427246,3018.5293611354855,2187.801722662271,2448.972377647817,3772.0336699341647,4266.255177996272,4594.830972463949,4578.718403467612,3767.120118088087,1303.1915703629306,3127.6235284423224,3744.32089779068,3953.035907981864,2026.2688940695905,1728.7055124066096,1791.78272045692,2020.8141433444594,3515.496598923117,3540.063160812389,1236.2180714501794,2042.6956652815413,1062.883632080671,3820.0710668208785
3969.759316750702,6367.665256509799,5093.261723172097,6173.245869468104,7242.891983882129,3672.922276468698,6557.710768986156,5017.867199715234,5346.857701085377,2620.111263544738,2673.3080236674937,1531.789946214885,1933.9210459219896,4004.714228007038,4401.660217219181,6346.561923399866,3124.901721848705,165.53479712133003,2937.2082882466816,5532.7211868603135,5972.602846117428,3769.6092038448764,5951.264408416753,2057.774196996357,4576.446867943406,6493.493901736569,4433.117156421653,8034.707671890808,7068.806962791741,6178.2981952791015,2070.2302537459454,6771.8889875978475,704.1652700907651,4751.950622286494,3943.966697538153,5019.561795596105,4013.5213363631196,4593.907027619084,1455.1456470807318,2929.516576493979,4412.823423147589,5507.085033042164,3949.7051104607804,4037.067906738875,6235.708598761572,4720.589549390308,6414.417794429047,3584.789073317007,233.86230895978073,6817.021392277789,2757.395514185805,0.0,7257.630695219068,7910.005276792299,5759.059415503889,2391.173282541649,8208.585877919839,4660.659783377028,4788.94719445694,8209.680595188707,7577.394635129743,5572.530997083193,2454.920953849635,6652.4518008828145,6046.7036148355255,2334.846611619059,4021.8667034735254,4685.498036905149,904.2148073002346,5872.784098750099,7446.973474719646,3224.038336256255,7036.579897057519,7596.201257118784,6170.158925541951,322.05118902590675,3951.0307875191256,2426.274893402848,5051.740633249594,3695.849029698048,4060.1968066114728,5544.941578403599,7020.925502627129,7345.10252658804,7171.135092901054,6454.421100223629,3971.6993557973396,5766.221637700896,5764.538673524881,6704.499526145855,4752.475699036241,1107.2247835724238,3940.172418843115,4762.978416957713,6065.996907446954,6267.536935684145,3947.680402196713,2111.939079364744,1866.6187056763897,6225.444442885182
6328.779697591076,2580.431108194133,4875.048708358102,1439.8482577191946,769.7328766072034,5274.745160985315,2650.7662316320916,2240.3403791120672,3632.1801061139577,5482.942378345773,5769.468997847635,6103.117224746466,5367.537179650459,3848.7874294172184,3096.27554189481,3605.641543318054,4158.0240073362975,7386.946020794249,6063.779867575751,1864.7848046798858,6325.723844984699,4289.825885125177,2711.75215128116,5213.920728242231,3367.9957076345863,1198.2781857865893,3443.21971567456,808.7706285696829,2089.755098511067,4606.602939263269,5858.802682221087,517.7960035583512,6559.827764301133,5956.478930170828,5098.080777698603,3473.4957888067174,4521.97970331093,4085.98157062535,5885.473379160591,4847.0183031576225,4431.08002434824,2631.3695315483533,6240.45320357312,3232.2671520926297,5600.209707868536,5521.119860005305,1021.9263683935358,4226.717871692526,7129.8819694865915,1609.5905308198728,4657.166738349187,7257.630695219068,0.0,652.604742750158,2968.5087157551015,5200.087659878148,1023.6717630808225,3189.456558321182,3939.437264897234,1839.7996574866513,2299.230145529803,4184.163970058176,4871.738738165666,1616.0318531702894,1253.4001393940405,6782.719912470291,5771.318930410015,4958.905675983361,7063.889965184691,6479.433323057349,981.771369158828,5705.519245783683,1092.229833998321,2689.919602357104,2531.1918788928274,6938.20939300804,4920.392805027866,5059.556703315124,2718.0304157019655,4017.1145253320824,5698.570749319518,5945.355342633526,1684.1934572186178,2368.5773570023,96.69423822027892,3096.2435449379627,3951.955357933209,3436.7607924328977,5458.970085352182,2284.6975863951884,2698.3152098011087,6349.994536523714,3403.6386089610046,3180.4262179363636,1201.1830467842944,1454.9805356763368,3429.02561068447,6564.8701881772195,5719.529057974004,4463.453843484437
6875.5060178669755,2975.5277123501974,5348.592178851179,1990.7233563529114,1057.6524201087993,5846.307336665256,2977.7134101301626,2892.9252931916512,4130.6448525877895,6103.139240925117,6381.711323421093,6746.281212916713,6019.724599390408,4450.758498649416,3728.4184203240925,3949.062629306479,4810.069806494808,8039.025932161931,6661.269028262783,2494.25401694234,6736.924290618383,4886.374662744763,3148.796181350898,5865.232761274015,3962.1380048510423,1704.0529187745317,4032.435719895607,249.2536808253793,2314.1142016903577,4971.590176273282,6498.8775961635865,1156.2511124254108,7212.374008249157,6454.377376441278,5656.194075960972,3995.9181867903653,5090.948187792133,4641.694845701299,6537.445692796232,5481.157519021416,4971.718108483827,3149.5561714554324,6788.157915443778,3882.6165647260354,5973.12161890891,6020.814317783351,1618.6280936675973,4839.859291765929,7782.486638809603,1937.2664332747318,5299.930424262002,7910.005276792299,652.604742750158,0.0,3420.875501722038,5844.238326808807,481.0472608102035,3787.8730028291607,4463.853712738915,1652.6078662828638,2382.844762741585,4643.908990662608,5522.952890697874,1994.3030621008936,1896.5498946563469,7398.108598246244,6316.096892393039,5486.622962448212,7709.679598420741,6901.944293141897,1091.2889091528423,6294.1766066703285,1404.314464071349,2786.165741718357,2940.4264882069406,7590.479133379196,5481.988738011234,5700.918382482685,3311.4677728006054,4644.089246972974,6241.4972650276795,6384.380144153777,1939.6429847459044,2518.031696357296,741.4963735076525,3429.972269064868,4550.4718537159415,3866.2431479626316,5873.479835175226,2594.7984866228053,3322.105895223691,6998.2585784717185,4051.082165823103,3753.4787271507216,1852.1667756079635,1975.1141358901264,4068.2837458232925,7187.693173026378,6361.353888156278,4822.0586656190735
3565.8935846349927,4517.829647577474,1929.2145891781968,1585.380205817204,3552.914346489091,2683.805011057994,814.7748284188707,2297.893790863712,4845.395061026913,3327.2631442820984,3490.5393050989983,4289.4821896421245,4277.6824099734185,1755.8385902132345,3318.9070466275493,937.2583658100896,3355.958430074038,5838.86252353607,3620.4314845715558,2861.5078673638136,3363.4263487119797,2026.7519119004178,282.7244975307238,3841.56473133019,3963.019919126448,1771.820539163603,1349.8475560654988,3380.723110588178,1478.0325750567881,1733.4800381962864,5195.861832290096,2819.818420728718,5162.540855413155,3048.395883005519,2434.170105244496,777.625354488908,1976.8647262597406,4812.404892732946,4743.41613993902,4490.556355077286,1713.631483487625,550.7164827250044,3483.5573089736877,2399.1927062628797,2683.051528799437,2619.60326669994,2983.8291113976356,2175.203167859269,5718.93990956296,1538.2798122659613,3046.124183972151,5759.059415503889,2968.5087157551015,3420.875501722038,0.0,4533.601984562054,3424.781420051943,3805.9025860055854,1179.4117395400976,2791.4204714578564,1914.5430713486182,5488.281221031681,3967.806976164289,1441.0457629516839,2636.4804374098817,4472.104157950818,3012.974925555305,5721.477113679823,5240.812123160397,3512.3700683185416,2430.648456829988,3211.1164053721254,2033.5425539452085,1853.9303779335946,528.617806988187,5449.716584223898,2288.858648197393,3335.9772600641327,3576.5890753047097,3994.956345815058,2934.128389960126,2977.0660998373887,1639.784498926612,1656.2562296148506,2945.4462538394755,739.8548734258633,1788.416292412088,485.8114719703516,2497.4875129833986,1067.7061242991915,1559.139542368803,4670.566871152258,3130.4441381331185,1047.4450890700666,2493.484990678709,1529.9215555632259,2119.7977632689394,4354.596265924545,3914.2994709042127,1614.3099582775294
4485.763175213333,3990.402450347709,4727.108038264516,4383.632093521764,5048.910884359219,3610.5465648398717,5219.311074026532,3022.511975978424,2962.8372240636168,2684.982036351268,2995.2906174600153,2159.7876247974013,722.0076319326547,2965.553676044492,2145.6539577529734,5354.833230353677,1196.1762572539212,2552.3490426947883,3460.4913232759304,3363.225997388222,6097.8023596099765,3014.5024254568116,4631.656777524971,1234.7848508647164,2204.5643760784124,4677.0970107695,3238.157766417967,6005.547331302452,5532.720007466309,5582.263710676879,687.9388737496959,4688.116785586723,1735.6291507534092,4942.665677548907,3763.8828806339075,3969.1051378522334,3470.034950731909,2227.362158838342,971.374483612268,545.8982631406695,3840.544446858674,4107.981526965524,4422.041599517242,2240.566483241236,6020.440458658818,4704.954839112698,4259.232453136715,2708.9895757455397,2193.337559934859,5149.417516066064,1827.725795540731,2391.173282541649,5200.087659878148,5844.238326808807,4533.601984562054,0.0,6205.674515223949,2306.774748397641,3963.7885693777866,6466.0740627163395,6055.100234232956,3239.907867870628,606.6173431290929,4983.193492195542,3947.9513207943687,3469.519415638137,4226.683181334981,2503.6634716680674,2692.797771791265,6081.364979574981,5593.013514747215,3471.007530478291,5227.995880044761,6183.717464761791,4790.865922587482,2126.8694001207505,3660.7232420549085,1884.0530558442351,2733.352922771957,1327.738237785219,4219.9012060441655,5593.334043242903,5371.581056058356,5867.702874621124,5106.749539135045,5273.0738042535495,3005.577441041904,4734.113649903749,5570.396904554379,5242.776648303167,3119.7752952187116,2029.631781681101,1801.9851013426826,3495.873274620806,4004.3223211331274,4504.640547505205,2416.496437656178,3139.1670878519676,2036.0458843164608,5568.277382643666
6949.648291417343,3455.5789418835448,5348.845911280769,2139.2091883520884,1537.3736901342497,5958.423732037274,2883.594328293077,3211.9994899720955,4598.234560318666,6293.989277429776,6556.0877010247505,6993.543733249403,6342.12340974953,4617.7432188605935,4116.046413601893,3847.2219621176005,5136.576341376229,8332.625698992186,6808.866147572002,2886.9795418700146,6667.871769088619,5041.411046834506,3144.3905419316156,6154.238855126846,4388.614735255989,1824.983351947354,4183.4589992188285,236.49699829384716,2166.7048945147103,4874.73486865573,6869.913989803657,1540.777696165154,7516.438982209661,6473.159590176036,5751.198189055303,4062.511050277279,5204.1742035551615,5090.652649336527,6861.829452834644,5864.311463265914,5049.470989460678,3225.6882608314777,6863.91993619863,4171.529154309244,5874.74355702885,6044.01846409175,2039.4682450111843,5023.325066422239,8090.358803459399,1891.3365356477414,5550.0857387108,8208.585877919839,1023.6717630808225,481.0472608102035,3424.781420051943,6205.674515223949,0.0,4211.081168477402,4527.192691819732,1272.8582829321574,2133.635844375511,5119.285201823589,5855.663405219344,1985.05557561495,2269.244673553295,7575.263692741659,6390.3512868955795,5947.054016469415,7964.903343829854,6842.500484769365,995.5761879720709,6429.1835133121685,1399.6535389320459,2530.9637827302076,2916.481465820416,7887.50029269616,5582.665936521456,5945.107179072888,3737.996954574736,5038.561991104308,6313.813734590291,6343.365461093977,1837.9430743330981,2307.9511096513725,1120.2277780469472,3329.943965667441,4711.095091258507,3840.6020025153607,5812.698410015868,2500.2165632330734,3538.765574338176,7265.828230996519,4404.80743964512,3885.0294412027306,2201.7843985606314,2092.830589740125,4313.867817624573,7380.5415929136925,6605.061003431989,4721.365198131256
5504.746462686997,1719.8272417687772,4922.515599277467,2881.6834486940097,2863.7690454231815,4394.946837532396,4204.55306820178,1541.324106241773,1135.0625209863992,3932.9861782937915,4290.456913796129,3991.3633512679603,2757.427749359174,3049.0020678317032,552.1977708194773,4743.04774521246,1755.9050408199755,4815.8469943770015,4736.266275781483,1367.6259829781682,6515.887380227041,3390.7038504859133,3757.6624022437145,2903.90203104788,185.63242342058632,3081.9098065650783,2991.7454009063003,3987.6438473004337,4211.009235321267,5371.876371264421,2867.0331225385244,2677.3665416160334,3971.686421803464,5606.169164990386,4396.237528189987,3621.4850556781257,3863.8421480813627,1034.280234615358,3205.7680241942026,1826.7644795104268,4072.494762648075,3259.414250866711,5420.70235912543,1715.2998721777487,6128.012207320495,5235.813450901493,2172.598833626678,3119.8853472358564,4478.151133123134,3701.3799451281684,2818.9259946100046,4660.659783377028,3189.456558321182,3787.8730028291607,3805.9025860055854,2306.774748397641,4211.081168477402,0.0,3883.0906036265756,4781.687838810267,4688.544071574992,1740.7319739767518,2246.366460355478,3557.674161820473,1994.086599950213,5115.958522578639,5057.506802999775,1968.3837058282102,4785.117549048613,6577.141768351965,3834.041349869091,4546.962914670187,3569.7902059883018,4941.158592668424,3802.8737698294703,4372.133772585304,4227.337894280986,3165.1914072872437,478.15534723874015,979.6365286798978,5015.246274148659,6015.898311604428,3918.4840587415947,4579.8847229459825,3092.7763088456622,4447.435327453341,3153.9757314514964,4200.167442206322,5768.8468473274625,4062.3576057252767,2287.8584582255085,4050.53752755767,1046.3011058161028,3041.17997014399,2109.389160795134,3021.4687203221215,2188.864774780754,4808.953413325607,3695.2547201113216,5294.939093022506
2422.5652520421404,4985.787424907825,1070.0629171319788,2499.653260166297,4411.610620329609,1505.1844998182119,1967.8303694155143,2602.622912144016,5006.60316129619,2239.0638039808064,2356.4607679692017,3272.75127027796,3553.0695686283716,1002.9432455892006,3337.937145785852,1558.0847656279811,2896.90018234526,4850.1466805502905,2449.6404557212068,3316.4805165238045,2676.149873673932,1036.8869258549844,1452.1078819443824,3038.908244627501,4003.6695351504723,2762.0760730155494,892.4629192347434,4456.6477953946505,2657.433716328593,1625.0498047290735,4568.128878781989,3684.9153251712582,4252.039054515492,2032.9221423778135,1255.8191828416225,467.94423102865574,826.8814768205899,4786.9194529096685,3956.7972031612885,4057.522314143201,535.3818850250724,1314.4369149563622,2337.1454445063964,2205.5007937486666,2249.1089532545993,1599.172504778643,3711.2577089694264,1293.072280134409,4779.542591971851,2674.216171965535,2236.3978862727004,4788.94719445694,3939.437264897234,4463.853712738915,1179.4117395400976,3963.7885693777866,4527.192691819732,3883.0906036265756,0.0,3969.274964613185,3082.514327059973,5623.803100634658,3360.734575425587,2554.234922046521,3303.8653113569867,3312.5117617982883,1863.5786017257226,5624.049723719466,4185.04861973502,2769.81014737274,3546.2740917623664,2037.7276787326125,3128.0325159941995,2978.9513037594284,1703.1129226742423,4494.307590606144,1109.8249240600967,2430.0041589663997,3793.7426718389847,3773.968545206624,1786.7337727084582,2201.0789166501963,2800.240739998081,2820.0803687641596,3898.1058719098432,1733.2536878278954,958.6306073822178,1003.6335710512079,1889.0902078717684,2247.013776332713,1689.2996024533363,3682.754855403764,2976.7552313707292,904.8988129873967,3191.651710021787,2493.4854840856806,1766.8044836894092,3216.664510987274,2922.333073343968,1604.552879389458
6341.494338696913,4416.1892671270325,4605.470925560599,2084.723212420536,2573.2640014988747,5469.841049317795,2062.2680497774772,3470.582803751555,5398.817769454531,6008.282167681874,6217.530099630319,6855.212863252096,6460.403586098471,4328.922620967023,4546.852547401114,2935.395428678221,5306.062414101534,8315.421572503465,6391.511229660557,3416.0664672106427,5746.265301565531,4699.677409261406,2517.3897108413707,6167.080207125086,4967.109188214911,1790.1302495461048,3875.87631231261,1429.8212760988695,1320.4126014716007,3934.3029014666627,7152.009257279593,2234.402956743703,7547.4999404491555,5743.710039299425,5224.972452069389,3539.4805833887544,4744.085047491033,5760.7891037601785,6974.753598744545,6216.1980452135695,4504.344956426184,2797.8636421893407,6261.464850702111,4265.021688367481,4908.599586249116,5334.558224636507,2754.8518111960216,4760.981462900375,8124.275564928235,1397.942918684808,5460.905033798885,8209.680595188707,1839.7996574866513,1652.6078662828638,2791.4204714578564,6466.0740627163395,1272.8582829321574,4781.687838810267,3969.274964613185,0.0,1035.0270542961669,5980.383431610468,6022.557319951717,1559.6529342982046,2800.4993457804985,7222.358173075121,5794.707613111208,6670.965555801648,7832.002595721288,5937.561157621704,953.3978226805431,5987.538073615232,1244.0482198451953,1382.534296398104,2266.249692836383,7888.682356421571,5076.362886820642,5824.895243150128,4343.5483387356235,5459.283136204789,5715.257963117326,5484.757375503953,1210.1223190182056,1278.2297961790753,1916.429691224022,2453.985985314912,4399.990941260335,3103.519987795149,4923.31264185345,1729.3139993349964,3463.491470701206,7184.193006970581,4698.852034934703,3545.2192661889057,2674.426360956308,1970.0472485443083,4267.1335403479,7075.125517943127,6465.114626857362,3777.6137080527437
5390.554809488536,4702.424145864876,3618.043213866993,1807.5416952673595,3066.706158337476,4585.8333714033915,1116.433935084383,3214.409825087803,5486.068927561247,5229.289005401117,5403.532678210061,6152.30235349109,5942.579180494695,3596.905463929376,4348.6551273391415,1913.2283733469978,4862.6648060776315,7669.531536051012,5531.192650202305,3387.1053126638976,4712.703601416176,3919.2218515665836,1668.0289975372127,5580.860484924256,4871.615902929336,1629.5998185336791,3153.107541112577,2216.7465216415703,522.987234308831,2901.494629421877,6741.453257917613,2512.8833476665804,6945.509816558106,4751.626030436739,4325.643999777259,2690.6543968821043,3890.8514989463424,5714.142658665166,6441.315327658242,5884.281035767412,3609.754082961469,2070.452688570787,5313.600744980093,3814.5339834795022,3873.578824652984,4352.498829794443,2959.6209736256774,4029.7367893580836,7515.403552954758,987.5770089344932,4823.373693717397,7577.394635129743,2299.230145529803,2382.844762741585,1914.5430713486182,6055.100234232956,2133.635844375511,4688.544071574992,3082.514327059973,1035.0270542961669,0.0,6107.857683517684,5552.720052400356,1132.9375624190416,2850.215589467225,6386.394310313919,4854.354726791605,6647.064400027804,7117.7284852865805,4905.274164129157,1335.159834483123,5120.0573768969625,1275.9568981454663,403.32617543620944,1427.4310183353869,7260.971504615756,4190.147579127136,5155.8883743684755,4305.2463609714605,5209.20551592323,4774.490981549866,4459.913096689217,775.7588175850791,265.9992424143347,2342.4086618863075,1454.1561712199277,3650.171456212434,2148.5040590766866,3894.742545369206,876.3364539496231,2942.504389757983,6512.430455961124,4380.860340970139,2819.7584112175286,2697.3000619606637,1668.049486907388,3710.2592629406636,6267.439055908322,5768.4760278543245,2744.8161192497028
7147.468687915323,1703.1005060257012,6661.477978218122,4356.420656740117,3589.7905918380525,6064.4496162933865,5798.0809802183685,3190.585106675106,644.3363960797179,5476.070896080966,5831.509279765059,5302.855214856426,3897.4810294574872,4776.199066050011,2288.679152418049,6422.947997370833,3243.009451933805,5737.676702945627,6295.710775098392,2746.859395877772,8251.092250833037,5096.560805944043,5409.828003702243,4231.666258838119,1629.9056774181747,4481.335912024114,4732.447182212285,4882.789578391434,5679.262031119535,7098.136532774923,3520.800608852765,3746.4537922854456,4960.028063627564,7313.033901873695,6090.743316735733,5355.209580056134,5578.615142549716,1038.1091594052139,4208.741496338424,2697.796238233347,5804.404287463184,4937.65185022071,7066.648638321634,3446.0794455406854,7867.969139046872,6954.5174601920435,3226.6161120252586,4811.999183868592,5354.955270815714,5135.856313001951,4368.939934019807,5572.530997083193,4184.163970058176,4643.908990662608,5488.281221031681,3239.907867870628,5119.285201823589,1740.7319739767518,5623.803100634658,5980.383431610468,6107.857683517684,0.0,3474.6237716859364,5015.035010311492,3259.0720911290064,6545.387664803361,6731.2337676947445,1115.1955759439686,5931.182972721209,8307.686553201498,5037.793640362912,6157.210190854377,4879.088184331678,6411.873168257931,5422.307877252268,5338.386232678936,5927.919291112944,4657.3696437592325,1912.9987475186697,2193.9622993909898,6694.565807340831,7748.9183286140005,5334.784896817959,6045.3991667588825,4095.6780894501453,6087.2943656081725,4878.0541187578065,5904.920387771963,7509.361946212541,5602.059877636885,4010.2978744289053,5247.596371634159,2722.457904757573,4776.125592118574,3410.690999376079,4492.83657619215,3916.175623985855,6221.540258042296,5078.315844137699,7015.854447202635
3954.113849431374,3966.1797396013208,4122.376530934554,3939.0672373881866,4802.225263450477,3034.097356284073,4676.0433682386865,2644.103260702199,3097.1304695272365,2162.1140128762877,2492.402698123439,1829.0159291589016,521.5447482028745,2365.1797302040286,1947.647262940597,4769.82735351763,722.5336095719008,2602.3350929809176,2963.858172230412,3092.6020280503276,5508.917487926644,2408.0513214817497,4080.279876640082,766.9722313213172,2189.46722455053,4244.349604170232,2653.7324641888827,5666.84845834058,5029.778551157993,4977.254955781651,1229.5208116437066,4371.054297256555,1752.907340328062,4367.946338882038,3175.051489130216,3379.3707091306214,2865.7248117856675,2436.7241584147355,1021.2668694636086,894.8405337807399,3234.338874887726,3564.123750820249,3886.191442892386,1758.8599285608277,5416.362098812911,4116.60478476341,3983.1427624219045,2102.3800989404845,2295.5278334400564,4675.634888611492,1230.8471559807901,2454.920953849635,4871.738738165666,5522.952890697874,3967.806976164289,606.6173431290929,5855.663405219344,2246.366460355478,3360.734575425587,6022.557319951717,5552.720052400356,3474.6237716859364,0.0,4508.437961139645,3634.9324874205026,3085.199293382034,3663.92093226546,2893.1489020269933,2544.548171561505,5498.371459182619,5180.260163911847,2933.4986188167877,4797.131129483538,5660.050236852761,4250.809521814522,2151.4813288841247,3066.0108259433787,1334.8433991105476,2608.19523119436,1338.4825526341388,3652.6809820700196,5002.463620773769,4894.726861277757,5354.655318309107,4781.475212378811,4707.573006500272,2402.144471189233,4148.808268129536,4968.047073048524,4721.965743010002,2610.4431475663287,1818.4768536445551,1493.8495914709754,2923.649864853348,3670.8151908983377,4052.7105483857345,1865.6861819293192,2757.632537840022,1616.9744022318348,4964.8439152847495
4975.082080549022,3697.4967981293776,3368.8350224677074,676.070981203897,2304.2491667163517,4017.3582555123207,1038.1521768083905,2084.9828329482716,4384.993830285398,4472.997728411339,4699.184321487294,5297.622415055267,4928.089713470829,2785.5623690998195,3217.1860706165257,1990.0375651730797,3801.8798421720276,6756.929177805921,4905.831365366731,2275.312299862153,4744.800493779796,3174.116777033416,1162.5709191378387,4615.001811793902,3740.2530127971286,558.698078429665,2333.5222414703912,1941.2787082770985,664.4336334427992,2997.39206051127,5671.125191910684,1622.421772166535,5994.228560400163,4489.060971844333,3794.8127160054946,2095.148071866282,3270.9570295155204,4585.550685861951,5438.197229754085,4782.379713366977,3083.2308130778983,1284.0867297974853,4890.35129881985,2751.7877317300477,3995.369707477394,4059.2534894625633,1971.3930960630353,3214.433754606556,6570.316882775517,167.29935518106458,3901.5921617458944,6652.4518008828145,1616.0318531702894,1994.3030621008936,1441.0457629516839,4983.193492195542,1985.05557561495,3557.674161820473,2554.234922046521,1559.6529342982046,1132.9375624190416,5015.035010311492,4508.437961139645,0.0,1781.410684019269,5712.82644835724,4416.98843506025,5519.3947512915765,6275.013162389383,4908.111239935073,994.2219288011103,4511.892366973419,594.1021057234186,1398.3970169890954,946.3467641715695,6331.802253200427,3632.5401631851228,4265.464027234551,3182.671721028419,4085.9000622243566,4339.59644756157,4390.50970134448,388.5945813994323,1032.2884967415844,1616.1127329304722,1480.513490821681,2862.8531106782266,1873.1909172919345,3880.292461030869,689.9797108589498,1916.8639289331416,5624.5574985844005,3269.488544149528,2008.4598426147336,1623.335561344296,536.2313506836392,2716.1737625028704,5549.168645053508,4907.186214424108,2851.9818853087054
5544.900948541642,1938.7280653059622,4344.857939756488,1168.858947623707,1254.948679692122,4433.327427624199,2684.2703877608906,1052.6457456547291,2643.9604949191285,4458.352640785271,4772.976639151087,4966.265235524377,4138.240892188008,2938.4634475625185,1847.4556871343357,3488.66400617457,2929.043072653593,6180.994465087395,5118.063514410308,630.1456349210077,5911.317228134607,3385.4140024831527,2458.3996569307033,4022.8453345443195,2178.160044751533,1231.4883040877814,2605.669982339475,2061.3392833301364,2439.449736389746,4369.8089500812275,4605.410629905871,740.2988952970279,5345.02440705681,5323.266025696067,4305.923533812113,2876.0501164828474,3711.2063147048293,2960.2969891733837,4653.298117159162,3595.2411583305507,3718.810981795794,2140.2448949379605,5455.204358381546,2068.982051978702,5301.375211069859,4894.606198223101,430.02279122972067,3256.2656227832517,5909.964896061651,1888.5388511995193,3533.771103081381,6046.7036148355255,1253.4001393940405,1896.5498946563469,2636.4804374098817,3947.9513207943687,2269.244673553295,1994.086599950213,3303.8653113569867,2800.4993457804985,2850.215589467225,3259.0720911290064,3634.9324874205026,1781.410684019269,0.0,5763.355651535657,5004.65825560647,3873.585541615029,5907.993481517223,6032.90635253565,1848.062490823565,4796.588361108863,1628.9605239639789,3165.7526026450646,2382.8018950420533,5729.778657929467,4121.862565486749,3940.224436319586,1544.6041235993123,2771.5550548904853,4939.290665733796,5470.926381747246,2079.8727443863004,2800.226203075209,1159.289890366512,3053.6665015304143,3051.744673736975,3117.997617604125,5062.740837028596,2420.8458680190693,1748.4913705217423,5180.776406507813,2155.4697162941075,2425.999239055528,158.9952684736247,1291.5890852658983,2349.3191567194526,5518.273330189164,4592.370824287167,4249.829753087175
1696.7762726564747,6765.783183807844,3192.163369635865,5436.4380324745725,7016.57344477723,1844.2967922850705,5276.527336504759,4736.651561490353,6116.425988009746,1305.7860763819622,1019.2290018253995,1318.7197398939627,2747.8236210712294,2957.574463337314,4656.105571750817,4773.223296562816,3366.2030389511565,2288.8814897772672,883.3792920971149,5438.297124030095,3733.676636819664,2542.1281014860365,4727.7154397388385,2319.259126079059,5116.485394984334,5750.894511317435,3396.6992723991625,7454.40765053267,5937.310975148598,4316.395200315421,3615.5447823245117,6384.422939847423,2274.3426390315517,2554.664171006827,2130.1329601827674,3698.581796365331,2495.606627927767,5508.566117305755,2674.237873044393,3945.0111949896923,2804.233698483955,4433.384405382867,1696.4190307789524,3758.0729756898013,4135.502822199254,2637.899721991721,6187.738448554932,2558.2616042899135,2476.9086150128746,5857.650302678882,2328.5728346987557,2334.846611619059,6782.719912470291,7398.108598246244,4472.104157950818,3469.519415638137,7575.263692741659,5115.958522578639,3312.5117617982883,7222.358173075121,6386.394310313919,6545.387664803361,3085.199293382034,5712.82644835724,5763.355651535657,0.0,1903.693989995766,5957.2076590131555,1436.3905303816227,3609.1078449108445,6658.358747809328,1294.494379807421,6226.251987763184,6290.983404158209,4976.380345187454,2201.477871272841,2228.6948954248987,1954.335581317088,5343.557846613434,4361.58795637151,1964.3471720571697,3357.5920763323825,6019.753620078898,6126.523459759622,6714.8555053798445,5035.983505227653,2866.151382088881,4299.878700354813,3684.621316313659,5531.558564118886,4085.594774892023,1591.1009936933608,4111.292405882244,3709.575488999516,5720.449693031571,5485.535606970937,3415.381463032936,330.42020559433104,1469.067242492324,4402.567931917576
559.7152575872841,6462.616599538069,1348.9841793338421,4335.429464756865,6185.911175857037,667.0343241880432,3745.8520927046757,4129.480900649015,6179.8558970714685,1590.7916888307527,1386.575596502405,2579.151213363032,3584.4940380367493,2111.332856869565,4515.29377135187,3059.8359265843,3553.0144065244094,4020.8435555774863,1093.9825552137474,4878.937839235093,1975.1588099504809,1696.1097890045326,3293.834115484415,3013.8973700716815,5126.014715302522,4612.048593557639,2399.000746673706,6316.483281713805,4474.486142872051,2451.2070234886323,4638.476572798875,5476.164576345016,3718.075453699804,750.653322513129,701.50740234227,2328.009335734932,1295.844238025929,5759.8009105510755,3778.346911442754,4540.153798579955,1344.4630544068514,3170.073866724559,473.5839863308308,3379.617893363094,2243.817970279229,734.2862762506188,5429.715468102265,1940.5764023222587,4102.490536632229,4533.943816531034,2467.3524467989973,4021.8667034735254,5771.318930410015,6316.096892393039,3012.974925555305,4226.683181334981,6390.3512868955795,5057.506802999775,1863.5786017257226,5794.707613111208,4854.354726791605,6731.2337676947445,3663.92093226546,4416.98843506025,5004.65825560647,1903.693989995766,0.0,6442.023812745261,3198.6476415385296,1908.7013218062696,5409.670786815497,822.6914238431075,4991.473524525698,4684.424355442192,3541.55618895564,3802.3798068643796,885.7827160387587,2342.780860037916,5117.555227879227,4606.803406898649,79.88334560470018,1524.6012595875684,4650.9561061877375,4588.362949269925,5723.501499324692,3418.2036801655045,1995.2887303144876,2705.934256073676,1785.0614581052944,4065.525017847141,3266.439372493082,3006.6477026166535,4021.218960170784,2606.9817111080774,4914.8923686531525,4341.230791850624,2915.040429229927,1979.6717233998668,2404.0173959824,2553.1575547249336
6794.279121514291,2686.5462786090247,6596.927883354493,4843.521417996724,4459.5080460932,5782.033010406807,6165.1537144837675,3503.011220298901,1381.802013506276,5032.664147736466,5373.928854220625,4658.5337139285575,3217.1574676428254,4681.062559599476,2404.813779196218,6653.465401649354,2893.0006291573795,4850.71781529497,5846.106303849511,3276.956363784083,8132.719557729505,4922.380184204589,5697.065079477502,3655.511669553525,1791.2220324116715,5028.391560899767,4743.951205894301,5712.927622795601,6175.982429927808,7195.267489797513,2616.5401165426456,4476.678048792988,4130.950940072274,7091.132526035386,5860.399129059385,5438.067811512651,5415.434028549143,934.7258307856903,3425.369707388095,2012.8253049117302,5702.955233970717,5184.3585862176815,6720.331416062902,3428.6134866474813,7861.56362060659,6775.4333885909455,3948.6869585473596,4615.242826288232,4458.411398266652,5659.540428123559,3984.586572325164,4685.498036905149,4958.905675983361,5486.622962448212,5721.477113679823,2503.6634716680674,5947.054016469415,1968.3837058282102,5624.049723719466,6670.965555801648,6647.064400027804,1115.1955759439686,2893.1489020269933,5519.3947512915765,3873.585541615029,5957.2076590131555,6442.023812745261,0.0,5156.080348307326,8160.460372068355,5717.567877705344,5776.604701462962,5492.209807653017,6907.491881927404,5757.331839133558,4484.362375744517,5716.338996956881,4196.376268552785,2346.734137122695,1869.3669793109107,6417.462904894737,7621.93900357022,5873.811782635361,6545.186989908539,4864.898444723076,6389.632148868196,4767.264211797475,6083.626675054938,7461.998066566487,6030.441129784454,4169.247191655587,4526.813239868528,2653.1176229172343,4863.185302209757,4007.8847806505114,4983.387329591088,3857.6156411257457,5627.108426366245,4499.065159777196,7134.739825094675
3098.2991989864367,6503.546932564183,4352.982820907635,5863.948298351375,7144.765807236021,2925.996168959385,6053.451058014758,4856.598163993495,5617.208461531137,1948.7339130473918,1914.7903891674405,978.1754972927913,2056.321074354149,3522.551288425053,4435.456787655698,5734.661804577494,3092.7527137632583,852.8248593075841,2104.708288980684,5457.259215489035,5120.258858330993,3214.7222628434015,5459.012287572267,1919.503123155834,4733.80535949948,6187.317568374278,3971.3694005203038,7809.526352234814,6625.695137590469,5462.738802205356,2588.4995083862777,6605.047945933474,1060.158434829908,3910.183444336083,3209.605940942439,4474.527231738902,3373.4903327955453,4909.741500840243,1733.8057696596236,3233.389493099772,3755.6260510259804,5060.717098209107,3084.593146627444,3842.3291550438516,5435.90007819901,3916.469687922785,6304.1299931080885,3088.765989732793,1070.2499107054384,6434.520326820018,2414.8226012071773,904.2148073002346,7063.889965184691,7709.679598420741,5240.812123160397,2692.797771791265,7964.903343829854,4785.117549048613,4185.04861973502,7832.002595721288,7117.7284852865805,5931.182972721209,2544.548171561505,6275.013162389383,5907.993481517223,1436.3905303816227,3198.6476415385296,5156.080348307326,0.0,5010.419367991566,7136.315513070662,2433.064083279559,6712.70630701694,7094.47335869182,5692.164385711467,832.6525976768463,3244.7018348392194,2023.349466938423,5119.354990983336,3877.3285735213362,3244.1692273284693,4710.551426659091,6625.522780909971,6872.890102047682,6983.4178675559715,5899.228600571519,3467.7244269209164,5184.474978342262,4969.453829802727,6241.649538837389,4436.173646362932,741.5997607780088,3922.370056107022,4305.622509659201,5903.609878986669,5942.916567408969,3651.037301295756,1238.3400628765105,1369.2689765718053,5524.031945121335
1914.653931246323,7755.571804261114,1700.8637813281816,5086.693713582625,7054.205860186673,2473.277510939684,3960.6714950403293,5371.5749953966015,7711.616076566312,3496.012579217929,3290.536499139464,4477.2301743047565,5467.7637786707655,3531.5488300962224,6025.073839594167,3012.942978945503,5280.25829899684,5854.828738800991,2944.277876058067,6084.950002491803,218.14363061524384,3240.374390095688,3768.50042396548,4893.843248877102,6677.842916850095,5284.049446739309,3621.026787118262,6833.834139635304,4697.888302615655,2003.8311022301757,6529.3482715885975,6319.128253990182,5615.336326315104,1159.2314882390835,2326.724954530294,3162.314236963177,2748.0368632261834,7400.350420971429,5683.857589603913,6347.633485068038,2504.6572996280356,3918.1713060545217,1925.8806570636716,4862.894298088845,1083.7696477282434,1389.8585080636808,6422.456046329005,3545.3790528863065,5972.121020629437,4969.804744332015,4272.072504003649,5872.784098750099,6479.433323057349,6901.944293141897,3512.3700683185416,6081.364979574981,6842.500484769365,6577.141768351965,2769.81014737274,5937.561157621704,4905.274164129157,8307.686553201498,5498.371459182619,4908.111239935073,6032.90635253565,3609.1078449108445,1908.7013218062696,8160.460372068355,5010.419367991566,0.0,5855.5978500305155,2729.596920926238,5498.112403802054,4605.332302109914,3963.356709797012,5674.870360550715,2453.2227368325125,4210.490721688507,6536.470575604008,6293.755798805353,1895.0353766856172,568.9045857584553,5004.565708421462,4659.950065859719,6457.725762967099,3520.720846856223,3430.939432281048,3043.7995181999095,1030.0169416276606,4342.741948665382,4457.67622061383,4898.086333174315,5595.183877552551,3674.5204218435088,5908.504055949865,5040.382955457354,4391.557188767101,3772.1833865505528,4312.71772797212,2160.4871390225867
5968.161344750073,3506.379526869845,4353.364429207828,1275.7174122590786,1750.830987204076,4997.447119543537,1904.7380008119228,2574.3225705019954,4450.042685396401,5395.655511568543,5640.355224412466,6158.933717031626,5639.411889993671,3707.403435055322,3618.7712543884286,2874.632675982968,4458.446160560986,7561.772300282255,5869.529262031922,2466.899346974051,5683.979637938546,4116.487917360866,2149.6716875099783,5390.6603054254865,4019.2017892941126,953.7770334706114,3262.4124252353504,982.1499724548181,1222.9497104774996,3901.067209219164,6274.6084505435865,1300.669312711344,6768.695113708402,5478.678513446924,4781.234965356963,3084.734445910377,4246.612011388844,4808.084598117009,6158.221747249118,5314.91810678443,4073.111447205195,2258.6337623981894,5883.160201185924,3438.235844178377,4902.792609891733,5050.243366900747,1811.500581971201,4125.98316445923,7346.073633043028,895.7670707728655,4730.815702439697,7446.973474719646,981.771369158828,1091.2889091528423,2430.648456829988,5593.013514747215,995.5761879720709,3834.041349869091,3546.2740917623664,953.3978226805431,1335.159834483123,5037.793640362912,5180.260163911847,994.2219288011103,1848.062490823565,6658.358747809328,5409.670786815497,5717.567877705344,7136.315513070662,5855.5978500305155,0.0,5481.748040477964,432.1108272006151,1734.225870186753,1920.9055250024662,7124.928564071712,4616.2312344545735,5113.650809486017,3392.0880412826846,4538.044636261966,5332.500782728119,5351.631584284273,857.7367723083813,1439.7834091126347,1038.5684527969258,2355.313970063864,3793.8164849007917,2845.410283764364,4825.583141703187,1520.1494957865164,2704.8706388764695,6458.957188488324,3805.262138104286,2950.2056573210284,1724.8490697826287,1193.892986774359,3504.8600028888454,6479.4078088975075,5768.005412613012,3749.4716533837136
1021.2171755571871,6064.815973491694,1937.192587524534,4306.705134908239,6027.10395669645,549.8149658294144,4005.52583832947,3831.868556002411,5641.216707787249,791.8983488125227,564.7705735756781,1758.6430241959285,2803.439447450578,1867.3319762955919,4025.4668962196174,3478.7289485662723,2923.8476279459237,3233.073068394218,414.3772563896334,4572.57523769101,2797.6223781732942,1420.3097888538264,3475.4861227635483,2241.5099005737184,4592.189284280103,4609.359554152833,2263.041112691062,6326.969695276326,4686.319076119017,3059.6093818108548,3844.698464572352,5351.330632655116,2897.020537477773,1573.1002768053277,836.4977652881089,2448.353141339296,1244.36150777015,5154.920859426846,2967.4398751165963,3824.024962830264,1517.6903156606097,3228.174856183134,952.8223240930075,2956.1243727903266,3012.664340788897,1496.6299194620558,5226.607770227454,1551.1619438037417,3293.9295948253052,4648.422722034325,1800.186391643377,3224.038336256255,5705.519245783683,6294.1766066703285,3211.1164053721254,3471.007530478291,6429.1835133121685,4546.962914670187,2037.7276787326125,5987.538073615232,5120.0573768969625,6157.210190854377,2933.4986188167877,4511.892366973419,4796.588361108863,1294.494379807421,822.6914238431075,5776.604701462962,2433.064083279559,2729.596920926238,5481.748040477964,0.0,5051.6884560459575,5009.17632679755,3726.1917270963127,2993.0451032199635,937.855852903846,1598.6565927631239,4671.826792115157,3986.202812952949,847.6243440581446,2339.7944041973,4796.956723122067,4857.8039637828115,5646.1653036322805,3748.789550598166,1758.8562145203914,3012.6982927900367,2542.709816774616,4277.32239146408,3055.8428247938414,2188.8426775839785,3500.748001205743,2545.4927666707285,4729.530797206209,4338.825912012719,2528.74157285279,1268.902079122735,1585.3622602764965,3135.2985088281466
5550.5952678181275,3429.97814160557,3962.208515515053,865.0163962613658,1834.3299002682154,4570.181819597335,1585.3151664186526,2226.5429903246873,4270.920983968915,4964.1628553793435,5208.2480623043475,5734.891513875481,5246.934855246632,3275.602690855532,3309.5869854596663,2553.8128590452748,4077.419754365376,7149.204236697955,5438.490371264898,2216.454449188839,5332.615261507996,3684.4068511892115,1756.1886256920125,4982.548182440988,3755.389365124873,552.7964442866831,2830.3325531325822,1347.4471468540055,999.6189814049152,3571.8517639735555,5912.821436186704,1237.864866221269,6362.315996752441,5080.199956342368,4357.039802387856,2664.159912905004,3818.2473539507623,4569.688385637909,5764.313278608302,4972.253037280886,3651.9273601836603,1832.1154033130667,5465.057509072892,3045.568581596054,4572.517788476388,4649.456101705768,1690.234318516223,3694.893854500965,6939.845934163813,536.688334761433,4311.113745931787,7036.579897057519,1092.229833998321,1404.314464071349,2033.5425539452085,5227.995880044761,1399.6535389320459,3569.7902059883018,3128.0325159941995,1244.0482198451953,1275.9568981454663,4879.088184331678,4797.131129483538,594.1021057234186,1628.9605239639789,6226.251987763184,4991.473524525698,5492.209807653017,6712.70630701694,5498.112403802054,432.1108272006151,5051.6884560459575,0.0,1642.0319697097862,1539.494179415109,6714.632439263447,4190.61982514019,4691.064742752651,3148.392637853322,4217.917656670173,4914.759749099034,4983.195031927307,592.6494391611284,1299.434746041524,1113.8278579228481,2036.7299596289147,3361.759868063898,2466.7772872799032,4469.359905371014,1208.1261942909773,2287.3599066959273,6039.788297423759,3455.298373219019,2518.2844634832263,1486.7586964030177,771.0765325705354,3090.3133098496664,6047.632911009893,5343.828323994793,3423.760413285953
5207.653051661947,5048.9474067648,3405.976082355394,2068.7413265524524,3454.6942937239755,4466.2060987093955,1041.598676896241,3435.2313432287206,5783.069612216768,5178.402138805463,5328.596964189729,6140.434944849102,6025.58775559837,3593.6422062644187,4571.538070016808,1664.4121365346984,4987.59342723783,7680.948583238987,5423.005247432829,3673.697661587845,4407.211377225399,3880.6822719791166,1645.0045913179085,5634.128140513401,5121.876667914798,1934.5452015967476,3163.9052388914874,2618.800286531602,734.4198672979919,2606.14948791891,6866.092271023453,2878.5241530068843,6982.4799815613505,4526.474812383252,4195.798129035405,2626.339124062428,3801.9142723103314,5972.845891668811,6513.931878237367,6045.512899043389,3491.5283225500257,2113.346548252321,5134.034421046766,3949.922549150552,3555.155467731896,4141.825800326469,3305.9621482341568,4020.4573218112882,7546.30317272802,1277.623303613393,4857.307009317509,7596.201257118784,2689.919602357104,2786.165741718357,1853.9303779335946,6183.717464761791,2530.9637827302076,4941.158592668424,2978.9513037594284,1382.534296398104,403.32617543620944,6411.873168257931,5660.050236852761,1398.3970169890954,3165.7526026450646,6290.983404158209,4684.424355442192,6907.491881927404,7094.47335869182,4605.332302109914,1734.225870186753,5009.17632679755,1642.0319697097862,0.0,1431.4255109260837,7283.49285785673,4072.29869620206,5169.929853308649,4577.620312885069,5405.792129582953,4604.662803452713,4182.820794813471,1092.294409472556,366.47609043565177,2729.369213514361,1268.9308640556426,3635.0933785337616,1999.877644866555,3610.102986232526,941.2332791316932,3064.6707088300695,6515.619283083534,4561.145530864478,2836.968942202928,3009.644391200562,1929.4589034244812,3799.2865387760635,6191.587508311337,5762.578019423078,2450.522366691028
4094.156277542175,4311.7105095301795,2432.9076090696494,1242.1728444012936,3166.552809162829,3204.3288560697074,430.6126836241588,2262.1816495429807,4778.372827793265,3802.934851132872,3984.287662000574,4729.359662471232,4601.555631010561,2174.86403104401,3359.7029632669914,1117.816304702163,3596.865406912525,6257.750578496798,4133.084841917716,2712.2698365232764,3802.4332590756935,2492.0545965730767,251.19919625866612,4202.969543973047,3971.95680916296,1357.6224695006342,1737.2971367952578,2884.603798325171,961.1883219619347,2081.119869880156,5467.4156290271185,2445.8050942497443,5551.905932712208,3561.7475024557816,2958.9071664425364,1279.208793761597,2485.8404799530076,4831.039124712716,5085.831249284722,4692.110508942645,2238.3270712210488,687.6015026888759,4011.979717247459,2581.7859093274947,3069.9252944529444,3136.221292118909,2682.5380389737256,2606.1036617571444,6116.910880736207,1025.1552369831606,3426.5496520063743,6170.158925541951,2531.1918788928274,2940.4264882069406,528.617806988187,4790.865922587482,2916.481465820416,3802.8737698294703,1703.1129226742423,2266.249692836383,1427.4310183353869,5422.307877252268,4250.809521814522,946.3467641715695,2382.8018950420533,4976.380345187454,3541.55618895564,5757.331839133558,5692.164385711467,3963.356709797012,1920.9055250024662,3726.1917270963127,1539.494179415109,1431.4255109260837,0.0,5856.1606014487,2810.388253746624,3744.4427134966295,3515.8062568748014,4118.441621220944,3462.6809933762306,3444.163899615987,1113.1320464010548,1180.9171430481479,2518.7219945428674,675.8781869397767,2224.5270079569723,927.4184800342289,2936.797883675518,556.3830173154103,1696.6215118950367,5095.773798191988,3255.127535002124,1407.5708163818972,2229.2578017145083,1152.937487971486,2385.238426766809,4847.343845187898,4347.436196500646,1942.4670450035949
3786.259295847816,6084.3290909908055,4832.79243690612,5851.241563567171,6929.804343315112,3420.6783196478736,6245.9906130062345,4698.874696054471,5089.396864808737,2353.2898944339604,2434.2200186265,1262.4262549210544,1629.9506010235405,3694.316563220456,4099.109825195344,6050.558618322279,2811.586988267658,452.67784509626733,2730.918746992301,5220.212381390818,5766.244319938672,3469.698090375155,5638.847408873289,1735.8515747796528,4293.455703747274,6171.4581096853435,4119.726665678804,7714.190308837863,6751.424647682295,5907.36296504371,1871.4816480687166,6453.664242347443,400.5447236763953,4541.11708009494,3685.8017757981775,4714.809362971211,3728.819812929689,4345.714535553963,1170.014827477413,2670.4684520604246,4130.592487068774,5190.993435289627,3760.315461765542,3715.980746723266,5996.957532718904,4487.888455755111,6099.787608553022,3277.278367544631,301.11594754346675,6496.510822380426,2439.1029622639953,322.05118902590675,6938.20939300804,7590.479133379196,5449.716584223898,2126.8694001207505,7887.50029269616,4372.133772585304,4494.307590606144,7888.682356421571,7260.971504615756,5338.386232678936,2151.4813288841247,6331.802253200427,5729.778657929467,2201.477871272841,3802.3798068643796,4484.362375744517,832.6525976768463,5674.870360550715,7124.928564071712,2993.0451032199635,6714.632439263447,7283.49285785673,5856.1606014487,0.0,3683.86332188492,2114.4003972478818,4755.194781445656,3414.348429800479,3836.4751654378006,5326.948606738571,6700.881098000845,7029.802286962344,6851.973080738861,6149.070396909845,3663.938154517622,5465.789035370557,5524.494449718001,6388.798822225113,4430.788197395696,827.2365981386461,3630.569851271973,4448.661277992965,5747.652827094291,5945.673067802669,3625.946263284248,1948.1347785707744,1574.9988701926102,5950.283457949966
1424.152306662809,5588.4467874322645,1156.6560722193958,3492.9239472718264,5311.83343358016,395.69255537095984,3074.201893138608,3245.3549175475396,5358.026198728408,1331.3294116431136,1339.2721169295655,2422.31692445745,3095.432018972473,1230.851180558397,3679.189151543312,2549.4433665318006,2829.189407813659,3986.4454137933462,1352.2111804644273,3994.5350493574338,2447.9410179581537,837.3285573178546,2559.1895754593875,2526.059877894425,4307.665612828019,3780.863799098031,1516.8728795215502,5495.733975867918,3766.827159263483,2228.107215704172,4160.862166792959,4608.109079346212,3509.868392958631,1386.2516605483293,184.3817419648708,1542.8654129780728,410.75132282440666,4983.978376486399,3391.3398684959307,3899.311187913706,581.3314601120431,2358.52290108131,1334.5399224316977,2527.479538641015,2401.101345096662,1063.3886212053428,4547.937291944558,1116.8776793745142,3981.844798679627,3761.2694016282585,1835.167786694176,3951.0307875191256,4920.392805027866,5481.988738011234,2288.858648197393,3660.7232420549085,5582.665936521456,4227.337894280986,1109.8249240600967,5076.362886820642,4190.147579127136,5927.919291112944,3066.0108259433787,3632.5401631851228,4121.862565486749,2228.6948954248987,885.7827160387587,5716.338996956881,3244.7018348392194,2453.2227368325125,4616.2312344545735,937.855852903846,4190.61982514019,4072.29869620206,2810.388253746624,3683.86332188492,0.0,1840.2555542252817,4260.142164290882,3855.3615340971587,825.322015270404,1938.849701857522,3898.146124851145,3926.8210077550007,4868.831902936987,2810.966627379272,1115.3797197461497,2074.927488179286,1935.1557138318356,3356.5637872768034,2381.1235627211786,2856.6833152040144,3206.0100689161914,1742.0125608023034,4034.6118022501246,3509.048082553586,2056.3726035337077,2169.217620295391,2134.3574009441345,2281.595984812824
2619.4003002962336,4813.135341357543,2971.498303891321,3840.6913662602465,5191.327655343765,1737.4899423953511,4131.750941199142,2889.6302690318357,4191.466461314107,836.3053358702194,1182.146633977359,1048.513766051739,1261.7102357708764,1580.205448683493,2702.1551305831795,3970.080392943196,1427.7824760831043,2513.953927383118,1653.0513516645512,3547.3398371399376,4238.157474574653,1393.127469405797,3525.016347870319,688.256432098531,3173.2293792491582,4164.056577401536,2007.1677790889826,5793.606915472434,4651.153597246386,3951.9852268651007,2327.81429714056,4614.821437762462,1834.183770124739,3063.8624107031956,1917.2600193998207,2609.7047837571586,1744.3372975502757,3631.7834319101407,1563.3916039409316,2226.2487473397937,2147.2631813508556,3085.7895656369697,2551.361172683515,1877.1201096626714,4239.958659814032,2849.116021639343,4351.017481492461,1169.0310240237425,2383.5161386046875,4427.148730957658,406.47458551427246,2426.274893402848,5059.556703315124,5700.918382482685,3335.9772600641327,1884.0530558442351,5945.107179072888,3165.1914072872437,2430.0041589663997,5824.895243150128,5155.8883743684755,4657.3696437592325,1334.8433991105476,4265.464027234551,3940.224436319586,1954.335581317088,2342.780860037916,4196.376268552785,2023.349466938423,4210.490721688507,5113.650809486017,1598.6565927631239,4691.064742752651,5169.929853308649,3744.4427134966295,2114.4003972478818,1840.2555542252817,0.0,3390.891801187705,2463.7532197809505,2337.207234034886,3740.4243185970226,4623.870624333363,4920.963044246624,4981.760371563852,4040.7128513806815,1553.7939476700249,3371.6268056665167,3775.32548327227,4281.391664696539,2412.9001770609984,1360.9128815005024,2157.445809717825,2337.992089965233,3921.407867088171,3920.709766682558,1633.4576350909745,1657.188853900786,660.6094483505367,3970.3858701966233
5592.91862408117,1422.2828328138535,4854.6465083366265,2508.9693150136372,2387.285287021432,4465.978053775567,3900.4340955696202,1278.8092425272034,1269.1980429787154,4113.79039977841,4467.3768732501185,4282.51558144626,3127.8375387006595,3045.0413054861833,693.162551155932,4510.395663898456,2037.4002194728457,5203.438574799649,4895.91539177813,931.9655520339795,6460.118600194969,3425.819868769664,3497.422229250137,3211.2173852931537,650.9192216120213,2682.4934722129333,2917.3526463876456,3513.287863021759,3843.7134596933734,5208.173971256529,3319.0738036762605,2208.7175857755105,4355.031308766563,5618.367284971142,4436.150129502495,3485.4848139839883,3876.6674971806647,1421.3144650966585,3598.3301377907223,2276.740800077602,4041.865127166541,3025.872864991522,5506.5064467977345,1738.1861313984762,6014.878634445918,5229.260114638399,1698.580976154213,3180.8737142124955,4877.77540848459,3318.5916773260915,3018.5293611354855,5051.740633249594,2718.0304157019655,3311.4677728006054,3576.5890753047097,2733.352922771957,3737.996954574736,478.15534723874015,3793.7426718389847,4343.5483387356235,4305.2463609714605,1912.9987475186697,2608.19523119436,3182.671721028419,1544.6041235993123,5343.557846613434,5117.555227879227,2346.734137122695,5119.354990983336,6536.470575604008,3392.0880412826846,4671.826792115157,3148.392637853322,4577.620312885069,3515.8062568748014,4755.194781445656,4260.142164290882,3390.891801187705,0.0,1419.9360629919224,5069.133013091391,5969.7830895999905,3530.540850836455,4213.017641644169,2621.4327755260097,4177.157930059264,3156.414532792865,3999.6015283856714,5681.255269028932,3726.8659333634473,2130.665380636997,4379.189279249301,1234.7550350077538,2914.22824085726,1669.9612313287394,2648.457554270032,2204.3910365615716,5047.631144449147,3962.9236562966994,5119.895652396151
4990.786819533068,2671.8422896769193,4730.132926223744,3431.221820479842,3782.2172619107964,3941.814436454867,4544.45765258969,2006.1518978387455,1764.9490558381567,3286.0996103103757,3640.257885096192,3152.6110026460606,1824.6676692756955,2815.7397161687372,925.7011859828203,4905.7444681358,1062.4915305813029,3853.299015388502,4106.573295226203,2152.4148192848425,6263.853139074224,3054.163728703489,4015.9156466888103,2064.5565331586345,880.8466355711421,3686.7928447204627,2907.3310630693572,4825.479631854745,4701.309186561229,5367.816250868969,1899.690309467572,3499.3512707707696,3015.0546057267356,5235.919820114991,4004.091919420682,3622.4221349787495,3547.1483028745783,1170.9421575364004,2244.51717412231,857.655582131312,3834.3923823761174,3485.3570984777157,4912.849931044098,1614.4476686362432,6000.691119084618,4911.095154038557,3030.6733492872504,2748.561066230292,3507.9625698003106,4244.380345652001,2187.801722662271,3695.849029698048,4017.1145253320824,4644.089246972974,3994.956345815058,1327.738237785219,5038.561991104308,979.6365286798978,3773.968545206624,5459.283136204789,5209.20551592323,2193.9622993909898,1338.4825526341388,4085.9000622243566,2771.5550548904853,4361.58795637151,4606.803406898649,1869.3669793109107,3877.3285735213362,6293.755798805353,4538.044636261966,3986.202812952949,4217.917656670173,5405.792129582953,4118.441621220944,3414.348429800479,3855.3615340971587,2463.7532197809505,1419.9360629919224,0.0,4577.496119596608,5753.262343662507,4468.5383302283535,5060.409939881354,3921.253637010108,4702.848492918733,2899.7287483930286,4311.108077562659,5595.769774289504,4479.716560258918,2442.016870713632,3156.2181378778305,866.1645052644443,3060.5981886626346,2855.23531440265,3565.312976685918,2009.9790141033814,4040.915592023669,2900.58018906787,5317.119952219435
635.8389104395857,6409.151578884681,1273.6724931535578,4262.018499766162,6117.185811793688,635.9012966255063,3666.0838931760686,4070.6561932445243,6139.591104365991,1600.9781303952905,1412.3390891089155,2606.2653744699523,3584.615830837386,2054.4950840067736,4471.607893387792,2980.8782001901723,3526.4073239665613,4062.011784196595,1141.2033887703808,4819.856928397875,1953.0713603204567,1644.768659480719,3215.1229591270694,3012.607894441293,5086.078289221372,4537.494476585509,2333.977629010613,6240.808466083942,4395.001989417184,2379.6683638072345,4641.569021955076,5406.1454317442285,3744.521042300604,736.0584247768645,641.9285648886486,2251.775255304579,1233.7142670894266,5727.44482019216,3788.8692171485677,4525.236752580024,1269.8216149089608,3094.6129804350335,550.7930337050391,3331.8562467076817,2193.4638216950375,677.4155737662072,5363.7591969313835,1896.1119547181286,4136.9833732634215,4456.045235915475,2448.972377647817,4060.1968066114728,5698.570749319518,6241.4972650276795,2934.128389960126,4219.9012060441655,6313.813734590291,5015.246274148659,1786.7337727084582,5715.257963117326,4774.490981549866,6694.565807340831,3652.6809820700196,4339.59644756157,4939.290665733796,1964.3471720571697,79.88334560470018,6417.462904894737,3244.1692273284693,1895.0353766856172,5332.500782728119,847.6243440581446,4914.759749099034,4604.662803452713,3462.6809933762306,3836.4751654378006,825.322015270404,2337.207234034886,5069.133013091391,4577.496119596608,0.0,1492.3851406017816,4572.381171323537,4508.498476179403,5651.24765856293,3338.367717872014,1938.6410604681316,2626.081355212744,1731.3620609086936,3986.115717968057,3203.436817590133,3036.0495996404607,3981.2824690717443,2537.3798221119755,4848.328621062933,4266.83515948308,2865.4210480391885,2031.0220464155477,2420.470027034626,2479.977916834745
1680.9107938852674,7186.772824007797,1132.8059987151378,4541.384594507054,6506.148558521623,2010.2212201379728,3471.988771947859,4802.677382990555,7149.783767930398,3071.4961200712914,2904.26786405662,4098.223749442678,5002.030442719936,2974.4402258752825,5464.084659831782,2549.363218138993,4751.66729137405,5540.591715707358,2610.0134101984995,5516.679988643894,511.44154204855107,2699.671294251395,3239.9092502576373,4428.009846911025,6119.043899889753,4747.806946142714,3053.4481550072214,6325.228482217066,4218.323774691791,1584.434594451914,6067.653375281419,5771.086293757874,5235.908465628196,803.7046580778292,1829.719234264372,2597.4572208459954,2206.64829391931,6850.101087897098,5248.346704399872,5837.545935512971,1944.5359127239083,3364.7600604444297,1666.4907916664285,4303.017403443774,861.064423877796,891.3083307778519,5863.397890428808,3008.53756645218,5627.090547027388,4460.251672209092,3772.0336699341647,5544.941578403599,5945.355342633526,6384.380144153777,2977.0660998373887,5593.334043242903,6343.365461093977,6015.898311604428,2201.0789166501963,5484.757375503953,4459.913096689217,7748.9183286140005,5002.463620773769,4390.50970134448,5470.926381747246,3357.5920763323825,1524.6012595875684,7621.93900357022,4710.551426659091,568.9045857584553,5351.631584284273,2339.7944041973,4983.195031927307,4182.820794813471,3444.163899615987,5326.948606738571,1938.849701857522,3740.4243185970226,5969.7830895999905,5753.262343662507,1492.3851406017816,0.0,4507.376307815113,4207.423834251192,5920.73914241288,3042.6941814886686,2876.094526047432,2518.4036557996424,578.9030941124776,3849.771724619137,3888.7732199968927,4528.4335195299045,5041.058751996946,3105.8758524763994,5348.1687733620565,4499.783437350736,3833.1222155716614,3478.7511417066034,3899.9709490192363,1737.0797948767356
5205.111906469735,3957.1797317607393,3535.183616820207,1043.6001912384838,2425.3702890717536,4288.5379024226895,1047.8081367373513,2464.707056896215,4711.376458574288,4798.787486491354,5011.777264556456,5649.6109896031785,5310.907405777284,3118.85188637646,3593.0439976613143,2016.9438462914625,4189.42742114349,7123.019339499368,5197.234792928351,2611.3606678030897,4830.538486406045,3491.4239819557865,1357.7143869223744,4989.590141035634,4102.188015815585,854.3086377755992,2665.814082165521,1839.8030239558254,407.6163757517601,3043.6251544112656,6059.503576872035,1803.0560920539883,6367.278807657947,4669.000475552021,4053.43360665128,2355.4483259439166,3552.6296638318495,4941.622777513476,5819.634199647431,5170.090582597659,3334.881009351908,1589.3904476764042,5122.365489849392,3139.0477258552473,4045.247285953851,4246.021102882674,2214.841304223849,3551.099688759666,6942.588016333967,224.53604866257,4266.255177996272,7020.925502627129,1684.1934572186178,1939.6429847459044,1639.784498926612,5371.581056058356,1837.9430743330981,3918.4840587415947,2800.240739998081,1210.1223190182056,775.7588175850791,5334.784896817959,4894.726861277757,388.5945813994323,2079.8727443863004,6019.753620078898,4650.9561061877375,5873.811782635361,6625.522780909971,5004.565708421462,857.7367723083813,4796.956723122067,592.6494391611284,1092.294409472556,1113.1320464010548,6700.881098000845,3898.146124851145,4623.870624333363,3530.540850836455,4468.5383302283535,4572.381171323537,4507.376307815113,0.0,732.4441663430737,1706.3493161920278,1497.7014458015324,3190.01440928172,2018.706317589064,3974.7561241359203,663.3740814668598,2297.6433834888303,5984.439611927336,3656.197446036524,2335.1199477467962,1925.4883323718168,906.0241616011132,3093.1618774580807,5867.663938607595,5260.079493588381,2891.8258397368954
5124.636816833462,4689.065875418685,3354.162985565251,1704.0713206309765,3126.872328021405,4322.47099814377,852.6191532806426,3080.694773097783,5416.670336791229,4977.089938384879,5146.679746755669,5910.1906153004065,5733.818083337664,3355.3160071623656,4217.30161197892,1658.4304297934837,4672.680786935589,7434.890957206031,5269.379323302223,3307.5753240730587,4469.737546823079,3668.8783237193898,1416.2486150425705,5359.878845009278,4761.139597904791,1568.8054671921564,2915.0233817618,2370.1716056490513,369.3820064445479,2657.4022326160934,6552.356206312734,2530.029621973822,6719.194299850542,4488.693576319618,4061.2940074045364,2433.4936345579376,3630.9425308858854,5610.687022615502,6228.4373977684,5714.341990873578,3346.133651167269,1840.052754403797,5047.635086585598,3628.9125240828002,3637.452204835274,4088.1927958476954,2947.164895483454,3786.9437252139087,7287.161110194421,911.742833696542,4594.830972463949,7345.10252658804,2368.5773570023,2518.031696357296,1656.2562296148506,5867.702874621124,2307.9511096513725,4579.8847229459825,2820.0803687641596,1278.2297961790753,265.9992424143347,6045.3991667588825,5354.655318309107,1032.2884967415844,2800.226203075209,6126.523459759622,4588.362949269925,6545.186989908539,6872.890102047682,4659.950065859719,1439.7834091126347,4857.8039637828115,1299.434746041524,366.47609043565177,1180.9171430481479,7029.802286962344,3926.8210077550007,4920.963044246624,4213.017641644169,5060.409939881354,4508.498476179403,4207.423834251192,732.4441663430737,0.0,2402.0206563068937,1190.681679534039,3405.380159470745,1882.5340152347844,3645.110351641223,642.218174523269,2748.73765501548,6274.8438152315,4221.273266905378,2583.02103981462,2643.8685345383574,1564.5659416288597,3502.211877454875,6010.72004760245,5527.874923452321,2500.7606376180825
6280.209328156188,2500.3864707818666,4844.190955442715,1399.5774994168778,725.4274157605294,5220.329104202244,2653.6485140696386,2153.317346944709,3540.6837138475107,5413.752636453295,5702.899218618193,6024.22038606059,5278.413612122586,3786.4679521058933,3000.8034326021752,3602.472961622335,4068.6888637026545,7301.070409947914,6001.718441485572,1768.858425580747,6306.321119017728,4228.878027144907,2692.784195316253,5129.248726158344,3271.3532595502425,1173.6780142905466,3385.2219392242214,904.2980721255577,2113.442410989711,4597.650554826019,5764.604910995376,421.9460202679958,6472.75829174495,5919.4560162477765,5047.3063804687945,3433.3275735526604,4468.747581525387,3990.547925669481,5796.019300102873,4751.897499755229,4385.241656483825,2594.104683457859,6191.681997176293,3148.9122574755875,5588.645027298836,5483.9906817143665,925.7541624886167,4160.480357898351,7042.236866757962,1619.6716453059244,4578.718403467612,7171.135092901054,96.69423822027892,741.4963735076525,2945.4462538394755,5106.749539135045,1120.2277780469472,3092.7763088456622,3898.1058719098432,1916.429691224022,2342.4086618863075,4095.6780894501453,4781.475212378811,1616.1127329304722,1159.289890366512,6714.8555053798445,5723.501499324692,4864.898444723076,6983.4178675559715,6457.725762967099,1038.5684527969258,5646.1653036322805,1113.8278579228481,2729.369213514361,2518.7219945428674,6851.973080738861,4868.831902936987,4981.760371563852,2621.4327755260097,3921.253637010108,5651.24765856293,5920.73914241288,1706.3493161920278,2402.0206563068937,0.0,3096.2333005781397,3890.6427225171933,3417.3277377349978,5439.619220188579,2292.4809812395392,2629.391986590246,6267.9636310158985,3311.250837874564,3127.490626692269,1110.672972922723,1423.4075708903615,3352.7774197350172,6494.48713682035,5641.384277305172,4455.88893459846
3946.451686789666,4985.846135501777,2163.8987203217252,1900.1125415177385,3774.500621616057,3203.2386844479756,452.29387764262293,2912.138053487506,5443.010713906414,3962.3741927336946,4089.7037578124164,4964.20148841775,5013.0931303537545,2466.502480329991,3985.5634511925664,519.4636890726817,4093.4409269079483,6527.9838030076335,4163.0950661147535,3386.6814670448416,3341.091707377396,2692.657319396584,692.8387080208495,4567.646081715614,4612.481943062433,1973.016559539732,2079.690805373722,3337.45326512612,1177.507434183326,1546.0261110527852,5935.712365579804,3069.725093532807,5873.1819540547185,3298.024498380356,2929.9003451602243,1434.9811594651687,2560.1314485897005,5469.301097045947,5474.0180384176665,5222.752207452791,2232.076679705247,1217.7610927390479,3871.351398503112,3122.5655693869744,2547.550202312998,2898.598025820931,3340.2097527748165,2872.663941132864,6423.405772024993,1500.2603070617447,3767.120118088087,6454.421100223629,3096.2435449379627,3429.972269064868,739.8548734258633,5273.0738042535495,3329.943965667441,4447.435327453341,1733.2536878278954,2453.985985314912,1454.1561712199277,6087.2943656081725,4707.573006500272,1480.513490821681,3053.6665015304143,5035.983505227653,3418.2036801655045,6389.632148868196,5899.228600571519,3520.720846856223,2355.313970063864,3748.789550598166,2036.7299596289147,1268.9308640556426,675.8781869397767,6149.070396909845,2810.966627379272,4040.7128513806815,4177.157930059264,4702.848492918733,3338.367717872014,3042.6941814886686,1497.7014458015324,1190.681679534039,3096.2333005781397,0.0,2486.9409480976824,736.209130186525,2493.9016408976518,835.8352584965533,2260.899176641453,5357.485638893399,3836.6974886774697,1785.7379625602969,2898.834249204325,1798.7018176810188,2858.2512555875837,4949.257808915595,4597.190392091783,1394.159624921766
2513.1493415553323,4473.34960773479,1830.5052661232637,2574.134267887749,4271.971117704449,1386.4656094173417,2593.696256857383,2136.1426433393904,4288.933770096829,1610.2815765973976,1847.2337464933885,2506.29435375975,2605.9442324633505,116.16197751846316,2602.077725130631,2435.935422206426,1962.7105536420802,4050.462290823728,2112.0783624023047,2885.7762731313733,3382.723116748547,338.65219548232676,1993.4233163412632,2110.964701520373,3248.7788820530704,2886.145506953694,531.5688517520565,4595.650392089677,3161.8931447564764,2578.382596877352,3611.1065074456055,3592.493505569634,3387.010278464623,2462.5466034493643,1297.072390643252,1057.4892780851253,720.7479156966047,3975.3713590915,3028.5420375575104,3114.874658370702,937.2821949215719,1604.747005596209,2423.7832278405185,1439.470773556726,3108.663119406154,2082.3499131149883,3481.2224494555066,386.93542078491583,3936.655112026071,3013.930036982942,1303.1915703629306,3971.6993557973396,3951.955357933209,4550.4718537159415,1788.416292412088,3005.577441041904,4711.095091258507,3153.9757314514964,958.6306073822178,4399.990941260335,3650.171456212434,4878.0541187578065,2402.144471189233,2862.8531106782266,3051.744673736975,2866.151382088881,1995.2887303144876,4767.264211797475,3467.7244269209164,3430.939432281048,3793.8164849007917,1758.8562145203914,3361.759868063898,3635.0933785337616,2224.5270079569723,3663.938154517622,1115.3797197461497,1553.7939476700249,3156.414532792865,2899.7287483930286,1938.6410604681316,2876.094526047432,3190.01440928172,3405.380159470745,3890.6427225171933,2486.9409480976824,0.0,1826.8113046740762,2696.3519846579748,2774.332848602164,1303.8572883322006,2882.3123572038476,2164.990271359435,855.3869424231348,2977.5917076766923,2619.792211853451,965.237771673384,2688.0503467370177,2127.5118272202394,2562.7869952575065
3244.6244352844597,4986.464581861983,1517.2218347031524,2069.1045741636644,4034.7614538559774,2467.6407545041884,1043.1878605452614,2723.3786250677667,5264.714007620357,3241.087211609092,3357.889529807823,4261.446896139502,4410.9668122598705,1825.0641767532447,3694.0962903773907,621.0212247137774,3586.1625659583533,5833.606335571506,3426.9747128913864,3320.6675516409346,2889.128312457583,1996.6205994955574,725.0178100943452,3934.8512010008712,4349.8850026248965,2244.405704252241,1496.0185963449787,3811.9322222407104,1786.1619520438226,1253.1566755809106,5376.879970745581,3302.6955973484746,5205.236355205785,2653.706826582959,2195.933454731268,776.4312265036745,1829.3761118545303,5188.7265347329685,4850.370531702089,4741.798428195467,1495.8718114497644,998.3423802689133,3166.6505294159006,2697.7324995182526,2197.3650302935557,2235.956011100621,3469.0235221563426,2204.7140217590577,5745.690529579364,1950.1178739812112,3127.6235284423224,5766.221637700896,3436.7607924328977,3866.2431479626316,485.8114719703516,4734.113649903749,3840.6020025153607,4200.167442206322,1003.6335710512079,3103.519987795149,2148.5040590766866,5904.920387771963,4148.808268129536,1873.1909172919345,3117.997617604125,4299.878700354813,2705.934256073676,6083.626675054938,5184.474978342262,3043.7995181999095,2845.410283764364,3012.6982927900367,2466.7772872799032,1999.877644866555,927.4184800342289,5465.789035370557,2074.927488179286,3371.6268056665167,3999.6015283856714,4311.108077562659,2626.081355212744,2518.4036557996424,2018.706317589064,1882.5340152347844,3417.3277377349978,736.209130186525,1826.8113046740762,0.0,2022.3753424886295,1385.6890247743177,1918.4730900109075,4663.52737746022,3456.080587448447,1261.9020315210685,2976.483986694704,2009.1948821597668,2357.5417236778653,4215.774653156167,3902.0080946601074,1140.7520565311288
2079.3080204320377,6839.128859178631,866.0146074899662,4079.53446489339,6048.372277645945,2114.685707813811,2931.670211699297,4470.218645470712,6894.814096146466,3199.246698341658,3092.042443527094,4270.60649940556,5027.89759391418,2780.9397630387466,5221.369502204762,1990.7218570390496,4638.738394331912,5775.768121655336,2871.3571881507532,5159.760814110378,866.7620303555065,2583.0122587033925,2747.2797170153613,4460.320980385604,5885.243942150996,4266.401917730912,2777.4507343425557,5803.967375773317,3671.409014404279,1007.0511073093564,6091.829131828059,5314.075709819441,5393.9662866912695,1192.0597578783538,1875.9660106350539,2224.5897453732905,2105.303153175333,6651.811056488301,5323.900798218727,5763.920049905706,1767.281887728158,2929.5398107445135,2044.9580328026293,4075.311191070076,473.21163800249036,1054.4945896044226,5441.146835659189,2896.9588291463515,5825.565888448949,3940.2474645672955,3744.32089779068,5764.538673524881,5458.970085352182,5873.479835175226,2497.4875129833986,5570.396904554379,5812.698410015868,5768.8468473274625,1889.0902078717684,4923.31264185345,3894.742545369206,7509.361946212541,4968.047073048524,3880.292461030869,5062.740837028596,3684.621316313659,1785.0614581052944,7461.998066566487,4969.453829802727,1030.0169416276606,4825.583141703187,2542.709816774616,4469.359905371014,3610.102986232526,2936.797883675518,5524.494449718001,1935.1557138318356,3775.32548327227,5681.255269028932,5595.769774289504,1731.3620609086936,578.9030941124776,3974.7561241359203,3645.110351641223,5439.619220188579,2493.9016408976518,2696.3519846579748,2022.3753424886295,0.0,3313.239417206369,3563.669809553349,4707.153853943697,4836.274223134996,2773.7372774011965,4932.46043808402,4027.4089739291444,3618.553403018947,3762.3616881400435,4028.0447981253888,1160.8871022084797
4613.254149311199,4354.607532148908,2900.7519263804684,1258.1052848092643,2990.5068443489645,3751.4857364636214,384.591557620549,2534.2169852938796,4963.742037992104,4358.37416169149,4540.600732346877,5275.966503136748,5095.013846956061,2720.5694750989173,3665.284184720197,1355.2930238133006,4046.721703539422,6795.305693160831,4685.490900953815,2856.267454017043,4167.688927973392,3046.8406664980034,803.8452668181853,4717.786549197197,4239.513059846024,1234.3341725237945,2277.1860768610895,2502.2554789367537,410.68141638135984,2380.999649361797,5925.579685548495,2312.264260069986,6077.1454625723745,4038.6112169953917,3500.958473070482,1833.2519451275648,3039.240175515584,5096.635003494954,5587.986805780414,5106.522222779902,2780.698700019475,1198.1952427751498,4532.817642214388,3008.7822525415495,3382.8037221856366,3621.610580438625,2645.9221115040405,3153.453986814616,6645.419695393964,675.7286346581741,3953.035907981864,6704.499526145855,2284.6975863951884,2594.7984866228053,1067.7061242991915,5242.776648303167,2500.2165632330734,4062.3576057252767,2247.013776332713,1729.3139993349964,876.3364539496231,5602.059877636885,4721.965743010002,689.9797108589498,2420.8458680190693,5531.558564118886,4065.525017847141,6030.441129784454,6241.649538837389,4342.741948665382,1520.1494957865164,4277.32239146408,1208.1261942909773,941.2332791316932,556.3830173154103,6388.798822225113,3356.5637872768034,4281.391664696539,3726.8659333634473,4479.716560258918,3986.115717968057,3849.771724619137,663.3740814668598,642.218174523269,2292.4809812395392,835.8352584965533,2774.332848602164,1385.6890247743177,3313.239417206369,0.0,2123.475301986816,5636.913710892602,3629.1204416952055,1944.1819848154648,2261.8924365004627,1129.7606416321114,2864.7958913699244,5403.712985419007,4892.236616254062,2229.7585166694616
3800.9639571804673,3299.2952950040712,2759.273571090043,1429.5928321438241,2971.2870632010636,2685.136612761816,2127.023405409776,913.9791406656936,3376.870347513212,2784.6441913379167,3075.342656694535,3460.715974916896,3013.849935867743,1191.404141146068,1775.641579131329,2485.3021340684118,1924.1394278162384,4863.04655110806,3391.1876938478354,1642.4466603810913,4365.240167030905,1639.1594108011582,1575.9919201220546,2704.047179214519,2433.3318553409435,1752.6933490807799,876.330283156984,3396.6010655631903,2419.522399847747,3087.875433150275,3803.7303360970527,2305.7916105331374,4084.7676189477415,3636.6050240620025,2565.5001048528534,1354.9726120604798,1970.6277525235453,3270.308664812238,3522.002572756016,2996.423486652212,2022.121145251688,1043.878331295846,3711.2801099310736,887.910636891461,3885.726276304212,3219.6121497815534,2177.6453963972185,1535.325310876167,4661.8934934477,2083.7757208435364,2026.2688940695905,4752.475699036241,2698.3152098011087,3322.105895223691,1559.139542368803,3119.7752952187116,3538.765574338176,2287.8584582255085,1689.2996024533363,3463.491470701206,2942.504389757983,4010.2978744289053,2610.4431475663287,1916.8639289331416,1748.4913705217423,4085.594774892023,3266.439372493082,4169.247191655587,4436.173646362932,4457.67622061383,2704.8706388764695,3055.8428247938414,2287.3599066959273,3064.6707088300695,1696.6215118950367,4430.788197395696,2381.1235627211786,2412.9001770609984,2130.665380636997,2442.016870713632,3203.436817590133,3888.7732199968927,2297.6433834888303,2748.73765501548,2629.391986590246,2260.899176641453,1303.8572883322006,1918.4730900109075,3563.669809553349,2123.475301986816,0.0,3754.0971916439507,1575.9221928794586,789.9748116142692,1674.3814908323611,1516.6383402660636,804.9270681161119,3867.015724732704,3070.7152420524117,3007.7640812071677
3038.6362970717632,5767.3962064097,4006.4331973216526,5183.597758493612,6412.6753172529325,2598.2094416026202,5474.890601266294,4131.4078147959435,4907.760943701414,1526.4691475155994,1625.2274927953931,437.16014533120443,1351.1563381685337,2922.314388989145,3694.3661237723854,5240.6833537585535,2351.1645143868604,1170.6123466088168,1960.8224444518169,4720.56405948717,4979.29132010018,2667.7217310261203,4871.374874458442,1178.3980516807555,4004.002554870813,5506.509700856342,3359.929475514181,7104.861784076873,6010.033371860758,5080.326542919264,2051.499530227097,5884.370104536423,722.274817936359,3752.3629305025916,2860.5057415521824,3922.6997946991814,2906.8803919406455,4217.5205812971435,1123.7667717302375,2556.865836662143,3307.096910487051,4443.641306541292,3004.07257795763,3120.6905656706817,5180.122854991955,3677.3039119659393,5572.876764318856,2495.884883060916,1125.5123286277228,5786.786391205572,1728.7055124066096,1107.2247835724238,6349.994536523714,6998.2585784717185,4670.566871152258,2029.631781681101,7265.828230996519,4050.53752755767,3682.754855403764,7184.193006970581,6512.430455961124,5247.596371634159,1818.4768536445551,5624.5574985844005,5180.776406507813,1591.1009936933608,3006.6477026166535,4526.813239868528,741.5997607780088,4898.086333174315,6458.957188488324,2188.8426775839785,6039.788297423759,6515.619283083534,5095.773798191988,827.2365981386461,2856.6833152040144,1360.9128815005024,4379.189279249301,3156.2181378778305,3036.0495996404607,4528.4335195299045,5984.439611927336,6274.8438152315,6267.9636310158985,5357.485638893399,2882.3123572038476,4663.52737746022,4707.153853943697,5636.913710892602,3754.0971916439507,0.0,3180.817158516503,3692.751711597464,5180.870172033362,5268.724683308666,2957.7890306451877,1285.427317877211,761.5247219624584,5124.055202104774
4460.736336721215,2656.351264828129,3976.313516077172,2633.6967817478535,3308.389719058503,3356.4907039251584,3682.303964328448,1231.2589382327342,2158.6539500021768,2898.6153472597916,3254.9761874798714,3057.886168733722,2009.367656984654,2067.8393493330186,544.8336720890145,4045.329722928034,831.259020037076,4083.133541710582,3695.4829874690267,1598.9274128530665,5547.1607274851885,2374.136578313051,3149.88774525379,2003.5095890491764,1104.8281433711754,2910.333050149759,2091.9801631803302,4206.819632471186,3866.988283305886,4542.759678912919,2474.6907670650485,2895.266793234261,3236.0983287560966,4590.660389405538,3370.3779784270496,2787.2005459047978,2857.5411640909047,1815.6096704578324,2514.97729054757,1518.8875877513117,3099.175272506542,2619.1935477381203,4377.164610901903,775.4962317929088,5222.044075707999,4233.866579691075,2491.2446684378474,2091.2601779388906,3787.5242193945114,3431.6993656398577,1791.78272045692,3940.172418843115,3403.6386089610046,4051.082165823103,3130.4441381331185,1801.9851013426826,4404.80743964512,1046.3011058161028,2976.7552313707292,4698.852034934703,4380.860340970139,2722.457904757573,1493.8495914709754,3269.488544149528,2155.4697162941075,4111.292405882244,4021.218960170784,2653.1176229172343,3922.370056107022,5595.183877552551,3805.262138104286,3500.748001205743,3455.298373219019,4561.145530864478,3255.127535002124,3630.569851271973,3206.0100689161914,2157.445809717825,1234.7550350077538,866.1645052644443,3981.2824690717443,5041.058751996946,3656.197446036524,4221.273266905378,3311.250837874564,3836.6974886774697,2164.990271359435,3456.080587448447,4836.274223134996,3629.1204416952055,1575.9221928794586,3180.817158516503,0.0,2216.1046530461963,2204.754789797723,2762.7135519581107,1217.7213555571739,3813.489480683014,2730.728318914388,4484.544679987256
3159.536310998181,4081.3500060745832,1974.0995466432282,1763.2414509062564,3580.4758538262763,2095.019773675895,1805.7398330656608,1700.1587335484296,4148.620362440628,2465.5067282944087,2693.1833657625316,3335.462353992322,3231.03238419317,785.3162076342239,2509.0034975912254,1874.6524775637752,2331.2296464711494,4851.881332558021,2924.168994175952,2411.797806607345,3577.940641869985,1167.6593738710785,1196.601196880983,2805.5247176735047,3175.1728368846316,2063.8667884214333,334.29502721548204,3781.6211910018174,2320.9127431254283,2338.157290545698,4152.740104913863,2869.2944885521947,4145.618992599417,2898.3196420912577,1921.756234402532,580.7627737768665,1341.5536120353145,3989.9941578264247,3700.853949011903,3482.1358538006525,1294.0697646390624,755.138517747572,3070.43952053855,1446.6887892508187,3100.934422352075,2471.8571968530055,2842.900747405192,1219.1856484990294,4709.585272111865,2158.694132797882,2020.8141433444594,4762.978416957713,3180.4262179363636,3753.4787271507216,1047.4450890700666,3495.873274620806,3885.0294412027306,3041.17997014399,904.8988129873967,3545.2192661889057,2819.7584112175286,4776.125592118574,2923.649864853348,2008.4598426147336,2425.999239055528,3709.575488999516,2606.9817111080774,4863.185302209757,4305.622509659201,3674.5204218435088,2950.2056573210284,2545.4927666707285,2518.2844634832263,2836.968942202928,1407.5708163818972,4448.661277992965,1742.0125608023034,2337.992089965233,2914.22824085726,3060.5981886626346,2537.3798221119755,3105.8758524763994,2335.1199477467962,2583.02103981462,3127.490626692269,1785.7379625602969,855.3869424231348,1261.9020315210685,2773.7372774011965,1944.1819848154648,789.9748116142692,3692.751711597464,2216.1046530461963,0.0,2323.844897279722,1793.442215656808,1097.3286226053706,3540.7867313348593,2949.9192926875135,2272.081058467105
5458.67121992752,2096.6971109499814,4224.990071866441,1010.7082572280689,1300.2324261592619,4353.719259083204,2526.748344173001,1051.1188643431344,2792.3242190354617,4414.67580504775,4723.47632436842,4954.527060187784,4168.264042205579,2865.6645121901483,1929.53412946908,3337.618382943892,2958.405520328983,6197.745998097212,5058.610870414228,742.0513893612758,5783.954857051532,3313.5034129965825,2309.8519303167463,4031.248028382773,2294.4455029416144,1075.1011768545322,2517.832688497788,2002.0744118960715,2282.2842870056747,4226.912988127979,4668.343905046092,706.1204235574836,5366.22354764037,5216.795893897422,4218.2332357225105,2757.2692360123265,3624.5028240057973,3089.782861021143,4685.568695116741,3667.7990810818687,3617.9101746356273,2005.5127204146577,5369.020769216301,2061.3105839317373,5164.201919536164,4786.46864519397,519.8499896585553,3197.0878704209863,5934.294224370409,1732.127350575875,3515.496598923117,6065.996907446954,1201.1830467842944,1852.1667756079635,2493.484990678709,4004.3223211331274,2201.7843985606314,2109.389160795134,3191.651710021787,2674.426360956308,2697.3000619606637,3410.690999376079,3670.8151908983377,1623.335561344296,158.9952684736247,5720.449693031571,4914.8923686531525,4007.8847806505114,5903.609878986669,5908.504055949865,1724.8490697826287,4729.530797206209,1486.7586964030177,3009.644391200562,2229.2578017145083,5747.652827094291,4034.6118022501246,3921.407867088171,1669.9612313287394,2855.23531440265,4848.328621062933,5348.1687733620565,1925.4883323718168,2643.8685345383574,1110.672972922723,2898.834249204325,2977.5917076766923,2976.483986694704,4932.46043808402,2261.8924365004627,1674.3814908323611,5180.870172033362,2204.754789797723,2323.844897279722,0.0,1132.7480798187212,2313.473717667871,5481.528901834597,4577.026312143836,4105.33111846365
4900.539733455489,3228.0204472563364,3421.000406898105,139.86960825711918,2026.6444865622093,3877.4498772225284,1402.9210646148274,1559.8947636943335,3859.5135342186586,4211.88787771054,4466.348520373214,4965.3461737123625,4491.968286444707,2528.499548624243,2687.0341244176634,2269.6896714960835,3337.2601760465127,6379.271124933082,4716.368518023163,1747.8206787013362,4893.252398383411,2948.8905993591898,1291.2013238906627,4215.1214454196925,3204.1259189566813,271.831808604144,2091.03594613316,1989.531922647636,1195.2985751024721,3222.862630487374,5191.942664862546,1297.9225968046014,5595.524931326908,4502.7609746456665,3682.1600089193576,2025.899024306246,3121.8949353533662,4049.4335151189975,5007.518353601612,4280.413840191623,2997.0142596312417,1180.1996914022645,4813.118879421638,2294.9801221457233,4199.246835887121,4067.565266189837,1543.2560345700904,2940.6894827482206,6173.017251847998,683.879481572594,3540.063160812389,6267.536935684145,1454.9805356763368,1975.1141358901264,1529.9215555632259,4504.640547505205,2092.830589740125,3021.4687203221215,2493.4854840856806,1970.0472485443083,1668.049486907388,4492.83657619215,4052.7105483857345,536.2313506836392,1291.5890852658983,5485.535606970937,4341.230791850624,4983.387329591088,5942.916567408969,5040.382955457354,1193.892986774359,4338.825912012719,771.0765325705354,1929.4589034244812,1152.937487971486,5945.673067802669,3509.048082553586,3920.709766682558,2648.457554270032,3565.312976685918,4266.83515948308,4499.783437350736,906.0241616011132,1564.5659416288597,1423.4075708903615,1798.7018176810188,2619.792211853451,2009.1948821597668,4027.4089739291444,1129.7606416321114,1516.6383402660636,5268.724683308666,2762.7135519581107,1793.442215656808,1132.7480798187212,0.0,2320.3184339372474,5297.525991180883,4574.363602746288,3088.5704019667414
3402.0641900424216,3556.148264243492,2759.1027352605047,2229.2394746282866,3603.8512274876166,2269.668734226209,2810.431044291427,1325.574943013785,3323.8909039678188,2112.067040964846,2435.601484167104,2680.9138041699516,2232.4132888808917,860.531804438395,1636.879213105842,2971.9452538075125,1236.9911730570275,4058.9747798164503,2809.2478157772057,2051.0298084379465,4336.705763882304,1221.4419509612399,2216.8163180002084,1899.9543445462048,2286.295622076244,2551.288288732969,899.9298141521925,4160.354959045322,3189.0872953365515,3359.7186416075083,3086.1548419826568,2995.0361324746987,3280.4291767953173,3423.675468969715,2231.791733231845,1628.141103791683,1679.3605846279706,3033.2843578207435,2732.723811870127,2384.8392550075573,1888.6549605324944,1698.4388025257194,3314.4553097798744,474.41029421061245,4006.6138238004664,3047.5127464745733,2772.5078302417833,990.0063298287538,3857.3845172707374,2882.4750858560774,1236.2180714501794,3947.680402196713,3429.02561068447,4068.2837458232925,2119.7977632689394,2416.496437656178,4313.867817624573,2188.864774780754,1766.8044836894092,4267.1335403479,3710.2592629406636,3916.175623985855,1865.6861819293192,2716.1737625028704,2349.3191567194526,3415.381463032936,2915.040429229927,3857.6156411257457,3651.037301295756,4391.557188767101,3504.8600028888454,2528.74157285279,3090.3133098496664,3799.2865387760635,2385.238426766809,3625.946263284248,2056.3726035337077,1633.4576350909745,2204.3910365615716,2009.9790141033814,2865.4210480391885,3833.1222155716614,3093.1618774580807,3502.211877454875,3352.7774197350172,2858.2512555875837,965.237771673384,2357.5417236778653,3618.553403018947,2864.7958913699244,804.9270681161119,2957.7890306451877,1217.7213555571739,1097.3286226053706,2313.473717667871,2320.3184339372474,0.0,3169.3133979415798,2294.065525431434,3313.34038832988
1861.3132527613398,6469.7305040208585,3204.6306966067086,5241.9146044289,6773.043941834425,1805.1941265448431,5165.699960359002,4482.633230674355,5798.713924441177,1086.564933188072,864.0591588710807,991.0254443943408,2417.4323308717458,2772.031152041766,4357.832189304448,4716.755260376035,3055.6323279545595,2084.434420907984,893.3798259514255,5172.788324907659,3882.4692330301855,2376.5399763126225,4601.448277238374,1992.5606877191974,4805.123309307369,5559.67690577519,3219.380170908058,7252.517853202776,5805.481048390822,4328.092567617865,3293.0569091488537,6154.4294507846125,1985.5948852094684,2676.4387455215556,2095.367022827743,3577.2308276369304,2390.5816458130016,5184.212423523172,2351.5195326107755,3615.1015323469132,2729.090961527666,4278.287223857814,1846.3123064931349,3491.6054426416795,4223.3996661558085,2708.064719185455,5939.744547983523,2357.5551614927276,2234.237112541997,5698.038376134457,2042.6956652815413,2111.939079364744,6564.8701881772195,7187.693173026378,4354.596265924545,3139.1670878519676,7380.5415929136925,4808.953413325607,3216.664510987274,7075.125517943127,6267.439055908322,6221.540258042296,2757.632537840022,5549.168645053508,5518.273330189164,330.42020559433104,1979.6717233998668,5627.108426366245,1238.3400628765105,3772.1833865505528,6479.4078088975075,1268.902079122735,6047.632911009893,6191.587508311337,4847.343845187898,1948.1347785707744,2169.217620295391,1657.188853900786,5047.631144449147,4040.915592023669,2031.0220464155477,3478.7511417066034,5867.663938607595,6010.72004760245,6494.48713682035,4949.257808915595,2688.0503467370177,4215.774653156167,3762.3616881400435,5403.712985419007,3867.015724732704,1285.427317877211,3813.489480683014,3540.7867313348593,5481.528901834597,5297.525991180883,3169.3133979415798,0.0,1143.348780287538,4404.115340485306
2542.072223496807,5380.076450171038,3290.633008178366,4496.730279171745,5840.841449040112,1914.6870984808463,4721.208028660673,3540.28680835508,4661.687504739995,831.3094811470643,1037.0637926000504,391.11793624174277,1319.0573716396873,2172.588814576058,3269.8092781966657,4479.979109678303,1939.8999294107932,1931.8174521897765,1468.5143928371967,4182.171353153526,4372.8044095716195,1906.4023105895044,4119.881218518928,850.3782191360499,3681.115576400719,4820.0731891606165,2615.9072152652893,6454.14025862872,5270.557094660867,4344.389050076662,2298.1646423322236,5272.45071881701,1375.5112666150721,3154.0885361235505,2158.0607904035055,3162.7530103384615,2154.7732126200663,4040.8921559914215,1390.2292796819515,2486.60719023693,2557.7581467075815,3703.7624457948164,2491.2223024413142,2524.7824884536094,4500.817041245957,3024.9390079484247,4999.741602599578,1742.4247908440702,1865.7588325667919,5067.298547587067,1062.883632080671,1866.6187056763897,5719.529057974004,6361.353888156278,3914.2994709042127,2036.0458843164608,6605.061003431989,3695.2547201113216,2922.333073343968,6465.114626857362,5768.4760278543245,5078.315844137699,1616.9744022318348,4907.186214424108,4592.370824287167,1469.067242492324,2404.0173959824,4499.065159777196,1369.2689765718053,4312.71772797212,5768.005412613012,1585.3622602764965,5343.828323994793,5762.578019423078,4347.436196500646,1574.9988701926102,2134.3574009441345,660.6094483505367,3962.9236562966994,2900.58018906787,2420.470027034626,3899.9709490192363,5260.079493588381,5527.874923452321,5641.384277305172,4597.190392091783,2127.5118272202394,3902.0080946601074,4028.0447981253888,4892.236616254062,3070.7152420524117,761.5247219624584,2730.728318914388,2949.9192926875135,4577.026312143836,4574.363602746288,2294.065525431434,1143.348780287538,0.0,4382.220287981995
2991.9273817038074,6127.112983437794,1212.4759939974072,3165.0554279483003,5108.839102425716,2606.4696527467954,1845.4602964780897,3849.593809189224,6379.186120547512,3606.8866434452857,3611.516792244638,4693.829760128184,5141.853134539143,2605.8423082550485,4773.2619025672575,874.9342795941874,4489.965697912736,6265.522635948896,3527.715962642826,4460.757551151261,1968.9830301401794,2598.8458506348543,1805.5130544911603,4611.517265793765,5436.650046864245,3300.076906606874,2413.4550335007284,4731.606015637925,2558.8968848925892,156.69299323517953,6168.100540857372,4385.671477255108,5749.282191457643,2187.4600363410073,2318.365541194917,1697.3544371574253,2236.0259187657016,6260.290289983205,5523.879761985048,5653.295253076121,1830.078795923826,2138.9673192961595,2934.8276962796303,3710.7536263003235,1153.6475570593473,1874.7375749456241,4588.7072796527345,2881.6471781071673,6245.318900748143,2887.336534367443,3820.0710668208785,6225.444442885182,4463.453843484437,4822.0586656190735,1614.3099582775294,5568.277382643666,4721.365198131256,5294.939093022506,1604.552879389458,3777.6137080527437,2744.8161192497028,7015.854447202635,4964.8439152847495,2851.9818853087054,4249.829753087175,4402.567931917576,2553.1575547249336,7134.739825094675,5524.031945121335,2160.4871390225867,3749.4716533837136,3135.2985088281466,3423.760413285953,2450.522366691028,1942.4670450035949,5950.283457949966,2281.595984812824,3970.3858701966233,5119.895652396151,5317.119952219435,2479.977916834745,1737.0797948767356,2891.8258397368954,2500.7606376180825,4455.88893459846,1394.159624921766,2562.7869952575065,1140.7520565311288,1160.8871022084797,2229.7585166694616,3007.7640812071677,5124.055202104774,4484.544679987256,2272.081058467105,4105.33111846365,3088.5704019667414,3313.34038832988,4404.115340485306,4382.220287981995,0.0
