0,100,1
1,1,1,1,1,1,1,1,1,1,1,1,1,1,1,1,1,1,1,1,1,1,1,1,1,1,1,1,1,1,1,1,1,1,1,1,1,1,1,1,1,1,1,1,1,1,1,1,1,1,1,1,1,1,1,1,1,1,1,1,1,1,1,1,1,1,1,1,1,1,1,1,1,1,1,1,1,1,1,1,1,1,1,1,1,1,1,1,1,1,1,1,1,1,1,1,1,1,1,1
distances
0.0,4838.337276065198,2724.3499502791487,2392.66939054981,5541.7440122526405,3406.8851019787853,3228.77426575535,1335.5694759165467,5057.405131012247,1942.0654320104666,4787.109385530793,2141.7944315895493,1761.712254344619,4329.94804918581,4054.306836073708,6651.312614589695,4036.2724343776645,1278.1942980756091,4026.6742767422847,1002.6356060428939,4626.6848270826695,2614.3011201514255,2199.3110998830975,3968.7722874346164,3382.9329479352677,2711.698946015394,3729.6539913355227,2346.9850338717547,2727.77258638179,1120.5608174704307,4894.214885098222,3600.527407292437,1999.6268800766309,3866.2731352000987,3227.0775512993177,3097.5383880483223,5215.846418202897,2918.1492725976173,1673.8099717856269,5282.864267806717,4576.644691397836,4757.769190946635,2111.815575189509,2998.3841970407993,4134.3287612876165,5559.931141538085,1296.1030380158825,2806.1278733357826,5237.524112179819,1250.801121627655,1663.7408058234312,2818.04592107155,2528.891739369244,3088.051057323534,4455.232161798642,3620.011918264635,5314.680096007661,4380.902303964561,3937.30655286301,4877.677339423857,3484.4831339756834,3751.0463259987873,5077.189961299558,2692.7391036127137,3546.3306727242734,1245.3550788020257,2472.286577228659,3575.8370383285087,5860.365502555707,4673.767441327927,2509.928226609876,4782.633789168893,2820.1201187958286,5177.551841407095,3024.8952469150067,2445.7110495136176,3191.2845454269664,3006.585566323533,253.98392740486594,4073.535328446287,2613.459132021391,1963.3728148698608,4969.985754660168,4490.884432684502,4819.070739091614,4303.235662353271,1948.5054470226662,4175.097676922182,3129.1183656084345,4047.1902723293106,2362.350271098679,4108.403886092141,4284.105180423328,2924.7855511083203,4278.674187123858,5168.5771040039635,4432.623958900416,845.4802864674016,5499.877482525588,2273.3139939291273
4838.337276065198,0.0,5446.36796227137,5960.685606943214,710.91580076687,2220.0659643562394,2676.1030724473226,5725.054125924225,616.2794963626486,4644.118679390095,283.6332749749225,3215.700418846569,5096.948022615298,780.7078742589955,2997.321945589429,1820.1362879943908,1731.8744539443383,5839.704491951369,2744.1069396486723,4877.088243246477,1056.3693636739945,6959.170287038606,4768.1808690595,5107.097191412848,4596.3264386002875,3461.4509312947075,4948.407278148495,3976.5886450901608,3469.0146223747743,3717.9729305835463,3679.461203224325,4833.003781111907,2893.7314744628607,972.5905367255018,5256.245445306564,2002.912898160327,511.38035368793754,2349.0824756410743,5027.503884032812,823.6194362598541,1985.28784783517,262.394931324902,4523.240756908369,2628.756202640709,4344.651694122326,2889.7962009894395,4727.333264446246,2600.4158846326864,1540.2406573613748,6088.667676563158,6235.507972502642,2251.2926026374266,2660.352840996097,5178.481246501622,492.31159266972384,1817.8395829533476,1437.6575249683074,2068.5220664194035,1051.989994933412,3876.116675150143,5241.671278837028,5012.611065041551,1193.7268337710266,2590.975510544436,5402.121119785542,3989.3437567860715,6018.9109675123955,2939.679175716969,1159.152454636145,1116.965506535005,6013.007587738852,4739.78065221356,5055.514523406396,1071.4946001487829,2076.8122938814186,2506.625336102905,2078.5502150164666,3860.0657923140375,5028.610140565084,2525.587382388897,4827.3726535621845,3864.622646062096,3837.928976880239,593.5367354915783,3164.6419359391984,2469.660608323541,3358.957222714365,2891.9360363778796,1961.821994121281,3635.1780080107496,4657.810869507048,4569.983115836317,4622.526161888973,3712.261822134048,4374.90987258412,2940.6626974782403,5151.439159545612,5642.056760364344,4529.6640483879155,2766.5864900306296
2724.3499502791487,5446.36796227137,0.0,888.3612076289692,6115.147618292464,3270.7698702943007,2833.5098062385455,1872.9892871519583,5346.573292336036,4598.077902879419,5260.638879764035,2337.3220892915037,963.0589244537427,5308.297070904943,6059.190765724413,7147.407777957685,3909.225617814991,2131.8360936866134,5938.432608383125,3722.617505029627,4718.214993645902,2195.091464007138,4866.699308279175,1592.0484419705951,1344.0693837120164,1999.5494225262348,1427.2646094305708,4799.734349501022,1994.9532253669508,2882.1847945917693,3447.332767123737,1371.48206920324,3592.037290015375,4646.7178897290505,5907.484559979992,3466.1462662451218,5605.514806767529,4572.2412292288345,4392.75450974272,5489.283123391341,6127.5797202342455,5250.07746226558,991.8719626368116,2824.733810625348,2245.3966764845804,4632.977688134598,1465.9574267010619,2850.202302270139,5031.0394185584555,3013.1453000008146,2223.5544634660964,4335.4959448452955,4284.108958443051,594.3006171467432,5273.668687560966,3664.4672110963143,5173.111416187554,3932.2650706024383,4395.419298934745,3314.4626373729125,6146.321687262797,6354.791489910979,6203.53821635597,4455.63080365923,952.8706135110893,3636.7991271457377,885.2163419577162,2783.3919436213077,6089.821879348278,4721.994695867521,842.8904249218879,2716.5894977876214,480.25765691449396,5225.965030520965,3398.341270921006,3962.5645376363273,3368.077450468887,1723.4170189611682,2909.5220573547817,5894.775361299699,5268.733141587643,4370.418435599045,3437.1639747997183,4898.0552474444385,3672.7520781491635,6081.343028312496,2267.46839959921,3244.279635219042,4545.748860852082,6270.619289665176,5000.742199391006,6582.97692203345,2228.0211859360766,5265.251267575556,6684.957452810751,4168.7663862898335,2095.469579091999,2605.226509820787,3663.1087074355296,3985.999412325596
2392.66939054981,5960.685606943214,888.3612076289692,0.0,6653.325480380469,3877.7856907370474,3472.788111605141,1224.2383964220369,5936.150938762677,4334.439754292589,5803.6765978401145,2750.500421776736,896.1363401458508,5720.243369799051,6155.468773157411,7721.579120235575,4547.511596249646,1455.556087035123,6068.367393609586,3378.997439558219,5336.075493049644,1310.4290831452877,4591.79631265641,2469.9068535904344,2218.0416065899217,2633.238667960996,2314.2872620400867,4673.245424116307,2633.916122875974,2894.288396605287,4306.208520598719,2259.6392083556175,3738.603109268086,5090.662048759081,5615.33558848071,3957.8520835075433,6177.522234631779,4754.137231208203,4042.22040025343,6101.35596694153,6387.425797044847,5788.186802400645,1464.6249684287789,3407.22447444045,3126.4621451045914,5443.601126267519,1400.8753265012556,3377.221214917673,5721.6261350214945,2336.6205506596484,1434.317795671517,4550.972552740128,4420.035127716521,1482.4381200161445,5728.326324657928,4250.72816862476,5853.607382082437,4640.911491078019,4913.551458082025,4183.238015732909,5876.1286054170905,6140.3961289318295,6595.360961685494,4596.556145908914,1801.1620330445012,3506.5430221920847,80.28147667426167,3511.0761027314693,6708.926310322763,5349.770354514014,120.42707498316145,3604.485076313953,1340.674457277754,5867.194620932904,3883.900367342216,4158.37765834574,3903.07926620521,2476.399119056741,2516.036941602011,6057.136535033201,5006.125944066929,4258.421564060091,4304.672641173658,5446.837491296578,4497.4261921006555,6262.796462326154,2626.342040173938,4021.3904471972132,4802.083996882396,6277.518133603838,4753.819334523558,6461.1250791178,3116.1744771241556,5202.999500757423,6603.8762908354065,4982.026656311667,2969.1865506202203,2020.8351996293513,4550.62504800846,4120.542398519884
5541.7440122526405,710.91580076687,6115.147618292464,6653.325480380469,0.0,2858.300949167005,3310.9066916411284,6435.598203596773,869.1024263140679,5257.913082097877,854.5651799979917,3914.931409080113,5795.7865565690045,1325.3617156270961,3354.6010939728735,1110.7769731975902,2297.3719812527097,6550.60820846286,3109.554884207063,5547.562283192231,1515.2490833315162,7666.296486791845,5363.624531458649,5684.06276618626,5206.958660479264,4120.023013318372,5540.240006602331,4559.569305725268,4126.279043910869,4422.109292578373,4084.8100205303303,5432.014152394119,3582.298086121952,1676.470395077706,5773.437819462682,2697.785585186673,576.9594769773697,2959.4764915491387,5663.2908680876535,888.0160056716319,2227.9302471976093,866.6451553577162,5207.6578018741775,3290.5623822675057,4879.084461810024,3101.043696644244,5434.16005682939,3281.7649920263943,1725.0828330967183,6792.484782056195,6946.398616069481,2896.375673762297,3297.439591954946,5821.950176615478,1111.0165740856435,2457.5353684771253,1575.1253429978196,2535.8509477908988,1740.2055173168485,4294.435734883571,5732.194501306894,5464.111922198244,1237.346815514955,3210.047384624875,6021.9208433420135,4660.662489230045,6710.105505950633,3524.2808563773688,767.773322657801,1548.9410129611135,6702.779736245031,5216.722087245401,5711.822910726925,1248.0777403254974,2772.9858372788344,3180.230294000892,2756.2213765829842,4492.566169545977,5728.321355525543,2886.228912123569,5389.227903900521,4485.265859001449,4239.6857881207425,1217.1529136086392,3557.98471723376,2777.8226866351642,4062.3613460800107,3390.8944200203287,2592.305751640034,4000.344330047727,5238.691632985664,4957.688968212608,5150.860994356575,4236.576449764361,4730.013342863422,3250.465809732507,5687.092394318207,6349.459424040523,4894.692336963581,3429.790597672108
3406.8851019787853,2220.0659643562394,3270.7698702943007,3877.7856907370474,2858.300949167005,0.0,456.04921852032606,3905.3398128184695,2076.070238954357,4114.97265287936,2007.9062155653587,1312.9435271316886,3076.218429241493,2283.0773229939023,3896.3472338220836,3876.6406841760563,683.5952670315969,4079.0232503051507,3681.8659251011572,3872.2826258696564,1458.8347820366776,5006.713138469189,4338.037170090869,2925.89905849843,2382.45016848055,1271.4027084484285,2749.8615111405147,3745.9641461040437,1275.8198978260996,2417.4192045040513,2069.478489616647,2627.6990885976647,2091.556090055918,1610.1062214391325,5181.543010102782,616.9016242238305,2335.8548066660737,2455.874090613157,4296.658352646858,2226.9726016334375,3434.2152468133095,2001.803196091464,2413.232342152325,476.85625967685473,2261.5774950562713,2220.854828707181,2828.854584549195,604.9088997799582,1904.5555919452706,4564.9443595323255,4437.645873909386,2179.502353469021,2451.1006605900548,2964.242658459998,2153.5924681726583,402.5598326025587,2015.303349008531,977.2889295827515,1205.2630542537179,2186.73588040074,5289.6611404157065,5249.906200105674,3162.9543156678697,2534.626630762409,3182.8841093184647,3104.2648488331342,3926.6905903480606,813.6812234954176,2832.9512753399067,1472.2228626957267,3912.8248410517945,2784.573064587281,2855.7646443668987,1991.875233095939,628.6971095273148,2051.690476359921,385.5796589344413,1640.153803824507,3648.8383545047595,3537.342690108636,4580.294238152937,3420.3743670003428,2211.67208242316,1645.3745275957695,1728.5534230841697,3634.2448734076793,1504.7833006742196,1118.394660259964,2162.3283945971298,4380.430371793164,4328.368223259778,5099.308651072221,2542.8345113327764,3836.449489888926,5039.255084637907,1903.323882975517,3040.680720930265,4060.349016874288,2927.9676417066153,2298.543932232969
3228.77426575535,2676.1030724473226,2833.5098062385455,3472.788111605141,3310.9066916411284,456.04921852032606,0.0,3590.5247332951208,2516.6691171214784,4151.068485162104,2462.200938998481,1087.0176958449206,2702.3751475367,2717.357920393264,4206.754077082473,4318.340681921703,1079.1296079790418,3780.6106954365187,4004.2879858534156,3799.556495034257,1884.755277869517,4637.771375232397,4389.3031942918915,2485.32819824123,1928.9853727869477,842.7398176453987,2302.555932483942,3861.819882543721,844.3217761043472,2332.8413568766314,1894.3516723156233,2177.7285429336685,2188.3172470071613,2038.5485528193833,5286.380828309667,926.8547897750763,2782.0836773303567,2715.2644513715422,4279.378379540772,2655.8034982454938,3826.346035426488,2456.748663389277,2011.243080353292,277.42973470772785,1870.9676114850301,2331.165031175828,2507.9389699245075,525.4857595520551,2257.443828780021,4330.386170293938,4122.351260696012,2432.957625492068,2650.531930788611,2511.0944488977307,2600.917591449026,858.3941776095643,2383.74826137493,1219.073313448375,1656.9915106825383,1971.0174920210623,5416.852843708144,5414.6569342503135,3604.624668509192,2757.2203021312976,2727.0376727351963,3096.729911847335,3518.065477341347,490.0696515088439,3257.3985494220697,1889.9723096609116,3501.4222585722223,2437.177017905757,2409.3023444609435,2400.026248841875,902.8576094407142,2240.1080091515682,717.4079812414973,1184.319214575614,3478.3613164293333,3874.4783052359453,4664.245007639501,3504.194723143393,2019.160390387301,2100.114255601348,1659.1285344219114,3988.232880710579,1281.0105622425601,1001.4356051993558,2465.4743516978638,4654.259166984259,4402.100013346812,5320.532058288626,2148.6452118621164,4019.652408977672,5284.985332530263,1948.5841503065756,2627.7899814578022,3818.200211243119,2705.8752331953515,2456.211448175014
1335.5694759165467,5725.054125924225,1872.9892871519583,1224.2383964220369,6435.598203596773,3905.3398128184695,3590.5247332951208,0.0,5827.691393261057,3236.2734656097896,5620.5250544532755,2608.545235641506,1079.4281952533943,5335.857268935143,5351.062361179694,7540.088216141771,4586.195151519067,260.5324216541959,5304.252454906158,2248.338138849448,5300.168108943055,1319.8485929548888,3479.6800899463447,3403.185319580613,2967.9067449679073,2843.0077341648225,3198.8261536358928,3682.493611999619,2852.035194806684,2180.7346873588267,4879.10556149557,3103.446505107507,3105.299544170417,4780.482556036577,4476.904946064858,3791.294786947198,6030.747852901827,4100.2744702717155,2889.864326564311,6027.502520710299,5772.651201943523,5597.4353526968935,1785.08930524862,3435.714134683501,3854.3014027719737,5821.897124970948,1082.5895814915273,3320.0474215456625,5809.863419148938,1142.6175664521352,532.5501500910502,3950.549652955649,3726.6642555306753,2403.1153101208024,5407.525288523855,4216.128633590061,5917.235683906802,4809.551648779957,4727.766406562194,4802.926541123547,4748.789826351656,5048.18199270678,6153.926589781601,3899.8668658846545,2818.4264058876897,2565.0665877707734,1294.8543384663005,3788.7596486557445,6630.519929088894,5331.273378445059,1343.5187811984617,4432.282369987273,2171.757482118342,5854.540678042813,3713.8489645526784,3556.736546135094,3809.3496132254645,2911.7986127349195,1387.6465383446898,5331.203689233793,3895.318023030469,3296.4527919522825,4914.466493631328,5286.895585230334,4948.106756878737,5554.088030995637,2429.498175833232,4370.8080103043885,4241.618324459191,5375.680522383841,3659.0441779732587,5437.06069914223,3920.846178942755,4258.065698597427,5612.956221436259,5382.193215301175,3906.33211673278,798.3083576569896,5300.141779706652,3443.6419099253044
5057.405131012247,616.2794963626486,5346.573292336036,5936.150938762677,869.1024263140679,2076.070238954357,2516.6691171214784,5827.691393261057,0.0,5069.579676252559,394.97352889782366,3242.7411765401503,5104.489979183914,1359.511889578388,3593.920813773308,1801.6782576078892,1463.5995865440793,5965.955290673405,3340.263575702522,5206.369950403832,657.2270646283521,7011.101654249209,5214.478109139782,4833.534072296377,4377.055588553223,3347.452168677844,4697.399233506558,4442.361253987455,3351.6943216864215,3944.043470877191,3222.799882594326,4593.638138472054,3199.5926436523127,1310.9669414798375,5768.750991114193,2036.6473290763918,292.30837048740136,2809.4540957746576,5419.666260641701,249.6407476074369,2601.2725369843506,435.57743793038674,4475.52978462595,2533.862497846519,4015.974660965007,2316.609370292713,4787.864413791706,2564.4277394492906,942.9572012610118,6297.338793076485,6350.815966121598,2667.5325653511713,3078.9275364647674,5019.615916334835,1056.4488258850968,1688.142187770035,827.1969104372912,1667.5555598794901,1120.66315185474,3430.327868323959,5771.699051575714,5565.0417319754215,1779.8075408408627,3035.5345064067383,5196.512217617505,4324.905815950794,5988.38060643777,2685.8776224312605,806.4489248117328,683.1667086531663,5977.029441712999,4347.641412321973,4925.8731128765385,460.52345295869594,2114.1019131555604,2861.7456713569077,2043.3549028301472,3684.8320359104564,5265.514303179225,3124.423069862499,5306.757246964383,4288.217806402212,3378.710245894726,570.020980565628,2697.3534393208465,3078.537006212204,3408.1311222973795,2524.0434364428047,2408.156797400244,4226.473317009348,5120.251865625069,5150.528775698666,4286.141678145626,4229.630740066678,4966.162273902958,2415.585095249803,4823.300741159419,5827.684590350442,4044.7289375167034,3138.1587230624577
1942.0654320104666,4644.118679390095,4598.077902879419,4334.439754292589,5257.913082097877,4114.97265287936,4151.068485162104,3236.2734656097896,5069.579676252559,0.0,4708.680806834223,3224.878063128899,3652.167682124412,3932.604270926074,2688.9772931350685,6292.622796939445,4558.584159258771,3117.2874903397983,2770.0910709779923,996.3615103570588,4864.928179963297,4418.478350926368,271.0942939587629,5637.995067294134,4995.405309631241,3986.60441881973,5391.191611043053,776.7569001431528,4005.9575829668993,1948.2279379015172,6030.580942987914,5249.307031452628,2038.4247957442528,3758.7582029649097,1310.9021560475062,3578.3009394472397,5125.089455192953,2299.8718660690643,516.6866996517333,5318.6650566157105,3596.377918557781,4670.466966200382,3826.0210374629405,3874.9882878050093,5582.523403309653,6315.045965539838,3132.252087516584,3629.5578649926492,5573.732163938718,2632.3476689968215,3442.542567794333,2403.5992495027117,1991.646595176965,4876.0992514009595,4167.03102800603,4142.9200347971955,5594.156073858683,5031.094333971089,4068.6064628022204,6077.30185568999,1550.6787149003499,1812.8663126720073,4406.011917792438,2053.533718862439,5330.771892957059,1089.8801182753994,4414.150995843822,4612.186061406022,5794.868455934526,4933.294730100057,4451.335976322726,6244.198880151881,4609.04103068404,5345.364079101815,3532.1000944397083,2241.591206294537,3770.0438344779222,4426.772315012937,1848.7297422094982,2907.5213747193675,673.8459727890346,781.6369146374805,6142.697789934403,4524.761059136934,5802.203745612954,3140.849921224667,3086.59110391464,5149.209781886634,2682.406189323682,2438.3340636723674,422.7948622795696,2243.265117938805,5788.39482783267,1355.654552789168,2465.162824878308,6018.282133103432,6049.993580165188,2541.812037755939,6782.260324413535,1956.872303629442
4787.109385530793,283.6332749749225,5260.638879764035,5803.6765978401145,854.5651799979917,2007.9062155653587,2462.200938998481,5620.5250544532755,394.97352889782366,4708.680806834223,0.0,3072.7341418328074,4951.314529341981,967.2994721310457,3202.7244617302,1926.8723196582073,1479.8601098948507,5745.8942532427445,2949.057086371337,4884.223243266631,774.6541372212505,6834.182230290468,4846.483732946186,4866.159068456353,4370.081273741371,3266.2016070046875,4713.498610915887,4067.4394854877683,3272.648676286686,3667.811560808025,3399.902930379042,4601.250724794836,2883.2676976569483,962.8107363760541,5381.963516711442,1854.0910712659181,432.06301415534284,2433.522364427539,5071.601961912233,636.1068423716254,2231.9628501695547,40.73167362139689,4354.950115221528,2436.166330541698,4088.803601112311,2611.2506502260558,4602.886156940773,2429.166897574763,1274.2892231357841,6034.006100905434,6137.255255974693,2305.1945235760472,2717.15091025011,4972.122479077119,663.878946173171,1606.0362237051195,1183.0748401014196,1793.3632345425729,897.5040780213759,3598.0162081861163,5381.234630073845,5171.184929105707,1475.4616850179473,2664.9978957079875,5181.206797759186,3998.631848862434,5859.654176858734,2699.313256591202,1099.1435339663333,833.8612942414345,5851.647343431591,4470.949279468623,4858.764854368855,822.1055256577469,1930.2834198661087,2523.125947021274,1903.1901691071234,3645.7771570936698,4986.657475376166,2734.3601003373715,4928.4486644846975,3927.0773533268984,3558.1922584188733,363.1375525568788,2883.5996136846043,2694.7300328663728,3225.789956549868,2624.9690429336497,2035.073499890606,3833.5534292478565,4746.941285680812,4755.897576062167,4365.253091498935,3841.0803251180523,4573.067917998267,2657.1029213067754,4896.666805181358,5575.672331576345,4247.756120733039,2794.024492154104
2141.7944315895493,3215.700418846569,2337.3220892915037,2750.500421776736,3914.931409080113,1312.9435271316886,1087.0176958449206,2608.545235641506,3242.7411765401503,3224.878063128899,3072.7341418328074,0.0,1881.3027271377673,2986.9733532745154,3873.096873667118,4998.92871870964,1985.1602691382375,2772.1748964416006,3717.678800190517,2756.797974659914,2693.8783242479603,3768.7196666147775,3480.1548829109606,2652.432058818661,1991.2818649648775,780.8081995887336,2416.212519086224,3074.7095641133333,800.4068959847858,1308.8457643351264,2846.079059756598,2269.4568424722247,1488.0609853070541,2343.307955347312,4445.266079552944,1218.6434563484925,3464.1799567880416,2337.39947476207,3284.0233833072816,3431.8399411664004,3806.7280871173343,3054.4699699314447,1355.62372850323,867.1035621308446,2392.0070341389046,3418.1786249798297,1547.896776659865,714.413124361528,3210.4051535687827,3260.01549615044,3139.032544338781,2074.2162875168056,2124.8703884787897,2243.179236765756,2979.8690872977963,1607.588874888726,3312.412734650077,2264.037129372661,2176.2673253904263,2870.404774259024,4612.224011817401,4680.9585721778185,3875.8593937671426,2277.794040621101,2607.791170820432,2138.441121917085,2811.484006352695,1459.6601135065655,4038.547108228527,2723.378704766746,2808.8607956830115,3046.2888359563017,2042.0082869677585,3247.0787624179984,1142.6074048180328,1743.3938615875074,1205.1737949793794,1276.4427831975077,2391.686892679726,3642.7638368480607,3799.965175753325,2672.7879574036547,2945.084103694324,2723.211197589346,2703.289497657437,3809.6473262611858,195.37182602668182,2049.423005612311,2243.5478224936505,4196.947577681309,3526.9465147251667,4710.9443908364065,2623.4375683827507,3363.4221164569876,4735.633780538778,3029.973729911532,2971.3218789707043,2752.006107106051,3561.5022270075865,1854.5104028379026
1761.712254344619,5096.948022615298,963.0589244537427,896.1363401458508,5795.7865565690045,3076.218429241493,2702.3751475367,1079.4281952533943,5104.489979183914,3652.167682124412,4951.314529341981,1881.3027271377673,0.0,4831.949043460207,5291.847629362925,6875.709426726235,3756.8674928771443,1332.6311204249278,5195.508681632819,2761.3918869340155,4524.20131738686,1935.39625695644,3919.0345781869546,2358.841031347598,1890.949305975705,1890.3385042750942,2142.7117404086343,3900.3885202356446,1895.397948164976,2042.251705333601,3821.8957223232824,2038.8534012831822,2855.0360022166096,4210.167499006423,4958.40998530537,3098.2518194822383,5336.056417927007,3867.5986166418566,3432.1138327049994,5280.997330586809,5493.601912899041,4933.919292770505,740.1159244503528,2599.734107804873,2774.942922064164,4829.034742654582,546.0274744827406,2540.389313922573,4958.959769027875,2161.1640119225103,1554.83194519858,3659.3222802448,3541.386037825586,1387.725847487536,4848.316123203293,3431.1945608271767,5081.529455823315,3906.7487517282198,4056.2252282566856,3736.410610696983,5202.614242189497,5427.193946236765,5703.188777844637,3717.401795195268,1833.3693164949061,2729.318123077997,966.8100220834493,2821.09902695563,5889.561793831269,4543.954241951056,977.1546066314173,3356.213269892127,1134.0747276846441,5066.275066366018,3022.8277201535984,3268.2685875730904,3061.8632753330116,1870.2202776317554,1947.5005216512786,5176.904422205224,4324.987194651332,3475.4224914542406,3850.1104815463414,4598.6857657348155,3924.3908821758573,5379.184331571562,1744.671305683968,3379.204151276599,3907.221632156538,5445.140479924922,4060.2422556714523,5691.165335375963,2844.172050838346,4398.154681881937,5812.395788393285,4378.652229603305,2856.0833785563755,1705.495473064939,4221.218932250257,3241.0707254254726
4329.94804918581,780.7078742589955,5308.297070904943,5720.243369799051,1325.3617156270961,2283.0773229939023,2717.357920393264,5335.857268935143,1359.511889578388,3932.604270926074,967.2994721310457,2986.9733532745154,4831.949043460207,0.0,2235.4525331024142,2383.877714450974,2003.6015226449094,5421.701660255847,1981.7908527455668,4251.644398093167,1581.0208896839408,6614.730288557274,4039.6207697585924,5202.685934748032,4630.9831742870765,3399.0133048567204,5016.955079338164,3237.7664826670252,3410.456588207509,3225.4210670264433,4064.135374928473,4888.576660730606,2335.197248626548,681.4882121959265,4486.233889066863,1869.156840337643,1292.0042603583006,1635.0771283832455,4341.745611912909,1589.507965934427,1317.5951835021258,927.6255070905498,4339.860086910752,2592.503424040941,4532.148099498295,3477.957448781828,4405.687288322902,2491.958908698135,2209.0649963287638,5576.018339690519,5825.256678616145,1589.223017493769,1981.4374889968146,5121.18735959084,303.42159177125137,1915.8187518932998,2136.392476246815,2455.00183043557,1117.2949877494307,4239.983512977969,4465.282955255244,4232.055572145644,899.8819149005051,1886.953495584086,5401.486295966787,3369.213990761941,5784.990907034255,3082.5490700097544,1924.8930541318389,1657.370832485295,5785.883198141577,5007.281900488927,4963.176287401548,1783.5101036512242,1928.551393577314,1905.9309694899762,2022.7521778539754,3859.6848376401153,4497.770783019072,1767.6666923342761,4075.765309427176,3160.8712633313617,4222.411554663164,1036.8966386945226,3579.6693017245325,1737.3198330143478,3095.3770408829037,3183.754186517075,1277.616930897521,2866.9680154729667,3918.0226939138574,3794.3058756401024,4814.038024194866,2942.702205454708,3606.684949248548,3447.6956301985247,5320.904187417962,5159.544591703516,4939.792124573665,2136.1732173983455
4054.306836073708,2997.321945589429,6059.190765724413,6155.468773157411,3354.6010939728735,3896.3472338220836,4206.754077082473,5351.062361179694,3593.920813773308,2688.9772931350685,3202.7244617302,3873.096873667118,5291.847629362925,2235.4525331024142,0.0,4161.759280137428,3930.2517215971034,5329.109467309618,253.67186509347056,3466.920817275324,3751.372191390372,6660.143387832201,2647.141963964343,6499.817113901974,5848.63185073364,4570.599580720783,6272.0514086156045,1926.5052009117442,4588.160936745136,3261.62926219152,5936.548326575385,6127.059960344602,2467.492656692011,2565.2759086991014,2633.212340531997,3294.765194660918,3498.8239188644516,1539.7578332361227,3202.710295771536,3818.740876081146,1171.6282482741694,3163.0778783148853,5085.779005824869,3974.380160383503,6056.905965492283,5612.991216666653,4758.289958154715,3765.7256584411452,4425.110261227058,5115.610800071972,5718.038528358479,1814.6111313364083,1776.9150093181156,6087.975405482926,2538.8678807470465,3662.7717223195878,4364.344220207429,4443.335634722184,3076.6822946973252,6073.092460390588,2513.9106203898737,2169.690423660712,2185.0834129719165,1609.047267125798,6475.329582632609,2811.8099285193516,6232.982041833668,4678.450781739613,4074.948994723369,3830.3661556129327,6253.075972120041,6643.673843774844,5861.633863675298,4016.8149474950924,3307.386793637085,2131.230895985932,3523.068856305394,5090.519459643878,4103.473884357252,472.93111916430263,2472.6499035973534,2164.9234668264835,6086.42305948157,3229.4268908848203,5519.035768093281,599.4916229114461,3867.920845451338,4989.096918461397,1741.5441817450396,645.8567680662642,2449.828531072736,1604.6375513046557,6325.953925749696,1336.238427500871,1381.1036154937835,5501.794188011398,6758.198422018992,4863.31818845292,6810.51478639684,2073.4485780833825
6651.312614589695,1820.1362879943908,7147.407777957685,7721.579120235575,1110.7769731975902,3876.6406841760563,4318.340681921703,7540.088216141771,1801.6782576078892,6292.622796939445,1926.8723196582073,4998.92871870964,6875.709426726235,2383.877714450974,4161.759280137428,0.0,3258.821652942824,7658.404122583046,3935.6108914009783,6633.459092060869,2444.6553968690555,8760.831266213327,6379.707031583269,6590.210597152189,6162.948326630201,5147.935567307054,6467.919196686443,5569.166604730909,5152.460581986824,5532.106723280924,4796.758311637662,6370.379414806625,4684.694235783697,2787.0817335575216,6704.052246422009,3780.4355376486715,1545.155550921654,4009.6661075488564,6717.4630459194195,1683.75667382226,2990.4738959201773,1946.8958923057494,6265.952782779088,4329.611524393384,5738.497863455384,3615.7095910906614,6529.213767842037,4344.367884300776,2376.317656394658,7902.110843730617,8053.060998017214,3972.5201689431356,4364.608637147895,6818.872467673303,2205.8893855914444,3484.98211094433,2208.2532711090907,3388.042580314775,2824.3629549096554,5016.491635838437,6633.583765737266,6324.60506104729,1983.6735384525853,4264.063613423351,6984.45102312594,5748.884877604874,7775.872520899826,4469.963005772866,1138.1743934621795,2453.7493052822247,7766.214234316808,5994.6113866508485,6727.4886260881185,2003.732296269639,3856.828234122567,4274.102816908948,3818.6863977096887,5483.745786492022,6835.994596451054,3718.0960501337236,6370.893897342979,5530.627204559171,4942.04253495101,2277.0379471111146,4274.706161183596,3563.009978166354,5152.648735608609,4240.430793184697,3661.4645682081914,4793.4949165018415,6240.951626931906,5753.177629552299,5998.148176131864,5192.343374614973,5492.418980121601,3879.6648232982707,6537.1006482943185,7460.198248930454,5529.57970424516,4515.573289550065
4036.2724343776645,1731.8744539443383,3909.225617814991,4547.511596249646,2297.3719812527097,683.5952670315969,1079.1296079790418,4586.195151519067,1463.5995865440793,4558.584159258771,1479.8601098948507,1985.1602691382375,3756.8674928771443,2003.6015226449094,3930.2517215971034,3258.821652942824,0.0,4756.407913789774,3694.9791519835394,4423.419072600741,814.4943841697129,5688.9349334120525,4761.752726084167,3389.1799098722986,2914.5033211991718,1921.6876987132953,3242.868078162909,4101.2395241932645,1923.4465005050179,2999.5663031440063,2066.496523350088,3135.2897145777456,2522.261226083055,1411.1701165036764,5530.169333411138,994.0729327177156,1742.460188627849,2638.3751184297125,4793.1328919580355,1583.5098321923992,3274.898513224036,1484.1597420661967,3083.55223964213,1159.8331494559898,2612.822401795614,1786.3815918185007,3511.3735063853574,1270.8494550594887,1225.269238377427,5218.551087492581,5118.224542400323,2388.347559419483,2731.241860242516,3560.514973145598,1799.6736607179644,427.3686462493474,1332.0436166331042,520.0193000735645,899.0539963233574,2237.319768198547,5607.496197122206,5515.1899638391415,2813.091445660805,2775.041563469996,3733.20354613407,3608.841621472602,4594.246765087396,1226.9979054460525,2180.762525428663,813.0850692664327,4578.535120286837,3028.3913738341353,3476.412005488993,1321.1021633897205,1052.83589204206,2370.0591203718946,849.7481865235137,2225.4344651568604,4272.081859488299,3520.933487178791,4962.2832099594025,3821.8419197529606,2223.8415860582336,1138.6890984342479,1603.260741994265,3574.778540470724,2173.5449221030603,1185.9032912113876,2279.3863766446,4477.517342289139,4726.071025536222,5278.391215537552,2891.014267867421,4096.481385915112,5177.287379299028,1586.3870553068066,3419.599416795043,4718.763367653436,2945.866345100029,2644.90234920403
1278.1942980756091,5839.704491951369,2131.8360936866134,1455.556087035123,6550.60820846286,4079.0232503051507,3780.6106954365187,260.5324216541959,5965.955290673405,3117.2874903397983,5745.8942532427445,2772.1748964416006,1332.6311204249278,5421.701660255847,5329.109467309618,7658.404122583046,4756.407913789774,0.0,5294.5395136968245,2121.841385035649,5453.836783987031,1336.5900395656101,3351.7945192687453,3663.380165795518,3223.13812304794,3053.649877461396,3458.2755212692346,3607.508256381543,3063.5658118821275,2226.022177273398,5115.574757667802,3361.935867792394,3152.9410509440227,4885.7228635039255,4330.339555716271,3933.187236745792,6161.042314489083,4130.135262473253,2743.158739395152,6171.100319654511,5801.448566602396,5721.470107563963,2025.2333654421159,3614.246484775076,4105.697901123388,6034.392744203014,1281.6994757996117,3486.388587939818,5981.562902729686,889.1068806414673,406.09505190903315,3996.0019568965427,3749.45564976851,2663.6444999211135,5506.549564544752,4377.120013504884,6084.575667910211,4998.108944191293,4857.989246470292,5043.8062017641005,4607.21779351248,4922.761139339791,6222.849203693433,3919.885500508401,3078.3788835505607,2523.3170200426653,1522.4479543899026,3998.381594791197,6770.964259493031,5487.741160839311,1572.9347311907122,4688.0987621449485,2431.794840174228,6009.519760534696,3855.936689074912,3606.341814178462,3963.9964445819064,3145.607938775905,1282.9671387284245,5332.320119204492,3765.6969850311907,3236.3901631109,5154.194629511772,5418.438204399585,5171.90848864614,5558.859293722049,2587.5193296286698,4585.504405458574,4294.413473714077,5322.576584929709,3538.758351436984,5339.335699242931,4176.316748361527,4196.1289584192955,5527.372741724318,5598.720133270192,4166.331814179111,603.3405805761788,5550.152487383837,3474.446120978853
4026.6742767422847,2744.1069396486723,5938.432608383125,6068.367393609586,3109.554884207063,3681.8659251011572,4004.2879858534156,5304.252454906158,3340.263575702522,2770.0910709779923,2949.057086371337,3717.678800190517,5195.508681632819,1981.7908527455668,253.67186509347056,3935.6108914009783,3694.9791519835394,5294.5395136968245,0.0,3495.5601896435714,3501.3333771471976,6619.244745363703,2751.6857744424597,6327.911530238472,5681.038848371661,4397.96744795286,6103.093811709025,1996.295121142162,4415.153036619456,3181.4937618276103,5711.959235971227,5958.968787964072,2350.0643248075144,2320.9111588417168,2817.1234931202425,3086.2751806987335,3246.2179090236687,1381.0548344942715,3277.6573706244835,3565.2825335264806,953.3635440785428,2909.4163148791545,4958.136875808996,3778.0499990616854,5862.380630055678,5367.1325004382925,4668.055954958553,3575.44350023574,4172.819524418592,5123.205987527439,5688.401576930026,1645.7591343164408,1657.8260119686865,5945.775694222327,2285.2041981129387,3437.174418764925,4111.253545392938,4206.0075213365935,2834.51089574833,5852.0836013769485,2714.6516410370227,2389.133447931488,1954.0388755408628,1484.0097895381284,6324.70354942277,2794.005707528172,6145.013635137437,4471.117201096388,3825.6303846436863,3580.2763321851294,6163.180007244718,6441.192135366404,5724.789344323248,3763.334848827566,3102.3968337891592,1985.7970996365666,3312.5846098816855,4916.922826996678,4091.2259857595254,223.33713918199982,2609.9229687981215,2189.825929250999,5862.871832214397,2977.6810401804287,5288.1125608414395,396.41602216484614,3723.0274833088456,4766.974079303663,1541.293315774126,894.6739917159769,2563.096760558602,1848.1720960140594,6133.59650824017,1438.147678039359,1632.5657468151169,5261.974097034686,6574.1902591281905,4848.380494051699,6587.8386692694585,1958.0808707466606
1002.6356060428939,4877.088243246477,3722.617505029627,3378.997439558219,5547.562283192231,3872.2826258696564,3799.556495034257,2248.338138849448,5206.369950403832,996.3615103570588,4884.223243266631,2756.797974659914,2761.3918869340155,4251.644398093167,3466.920817275324,6633.459092060869,4423.419072600741,2121.841385035649,3495.5601896435714,0.0,4882.378890852696,3423.5369267452043,1231.828142244688,4903.860386472887,4290.759922247457,3449.039346997654,4660.336465471136,1581.7304004187947,3467.1895861110634,1467.014523944804,5599.934700075172,4525.210576639833,2007.1442240681167,3923.4759307181944,2237.611488076739,3432.7325391894433,5315.10638400371,2664.150625375563,671.2369304098216,5447.9530954487855,4202.716402940485,4849.692258603014,3050.216741061199,3538.2983524565875,4976.706826997247,6089.391207115865,2275.7822002865305,3310.906963170817,5554.2010915841,1676.0916299683618,2447.240399341471,2662.7915019372062,2284.557937490971,4062.8825687349126,4436.582355535621,3996.052766596683,5603.959602753842,4840.532867562104,4120.458579924934,5613.001091393801,2503.746834480675,2802.0989019647395,4874.519048049151,2410.5218997590546,4521.717872280402,887.7587305687282,3457.8042540462006,4213.073306464653,5982.84089719207,4941.300351300253,3497.7041825523215,5636.011887300896,3794.007284752627,5407.991124757972,3370.960864093797,2370.546527488124,3581.894745764035,3822.0130317166636,866.5876807738498,3590.733217208569,1647.1665203400048,1305.8733580347678,5693.61218339026,4638.8857637670935,5450.493000969729,3828.01001055457,2583.814602979092,4792.678259074982,2977.364978859831,3328.559193258849,1417.0301807996186,3232.3724689558903,5152.5152028011535,2197.8247176936106,3439.788207917022,5739.529896582211,5349.504600142802,1546.1410131356065,6278.557259057291,2118.4374336338096
4626.6848270826695,1056.3693636739945,4718.214993645902,5336.075493049644,1515.2490833315162,1458.8347820366776,1884.755277869517,5300.168108943055,657.2270646283521,4864.928179963297,774.6541372212505,2693.8783242479603,4524.20131738686,1581.0208896839408,3751.372191390372,2444.6553968690555,814.4943841697129,5453.836783987031,3501.3333771471976,4882.378890852696,0.0,6446.6114784826295,5037.205261083769,4176.4393354447275,3722.697739723305,2723.857664873479,4040.40321133473,4305.775666436072,2726.7880902968973,3536.288067906375,2626.077391973435,3937.2609825848476,2891.7041222161715,1221.7393367609147,5692.2149707973085,1535.687409484756,944.8181312744797,2711.826498768865,5166.900413742267,771.0731673466533,2897.645297802511,794.1104832112469,3871.727532398167,1929.5850496044482,3363.838867639323,1897.0615308059987,4240.564659057211,1991.8837941227896,719.9238396233312,5846.806209942142,5828.86555345249,2515.444603419642,2911.135083037028,4375.00885842966,1304.4380364440467,1093.839964613197,729.8275368092108,1029.7351741710097,799.0500515468353,2825.742396532281,5728.5687540850895,5571.577433730235,2235.503449432812,2905.2992822210244,4543.05389241466,4021.1665467429975,5385.3934364166935,2030.3660684351971,1374.4533659669942,79.09137341075825,5371.65633764931,3714.6460191228184,4289.225293498116,556.2419649442137,1611.0786745010314,2623.37459837706,1490.8748948855502,3039.9258015484525,4848.492190707642,3300.407101279629,5178.698219564546,4093.768644892503,2784.1952772250006,545.2065228929313,2108.9631335023378,3300.7746517885766,2870.674427545555,1878.1373043699443,2312.3819524085984,4354.650559517261,4968.138047563192,5233.427875618427,3635.7974058334166,4183.118376299313,5084.958604881755,1896.3501612268237,4171.852264758784,5361.524725566786,3473.331227920683,2908.057136798553
2614.3011201514255,6959.170287038606,2195.091464007138,1310.4290831452877,7666.296486791845,5006.713138469189,4637.771375232397,1319.8485929548888,7011.101654249209,4418.478350926368,6834.182230290468,3768.7196666147775,1935.39625695644,6614.730288557274,6660.143387832201,8760.831266213327,5688.9349334120525,1336.5900395656101,6619.244745363703,3423.5369267452043,6446.6114784826295,0.0,4640.378218263895,3755.396545067644,3528.278146310038,3820.9979386021655,3613.8356359840163,4939.651555183726,3825.049311171426,3497.8113923430747,5610.303517680483,3565.794735345965,4419.672145737735,6034.769611784115,5581.313403772001,4983.354737907587,7231.688242180037,5418.908825727648,4009.1143814086918,7196.264112935406,7090.915211118026,6813.965028598987,2649.3716854276977,4529.857278807467,4436.848249828362,6716.080233386733,2232.1619602692363,4455.699666546321,6894.149144122863,1886.7921975018867,976.4492048586036,5264.530495509452,5046.340999489134,2786.7698807562133,6668.605958016263,5352.808143363724,7015.7962227266125,5839.978136915325,5936.736309254185,5491.31378931636,5865.937093120587,6206.696152970596,7449.097571051811,5219.669948306118,3069.185154279227,3858.7323868059307,1310.1723675120002,4739.489868977989,7804.167604461734,6469.3251404408475,1354.538502702673,4904.632325987851,2650.8086586564486,6992.827990318724,4906.419539696947,4869.460886887787,4969.504572865187,3738.280448334501,2611.1651761321036,6649.49921341788,5049.115614406645,4572.507670156168,5612.247071814461,6489.212321937463,5782.415490484232,6873.1185322165065,3608.86943776524,5277.834795382857,5551.604821228272,6658.96687637174,4835.920380707793,6654.591390106833,4421.9989247041885,5531.553484422346,6851.784273161335,6257.905746450085,4246.392209969423,1877.6314550432946,5857.872377583264,4762.437315605634
2199.3110998830975,4768.1808690595,4866.699308279175,4591.79631265641,5363.624531458649,4338.037170090869,4389.3031942918915,3479.6800899463447,5214.478109139782,271.0942939587629,4846.483732946186,3480.1548829109606,3919.0345781869546,4039.6207697585924,2647.141963964343,6379.707031583269,4761.752726084167,3351.7945192687453,2751.6857744424597,1231.828142244688,5037.205261083769,4640.378218263895,0.0,5907.842342775238,5264.341686665959,4245.635470748754,5661.001165520635,811.6918281768027,4265.0464138483885,2212.376948503351,6274.005393452575,5518.9209720481595,2251.074124373518,3906.3936795669997,1041.0391970973042,3789.3085784111063,5256.986673240194,2419.18437966704,655.0153257749014,5464.051552103805,3615.7439523905723,4807.623815643233,4097.103889961786,4112.499141014014,5844.793679352335,6527.676839196774,3401.1118987950103,3865.9588249986573,5750.403859484653,2826.4836319674664,3666.3829875839488,2548.158699521872,2138.631018206039,5147.092147606452,4285.194044633684,4350.370711914676,5764.68954935346,5241.732757856413,4238.6814045767815,6324.765889698843,1286.3719588773693,1570.9671789907006,4465.2146783531025,2181.6680379306104,5601.833320625133,1351.7251247679756,4671.311739629672,4854.861632744748,5924.089643409862,5107.176131597774,4709.212774678374,6506.080199684369,4879.980790991088,5505.654295953297,3746.015895175299,2419.5950779260565,3986.6219078896856,4690.334542244295,2094.344897055162,2905.3040882201985,415.8979374377806,945.4867366372733,6388.228549610917,4678.050178481308,6035.526492548765,3133.770489362614,3345.523311162246,5384.803841428581,2812.2034987015077,2336.303226760174,217.04962023694046,2048.731319321789,6052.781104334189,1314.765861991024,2290.984092618934,6240.239960340067,6318.236495952728,2768.1753383674954,7033.3749623532085,2135.4619272478267
3968.7722874346164,5107.097191412848,1592.0484419705951,2469.9068535904344,5684.06276618626,2925.89905849843,2485.32819824123,3403.185319580613,4833.534072296377,5637.995067294134,4866.159068456353,2652.432058818661,2358.841031347598,5202.685934748032,6499.817113901974,6590.210597152189,3389.1799098722986,3663.380165795518,6327.911530238472,4903.860386472887,4176.4393354447275,3755.396545067644,5907.842342775238,0.0,663.8450785725536,1929.9851361334368,246.9571616657435,5648.4233538969975,1912.7589223174466,3720.3525864075036,2165.652294492355,391.7491434898102,4137.174182118031,4523.523502420762,6931.082489887203,3373.505885775806,5120.4844324201395,4960.352389617597,5546.396749487725,4911.204581226077,6275.06735322331,4867.958519478571,1858.2079537027066,2632.7190090081776,918.9687934707033,3502.2193141746566,2688.150969475673,2789.383466871667,4268.416451664481,4517.494542840755,3800.085734475605,4685.8583839067305,4774.4212884538165,1009.2822349531373,5079.110881097597,3314.1376102855174,4430.630956707747,3203.19405626712,4128.522855252832,1980.4070402950001,7133.3751809567675,7259.0636404551515,6088.221897874946,4922.796449151235,697.0435750353055,4573.446837397916,2454.607887433347,2167.613782503009,5463.673634456949,4153.797477162554,2406.626388676481,1169.5854753018268,1231.8910340001667,4587.5257518933895,3330.2147029670627,4384.037104489423,3189.6760928736953,1411.2751734236665,4195.463769163667,6230.411578853278,6276.976311759429,5225.957414013722,2103.6931472969154,4515.471331615893,2544.934203964024,6373.961171658328,2704.1431908687828,2361.6125273126413,4804.02011383435,6847.939903141821,6000.231468788267,7346.523657388575,756.1603541161096,5996.134785170944,7383.692560949231,3053.416213331062,505.45506604346156,4062.6218088148444,2150.6708066612614,4506.934670945763
3382.9329479352677,4596.3264386002875,1344.0693837120164,2218.0416065899217,5206.958660479264,2382.45016848055,1928.9853727869477,2967.9067449679073,4377.055588553223,4995.405309631241,4370.081273741371,1991.2818649648775,1890.949305975705,4630.9831742870765,5848.63185073364,6162.948326630201,2914.5033211991718,3223.13812304794,5681.038848371661,4290.759922247457,3722.697739723305,3528.278146310038,5264.341686665959,663.8450785725536,0.0,1287.9866796271615,424.9646794558337,4988.392902415367,1271.8835175573274,3067.2531277310654,2106.882590498341,278.64420519723706,3474.242737800714,3949.5224323353327,6282.4504168926,2776.6673391648847,4656.923938204059,4308.889763820374,4922.945977013053,4479.448806630678,5660.1039375073315,4368.003643379547,1281.761970431718,2040.3011875960865,912.1446774234884,3337.1275242407205,2133.498866951656,2173.865508504609,3906.6942791118167,4039.735131871024,3414.652607615598,4036.531029666191,4115.162208594456,786.7615716498867,4527.934313474634,2781.6081450340916,4061.629794294158,2809.9837414931785,3585.976389080107,1970.417472959728,6480.545595815911,6599.759663660564,5524.999783154476,4265.31656154722,822.1602567291849,3923.9193767721586,2223.9365433880976,1693.0746499549277,5055.341512086498,3709.631498918053,2184.204649370796,1465.3393576567853,877.4813956802732,4176.073444802905,2727.5557590342682,3727.560656385487,2608.3475083065528,780.3641753136802,3618.5109641909344,5588.98281430047,5628.286075010047,4567.225845406815,2093.2345884876354,4011.8146080169263,2367.137488052817,5738.196510846331,2040.3242133643864,2024.8594740191231,4165.280300433334,6188.054615035408,5351.3957835482515,6682.732479914261,953.2250145626688,5332.3543281603115,6720.222860557082,2873.4011477000563,1059.6087313664414,3560.7720240426793,2354.409640077529,3845.5551538684244
2711.698946015394,3461.4509312947075,1999.5494225262348,2633.238667960996,4120.023013318372,1271.4027084484285,842.7398176453987,2843.0077341648225,3347.452168677844,3986.60441881973,3266.2016070046875,780.8081995887336,1890.3385042750942,3399.0133048567204,4570.599580720783,5147.935567307054,1921.6876987132953,3053.649877461396,4397.96744795286,3449.039346997654,2723.857664873479,3820.9979386021655,4245.635470748754,1929.9851361334368,1287.9866796271615,0.0,1706.681413626456,3855.512500016697,19.611156442188836,2046.987940086849,2182.5306478489597,1564.0490004987057,2253.4832667885507,2720.7058619617446,5221.278283408862,1529.8721864848712,3606.074968808192,3031.689903632131,4013.571057106128,3494.3472889659956,4379.074315921232,3257.095248481997,1177.506279363299,832.7326036519767,1611.5028945592992,2980.7446617142505,1772.8744378903427,908.8168138414918,3089.358549748475,3691.2079369837725,3368.4842208514206,2756.2342685492104,2860.5488712932356,1727.2491377725448,3327.135600151578,1665.4703225590663,3220.378048935404,2019.5874955804713,2416.35051424933,2172.8761022906947,5391.539716808363,5461.421266913037,4298.573147741469,3002.979984833732,2008.866062727428,2896.9374947266297,2677.1121128847035,945.7523673568047,4097.814542607315,2731.2855004458984,2659.671219780746,2267.4394154563424,1594.0959500262209,3242.711439886843,1472.3270437949584,2462.880538359098,1394.890078379655,520.1209470594315,2965.5648629812504,4302.385477688047,4573.842981225853,3452.5804716340785,2261.0671027848775,2903.136462933322,2141.513034784986,4450.264946189159,900.1285568106371,1533.2818102071128,2877.6452500843466,4932.793048063744,4299.68480447637,5479.961422186291,1843.5794940563321,4135.546013938305,5494.374334446553,2547.512739984827,2209.2889338438736,3176.05524760795,2829.932836324035,2605.0389644849843
3729.6539913355227,4948.407278148495,1427.2646094305708,2314.2872620400867,5540.240006602331,2749.8615111405147,2302.555932483942,3198.8261536358928,4697.399233506558,5391.191611043053,4713.498610915887,2416.212519086224,2142.7117404086343,5016.955079338164,6272.0514086156045,6467.919196686443,3242.868078162909,3458.2755212692346,6103.093811709025,4660.336465471136,4040.40321133473,3613.8356359840163,5661.001165520635,246.9571616657435,424.9646794558337,1706.681413626456,0.0,5402.841032263396,1690.0350765522587,3473.613351834801,2170.1066358467274,147.2507396008585,3898.508998718612,4336.271727074422,6684.125328492351,3174.541798995565,4981.768966543611,4732.298058375973,5301.470922106996,4785.3262893861265,6068.578835767481,4713.653269623678,1617.9755875197868,2434.6615737833044,908.7219373059062,3476.280469251582,2453.7851150907645,2580.7695367841347,4169.459610615504,4303.776642263165,3610.459147946283,4459.255848041127,4540.112250988184,833.5690365950501,4902.6583868071,3143.629213836294,4329.143099487126,3088.763186773793,3954.9951788007274,2000.729168095472,6886.534864517277,7013.19792468115,5906.872962174994,4690.09615751511,623.23124223678,4326.506961533865,2305.4552868056235,2016.0982008783697,5348.042630805592,4021.624316740687,2259.684679649796,1290.924565703589,1030.0277639927965,4469.3802119042175,3128.441408083584,4152.159087846467,2997.624182977579,1192.0269488782537,3958.1985389276524,6009.05765293902,6030.01942520163,4980.001805289331,2125.392616466426,4359.1777089929465,2508.7028988901816,6156.029539898749,2463.24653031076,2264.1755660129356,4584.091666321802,6613.017473237765,5753.275456332418,7104.253602609074,818.6576735345488,5753.8522061176545,7143.819601063915,3019.7267477142695,714.7892394608359,3842.251049593194,2252.195283984273,4270.403520713352
2346.9850338717547,3976.5886450901608,4799.734349501022,4673.245424116307,4559.569305725268,3745.9641461040437,3861.819882543721,3682.493611999619,4442.361253987455,776.7569001431528,4067.4394854877683,3074.7095641133333,3900.3885202356446,3237.7664826670252,1926.5052009117442,5569.166604730909,4101.2395241932645,3607.508256381543,1996.295121142162,1581.7304004187947,4305.775666436072,4939.651555183726,811.6918281768027,5648.4233538969975,4988.392902415367,3855.512500016697,5402.841032263396,0.0,3875.113152150528,1949.3312561358061,5755.630013691377,5256.735464905382,1673.5188012905624,3142.496484415536,1436.1345589024722,3162.553437461729,4471.232776217539,1633.9192273450974,1281.3894297164313,4691.907675321947,2822.5321582894317,4028.0044255230155,3929.294417447107,3585.4683212503774,5466.4789974114055,5884.506281030635,3357.01390911983,3337.6281291435093,5024.16143075648,3256.7752091971283,3968.6561568858547,1792.5730177736136,1395.6697061926934,4991.590279289457,3490.0430248369435,3705.8029057838467,5027.491517534564,4599.3940562369735,3507.6028981587983,5828.782613684353,1555.5645641261567,1612.123872264473,3654.6448064173073,1409.7301661271918,5431.983822272393,1171.6626064341222,4753.478272961495,4344.492836552041,5134.942205470378,4378.330858125845,4784.325819091442,6118.513138196404,4732.964919800801,4753.015529162091,3129.4659782021913,1731.1954140076157,3375.6493158331773,4339.289764562514,2328.697845300244,2130.841680786726,872.9354623957031,430.5640325572961,5880.683650572694,3918.2469062306423,5470.090310552925,2364.4565205917825,2974.613507137524,4834.214398411908,2034.20580424548,1747.229696217701,681.2556655485516,1791.4192443626923,5696.684160642224,617.0080804673468,1935.5050992673719,5629.082987875024,6017.884604094698,3076.829378754857,6555.858870845985,1459.1535242955079
2727.77258638179,3469.0146223747743,1994.9532253669508,2633.916122875974,4126.279043910869,1275.8198978260996,844.3217761043472,2852.035194806684,3351.6943216864215,4005.9575829668993,3272.648676286686,800.4068959847858,1895.397948164976,3410.456588207509,4588.160936745136,5152.460581986824,1923.4465005050179,3063.5658118821275,4415.153036619456,3467.1895861110634,2726.7880902968973,3825.049311171426,4265.0464138483885,1912.7589223174466,1271.8835175573274,19.611156442188836,1690.0350765522587,3875.113152150528,0.0,2066.1013845080306,2166.453795011793,1547.6433033228295,2272.7177014933022,2731.812187754129,5240.846654149308,1541.413885461332,3611.060099625039,3049.373182988596,4032.3567869449503,3497.4508218222313,4393.819920565247,3263.7671942460906,1180.0608377507492,840.5931209235534,1591.8917814883018,2970.9501789388864,1783.174287944395,921.1842522318759,3088.092057066466,3704.053371017891,3377.0137373262196,2773.727329024971,2879.1176412189207,1717.477195167668,3337.143415198244,1670.925055320555,3219.7628242098826,2016.2606200017892,2424.6783267844003,2155.735411882683,5411.146525120624,5480.992871311639,4309.908210270493,3021.3122889421743,1995.9692674881042,2916.270717167733,2677.2919355880863,936.9603808411539,4100.507302346504,2733.6550553683614,2659.477405428556,2247.8492253182817,1586.8232914981431,3244.3171769495657,1484.4104461869704,2481.187910248839,1404.309172840867,502.38623343897467,2981.605864894286,4319.115469051042,4593.3830251528125,3472.1908758203367,2244.319723613594,2909.546505811516,2128.638124868809,4466.546123630764,919.5278808524517,1522.6190771131824,2894.122983637703,4951.222687969609,4319.209521857443,5499.193450091113,1824.057632980384,4154.873770804114,5513.34360287911,2536.7090954671958,2190.5124099739764,3188.981413601685,2811.632168221156,2623.9414759300557
1120.5608174704307,3717.9729305835463,2882.1847945917693,2894.288396605287,4422.109292578373,2417.4192045040513,2332.8413568766314,2180.7346873588267,3944.043470877191,1948.2279379015172,3667.811560808025,1308.8457643351264,2042.251705333601,3225.4210670264433,3261.62926219152,5532.106723280924,2999.5663031440063,2226.022177273398,3181.4937618276103,1467.014523944804,3536.288067906375,3497.8113923430747,2212.376948503351,3720.3525864075036,3067.2531277310654,2046.987940086849,3473.613351834801,1949.3312561358061,2066.1013845080306,0.0,4153.346075115461,3329.0582225899866,927.1605286707368,2746.159630735257,3217.354971794377,2026.7440671710378,4097.234057245205,1922.0435799356892,1975.3910489442337,4172.661120866275,3593.270498814416,3638.1389963250444,1981.7146922281722,2071.399934130056,3634.8891144462723,4627.814547592093,1501.3716889578013,1845.8607193940722,4172.183567642368,2370.703766995151,2632.100521764319,1771.5644249922157,1556.4358914455809,3043.2327919626855,3339.8241367510655,2574.3906892715413,4238.689608637321,3391.8473103003917,2825.868708855385,4179.105320509284,3413.440659343736,3548.950282124138,4002.122645219784,1732.0833499012108,3482.6525742550034,861.490063650185,2972.0969648187793,2753.533592907848,4744.9621640309215,3587.429619582383,2993.209764335437,4296.856334667242,2786.2614465798074,4081.8475990938227,1958.438058226249,1380.4079740181887,2150.289203893514,2478.5475222890122,1321.4710889648702,3184.513988703771,2563.607216844265,1520.00626253973,4253.808211229674,3375.9484307521643,3986.1925596224028,3399.629154709231,1151.7517100994469,3327.900090363442,2068.39454376045,3404.537826486438,2286.7920051744973,3711.231915094636,3840.4528839317904,2383.665016012527,3803.4953296842627,4273.052863900001,4114.331810944275,1935.2295114184774,4865.35954299392,1266.5713149459843
4894.214885098222,3679.461203224325,3447.332767123737,4306.208520598719,4084.8100205303303,2069.478489616647,1894.3516723156233,4879.10556149557,3222.799882594326,6030.580942987914,3399.902930379042,2846.079059756598,3821.8957223232824,4064.135374928473,5936.548326575385,4796.758311637662,2066.496523350088,5115.574757667802,5711.959235971227,5599.934700075172,2626.077391973435,5610.303517680483,6274.005393452575,2165.652294492355,2106.882590498341,2182.5306478489597,2170.1066358467274,5755.630013691377,2166.453795011793,4153.346075115461,0.0,2152.142751014672,4082.158013604079,3474.0904438890184,7180.646878582249,2686.3776703188996,3511.1779127638915,4524.770816659005,6126.00081386152,3213.2681131135014,5340.934114723473,3417.2451730298776,3094.5028275811937,2171.405066325719,1261.6760224990412,1365.3994479806997,3871.3359540495835,2419.5700739662407,2425.049329947743,5830.457346274304,5375.633858114687,4248.9598821741065,4511.4140298528355,2890.3586621012973,3841.4848088274407,2274.8064207077045,2592.540800558595,1620.8122388879594,2965.4579639281687,222.2855791318906,7310.186752924032,7298.232803782707,4834.927316197835,4601.672381190126,2792.8745276839772,4960.5391870498315,4318.630598684958,1419.2560914257156,3664.1072644697506,2572.224554169795,4281.509093472768,1234.9223104556015,2972.145634192578,2853.868993425767,2694.7176713359045,4106.018675755385,2454.8885697126866,1971.000206105012,5148.058604911662,5551.5777466587815,6556.78855094634,5397.749749380106,158.96617612561494,3117.8809393556066,527.7234145667594,5622.4469398111705,3016.1229851479866,952.5709541026323,4219.510742334589,6442.203958821701,6293.067197653382,7168.100259895505,1420.7127576399816,5892.99579472521,7107.9322687420845,956.0126096328435,1907.8741495614956,5319.411928563721,880.6350133994221,4337.4819433995335
3600.527407292437,4833.003781111907,1371.48206920324,2259.6392083556175,5432.014152394119,2627.6990885976647,2177.7285429336685,3103.446505107507,4593.638138472054,5249.307031452628,4601.250724794836,2269.4568424722247,2038.8534012831822,4888.576660730606,6127.059960344602,6370.379414806625,3135.2897145777456,3361.935867792394,5958.968787964072,4525.210576639833,3937.2609825848476,3565.794735345965,5518.9209720481595,391.7491434898102,278.64420519723706,1564.0490004987057,147.2507396008585,5256.735464905382,1547.6433033228295,3329.0582225899866,2152.142751014672,0.0,3751.362144326911,4207.459681567728,6540.8757217391,3041.0385802006854,4876.474626936144,4587.306444131458,5164.044702232253,4686.8731858074625,5931.027891372962,4600.576108522605,1489.067791139477,2302.2141197829537,900.5426145930015,3435.5036629864044,2330.9391127650674,2443.442778563067,4086.107226459555,4199.323416311371,3526.5933105548193,4314.706944384984,4393.604788451734,779.2566967418376,4778.644514931928,3023.7368909205707,4244.219215466138,2998.6297828658344,3832.8921861969975,1993.3467455826644,6742.274705112882,6867.322614142501,5780.239200855705,4543.922621484767,656.2532945540158,4182.891428953183,2255.631638553822,1908.5606884042227,5254.615007975846,3920.5366612948537,2211.687058597803,1350.9104785040345,946.9394547197833,4375.305972785218,2993.7202641016747,4006.202567949479,2867.4167639819993,1051.9068952702041,3831.159610522642,5866.038263782806,5886.725402278757,4834.208927997423,2117.978707893212,4245.332085973959,2464.9625148348605,6014.162843823986,2315.9960279277257,2186.057491056674,4441.693185371993,6466.351372999847,5609.931605949577,6957.082544889417,856.5457350789856,5606.679061138778,6996.581838311619,2975.6311177392267,833.5994952217758,3732.1753249911776,2292.114711283011,4123.513288677265
1999.6268800766309,2893.7314744628607,3592.037290015375,3738.603109268086,3582.298086121952,2091.556090055918,2188.3172470071613,3105.299544170417,3199.5926436523127,2038.4247957442528,2883.2676976569483,1488.0609853070541,2855.0360022166096,2335.197248626548,2467.492656692011,4684.694235783697,2522.261226083055,3152.9410509440227,2350.0643248075144,2007.1442240681167,2891.7041222161715,4419.672145737735,2251.074124373518,4137.174182118031,3474.242737800714,2253.4832667885507,3898.508998718612,1673.5188012905624,2272.7177014933022,927.1605286707368,4082.158013604079,3751.362144326911,0.0,1927.7588462318104,3101.481936636904,1539.9949674684003,3315.0986691416892,1017.325038961,2284.33426873214,3440.8249022209775,2677.2904371817785,2849.715106917882,2619.398720910583,1912.102542440912,3847.122966556307,4277.711336409927,2339.5045058962805,1664.4185296664416,3581.332606128618,3241.7732952475258,3558.9787665841727,845.2503317792899,692.6270013398267,3635.434705719799,2479.121584372174,2104.734293817868,3619.0131665227464,2992.8990337492173,2117.2384610886415,4156.316000685462,3228.6098666494227,3241.912507769757,3082.679912186148,866.2000767490155,4038.424310248986,1131.4520405889953,3813.597286406891,2671.7589988801383,3980.100700999913,2954.2319330888695,3828.7764397439037,4487.53573037196,3401.9807120561395,3407.1849740237176,1495.1295022017318,453.47776491025445,1735.6464260747346,2761.892453280902,2162.5746918626883,2322.339191747192,2490.2614388897005,1329.1678914136464,4207.295545787103,2631.770678560919,3805.351351346417,2524.5424959592183,1439.379756757055,3164.168181367103,1141.9716159751956,2726.9715016336345,2236.823078235067,3226.4781882482953,4091.766923340698,1883.8081170695175,3247.7218911022846,3990.9437231423094,4457.808645845287,2837.4223576707786,4885.561238942461,394.0440791954624
3866.2731352000987,972.5905367255018,4646.7178897290505,5090.662048759081,1676.470395077706,1610.1062214391325,2038.5485528193833,4780.482556036577,1310.9669414798375,3758.7582029649097,962.8107363760541,2343.307955347312,4210.167499006423,681.4882121959265,2565.2759086991014,2787.0817335575216,1411.1701165036764,4885.7228635039255,2320.9111588417168,3923.4759307181944,1221.7393367609147,6034.769611784115,3906.3936795669997,4523.523502420762,3949.5224323353327,2720.7058619617446,4336.271727074422,3142.496484415536,2731.812187754129,2746.159630735257,3474.0904438890184,4207.459681567728,1927.7588462318104,0.0,4497.844347050929,1191.924425550966,1392.125504500941,1517.7536406426439,4111.777339397284,1559.917168475621,1869.0204615279097,927.2333362261086,3687.7707531196943,1911.1423464624504,3867.6708045820033,3048.2403994968963,3809.1309816644534,1815.7160246409676,1933.2181989493579,5116.815953026354,5284.501185794549,1358.2640483330185,1768.904221779122,4445.1766627733705,638.1576446028048,1257.686843073426,1910.457948818031,1903.8767190508945,519.0659422000251,3637.623181676876,4521.3805515900785,4352.618661212696,1578.737837910082,1732.8377634946098,4720.936577907502,3037.0847838043646,5153.080784317766,2416.716500063671,2061.800989671166,1300.0048807004532,5151.4889393212325,4361.687866663777,4291.932281807462,1614.2626648337005,1254.050802837349,1560.3171138589107,1341.2639944682776,3178.358235444362,4056.0329143282356,2133.4856919440545,4011.4850199625575,2977.5325681308673,3630.4397430979343,776.2778669690381,3013.6149328115894,2170.5549719463456,2465.841857912425,2563.1339494776703,1114.043166177146,3150.033028254307,3817.2619416542534,4014.598298797652,4149.421400298119,2974.014355663066,3874.221817424759,2947.051304167608,4650.7328676676325,4673.190003148278,4354.477950159582,1832.096665450816
3227.0775512993177,5256.245445306564,5907.484559979992,5615.33558848071,5773.437819462682,5181.543010102782,5286.380828309667,4476.904946064858,5768.750991114193,1310.9021560475062,5381.963516711442,4445.266079552944,4958.40998530537,4486.233889066863,2633.212340531997,6704.052246422009,5530.169333411138,4330.339555716271,2817.1234931202425,2237.611488076739,5692.2149707973085,5581.313403772001,1041.0391970973042,6931.082489887203,6282.4504168926,5221.278283408862,6684.125328492351,1436.1345589024722,5240.846654149308,3217.354971794377,7180.646878582249,6540.8757217391,3101.481936636904,4497.844347050929,0.0,4598.365886916894,5763.71164596738,2982.6404124724786,1587.8550570102423,6016.146857645431,3764.5470262489744,5341.567827578809,5132.570159966739,5009.243480353095,6829.910936690902,7315.438650913081,4442.045978260244,4761.077002288032,6412.1306974659365,3717.9156499857554,4618.235385905963,3182.051794195688,2805.5206517240244,6185.332998256845,4763.933999791033,5139.0395235244105,6403.932178044985,6031.844419604504,4899.620554667677,7247.218575570976,293.64349271352836,733.2314391411486,4727.103964194673,2789.5971472822016,6639.171809550721,2358.5328972159787,5694.381853191529,5765.145304337957,6410.602588470524,5766.907174640926,5733.6509818482145,7488.396841834705,5918.65777518459,6111.029231663843,4565.595246467321,3161.718998036511,4811.78069765165,5683.4081840322715,3103.8067355942117,3018.3161683163676,654.1818990540778,1785.4094688339705,7302.785059973009,5271.718608205486,6904.175388478844,3212.2222897634274,4324.8482378045355,6265.527754091351,3385.2780353761195,2114.586279091255,931.0565334178153,1428.97480458859,7047.182738201841,1544.0239297238882,1745.0743359627975,7064.784165992475,7331.6464352991,3733.7719530460076,7968.708818657386,2893.6862966427443
3097.5383880483223,2002.912898160327,3466.1462662451218,3957.8520835075433,2697.785585186673,616.9016242238305,926.8547897750763,3791.294786947198,2036.6473290763918,3578.3009394472397,1854.0910712659181,1218.6434563484925,3098.2518194822383,1869.156840337643,3294.765194660918,3780.4355376486715,994.0729327177156,3933.187236745792,3086.2751806987335,3432.7325391894433,1535.687409484756,4983.354737907587,3789.3085784111063,3373.505885775806,2776.6673391648847,1529.8721864848712,3174.541798995565,3162.553437461729,1541.413885461332,2026.7440671710378,2686.3776703188996,3041.0385802006854,1539.9949674684003,1191.924425550966,4598.365886916894,0.0,2248.5537354408502,1839.318374481427,3800.567117199748,2237.946792580199,2908.0707519475864,1835.9551780716215,2524.267488242876,740.7877528611014,2797.6871335639016,2738.3684396096155,2754.7055087404533,623.842391407477,2146.045784388581,4311.648467023257,4315.433667265087,1562.6048038326899,1841.2533717120523,3253.264722425766,1808.956218731675,568.8560551888327,2217.651117323237,1452.9183111190387,957.9811054926919,2801.875474012719,4696.178661679942,4643.320354732591,2768.8117802494266,1919.639570637155,3534.6295933591114,2614.936857275334,4016.003913527227,1384.8479098388386,2839.3581193840273,1578.8142609217844,4010.2719024557427,3357.433680397128,3101.8049090647205,2090.878932878946,77.45519759189816,1448.1620967944161,231.9693303391636,1999.241256809693,3324.3799765275025,2951.0563400370725,4010.110434914854,2857.167595613005,2828.3564312844305,1505.8927812752806,2334.8085174613357,3061.672857119127,1374.8701819451896,1735.0064761896429,1555.0032632817847,3767.2237898540084,3765.3520230524264,4482.806810413538,3074.8411618789355,3226.9330492287872,4422.666511311586,2466.5437474541172,3547.0335560551157,3825.914749589959,3543.3771308192695,1705.6742465092796
5215.846418202897,511.38035368793754,5605.514806767529,6177.522234631779,576.9594769773697,2335.8548066660737,2782.0836773303567,6030.747852901827,292.30837048740136,5125.089455192953,432.06301415534284,3464.1799567880416,5336.056417927007,1292.0042603583006,3498.8239188644516,1545.155550921654,1742.460188627849,6161.042314489083,3246.2179090236687,5315.10638400371,944.8181312744797,7231.688242180037,5256.986673240194,5120.4844324201395,4656.923938204059,3606.074968808192,4981.768966543611,4471.232776217539,3611.060099625039,4097.234057245205,3511.1779127638915,4876.474626936144,3315.0986691416892,1392.125504500941,5763.71164596738,2248.5537354408502,0.0,2839.1029490051956,5495.18228787772,366.052664627646,2454.855350186646,465.50624051348666,4720.908662736973,2785.0363059120077,4306.8622106273615,2570.708193991881,5003.081892494865,2800.693020687558,1188.8768693035458,6461.659727963164,6550.144710945706,2723.55950095679,3135.07741493093,5290.163902921061,1001.6076233061528,1941.3412773569721,1053.8955206755552,1959.7815177437508,1303.3023329657628,3719.711475493361,5751.783510406924,5523.985243799352,1570.6770647962617,3075.865061569672,5475.079497132164,4429.076023297184,6231.373598080363,2967.9811259430203,671.4753292601299,974.3570079950163,6221.4174045129785,4639.78050068104,5190.655140168821,700.7121750519253,2325.6483381915245,2951.7123238860863,2275.6851334376206,3956.5424468246265,5416.83299804046,3026.216532679048,5326.795941922498,4343.922074837209,3666.6296002275712,744.0461961840809,2985.0096383866166,2959.7843006923667,3623.419341096611,2815.940274113249,2445.1700919723357,4139.12998972888,5151.979473813924,5077.671755815356,4577.513207763579,4220.012321025141,4878.410407087949,2691.5614172985165,5114.424832995593,6000.615641223574,4327.934140600571,3220.6588779145795
2918.1492725976173,2349.0824756410743,4572.2412292288345,4754.137231208203,2959.4764915491387,2455.874090613157,2715.2644513715422,4100.2744702717155,2809.4540957746576,2299.8718660690643,2433.522364427539,2337.39947476207,3867.5986166418566,1635.0771283832455,1539.7578332361227,4009.6661075488564,2638.3751184297125,4130.135262473253,1381.0548344942715,2664.150625375563,2711.826498768865,5418.908825727648,2419.18437966704,4960.352389617597,4308.889763820374,3031.689903632131,4732.298058375973,1633.9192273450974,3049.373182988596,1922.0435799356892,4524.770816659005,4587.306444131458,1017.325038961,1517.7536406426439,2982.6404124724786,1839.318374481427,2839.1029490051956,0.0,2708.314509942485,3058.867573560026,1672.5535693310392,2394.1046387660253,3586.7996960640276,2467.9316363874427,4538.900109263917,4412.627543721427,3356.1716206237134,2247.4428571142803,3431.411118349563,4121.0589510941245,4534.5178053790905,282.79422366448733,392.22000099943926,4565.460082540751,1868.0357604920198,2295.7311265781977,3421.2917737968505,3156.7521268069177,1925.031267167367,4640.7563891724585,3017.9363004419097,2885.5147027310395,2212.409961069828,255.69173426022235,4943.8105145756745,1806.4932183930284,4828.693020038135,3198.853835858713,3505.125835486224,2787.301945723319,4842.988282896522,5141.341122980462,4346.479296268302,3132.008040174865,1836.891395199237,609.7425750798448,2071.245059727361,3551.7567032505194,3041.0651561546656,1322.565723539666,2497.53485774193,1525.8504251793488,4667.54555004844,2293.6600426850528,4153.879614384245,1513.865011427703,2342.710539710145,3572.535814261489,403.7238354742012,1939.2004011986487,2313.68295658891,2652.7382176206156,4803.833615611598,1476.684717540613,2583.3827866086745,4219.931253364206,5225.235415298338,3763.4930872274763,5382.331299404934,656.6910881990102
1673.8099717856269,5027.503884032812,4392.75450974272,4042.22040025343,5663.2908680876535,4296.658352646858,4279.378379540772,2889.864326564311,5419.666260641701,516.6866996517333,5071.601961912233,3284.0233833072816,3432.1138327049994,4341.745611912909,3202.710295771536,6717.4630459194195,4793.1328919580355,2743.158739395152,3277.6573706244835,671.2369304098216,5166.900413742267,4009.1143814086918,655.0153257749014,5546.396749487725,4922.945977013053,4013.571057106128,5301.470922106996,1281.3894297164313,4032.3567869449503,1975.3910489442337,6126.00081386152,5164.044702232253,2284.33426873214,4111.777339397284,1587.8550570102423,3800.567117199748,5495.18228787772,2708.314509942485,0.0,5666.943189636544,4084.687694430139,5034.559548196843,3700.115791466532,4008.7192426136558,5575.534377669732,6515.321389425545,2941.7007578312587,3770.1649957641116,5863.521875345567,2176.3440874503276,3039.5710717443344,2776.2151894637063,2368.437035729048,4724.0044755347135,4560.736720031534,4369.417259052402,5896.211929654921,5242.87813420501,4379.790794524894,6154.416095450324,1864.3023375584767,2199.4198171395115,4863.039229307122,2454.9719538943823,5182.558881921748,1192.3983516715375,4120.566132176743,4718.727150759727,6166.6400899384425,5231.718883950284,4161.433182589143,6237.301790494428,4455.113278245795,5667.810337413294,3746.8130218181427,2560.5184311314774,3974.5956187398488,4416.4438823164055,1526.1856847713516,3408.635990423296,1045.8982280628456,1190.695938557364,6228.390398035756,4863.482099291515,5938.502675622703,3643.445664669641,3125.2909108641393,5280.485895595595,3072.1940290367406,2952.1442356311118,868.5309323363219,2703.522734398585,5763.053287829725,1871.409738212613,2944.6791568340686,6191.9483231956165,5982.547749098958,2148.7885852419263,6838.8945353994895,2281.6591463286104
5282.864267806717,823.6194362598541,5489.283123391341,6101.35596694153,888.0160056716319,2226.9726016334375,2655.8034982454938,6027.502520710299,249.6407476074369,5318.6650566157105,636.1068423716254,3431.8399411664004,5280.997330586809,1589.507965934427,3818.740876081146,1683.75667382226,1583.5098321923992,6171.100319654511,3565.2825335264806,5447.9530954487855,771.0731673466533,7196.264112935406,5464.051552103805,4911.204581226077,4479.448806630678,3494.3472889659956,4785.3262893861265,4691.907675321947,3497.4508218222313,4172.661120866275,3213.2681131135014,4686.8731858074625,3440.8249022209775,1559.917168475621,6016.146857645431,2237.946792580199,366.052664627646,3058.867573560026,5666.943189636544,0.0,2801.4572004385504,676.7983834762018,4637.786564207111,2694.1948507843676,4072.1175868735672,2218.749454474299,4979.43187970405,2741.8611378888245,838.541646531644,6519.406307121224,6552.866601159908,2916.9437359614944,3328.2512127147197,5142.61059719672,1288.3057951604503,1851.6419008450312,694.6276954174804,1715.4962423441796,1346.8167933646357,3426.189844090079,6017.123552526572,5806.556158124883,1935.521389568196,3285.173737437946,5301.134092921061,4567.861048097786,6151.6640910552,2786.654340241179,608.567802227492,772.3183307225074,6138.674503119545,4369.556507191663,5059.66299404239,361.67511591067495,2315.24332734553,3108.0696578300817,2227.4416122201724,3807.949388464348,5493.807495259822,3347.671267682805,5556.05889382942,4537.377205577359,3366.3850488831486,809.0794908715707,2685.5622412913835,3293.129419122182,3601.920159433021,2573.348831860928,2657.711791708988,4454.494004365703,5369.869044069976,5383.687249560658,4337.128168685012,4476.185247442849,5194.358018231031,2363.560971549708,4875.940105067432,6045.78151497141,4011.408520360025,3385.2968315367852
4576.644691397836,1985.28784783517,6127.5797202342455,6387.425797044847,2227.9302471976093,3434.2152468133095,3826.346035426488,5772.651201943523,2601.2725369843506,3596.377918557781,2231.9628501695547,3806.7280871173343,5493.601912899041,1317.5951835021258,1171.6282482741694,2990.4738959201773,3274.898513224036,5801.448566602396,953.3635440785428,4202.716402940485,2897.645297802511,7090.915211118026,3615.7439523905723,6275.06735322331,5660.1039375073315,4379.074315921232,6068.578835767481,2822.5321582894317,4393.819920565247,3593.270498814416,5340.934114723473,5931.027891372962,2677.2904371817785,1869.0204615279097,3764.5470262489744,2908.0707519475864,2454.855350186646,1672.5535693310392,4084.687694430139,2801.4572004385504,0.0,2195.8356871544374,5135.848502391109,3646.3245256674563,5691.317238749743,4794.681843802047,4999.339819439563,3487.816897632672,3502.812183272891,5753.003580207907,6205.273037512693,1840.6704987933067,2052.6160810268443,6041.963031384502,1597.948663951693,3113.744634933636,3414.834511738453,3750.864658262412,2375.903836955107,5506.454558770915,3667.70540689966,3339.035555232828,1020.6674910963906,1884.7596779072392,6376.643831761737,3407.089195852965,6459.862147995497,4247.852192174535,2974.4278355282045,2973.4283105023737,6470.625672258672,6213.730528914172,5848.393555057406,3051.670347507739,2946.7463578206043,2236.8371369889674,3108.9442723730194,4879.95269751511,4683.280848998915,746.2338037103383,3518.6066041696104,2926.812709062539,5497.807025044167,2352.6907023720737,4871.408456297727,572.5368593627838,3860.475568589574,4431.547961344998,1588.6600506363848,1804.9508169579021,3442.1762505746274,2766.2953985388112,5971.276246590003,2326.9079365441166,2517.6732679082884,4761.32094857236,6453.410911245153,5419.863225234101,6220.717097400588,2329.2387181381814
4757.769190946635,262.394931324902,5250.07746226558,5788.186802400645,866.6451553577162,2001.803196091464,2456.748663389277,5597.4353526968935,435.57743793038674,4670.466966200382,40.73167362139689,3054.4699699314447,4933.919292770505,927.6255070905498,3163.0778783148853,1946.8958923057494,1484.1597420661967,5721.470107563963,2909.4163148791545,4849.692258603014,794.1104832112469,6813.965028598987,4807.623815643233,4867.958519478571,4368.003643379547,3257.095248481997,4713.653269623678,4028.0044255230155,3263.7671942460906,3638.1389963250444,3417.2451730298776,4600.576108522605,2849.715106917882,927.2333362261086,5341.567827578809,1835.9551780716215,465.50624051348666,2394.1046387660253,5034.559548196843,676.7983834762018,2195.8356871544374,0.0,4341.131048711614,2426.2002951209533,4095.0863563970174,2640.920634482225,4582.321654703541,2415.2219165378983,1308.8094569905888,6005.173597077773,6113.4253447654855,2267.1050194450636,2679.039304651016,4965.6190488296625,624.2167318295786,1599.505691560052,1219.829719426855,1807.6382641670868,878.2897539109745,3614.280539470338,5340.613687429751,5130.453805121921,1449.0807905703532,2626.0551753266723,5177.952550739916,3963.8103578028304,5844.536186622339,2700.601495271933,1134.6210621912498,855.5269204706536,5836.874262652742,4482.242364542216,4850.277441275498,859.9697070972908,1911.8639723395593,2487.38960231002,1889.589477257428,3640.7831291141197,4956.418110046105,2694.93438916813,4888.70340204077,3888.891657417701,3575.6804166194715,356.7663927908567,2902.247369096232,2656.341242705839,3206.1213432573004,2635.290636019489,1995.9806223570909,3793.5652342842345,4707.620581114943,4715.4943671036235,4372.047488902311,3800.5814364653465,4533.036818901541,2681.4635461749244,4902.654141525079,5548.042243930196,4267.328421804561,2757.6497580521345
2111.815575189509,4523.240756908369,991.8719626368116,1464.6249684287789,5207.6578018741775,2413.232342152325,2011.243080353292,1785.08930524862,4475.52978462595,3826.0210374629405,4354.950115221528,1355.62372850323,740.1159244503528,4339.860086910752,5085.779005824869,6265.952782779088,3083.55223964213,2025.2333654421159,4958.136875808996,3050.216741061199,3871.727532398167,2649.3716854276977,4097.103889961786,1858.2079537027066,1281.761970431718,1177.506279363299,1617.9755875197868,3929.294417447107,1180.0608377507492,1981.7146922281722,3094.5028275811937,1489.067791139477,2619.398720910583,3687.7707531196943,5132.570159966739,2524.267488242876,4720.908662736973,3586.7996960640276,3700.115791466532,4637.786564207111,5135.848502391109,4341.131048711614,0.0,1943.682910026478,2106.863457599709,4089.9317038173144,852.8755545242221,1925.9092563402357,4265.594771270707,2790.5848447850494,2283.7620662724476,3346.4322692893393,3308.8845536314802,1062.5671238373602,4320.688743055672,2788.3776875855606,4394.549685724921,3196.054122127002,3472.003629039146,3018.6930105451265,5351.609876459419,5518.92439057775,5230.853665841552,3478.29905388769,1509.1406774353409,2796.0826190220128,1513.8780666837079,2090.8907872399745,5245.017814108165,3885.149367961288,1501.5345534172702,2724.5028090286496,804.7657177203813,4402.733903453285,2452.9247192023645,2977.130768063774,2451.759946246369,1132.5966995228264,2342.2642272461494,4909.172219066367,4481.615419791506,3499.0593626917785,3129.6161615233264,3995.5670765183004,3184.7745279893834,5093.082075162346,1276.371140633476,2641.301692154836,3553.9753556935366,5323.112871025938,4206.95665666346,5690.560978248981,2214.5775337804275,4354.173682041749,5771.6062386459635,3638.780054485981,2322.001955718599,2297.692394462322,3538.975401727596,3013.142233819206
2998.3841970407993,2628.756202640709,2824.733810625348,3407.22447444045,3290.5623822675057,476.85625967685473,277.42973470772785,3435.714134683501,2533.862497846519,3874.9882878050093,2436.166330541698,867.1035621308446,2599.734107804873,2592.503424040941,3974.380160383503,4329.611524393384,1159.8331494559898,3614.246484775076,3778.0499990616854,3538.2983524565875,1929.5850496044482,4529.857278807467,4112.499141014014,2632.7190090081776,2040.3011875960865,832.7326036519767,2434.6615737833044,3585.4683212503774,840.5931209235534,2071.399934130056,2171.405066325719,2302.2141197829537,1912.102542440912,1911.1423464624504,5009.243480353095,740.7877528611014,2785.0363059120077,2467.9316363874427,4008.7192426136558,2694.1948507843676,3646.3245256674563,2426.2002951209533,1943.682910026478,0.0,2084.4131886327145,2569.1015635464864,2356.7510784098517,248.1702857958622,2376.7545436996647,4126.854106068326,3968.2426318916037,2185.1452986975487,2387.0931919323975,2555.6011499263727,2503.955172515874,845.7217413038405,2490.5343933356958,1397.494748026625,1584.320205234409,2245.189354458327,5140.709988730059,5141.9353548274985,3489.050045643513,2498.866134914994,2811.6112361343626,2823.8108790586525,3457.5312669216746,761.0740284952577,3301.708537087579,1945.97831750639,3444.922642252653,2673.851129436342,2426.7584357296464,2467.133423893001,699.7088043786504,1975.975658991021,571.0518920282115,1267.2212946810039,3245.471883367964,3656.244596358947,4386.817589639441,3226.823914437538,2295.2175523398646,2073.415351549226,1931.2554983049242,3779.527823022474,1062.3116184703051,1275.1243884190283,2236.770147498397,4406.660070372685,4124.706865376981,5057.472655336556,2356.9272064995985,3750.5089854071807,5028.007695944786,2202.1010101596157,2815.224236740299,3618.0402330511747,2977.930035256033,2185.7869971399314
4134.3287612876165,4344.651694122326,2245.3966764845804,3126.4621451045914,4879.084461810024,2261.5774950562713,1870.9676114850301,3854.3014027719737,4015.974660965007,5582.523403309653,4088.803601112311,2392.0070341389046,2774.942922064164,4532.148099498295,6056.905965492283,5738.497863455384,2612.822401795614,4105.697901123388,5862.380630055678,4976.706826997247,3363.838867639323,4436.848249828362,5844.793679352335,918.9687934707033,912.1446774234884,1611.5028945592992,908.7219373059062,5466.4789974114055,1591.8917814883018,3634.8891144462723,1261.6760224990412,900.5426145930015,3847.122966556307,3867.6708045820033,6829.910936690902,2797.6871335639016,4306.8622106273615,4538.900109263917,5575.534377669732,4072.1175868735672,5691.317238749743,4095.0863563970174,2106.863457599709,2084.4131886327145,0.0,2584.0657614776374,2950.9227132766455,2292.5607579756747,3389.2987972477436,4896.687000621237,4315.023984176218,4256.7157646864325,4417.253889350261,1665.1130079285908,4374.353078212252,2616.3706418594443,3554.19147369553,2356.7260096277637,3425.1502300681645,1094.068741630525,7002.709108015626,7070.567864333175,5393.045718080741,4545.932891322199,1531.8427349114527,4493.274546491902,3129.433078618075,1450.9545902225886,4604.2184647435015,3332.810270416395,3088.131912503901,662.3573060591996,1787.6158106956316,3736.0729874952926,2770.694192555541,4009.3351611803423,2585.7073685405703,1159.4338898639285,4380.357974564408,5739.633358678061,6180.789657400097,5064.0184100834385,1218.7931013773423,3751.500658552788,1626.2218530584937,5858.023759873035,2505.069258253153,1499.1324271514509,4321.08786501293,6471.292798069409,5905.762292352275,7067.77257834468,281.8914560251872,5730.59780107259,7065.494918962295,2134.4475745756795,808.3913912579719,4404.2403592947785,1448.0430124944496,4180.701770025218
5559.931141538085,2889.7962009894395,4632.977688134598,5443.601126267519,3101.043696644244,2220.854828707181,2331.165031175828,5821.897124970948,2316.609370292713,6315.045965539838,2611.2506502260558,3418.1786249798297,4829.034742654582,3477.957448781828,5612.991216666653,3615.7095910906614,1786.3815918185007,6034.392744203014,5367.1325004382925,6089.391207115865,1897.0615308059987,6716.080233386733,6527.676839196774,3502.2193141746566,3337.1275242407205,2980.7446617142505,3476.280469251582,5884.506281030635,2970.9501789388864,4627.814547592093,1365.3994479806997,3435.5036629864044,4277.711336409927,3048.2403994968963,7315.438650913081,2738.3684396096155,2570.708193991881,4412.627543721427,6515.321389425545,2218.749454474299,4794.681843802047,2640.920634482225,4089.9317038173144,2569.1015635464864,2584.0657614776374,0.0,4753.338795594208,2783.282987680735,1382.0051733166556,6643.329301876432,6344.362655309752,4169.791803456019,4517.58091765416,4119.555102761705,3199.612441576323,2180.7275088981196,1526.0717473556085,1286.8608523336934,2543.669221081428,1579.4617571337394,7393.806144123066,7295.832391428136,4082.405327092595,4558.679310153107,4090.119660963478,5323.115026799722,5468.04222886766,2036.837284027617,2528.970267091727,1821.3553135014595,5437.217052741596,2590.5190228170495,4153.042120192859,1870.0843441141897,2782.967931269062,4154.05476333979,2546.1568088851086,2977.873864553702,5809.312328123614,5174.142194789876,6741.754746963806,5593.885608457237,1472.5029109275133,2442.0233625051587,971.2946490329288,5188.435702161683,3611.957627811821,1452.1308703040509,4040.154342457847,6194.581577795872,6501.091381304911,7032.383789077783,2773.735459876627,5878.892206816264,6911.686850775648,464.54183462956286,3272.3444124708208,6128.616732542508,1939.1749540464368,4426.13631565737
1296.1030380158825,4727.333264446246,1465.9574267010619,1400.8753265012556,5434.16005682939,2828.854584549195,2507.9389699245075,1082.5895814915273,4787.864413791706,3132.252087516584,4602.886156940773,1547.896776659865,546.0274744827406,4405.687288322902,4758.289958154715,6529.213767842037,3511.3735063853574,1281.6994757996117,4668.055954958553,2275.7822002865305,4240.564659057211,2232.1619602692363,3401.1118987950103,2688.150969475673,2133.498866951656,1772.8744378903427,2453.7851150907645,3357.01390911983,1783.174287944395,1501.3716889578013,3871.3359540495835,2330.9391127650674,2339.5045058962805,3809.1309816644534,4442.045978260244,2754.7055087404533,5003.081892494865,3356.1716206237134,2941.7007578312587,4979.43187970405,4999.339819439563,4582.321654703541,852.8755545242221,2356.7510784098517,2950.9227132766455,4753.338795594208,0.0,2251.5579204208807,4732.980648910473,1963.5352906441485,1614.5375815074733,3159.4880683417687,3019.248962137439,1792.1611053465585,4445.227517984766,3150.603464369961,4843.349589902633,3726.9780214457933,3705.6444271111604,3815.8349944609763,4680.391101376144,4893.739589573704,5260.251436291331,3195.804281681374,2250.670168256779,2186.896887757628,1477.0804733178893,2716.934523136691,5585.691156637735,4268.371333386658,1495.334232668068,3575.7598417413324,1524.0609546986627,4792.461209306132,2677.5132169610297,2764.8264881234413,2753.0621268545683,1904.1732018135847,1511.40279320438,4656.390405916798,3802.780845320961,2931.104173551667,3921.179410145498,4259.75629368559,3900.151548500776,4862.797002438515,1380.091059062771,3305.7360666467307,3419.97940779093,4901.351464427439,3535.044404435396,5147.131566506242,3066.6887520777195,3852.130829154431,5266.609690415458,4319.61667616468,3164.370264678898,1459.281287436045,4370.609830492994,2719.9103969064863
2806.1278733357826,2600.4158846326864,2850.202302270139,3377.221214917673,3281.7649920263943,604.9088997799582,525.4857595520551,3320.0474215456625,2564.4277394492906,3629.5578649926492,2429.166897574763,714.413124361528,2540.389313922573,2491.958908698135,3765.7256584411452,4344.367884300776,1270.8494550594887,3486.388587939818,3575.44350023574,3310.906963170817,1991.8837941227896,4455.699666546321,3865.9588249986573,2789.383466871667,2173.865508504609,908.8168138414918,2580.7695367841347,3337.6281291435093,921.1842522318759,1845.8607193940722,2419.5700739662407,2443.442778563067,1664.4185296664416,1815.7160246409676,4761.077002288032,623.842391407477,2800.693020687558,2247.4428571142803,3770.1649957641116,2741.8611378888245,3487.816897632672,2415.2219165378983,1925.9092563402357,248.1702857958622,2292.5607579756747,2783.282987680735,2251.5579204208807,0.0,2496.042496126418,3960.099788844342,3851.3170325583433,1964.9250106250872,2150.846997372431,2629.5941430359553,2430.697043602308,899.3982588386524,2598.4226842428848,1574.793324469595,1548.4275623515616,2492.200489687176,4892.965386495698,4896.59984050739,3391.8033239274055,2267.428818022961,2916.9822858380544,2582.855026798446,3431.907713791413,1007.6497495231168,3350.27989769049,2017.520819448711,3423.0863874207153,2896.3043500274625,2478.894337415978,2541.6894324637697,563.7922188155845,1739.6078151390905,526.1778419935598,1393.5424672154777,3049.878821252412,3461.431229958498,4138.832773772093,2978.708964592882,2543.0903270582035,2070.479834706921,2173.9690426694215,3593.505508612029,903.1541701309916,1519.6572883189817,2035.8833734936782,4183.489077650974,3876.9889770913715,4820.19512471321,2560.272015380007,3508.287319739363,4796.07632761448,2429.5402188500602,3001.534643759755,3455.9540185935634,3223.6604459849673,1943.0344481480502
5237.524112179819,1540.2406573613748,5031.0394185584555,5721.6261350214945,1725.0828330967183,1904.5555919452706,2257.443828780021,5809.863419148938,942.9572012610118,5573.732163938718,1274.2892231357841,3210.4051535687827,4958.959769027875,2209.0649963287638,4425.110261227058,2376.317656394658,1225.269238377427,5981.562902729686,4172.819524418592,5554.2010915841,719.9238396233312,6894.149144122863,5750.403859484653,4268.416451664481,3906.6942791118167,3089.358549748475,4169.459610615504,5024.16143075648,3088.092057066466,4172.183567642368,2425.049329947743,4086.107226459555,3581.332606128618,1933.2181989493579,6412.1306974659365,2146.045784388581,1188.8768693035458,3431.411118349563,5863.521875345567,838.541646531644,3502.812183272891,1308.8094569905888,4265.594771270707,2376.7545436996647,3389.2987972477436,1382.0051733166556,4732.980648910473,2496.042496126418,0.0,6434.476477884739,6342.12169671893,3234.841434964162,3628.9367694801463,4622.728287128284,1912.2174232706907,1621.837615070325,168.0648245320838,1102.9006010031,1516.559873280643,2643.332640264936,6447.487398688113,6285.8214103331,2721.494082034352,3625.0423631676363,4724.780663928644,4705.049689781076,5763.688782981433,2251.8770562224304,1240.0528400435203,645.9700046488226,5744.299781744159,3618.5652002340653,4575.965747333561,488.744711366783,2216.118720719177,3332.8871179450407,2049.322227479612,3310.9072361469143,5467.904331883012,3965.398010796016,5897.090494356773,4805.873836088604,2573.2828617856994,1197.4111075353362,1900.3704906091336,3946.2356006067357,3398.3888875633406,1907.414424879921,3031.3842008114048,5040.01212177451,5684.592434448137,5933.070455076192,3640.371078662861,4901.451813748759,5774.683530013831,1537.9324203426493,4177.74638893758,5937.94856156518,3193.2719375031306,3617.6803096295002
1250.801121627655,6088.667676563158,3013.1453000008146,2336.6205506596484,6792.484782056195,4564.9443595323255,4330.386170293938,1142.6175664521352,6297.338793076485,2632.3476689968215,6034.006100905434,3260.01549615044,2161.1640119225103,5576.018339690519,5115.610800071972,7902.110843730617,5218.551087492581,889.1068806414673,5123.205987527439,1676.0916299683618,5846.806209942142,1886.7921975018867,2826.4836319674664,4517.494542840755,4039.735131871024,3691.2079369837725,4303.776642263165,3256.7752091971283,3704.053371017891,2370.703766995151,5830.457346274304,4199.323416311371,3241.7732952475258,5116.815953026354,3717.9156499857554,4311.648467023257,6461.659727963164,4121.0589510941245,2176.3440874503276,6519.406307121224,5753.003580207907,6005.173597077773,2790.5848447850494,4126.854106068326,4896.687000621237,6643.329301876432,1963.5352906441485,3960.099788844342,6434.476477884739,0.0,985.4896070141989,4044.13615676834,3728.891381583674,3528.679149783386,5705.406421088685,4812.642534137457,6520.3795732841345,5524.052490973723,5176.676537697232,5778.921412570515,4006.666211891627,4370.182987937461,6306.788070021063,3883.9314716719705,3953.6392414647544,2348.6371267049744,2400.273631578283,4615.686685155417,7101.984884486308,5890.379590599064,2451.9522513429984,5502.4344909686115,3287.1376767689544,6400.791649569372,4237.000987998233,3682.0713052454594,4385.740169544246,3867.04524762072,1083.4043597923169,5197.145832314598,3221.8663800916697,2952.9834472825955,5883.472348919471,5732.901125103851,5832.683306863317,5432.22028278125,3065.1992690867587,5215.062893027081,4358.845116562069,5003.990797030906,3033.5713806800395,4871.692496533212,4990.091098891983,3871.6707859812927,5097.195689428158,6226.84822007932,5016.6268551748,515.4540464968725,6328.127696356087,3491.852947299614
1663.7408058234312,6235.507972502642,2223.5544634660964,1434.317795671517,6946.398616069481,4437.645873909386,4122.351260696012,532.5501500910502,6350.815966121598,3442.542567794333,6137.255255974693,3139.032544338781,1554.83194519858,5825.256678616145,5718.038528358479,8053.060998017214,5118.224542400323,406.09505190903315,5688.401576930026,2447.240399341471,5828.86555345249,976.4492048586036,3666.3829875839488,3800.085734475605,3414.652607615598,3368.4842208514206,3610.459147946283,3968.6561568858547,3377.0137373262196,2632.100521764319,5375.633858114687,3526.5933105548193,3558.9787665841727,5284.501185794549,4618.235385905963,4315.433667265087,6550.144710945706,4534.5178053790905,3039.5710717443344,6552.866601159908,6205.273037512693,6113.4253447654855,2283.7620662724476,3968.2426318916037,4315.023984176218,6344.362655309752,1614.5375815074733,3851.3170325583433,6342.12169671893,985.4896070141989,0.0,4401.871464836065,4152.902819523231,2790.95219259897,5907.232780920099,4746.5309432890035,6449.00215094785,5341.420661003962,5246.843084300502,5291.189682096551,4900.60385286191,5234.480274082327,6628.550709385951,4322.756871001306,3175.8003119070627,2907.7991544190254,1486.6035430756244,4313.970887209139,7154.697218055632,5860.7582717966625,1540.2034697639785,4870.59627123107,2581.418652448494,6383.691458510506,4238.037546841345,4012.393723178846,4338.007743861806,3415.818534431389,1640.4701272921739,5729.815566445573,4076.4301050424015,3608.5457730559556,5404.934821649286,5806.773035813438,5461.547513930186,5957.346676704739,2958.491512063031,4892.468251498522,4700.494554487857,5695.178979039114,3860.6089240286956,5678.153193479813,4362.584355752907,4564.804859927531,5876.396711242869,5901.928419994604,4305.537792377161,901.2011190011921,5763.066640710828,3879.175176959659
2818.04592107155,2251.2926026374266,4335.4959448452955,4550.972552740128,2896.375673762297,2179.502353469021,2432.957625492068,3950.549652955649,2667.5325653511713,2403.5992495027117,2305.1945235760472,2074.2162875168056,3659.3222802448,1589.223017493769,1814.6111313364083,3972.5201689431356,2388.347559419483,3996.0019568965427,1645.7591343164408,2662.7915019372062,2515.444603419642,5264.530495509452,2548.158699521872,4685.8583839067305,4036.531029666191,2756.2342685492104,4459.255848041127,1792.5730177736136,2773.727329024971,1771.5644249922157,4248.9598821741065,4314.706944384984,845.2503317792899,1358.2640483330185,3182.051794195688,1562.6048038326899,2723.55950095679,282.79422366448733,2776.2151894637063,2916.9437359614944,1840.6704987933067,2267.1050194450636,3346.4322692893393,2185.1452986975487,4256.7157646864325,4169.791803456019,3159.4880683417687,1964.9250106250872,3234.841434964162,4044.13615676834,4401.871464836065,0.0,411.96469770357777,4310.199698737519,1788.0526575615718,2033.1333051784875,3235.2276539235995,2904.2086913474377,1719.221600586149,4362.52261299228,3235.215358044191,3126.9197856524875,2262.653521561134,393.0027372792717,4682.007397442789,1782.7359877744102,4624.218423348641,2917.1153793091557,3394.3904312381333,2588.893412853646,4636.372909228183,4858.553447695312,4095.871637513192,2962.1948116465937,1557.8024281676412,396.70503163055525,1794.2713934756357,3276.0432861177214,2960.7334269089474,1570.159884129002,2664.935447326633,1621.9639436195857,4390.776156400255,2130.6970898454806,3884.82155931582,1746.9314178264128,2089.6926364480014,3297.2679205598383,317.6824930901922,2221.830141578109,2462.3648264162643,2922.3869344036225,4522.104611908265,1709.1029494772984,2861.128274247766,3963.81410587757,4945.857499407964,3661.84747981794,5104.098928118458,556.0124051080153
2528.891739369244,2660.352840996097,4284.108958443051,4420.035127716521,3297.439591954946,2451.1006605900548,2650.531930788611,3726.6642555306753,3078.9275364647674,1991.646595176965,2717.15091025011,2124.8703884787897,3541.386037825586,1981.4374889968146,1776.9150093181156,4364.608637147895,2731.241860242516,3749.45564976851,1657.8260119686865,2284.557937490971,2911.135083037028,5046.340999489134,2138.631018206039,4774.4212884538165,4115.162208594456,2860.5488712932356,4540.112250988184,1395.6697061926934,2879.1176412189207,1556.4358914455809,4511.4140298528355,4393.604788451734,692.6270013398267,1768.904221779122,2805.5206517240244,1841.2533717120523,3135.07741493093,392.22000099943926,2368.437035729048,3328.2512127147197,2052.6160810268443,2679.039304651016,3308.8845536314802,2387.0931919323975,4417.253889350261,4517.58091765416,3019.248962137439,2150.846997372431,3628.9367694801463,3728.891381583674,4152.902819523231,411.96469770357777,0.0,4315.510678135904,2192.486988186019,2353.4240208419737,3634.7312141959,3239.832115972061,2112.491136788981,4610.744812415995,2876.259623596764,2802.6786774807056,2599.4154424302783,176.69624960649267,4710.3333936158915,1418.5374967268228,4495.846408772991,3140.383056931113,3805.701733150537,2983.2671321732155,4512.453294828546,5039.488394991104,4086.3048144396917,3368.148057986763,1822.4308935937736,411.26184173224755,2067.606184555705,3378.277656073432,2649.2020582375367,1637.1559647663382,2268.4290483812797,1210.0097136684476,4647.702355644668,2539.428677708827,4175.9452339269255,1846.3386276068102,2102.0966730340924,3566.185142062734,705.1925487198516,2073.739435454946,2058.313940819038,2670.431766656658,4673.566811051278,1385.7526633891055,2649.0698395750155,4288.567124162569,5068.980105143834,3373.9117366690252,5350.349621142342,300.5201679887728
3088.051057323534,5178.481246501622,594.3006171467432,1482.4381200161445,5821.950176615478,2964.242658459998,2511.0944488977307,2403.1153101208024,5019.615916334835,4876.0992514009595,4972.122479077119,2243.179236765756,1387.725847487536,5121.18735959084,6087.975405482926,6818.872467673303,3560.514973145598,2663.6444999211135,5945.775694222327,4062.8825687349126,4375.00885842966,2786.7698807562133,5147.092147606452,1009.2822349531373,786.7615716498867,1727.2491377725448,833.5690365950501,4991.590279289457,1717.477195167668,3043.2327919626855,2890.3586621012973,779.2566967418376,3635.434705719799,4445.1766627733705,6185.332998256845,3253.264722425766,5290.163902921061,4565.460082540751,4724.0044755347135,5142.61059719672,6041.963031384502,4965.6190488296625,1062.5671238373602,2555.6011499263727,1665.1130079285908,4119.555102761705,1792.1611053465585,2629.5941430359553,4622.728287128284,3528.679149783386,2790.95219259897,4310.199698737519,4315.510678135904,0.0,5054.360963442559,3366.1857589688957,4772.214741711547,3519.951968267891,4139.370358703482,2746.6909652019467,6408.619261437365,6581.030530563583,6021.06826402259,4479.72292771774,458.8652801095327,3857.054528915167,1476.6981348650781,2375.096719551648,5732.543196009604,4370.394362669117,1432.4835202689073,2122.290183954353,268.9090408930127,4857.677364906504,3192.647892012209,3960.4827669792985,3121.751112338394,1335.1385914106445,3297.651691749904,5880.359582637528,5536.269817568956,4561.447955979438,2870.4780698469026,4609.44239705032,3151.017329170057,6051.436856227783,2222.7856158869668,2775.767469057882,4486.680559068697,6356.667504335429,5262.612790968856,6749.115096287661,1635.2290581105144,5409.113950881882,6824.069837376593,3655.2938844827513,1514.716783097421,3089.896000937572,3071.3121543355046,4025.8626643685943
4455.232161798642,492.31159266972384,5273.668687560966,5728.326324657928,1111.0165740856435,2153.5924681726583,2600.917591449026,5407.525288523855,1056.4488258850968,4167.03102800603,663.878946173171,2979.8690872977963,4848.316123203293,303.42159177125137,2538.8678807470465,2205.8893855914444,1799.6736607179644,5506.549564544752,2285.2041981129387,4436.582355535621,1304.4380364440467,6668.605958016263,4285.194044633684,5079.110881097597,4527.934313474634,3327.135600151578,4902.6583868071,3490.0430248369435,3337.143415198244,3339.8241367510655,3841.4848088274407,4778.644514931928,2479.121584372174,638.1576446028048,4763.933999791033,1808.956218731675,1001.6076233061528,1868.0357604920198,4560.736720031534,1288.3057951604503,1597.948663951693,624.2167318295786,4320.688743055672,2503.955172515874,4374.353078212252,3199.612441576323,4445.227517984766,2430.697043602308,1912.2174232706907,5705.406421088685,5907.232780920099,1788.0526575615718,2192.486988186019,5054.360963442559,0.0,1767.643635870364,1835.6860055535094,2223.0331663286083,952.2917517090021,4024.1523388353476,4750.1855661801255,4525.197915251222,1019.0072931515261,2113.841994270149,5313.807668673189,3549.8087464387436,5790.4833682905955,2932.9394525487564,1649.6933737031254,1378.8087916030997,5788.555039297631,4824.067901251495,4909.534224050383,1481.0524411893728,1875.4956448667106,2070.359822834668,1933.995348925638,3766.6024197424927,4634.387838229015,2070.8616587606716,4337.736048415233,3389.742002310057,4000.310971974554,759.8344074684954,3346.4068531775993,2036.7338999103445,3103.930627872021,2985.564554243636,1488.8403487724934,3170.091305751618,4171.273277075597,4095.572084376248,4655.7420413469,3219.9511383027225,3909.739467972898,3188.873964306053,5171.5377885221915,5273.927021342824,4711.842156479459,2318.793843162647
3620.011918264635,1817.8395829533476,3664.4672110963143,4250.72816862476,2457.5353684771253,402.5598326025587,858.3941776095643,4216.128633590061,1688.142187770035,4142.9200347971955,1606.0362237051195,1607.588874888726,3431.1945608271767,1915.8187518932998,3662.7717223195878,3484.98211094433,427.3686462493474,4377.120013504884,3437.174418764925,3996.052766596683,1093.839964613197,5352.808143363724,4350.370711914676,3314.1376102855174,2781.6081450340916,1665.4703225590663,3143.629213836294,3705.8029057838467,1670.925055320555,2574.3906892715413,2274.8064207077045,3023.7368909205707,2104.734293817868,1257.686843073426,5139.0395235244105,568.8560551888327,1941.3412773569721,2295.7311265781977,4369.417259052402,1851.6419008450312,3113.744634933636,1599.505691560052,2788.3776875855606,845.7217413038405,2616.3706418594443,2180.7275088981196,3150.603464369961,899.3982588386524,1621.837615070325,4812.642534137457,4746.5309432890035,2033.1333051784875,2353.4240208419737,3366.1857589688957,1767.643635870364,0.0,1712.0505053794411,894.0889041476801,815.4457365490363,2419.192207136299,5225.94029739845,5151.393999040357,2782.854358440808,2411.240175540587,3584.506695762333,3183.500901044635,4301.917628911669,1167.928547831587,2459.9689341690882,1118.1315766693112,4289.877103232796,3104.536223749048,3254.6911802432196,1642.2981166560473,625.7203085316955,1977.856920648458,428.72857657613656,2042.656743724946,3853.5615276782596,3277.9015728996505,4561.1312037046255,3413.9603819751624,2426.1881684100676,1243.2586199829868,1865.7150068016817,3355.6439027234405,1789.6225572552999,1333.7153898433503,1961.1434021718046,4181.17349788035,4320.626644412822,4947.720265013474,2898.255773933695,3731.5151688838146,4864.066296213694,1935.3804632733068,3407.6067951857353,4316.765846805337,3151.719340362971,2246.7323974207516
5314.680096007661,1437.6575249683074,5173.111416187554,5853.607382082437,1575.1253429978196,2015.303349008531,2383.74826137493,5917.235683906802,827.1969104372912,5594.156073858683,1183.0748401014196,3312.412734650077,5081.529455823315,2136.392476246815,4364.344220207429,2208.2532711090907,1332.0436166331042,6084.575667910211,4111.253545392938,5603.959602753842,729.8275368092108,7015.7962227266125,5764.68954935346,4430.630956707747,4061.629794294158,3220.378048935404,4329.143099487126,5027.491517534564,3219.7628242098826,4238.689608637321,2592.540800558595,4244.219215466138,3619.0131665227464,1910.457948818031,6403.932178044985,2217.651117323237,1053.8955206755552,3421.2917737968505,5896.211929654921,694.6276954174804,3414.834511738453,1219.829719426855,4394.549685724921,2490.5343933356958,3554.19147369553,1526.0717473556085,4843.349589902633,2598.4226842428848,168.0648245320838,6520.3795732841345,6449.00215094785,3235.2276539235995,3634.7312141959,4772.214741711547,1835.6860055535094,1712.0505053794411,0.0,1253.2686452991634,1526.175316663849,2811.0230422920763,6431.67031565277,6258.628075117821,2605.464586578946,3622.6598887316213,4880.821162462009,4747.076747345255,5896.879150675635,2398.6380883730667,1072.1153057787205,664.8185976407399,5878.372030353047,3786.5923526305287,4720.86813683045,366.86478477226433,2289.8150808467044,3352.74906872271,2135.7846311856915,3455.605959542407,5541.993432695495,3900.791436706146,5900.108008953904,4821.988619187938,2740.421145770299,1152.0088682801013,2068.1660023124355,3872.4043849299883,3498.1122551303292,2069.0839621081113,3018.969259567907,4985.542329168713,5692.8467906399865,5888.742452502486,3806.309882556858,4884.378850882065,5722.487610786414,1700.4904376943732,4343.95030113398,6027.172457356517,3356.7459095910135,3637.348280614601
4380.902303964561,2068.5220664194035,3932.2650706024383,4640.911491078019,2535.8509477908988,977.2889295827515,1219.073313448375,4809.551648779957,1667.5555598794901,5031.094333971089,1793.3632345425729,2264.037129372661,3906.7487517282198,2455.00183043557,4443.335634722184,3388.042580314775,520.0193000735645,4998.108944191293,4206.0075213365935,4840.532867562104,1029.7351741710097,5839.978136915325,5241.732757856413,3203.19405626712,2809.9837414931785,2019.5874955804713,3088.763186773793,4599.3940562369735,2016.2606200017892,3391.8473103003917,1620.8122388879594,2998.6297828658344,2992.8990337492173,1903.8767190508945,6031.844419604504,1452.9183111190387,1959.7815177437508,3156.7521268069177,5242.87813420501,1715.4962423441796,3750.864658262412,1807.6382641670868,3196.054122127002,1397.494748026625,2356.7260096277637,1286.8608523336934,3726.9780214457933,1574.793324469595,1102.9006010031,5524.052490973723,5341.420661003962,2904.2086913474377,3239.832115972061,3519.951968267891,2223.0331663286083,894.0889041476801,1253.2686452991634,0.0,1385.1096827154156,1810.6804706697976,6115.226372904359,6030.173756124859,3214.2787765470807,3288.9727615729807,3630.386976768317,4052.338548117618,4680.12548108969,1150.0077657685622,2260.7867805595906,987.9723996008186,4658.810651478873,2685.096596342486,3474.5024103933215,1384.5467176588875,1499.9951185043903,2870.1519065068665,1268.28285685213,2210.106770684394,4624.188584512747,4028.1993359318753,5455.209782845753,4307.096884747311,1779.7781844648507,1498.2048875137205,1124.8392002490846,4074.0895597894014,2458.9221361745067,858.7426209179329,2799.377039287491,4995.559070765654,5214.230987370046,5798.338670543917,2623.0187609736995,4610.748438166845,5696.884853930786,1066.4215703838704,3161.456434074017,5015.5318688319585,2488.8144328563353,3140.4982750799268
3937.30655286301,1051.989994933412,4395.419298934745,4913.551458082025,1740.2055173168485,1205.2630542537179,1656.9915106825383,4727.766406562194,1120.66315185474,4068.6064628022204,897.5040780213759,2176.2673253904263,4056.2252282566856,1117.2949877494307,3076.6822946973252,2824.3629549096554,899.0539963233574,4857.989246470292,2834.51089574833,4120.458579924934,799.0500515468353,5936.736309254185,4238.6814045767815,4128.522855252832,3585.976389080107,2416.35051424933,3954.9951788007274,3507.6028981587983,2424.6783267844003,2825.868708855385,2965.4579639281687,3832.8921861969975,2117.2384610886415,519.0659422000251,4899.620554667677,957.9811054926919,1303.3023329657628,1925.031267167367,4379.790794524894,1346.8167933646357,2375.903836955107,878.2897539109745,3472.003629039146,1584.320205234409,3425.1502300681645,2543.669221081428,3705.6444271111604,1548.4275623515616,1516.559873280643,5176.676537697232,5246.843084300502,1719.221600586149,2112.491136788981,4139.370358703482,952.2917517090021,815.4457365490363,1526.175316663849,1385.1096827154156,0.0,3134.146512041994,4942.729336881901,4800.636767818307,1968.8937948972768,2110.499431096109,4380.293817252103,3248.656850382324,4970.7967784821985,1981.0843614667194,1925.8907122640683,870.7779588695388,4964.061592856902,3890.306885014857,4009.2809792286944,1290.4124530226763,1033.6751303813978,1827.9240151059344,1027.3676648566473,2833.1813336758028,4147.100022469919,2650.2053414514885,4380.533658836558,3295.8145677364796,3122.6490351099337,560.7131919493246,2498.0432448076235,2689.6190647422545,2328.2880953578315,2069.030666453497,1531.0093221486275,3651.0741880719156,4169.117291316473,4496.589469528767,3706.8140525691338,3400.8621982400286,4368.757118694743,2429.298324080433,4220.328194722775,4707.930928817563,3844.9190501140592,2112.1991700642243
4877.677339423857,3876.116675150143,3314.4626373729125,4183.238015732909,4294.435734883571,2186.73588040074,1971.0174920210623,4802.926541123547,3430.327868323959,6077.30185568999,3598.0162081861163,2870.404774259024,3736.410610696983,4239.983512977969,6073.092460390588,5016.491635838437,2237.319768198547,5043.8062017641005,5852.0836013769485,5613.001091393801,2825.742396532281,5491.31378931636,6324.765889698843,1980.4070402950001,1970.417472959728,2172.8761022906947,2000.729168095472,5828.782613684353,2155.735411882683,4179.105320509284,222.2855791318906,1993.3467455826644,4156.316000685462,3637.623181676876,7247.218575570976,2801.875474012719,3719.711475493361,4640.7563891724585,6154.416095450324,3426.189844090079,5506.454558770915,3614.280539470338,3018.6930105451265,2245.189354458327,1094.068741630525,1579.4617571337394,3815.8349944609763,2492.200489687176,2643.332640264936,5778.921412570515,5291.189682096551,4362.52261299228,4610.744812415995,2746.6909652019467,4024.1523388353476,2419.192207136299,2811.0230422920763,1810.6804706697976,3134.146512041994,0.0,7384.335665750847,7385.491159178785,5023.508402221897,4707.421251375959,2623.8077486675734,4999.8842524787515,4192.214823207418,1484.5892730910455,3882.9352655188572,2773.973994076368,4153.451988534838,1014.5861056593476,2844.0521193888135,3067.667799724246,2804.8282008508118,4202.603226140912,2569.913684044661,1911.8805136388623,5130.899617549051,5696.423653629442,6617.576736862898,5462.135228754868,124.7280928820768,3308.8111024694354,743.285631030225,5773.893908638952,3032.729495786263,1085.7132468612506,4346.856062696923,6566.9812787484025,6351.199188192494,7275.149318425018,1228.1561186579663,5987.175439889581,7223.621503902112,1177.3690054069707,1700.1237861782301,5270.893492941022,741.5856831985096,4425.947374205098
3484.4831339756834,5241.671278837028,6146.321687262797,5876.1286054170905,5732.194501306894,5289.6611404157065,5416.852843708144,4748.789826351656,5771.699051575714,1550.6787149003499,5381.234630073845,4612.224011817401,5202.614242189497,4465.282955255244,2513.9106203898737,6633.583765737266,5607.496197122206,4607.21779351248,2714.6516410370227,2503.746834480675,5728.5687540850895,5865.937093120587,1286.3719588773693,7133.3751809567675,6480.545595815911,5391.539716808363,6886.534864517277,1555.5645641261567,5411.146525120624,3413.440659343736,7310.186752924032,6742.274705112882,3228.6098666494227,4521.3805515900785,293.64349271352836,4696.178661679942,5751.783510406924,3017.9363004419097,1864.3023375584767,6017.123552526572,3667.70540689966,5340.613687429751,5351.609876459419,5140.709988730059,7002.709108015626,7393.806144123066,4680.391101376144,4892.965386495698,6447.487398688113,4006.666211891627,4900.60385286191,3235.215358044191,2876.259623596764,6408.619261437365,4750.1855661801255,5225.94029739845,6431.67031565277,6115.226372904359,4942.729336881901,7384.335665750847,0.0,464.9308288380112,4650.8951231222145,2842.580981998226,6860.266626465183,2562.159803881288,5955.480050702881,5899.997160538384,6389.2278352491085,5804.482816688839,5993.887528130637,7658.482416010956,6143.137358605617,6128.770509626299,4667.648224404234,3250.1290662572155,4914.509390488535,5863.411731848958,3370.2416527597834,2924.256096640819,877.758251249739,1939.6868352094887,7435.902662982215,5290.199108270406,7016.985108862637,3105.0548348178972,4500.187741161472,6385.389187305187,3416.1936153100282,1955.2007623259562,1147.0697009724388,1188.05293115248,7225.872206804449,1547.4093106741345,1512.2815245624736,7158.520559094665,7524.494259453256,4012.8546106022827,8111.189647368689,2991.9185708105433
3751.0463259987873,5012.611065041551,6354.791489910979,6140.3961289318295,5464.111922198244,5249.906200105674,5414.6569342503135,5048.18199270678,5565.0417319754215,1812.8663126720073,5171.184929105707,4680.9585721778185,5427.193946236765,4232.055572145644,2169.690423660712,6324.60506104729,5515.1899638391415,4922.761139339791,2389.133447931488,2802.0989019647395,5571.577433730235,6206.696152970596,1570.9671789907006,7259.0636404551515,6599.759663660564,5461.421266913037,7013.19792468115,1612.123872264473,5480.992871311639,3548.950282124138,7298.232803782707,6867.322614142501,3241.912507769757,4352.618661212696,733.2314391411486,4643.320354732591,5523.985243799352,2885.5147027310395,2199.4198171395115,5806.556158124883,3339.035555232828,5130.453805121921,5518.92439057775,5141.9353548274985,7070.567864333175,7295.832391428136,4893.739589573704,4896.59984050739,6285.8214103331,4370.182987937461,5234.480274082327,3126.9197856524875,2802.6786774807056,6581.030530563583,4525.197915251222,5151.393999040357,6258.628075117821,6030.173756124859,4800.636767818307,7385.491159178785,464.9308288380112,0.0,4342.004896985953,2741.401132452162,7026.514036309327,2725.779318306051,6220.358982389682,5902.913275926134,6145.756243269172,5648.9738014935065,6256.3282652639,7719.227163463515,6319.056761493759,5942.122754563809,4622.069965556558,3198.227543294879,4868.201118787514,5949.444785987008,3661.0763896888297,2606.8030319011445,1158.1752419064223,2033.2950755217503,7429.833381967189,5108.727082748206,6977.172965388489,2768.5485848772814,4585.434114867642,6360.039913527744,3270.469025889864,1570.6824539581512,1390.3070981811893,730.9337524509314,7304.324721071278,1419.919972084694,1058.1451449328677,7086.317017902952,7629.937979542494,4337.929029568371,8119.863104500284,2960.8168612801774
5077.189961299558,1193.7268337710266,6203.53821635597,6595.360961685494,1237.346815514955,3162.9543156678697,3604.624668509192,6153.926589781601,1779.8075408408627,4406.011917792438,1475.4616850179473,3875.8593937671426,5703.188777844637,899.8819149005051,2185.0834129719165,1983.6735384525853,2813.091445660805,6222.849203693433,1954.0388755408628,4874.519048049151,2235.503449432812,7449.097571051811,4465.2146783531025,6088.221897874946,5524.999783154476,4298.573147741469,5906.872962174994,3654.6448064173073,4309.908210270493,4002.122645219784,4834.927316197835,5780.239200855705,3082.679912186148,1578.737837910082,4727.103964194673,2768.8117802494266,1570.6770647962617,2212.409961069828,4863.039229307122,1935.521389568196,1020.6674910963906,1449.0807905703532,5230.853665841552,3489.050045643513,5393.045718080741,4082.405327092595,5260.251436291331,3391.8033239274055,2721.494082034352,6306.788070021063,6628.550709385951,2262.653521561134,2599.4154424302783,6021.06826402259,1019.0072931515261,2782.854358440808,2605.464586578946,3214.2787765470807,1968.8937948972768,5023.508402221897,4650.8951231222145,4342.004896985953,0.0,2464.4366704664985,6299.613172660207,4017.8323926297626,6661.658405569743,3949.877807247333,2001.416308169792,2301.191075328166,6664.276854922671,5840.496072254223,5862.2942726944375,2239.784543871352,2828.4329014650493,2632.316872247716,2918.3899307121383,4756.151498129765,5223.384300530931,1735.2047193115284,4421.754842223278,3674.3323622793023,4993.886096518021,1717.9517191309535,4329.6197526140795,1589.8179213796784,3976.552328006007,3998.2769192706,1948.6197110429216,2823.75734050396,4311.53215069272,3785.463942592242,5674.511236427064,3232.5972832267553,3538.2280630277355,4129.51990547388,6189.220105930391,5918.664812056347,5697.228892282721,2816.152335567982
2692.7391036127137,2590.975510544436,4455.63080365923,4596.556145908914,3210.047384624875,2534.626630762409,2757.2203021312976,3899.8668658846545,3035.5345064067383,2053.533718862439,2664.9978957079875,2277.794040621101,3717.401795195268,1886.953495584086,1609.047267125798,4264.063613423351,2775.041563469996,3919.885500508401,1484.0097895381284,2410.5218997590546,2905.2992822210244,5219.669948306118,2181.6680379306104,4922.796449151235,4265.31656154722,3002.979984833732,4690.09615751511,1409.7301661271918,3021.3122889421743,1732.0833499012108,4601.672381190126,4543.922621484767,866.2000767490155,1732.8377634946098,2789.5971472822016,1919.639570637155,3075.865061569672,255.69173426022235,2454.9719538943823,3285.173737437946,1884.7596779072392,2626.0551753266723,3478.29905388769,2498.866134914994,4545.932891322199,4558.679310153107,3195.804281681374,2267.428818022961,3625.0423631676363,3883.9314716719705,4322.756871001306,393.0027372792717,176.69624960649267,4479.72292771774,2113.841994270149,2411.240175540587,3622.6598887316213,3288.9727615729807,2110.499431096109,4707.421251375959,2842.580981998226,2741.401132452162,2464.4366704664985,0.0,4870.961923150088,1558.3181306475906,4672.318586693548,3245.8008418301024,3744.0621853516272,2979.2466619549987,4688.815307656509,5162.058954305443,4252.594413768847,3343.725331483584,1907.1676994249876,540.199830895938,2149.295293601603,3522.0576499043855,2806.8830092907324,1460.5870769129106,2279.968434931721,1276.13915994965,4740.561534147616,2508.5172457459803,4251.925864749055,1669.7228727809893,2262.2678566045174,3652.6632494912533,630.699470433423,1930.6444275179206,2085.124105717691,2567.7321860649718,4805.201768811066,1321.7763041093601,2529.17977383993,4345.333721291497,5208.898474932008,3536.9236782404564,5448.298969578762,476.343595121211
3546.3306727242734,5402.121119785542,952.8706135110893,1801.1620330445012,6021.9208433420135,3182.8841093184647,2727.0376727351963,2818.4264058876897,5196.512217617505,5330.771892957059,5181.206797759186,2607.791170820432,1833.3693164949061,5401.486295966787,6475.329582632609,6984.45102312594,3733.20354613407,3078.3788835505607,6324.70354942277,4521.717872280402,4543.05389241466,3069.185154279227,5601.833320625133,697.0435750353055,822.1602567291849,2008.866062727428,623.23124223678,5431.983822272393,1995.9692674881042,3482.6525742550034,2792.8745276839772,656.2532945540158,4038.424310248986,4720.936577907502,6639.171809550721,3534.6295933591114,5475.079497132164,4943.8105145756745,5182.558881921748,5301.134092921061,6376.643831761737,5177.952550739916,1509.1406774353409,2811.6112361343626,1531.8427349114527,4090.119660963478,2250.670168256779,2916.9822858380544,4724.780663928644,3953.6392414647544,3175.8003119070627,4682.007397442789,4710.3333936158915,458.8652801095327,5313.807668673189,3584.506695762333,4880.821162462009,3630.386976768317,4380.293817252103,2623.8077486675734,6860.266626465183,7026.514036309327,6299.613172660207,4870.961923150088,0.0,4305.047165079727,1779.0164943586105,2514.5059016643804,5877.49503778557,4530.874396539812,1729.2145551850995,1865.9827039490476,727.7108135351567,4998.208596019278,3479.521280307393,4344.215697078817,3382.6612475315937,1547.5956608726965,3754.539855421567,6250.058725817302,5989.202727892002,5002.470864995116,2748.444342723716,4821.304372847767,3120.155978511331,6413.550044160098,2608.7131070295945,2832.8517104659745,4842.016876437028,6764.732324212689,5715.004682214792,7180.8235126623185,1427.3924854912889,5836.9666166138895,7248.214454203531,3631.024715793187,1177.4061731488416,3527.3036780237676,2844.740016968334,4425.306301959334
1245.3550788020257,3989.3437567860715,3636.7991271457377,3506.5430221920847,4660.662489230045,3104.2648488331342,3096.729911847335,2565.0665877707734,4324.905815950794,1089.8801182753994,3998.631848862434,2138.441121917085,2729.318123077997,3369.213990761941,2811.8099285193516,5748.884877604874,3608.841621472602,2523.3170200426653,2794.005707528172,887.7587305687282,4021.1665467429975,3858.7323868059307,1351.7251247679756,4573.446837397916,3923.9193767721586,2896.9374947266297,4326.506961533865,1171.6626064341222,2916.270717167733,861.490063650185,4960.5391870498315,4182.891428953183,1131.4520405889953,3037.0847838043646,2358.5328972159787,2614.936857275334,4429.076023297184,1806.4932183930284,1192.3983516715375,4567.861048097786,3407.089195852965,3963.8103578028304,2796.0826190220128,2823.8108790586525,4493.274546491902,5323.115026799722,2186.896887757628,2582.855026798446,4705.049689781076,2348.6371267049744,2907.7991544190254,1782.7359877744102,1418.5374967268228,3857.054528915167,3549.8087464387436,3183.500901044635,4747.076747345255,4052.338548117618,3248.656850382324,4999.8842524787515,2562.159803881288,2725.779318306051,4017.8323926297626,1558.3181306475906,4305.047165079727,0.0,3586.6751014254132,3545.9172683185943,5097.5993100722435,4082.6221806242374,3616.4462478545147,5154.746178657685,3594.091932802638,4538.632230364122,2559.1416452758144,1482.788369399019,2784.231466036005,3338.634940588893,1297.4789656846074,2854.756073512762,1704.3794352784241,751.8840744955302,5068.590232322297,3758.945809299464,4755.030897448407,3088.306626597981,1997.0812575238394,4098.097894884041,2099.2139493748614,2811.3871308542693,1427.4826391469705,2963.070113818605,4701.298205419011,1704.022703947926,3097.346681131126,5000.522421220007,4973.86871109763,2054.575645718842,5699.037914392394,1233.4284915810895
2472.286577228659,6018.9109675123955,885.2163419577162,80.28147667426167,6710.105505950633,3926.6905903480606,3518.065477341347,1294.8543384663005,5988.38060643777,4414.150995843822,5859.654176858734,2811.484006352695,966.8100220834493,5784.990907034255,6232.982041833668,7775.872520899826,4594.246765087396,1522.4479543899026,6145.013635137437,3457.8042540462006,5385.3934364166935,1310.1723675120002,4671.311739629672,2454.607887433347,2223.9365433880976,2677.1121128847035,2305.4552868056235,4753.478272961495,2677.2919355880863,2972.0969648187793,4318.630598684958,2255.631638553822,3813.597286406891,5153.080784317766,5694.381853191529,4016.003913527227,6231.373598080363,4828.693020038135,4120.566132176743,6151.6640910552,6459.862147995497,5844.536186622339,1513.8780666837079,3457.5312669216746,3129.433078618075,5468.04222886766,1477.0804733178893,3431.907713791413,5763.688782981433,2400.273631578283,1486.6035430756244,4624.218423348641,4495.846408772991,1476.6981348650781,5790.4833682905955,4301.917628911669,5896.879150675635,4680.12548108969,4970.7967784821985,4192.214823207418,5955.480050702881,6220.358982389682,6661.658405569743,4672.318586693548,1779.0164943586105,3586.6751014254132,0.0,3546.7079117526723,6758.865424571346,5398.162803643847,53.80800602140881,3596.357590392396,1348.1651212251413,5914.593396079311,3942.3811382685976,4232.054594204806,3957.9923017610836,2506.618452060066,2594.4190157684634,6132.858531931501,5085.720741351514,4338.556656553537,4314.162546897138,5502.14408263406,4518.5748994088835,6337.992238689,2690.1481447898,4050.743051490924,4873.903168685751,6356.7489653734165,4833.636194190974,6541.398080424398,3111.9033547867457,5282.891760410107,6684.015910358458,5005.748311511177,2951.3845034114074,2092.4469813593846,4547.700026551113,4196.205858922677
3575.8370383285087,2939.679175716969,2783.3919436213077,3511.0761027314693,3524.2808563773688,813.6812234954176,490.0696515088439,3788.7596486557445,2685.8776224312605,4612.186061406022,2699.313256591202,1459.6601135065655,2821.09902695563,3082.5490700097544,4678.450781739613,4469.963005772866,1226.9979054460525,3998.381594791197,4471.117201096388,4213.073306464653,2030.3660684351971,4739.489868977989,4854.861632744748,2167.613782503009,1693.0746499549277,945.7523673568047,2016.0982008783697,4344.492836552041,936.9603808411539,2753.533592907848,1419.2560914257156,1908.5606884042227,2671.7589988801383,2416.716500063671,5765.145304337957,1384.8479098388386,2967.9811259430203,3198.853835858713,4718.727150759727,2786.654340241179,4247.852192174535,2700.601495271933,2090.8907872399745,761.0740284952577,1450.9545902225886,2036.837284027617,2716.934523136691,1007.6497495231168,2251.8770562224304,4615.686685155417,4313.970887209139,2917.1153793091557,3140.383056931113,2375.096719551648,2932.9394525487564,1167.928547831587,2398.6380883730667,1150.0077657685622,1981.0843614667194,1484.5892730910455,5899.997160538384,5902.913275926134,3949.877807247333,3245.8008418301024,2514.5059016643804,3545.9172683185943,3546.7079117526723,0.0,3366.211412558783,2016.5580719446189,3523.132560264658,1975.823166023215,2324.497846243141,2488.0969980810632,1371.4912096200255,2730.082646116231,1160.3818017708654,1060.369835391879,3828.8261892681944,4334.45813697191,5138.737780120718,3980.8962923170957,1537.693622935661,2347.857720350618,1245.5005170874076,4439.040097504978,1642.5352515453058,601.2370694867375,2937.289907552539,5136.775719393343,4874.310346023733,5810.14148692207,1732.7233063371664,4509.483034633793,5772.500316775912,1611.2374622419873,2239.7176106045154,4100.3126738244,2216.9783498342963,2945.6089238138857
5860.365502555707,1159.152454636145,6089.821879348278,6708.926310322763,767.773322657801,2832.9512753399067,3257.3985494220697,6630.519929088894,806.4489248117328,5794.868455934526,1099.1435339663333,4038.547108228527,5889.561793831269,1924.8930541318389,4074.948994723369,1138.1743934621795,2180.762525428663,6770.964259493031,3825.6303846436863,5982.84089719207,1374.4533659669942,7804.167604461734,5924.089643409862,5463.673634456949,5055.341512086498,4097.814542607315,5348.042630805592,5134.942205470378,4100.507302346504,4744.9621640309215,3664.1072644697506,5254.615007975846,3980.100700999913,2061.800989671166,6410.602588470524,2839.3581193840273,671.4753292601299,3505.125835486224,6166.6400899384425,608.567802227492,2974.4278355282045,1134.6210621912498,5245.017814108165,3301.708537087579,4604.2184647435015,2528.970267091727,5585.691156637735,3350.27989769049,1240.0528400435203,7101.984884486308,7154.697218055632,3394.3904312381333,3805.701733150537,5732.543196009604,1649.6933737031254,2459.9689341690882,1072.1153057787205,2260.7867805595906,1925.8907122640683,3882.9352655188572,6389.2278352491085,6145.756243269172,2001.416308169792,3744.0621853516272,5877.49503778557,5097.5993100722435,6758.865424571346,3366.211412558783,0.0,1367.8278064529907,6745.525796960975,4857.072856050751,5656.0452551168655,879.4784505768179,2916.7833422457006,3622.010633212443,2834.8642583591195,4399.626143913822,6066.203725018227,3602.8855622826823,5986.522397076035,5013.97837784538,3811.152933842986,1369.4837570738105,3140.226940687249,3511.508441720737,4207.212678307813,3107.942272890538,3113.5615193487024,4720.0696490871815,5816.074608550427,5670.5526285061505,4862.128339925326,4866.726879813681,5455.383594253753,2759.2071937643614,5400.907101709952,6633.675408621829,4414.744174174196,3891.789813422739
4673.767441327927,1116.965506535005,4721.994695867521,5349.770354514014,1548.9410129611135,1472.2228626957267,1889.9723096609116,5331.273378445059,683.1667086531663,4933.294730100057,833.8612942414345,2723.378704766746,4543.954241951056,1657.370832485295,3830.3661556129327,2453.7493052822247,813.0850692664327,5487.741160839311,3580.2763321851294,4941.300351300253,79.09137341075825,6469.3251404408475,5107.176131597774,4153.797477162554,3709.631498918053,2731.2855004458984,4021.624316740687,4378.330858125845,2733.6550553683614,3587.429619582383,2572.224554169795,3920.5366612948537,2954.2319330888695,1300.0048807004532,5766.907174640926,1578.8142609217844,974.3570079950163,2787.301945723319,5231.718883950284,772.3183307225074,2973.4283105023737,855.5269204706536,3885.149367961288,1945.97831750639,3332.810270416395,1821.3553135014595,4268.371333386658,2017.520819448711,645.9700046488226,5890.379590599064,5860.7582717966625,2588.893412853646,2983.2671321732155,4370.394362669117,1378.8087916030997,1118.1315766693112,664.8185976407399,987.9723996008186,870.7779588695388,2773.973994076368,5804.482816688839,5648.9738014935065,2301.191075328166,2979.2466619549987,4530.874396539812,4082.6221806242374,5398.162803643847,2016.5580719446189,1367.8278064529907,0.0,5383.6724601160495,3672.3615740649775,4289.277361626781,524.1687626375689,1653.3984097065052,2691.7341754508375,1523.7536425406834,3035.8885596945092,4897.191392843555,3379.1813521912377,5251.265718017419,4163.263404048439,2729.9518874884952,620.7480990103799,2052.694456001672,3378.847235688823,2902.283720704094,1841.9766801916903,2388.397917501395,4433.740077794818,5039.557888101793,5312.212374448898,3603.1674499041815,4259.387463735249,5164.009856881859,1828.6744709480142,4140.189439568798,5403.071224548127,3414.865360787889,2976.507431221531
2509.928226609876,6013.007587738852,842.8904249218879,120.42707498316145,6702.779736245031,3912.8248410517945,3501.4222585722223,1343.5187811984617,5977.029441712999,4451.335976322726,5851.647343431591,2808.8607956830115,977.1546066314173,5785.883198141577,6253.075972120041,7766.214234316808,4578.535120286837,1572.9347311907122,6163.180007244718,3497.7041825523215,5371.65633764931,1354.538502702673,4709.212774678374,2406.626388676481,2184.204649370796,2659.671219780746,2259.684679649796,4784.325819091442,2659.477405428556,2993.209764335437,4281.509093472768,2211.687058597803,3828.7764397439037,5151.4889393212325,5733.6509818482145,4010.2719024557427,6221.4174045129785,4842.988282896522,4161.433182589143,6138.674503119545,6470.625672258672,5836.874262652742,1501.5345534172702,3444.922642252653,3088.131912503901,5437.217052741596,1495.334232668068,3423.0863874207153,5744.299781744159,2451.9522513429984,1540.2034697639785,4636.372909228183,4512.453294828546,1432.4835202689073,5788.555039297631,4289.877103232796,5878.372030353047,4658.810651478873,4964.061592856902,4153.451988534838,5993.887528130637,6256.3282652639,6664.276854922671,4688.815307656509,1729.2145551850995,3616.4462478545147,53.80800602140881,3523.132560264658,6745.525796960975,5383.6724601160495,0.0,3550.598728543822,1309.82271930212,5899.259255098135,3936.979662030273,4244.9434530257295,3949.25912234181,2479.8704865359405,2635.2570242769493,6149.176378962714,5123.333573757715,4368.3016505476135,4275.62653460028,5493.556251604329,4485.9898404209525,6353.318796206752,2690.5439597114937,4023.025061167032,4883.866226820816,6381.749060676078,4870.361000931758,6573.067324340136,3067.645589343235,5310.877914145362,6713.713024068352,4974.5547716402725,2902.5623500839743,2140.55635307833,4503.7883952274005,4212.563063151578
4782.633789168893,4739.78065221356,2716.5894977876214,3604.485076313953,5216.722087245401,2784.573064587281,2437.177017905757,4432.282369987273,4347.641412321973,6244.198880151881,4470.949279468623,3046.2888359563017,3356.213269892127,5007.281900488927,6643.673843774844,5994.6113866508485,3028.3913738341353,4688.0987621449485,6441.192135366404,5636.011887300896,3714.6460191228184,4904.632325987851,6506.080199684369,1169.5854753018268,1465.3393576567853,2267.4394154563424,1290.924565703589,6118.513138196404,2247.8492253182817,4296.856334667242,1234.9223104556015,1350.9104785040345,4487.53573037196,4361.687866663777,7488.396841834705,3357.433680397128,4639.78050068104,5141.341122980462,6237.301790494428,4369.556507191663,6213.730528914172,4482.242364542216,2724.5028090286496,2673.851129436342,662.3573060591996,2590.5190228170495,3575.7598417413324,2896.3043500274625,3618.5652002340653,5502.4344909686115,4870.59627123107,4858.553447695312,5039.488394991104,2122.290183954353,4824.067901251495,3104.536223749048,3786.5923526305287,2685.096596342486,3890.306885014857,1014.5861056593476,7658.482416010956,7719.227163463515,5840.496072254223,5162.058954305443,1865.9827039490476,5154.746178657685,3596.357590392396,1975.823166023215,4857.072856050751,3672.3615740649775,3550.598728543822,0.0,2296.610765376014,4017.5070322907964,3338.8605196942567,4629.432242027202,3135.5286558902635,1821.6798722950748,5026.607762959033,6308.483149543954,6840.110367890419,5719.0698483562865,1118.0162414227266,4153.9280058513295,1731.1799182699067,6414.857557321519,3164.1739711958003,1848.4462320968387,4902.6035255174365,7079.232184738186,6565.407447043938,7700.002796934882,512.4717153658335,6368.6560515028605,7688.322339314605,2190.842478703113,754.1719738375324,5018.601583729974,984.5340544419986,4811.815627628514
2820.1201187958286,5055.514523406396,480.25765691449396,1340.674457277754,5711.822910726925,2855.7646443668987,2409.3023444609435,2171.757482118342,4925.8731128765385,4609.04103068404,4858.764854368855,2042.0082869677585,1134.0747276846441,4963.176287401548,5861.633863675298,6727.4886260881185,3476.412005488993,2431.794840174228,5724.789344323248,3794.007284752627,4289.225293498116,2650.8086586564486,4879.980790991088,1231.8910340001667,877.4813956802732,1594.0959500262209,1030.0277639927965,4732.964919800801,1586.8232914981431,2786.2614465798074,2972.145634192578,946.9394547197833,3401.9807120561395,4291.932281807462,5918.65777518459,3101.8049090647205,5190.655140168821,4346.479296268302,4455.113278245795,5059.66299404239,5848.393555057406,4850.277441275498,804.7657177203813,2426.7584357296464,1787.6158106956316,4153.042120192859,1524.0609546986627,2478.894337415978,4575.965747333561,3287.1376767689544,2581.418652448494,4095.871637513192,4086.3048144396917,268.9090408930127,4909.534224050383,3254.6911802432196,4720.86813683045,3474.5024103933215,4009.2809792286944,2844.0521193888135,6143.137358605617,6319.056761493759,5862.2942726944375,4252.594413768847,727.7108135351567,3594.091932802638,1348.1651212251413,2324.497846243141,5656.0452551168655,4289.277361626781,1309.82271930212,2296.610765376014,0.0,4786.682869557686,3037.9507528398153,3739.086464830949,2984.5518319466323,1265.2689732606266,3031.0803620400766,5665.184443918574,5270.129913229939,4302.57554193683,2966.018157112663,4495.627625246224,3192.4945861053548,5840.808684519808,2006.2350657457869,2769.868402103248,4282.606116777143,6117.359665513219,4996.7985920247975,6495.276267916863,1795.1737348794409,5158.057889049812,6574.76774454467,3688.764311459462,1734.5762335293887,2839.404659729923,3221.195328853095,3794.087999854115
5177.551841407095,1071.4946001487829,5225.965030520965,5867.194620932904,1248.0777403254974,1991.875233095939,2400.026248841875,5854.540678042813,460.52345295869594,5345.364079101815,822.1055256577469,3247.0787624179984,5066.275066366018,1783.5101036512242,4016.8149474950924,2003.732296269639,1321.1021633897205,6009.519760534696,3763.334848827566,5407.991124757972,556.2419649442137,6992.827990318724,5505.654295953297,4587.5257518933895,4176.073444802905,3242.711439886843,4469.3802119042175,4753.015529162091,3244.3171769495657,4081.8475990938227,2853.868993425767,4375.305972785218,3407.1849740237176,1614.2626648337005,6111.029231663843,2090.878932878946,700.7121750519253,3132.008040174865,5667.810337413294,361.67511591067495,3051.670347507739,859.9697070972908,4402.733903453285,2467.133423893001,3736.0729874952926,1870.0843441141897,4792.461209306132,2541.6894324637697,488.744711366783,6400.791649569372,6383.691458510506,2962.1948116465937,3368.148057986763,4857.677364906504,1481.0524411893728,1642.2981166560473,366.86478477226433,1384.5467176588875,1290.4124530226763,3067.667799724246,6128.770509626299,5942.122754563809,2239.784543871352,3343.725331483584,4998.208596019278,4538.632230364122,5914.593396079311,2488.0969980810632,879.4784505768179,524.1687626375689,5899.259255098135,4017.5070322907964,4786.682869557686,0.0,2166.565441657602,3110.536193411837,2045.8585940149921,3526.7395113391917,5397.249681965251,3550.7555944077594,5623.645252049599,4567.87626569941,3006.4516356417575,839.3423587845429,2326.156938112517,3516.1035925451633,3425.233673954669,2237.2928834716745,2728.3044174450183,4642.659705984598,5424.552653757358,5554.40204170755,3997.858786337507,4581.871888297402,5381.044603222872,2002.494321176467,4536.923896273333,5916.758827326072,3649.7342431966194,3393.3028243974923
3024.8952469150067,2076.8122938814186,3398.341270921006,3883.900367342216,2772.9858372788344,628.6971095273148,902.8576094407142,3713.8489645526784,2114.1019131555604,3532.1000944397083,1930.2834198661087,1142.6074048180328,3022.8277201535984,1928.551393577314,3307.386793637085,3856.828234122567,1052.83589204206,3855.936689074912,3102.3968337891592,3370.960864093797,1611.0786745010314,4906.419539696947,3746.015895175299,3330.2147029670627,2727.5557590342682,1472.3270437949584,3128.441408083584,3129.4659782021913,1484.4104461869704,1958.438058226249,2694.7176713359045,2993.7202641016747,1495.1295022017318,1254.050802837349,4565.595246467321,77.45519759189816,2325.6483381915245,1836.891395199237,3746.8130218181427,2315.24332734553,2946.7463578206043,1911.8639723395593,2452.9247192023645,699.7088043786504,2770.694192555541,2782.967931269062,2677.5132169610297,563.7922188155845,2216.118720719177,4237.000987998233,4238.037546841345,1557.8024281676412,1822.4308935937736,3192.647892012209,1875.4956448667106,625.7203085316955,2289.8150808467044,1499.9951185043903,1033.6751303813978,2804.8282008508118,4667.648224404234,4622.069965556558,2828.4329014650493,1907.1676994249876,3479.521280307393,2559.1416452758144,3942.3811382685976,1371.4912096200255,2916.7833422457006,1653.3984097065052,3936.979662030273,3338.8605196942567,3037.9507528398153,2166.565441657602,0.0,1424.2065894981667,246.90154504174342,1948.6605007871435,3252.742126569058,2971.6379700005514,3972.7945992972,2817.2231798032963,2834.643733260672,1582.7927822633637,2355.232018168911,3087.3662307322725,1297.7842734954063,1745.6444265731786,1565.958038098403,3770.111815518473,3725.82103030634,4473.464365036565,3046.487840706574,3207.88739371958,4418.924127957505,2501.687360894842,3512.963202577704,3750.455136890988,3546.380427241979,1675.770879709096
2445.7110495136176,2506.625336102905,3962.5645376363273,4158.37765834574,3180.230294000892,2051.690476359921,2240.1080091515682,3556.736546135094,2861.7456713569077,2241.591206294537,2523.125947021274,1743.3938615875074,3268.2685875730904,1905.9309694899762,2131.230895985932,4274.102816908948,2370.0591203718946,3606.341814178462,1985.7970996365666,2370.546527488124,2623.37459837706,4869.460886887787,2419.5950779260565,4384.037104489423,3727.560656385487,2462.880538359098,4152.159087846467,1731.1954140076157,2481.187910248839,1380.4079740181887,4106.018675755385,4006.202567949479,453.47776491025445,1560.3171138589107,3161.718998036511,1448.1620967944161,2951.7123238860863,609.7425750798448,2560.5184311314774,3108.0696578300817,2236.8371369889674,2487.38960231002,2977.130768063774,1975.975658991021,4009.3351611803423,4154.05476333979,2764.8264881234413,1739.6078151390905,3332.8871179450407,3682.0713052454594,4012.393723178846,396.70503163055525,411.26184173224755,3960.4827669792985,2070.359822834668,1977.856920648458,3352.74906872271,2870.1519065068665,1827.9240151059344,4202.603226140912,3250.1290662572155,3198.227543294879,2632.316872247716,540.199830895938,4344.215697078817,1482.788369399019,4232.054594204806,2730.082646116231,3622.010633212443,2691.7341754508375,4244.9434530257295,4629.432242027202,3739.086464830949,3110.536193411837,1424.2065894981667,0.0,1670.7000278236665,2982.1005292085647,2599.9274262657796,1932.3011884985735,2594.867188933761,1474.1794904030507,4241.068087629341,2303.1549731238233,3779.422894177628,2121.202201885525,1738.180267158156,3163.338104696999,688.5762331252799,2470.7585085997375,2365.720151455155,3081.4970649945462,4267.188748058961,1787.130153761891,3058.894159769017,3908.460254469655,4668.752642698154,3286.3629433563788,4941.622870583813,284.8067439317401
3191.2845454269664,2078.5502150164666,3368.077450468887,3903.07926620521,2756.2213765829842,385.5796589344413,717.4079812414973,3809.3496132254645,2043.3549028301472,3770.0438344779222,1903.1901691071234,1205.1737949793794,3061.8632753330116,2022.7521778539754,3523.068856305394,3818.6863977096887,849.7481865235137,3963.9964445819064,3312.5846098816855,3581.894745764035,1490.8748948855502,4969.504572865187,3986.6219078896856,3189.6760928736953,2608.3475083065528,1394.890078379655,2997.624182977579,3375.6493158331773,1404.309172840867,2150.289203893514,2454.8885697126866,2867.4167639819993,1735.6464260747346,1341.2639944682776,4811.78069765165,231.9693303391636,2275.6851334376206,2071.245059727361,3974.5956187398488,2227.4416122201724,3108.9442723730194,1889.589477257428,2451.759946246369,571.0518920282115,2585.7073685405703,2546.1568088851086,2753.0621268545683,526.1778419935598,2049.322227479612,4385.740169544246,4338.007743861806,1794.2713934756357,2067.606184555705,3121.751112338394,1933.995348925638,428.72857657613656,2135.7846311856915,1268.28285685213,1027.3676648566473,2569.913684044661,4914.509390488535,4868.201118787514,2918.3899307121383,2149.295293601603,3382.6612475315937,2784.231466036005,3957.9923017610836,1160.3818017708654,2834.8642583591195,1523.7536425406834,3949.25912234181,3135.5286558902635,2984.5518319466323,2045.8585940149921,246.90154504174342,1670.7000278236665,0.0,1837.7824176283764,3425.0350721411596,3174.133082663832,4217.316704355626,3060.4903173780826,2596.547011295193,1544.3022189924486,2108.9722817713846,3279.922696879608,1379.8586880764271,1503.9732961040236,1784.724415400036,3998.8120108302164,3969.1547528471347,4713.729634370219,2864.4491258231487,3453.2948908080525,4654.566748101589,2257.2335666166673,3344.996223983668,3891.402324457341,3311.409968074174,1922.6095496592638
3006.585566323533,3860.0657923140375,1723.4170189611682,2476.399119056741,4492.566169545977,1640.153803824507,1184.319214575614,2911.7986127349195,3684.8320359104564,4426.772315012937,3645.7771570936698,1276.4427831975077,1870.2202776317554,3859.6848376401153,5090.519459643878,5483.745786492022,2225.4344651568604,3145.607938775905,4916.922826996678,3822.0130317166636,3039.9258015484525,3738.280448334501,4690.334542244295,1411.2751734236665,780.3641753136802,520.1209470594315,1192.0269488782537,4339.289764562514,502.38623343897467,2478.5475222890122,1971.000206105012,1051.9068952702041,2761.892453280902,3178.358235444362,5683.4081840322715,1999.241256809693,3956.5424468246265,3551.7567032505194,4416.4438823164055,3807.949388464348,4879.95269751511,3640.7831291141197,1132.5966995228264,1267.2212946810039,1159.4338898639285,2977.873864553702,1904.1732018135847,1393.5424672154777,3310.9072361469143,3867.04524762072,3415.818534431389,3276.0432861177214,3378.277656073432,1335.1385914106445,3766.6024197424927,2042.656743724946,3455.605959542407,2210.106770684394,2833.1813336758028,1911.8805136388623,5863.411731848958,5949.444785987008,4756.151498129765,3522.0576499043855,1547.5956608726965,3338.634940588893,2506.618452060066,1060.369835391879,4399.626143913822,3035.8885596945092,2479.8704865359405,1821.6798722950748,1265.2689732606266,3526.7395113391917,1948.6605007871435,2982.1005292085647,1837.7824176283764,0.0,3256.695959982295,4819.321417274947,5032.26106138354,3929.0824560211254,2017.0852789631874,3284.0703566277325,2055.8580204712584,4964.459623621689,1364.9751279741329,1545.104571547829,3393.3266593567146,5451.281030687008,4756.425323141844,5986.944958218674,1363.823661741136,4639.838742478989,6007.159872577806,2520.815717716192,1695.9427708436979,3359.3091467490754,2495.313381493595,3119.4602566445687
253.98392740486594,5028.610140565084,2909.5220573547817,2516.036941602011,5728.321355525543,3648.8383545047595,3478.3613164293333,1387.6465383446898,5265.514303179225,1848.7297422094982,4986.657475376166,2391.686892679726,1947.5005216512786,4497.770783019072,4103.473884357252,6835.994596451054,4272.081859488299,1282.9671387284245,4091.2259857595254,866.5876807738498,4848.492190707642,2611.1651761321036,2094.344897055162,4195.463769163667,3618.5109641909344,2965.5648629812504,3958.1985389276524,2328.697845300244,2981.605864894286,1321.4710889648702,5148.058604911662,3831.159610522642,2162.5746918626883,4056.0329143282356,3103.8067355942117,3324.3799765275025,5416.83299804046,3041.0651561546656,1526.1856847713516,5493.807495259822,4683.280848998915,4956.418110046105,2342.2642272461494,3245.471883367964,4380.357974564408,5809.312328123614,1511.40279320438,3049.878821252412,5467.904331883012,1083.4043597923169,1640.4701272921739,2960.7334269089474,2649.2020582375367,3297.651691749904,4634.387838229015,3853.5615276782596,5541.993432695495,4624.188584512747,4147.100022469919,5130.899617549051,3370.2416527597834,3661.0763896888297,5223.384300530931,2806.8830092907324,3754.539855421567,1297.4789656846074,2594.4190157684634,3828.8261892681944,6066.203725018227,4897.191392843555,2635.2570242769493,5026.607762959033,3031.0803620400766,5397.249681965251,3252.742126569058,2599.9274262657796,3425.0350721411596,3256.695959982295,0.0,4151.031355776538,2510.2323924326206,1970.8856583947227,5223.499137218748,4697.349875119375,5072.402728957254,4383.779228946298,2199.010942712428,4427.782115062236,3275.4971429180027,4056.310103738248,2271.5211832998602,4057.70530086809,4526.260930195033,2924.760793524147,4244.483535629276,5419.9047030354695,4664.264774086694,760.282172623428,5750.860359565341,2408.7200467522166
4073.535328446287,2525.587382388897,5894.775361299699,6057.136535033201,2886.228912123569,3537.342690108636,3874.4783052359453,5331.203689233793,3124.423069862499,2907.5213747193675,2734.3601003373715,3642.7638368480607,5176.904422205224,1767.6666923342761,472.93111916430263,3718.0960501337236,3520.933487178791,5332.320119204492,223.33713918199982,3590.733217208569,3300.407101279629,6649.49921341788,2905.3040882201985,6230.411578853278,5588.98281430047,4302.385477688047,6009.05765293902,2130.841680786726,4319.115469051042,3184.513988703771,5551.5777466587815,5866.038263782806,2322.339191747192,2133.4856919440545,3018.3161683163676,2951.0563400370725,3026.216532679048,1322.565723539666,3408.635990423296,3347.671267682805,746.2338037103383,2694.93438916813,4909.172219066367,3656.244596358947,5739.633358678061,5174.142194789876,4656.390405916798,3461.431229958498,3965.398010796016,5197.145832314598,5729.815566445573,1570.159884129002,1637.1559647663382,5880.359582637528,2070.8616587606716,3277.9015728996505,3900.791436706146,4028.1993359318753,2650.2053414514885,5696.423653629442,2924.256096640819,2606.8030319011445,1735.2047193115284,1460.5870769129106,6250.058725817302,2854.756073512762,6132.858531931501,4334.45813697191,3602.8855622826823,3379.1813521912377,6149.176378962714,6308.483149543954,5665.184443918574,3550.7555944077594,2971.6379700005514,1932.3011884985735,3174.133082663832,4819.321417274947,4151.031355776538,0.0,2785.088182328524,2289.6801549146553,5703.800279000397,2772.4767349047315,5119.137767248407,237.39255740018456,3659.3492169642677,4610.714139649193,1427.417219192763,1117.1855886364626,2723.2781910667886,2071.5090001438566,6013.139118015648,1599.926442231642,1853.9574530662778,5079.4731100571835,6462.953884422974,4903.994106038974,6429.526833661401,1936.6615669636244
2613.459132021391,4827.3726535621845,5268.733141587643,5006.125944066929,5389.227903900521,4580.294238152937,4664.245007639501,3895.318023030469,5306.757246964383,673.8459727890346,4928.4486644846975,3799.965175753325,4324.987194651332,4075.765309427176,2472.6499035973534,6370.893897342979,4962.2832099594025,3765.6969850311907,2609.9229687981215,1647.1665203400048,5178.698219564546,5049.115614406645,415.8979374377806,6276.976311759429,5628.286075010047,4573.842981225853,6030.01942520163,872.9354623957031,4593.3830251528125,2563.607216844265,6556.78855094634,5886.725402278757,2490.2614388897005,4011.4850199625575,654.1818990540778,4010.110434914854,5326.795941922498,2497.53485774193,1045.8982280628456,5556.05889382942,3518.6066041696104,4888.70340204077,4481.615419791506,4386.817589639441,6180.789657400097,6741.754746963806,3802.780845320961,4138.832773772093,5897.090494356773,3221.8663800916697,4076.4301050424015,2664.935447326633,2268.4290483812797,5536.269817568956,4337.736048415233,4561.1312037046255,5900.108008953904,5455.209782845753,4380.533658836558,6617.576736862898,877.758251249739,1158.1752419064223,4421.754842223278,2279.968434931721,5989.202727892002,1704.3794352784241,5085.720741351514,5138.737780120718,5986.522397076035,5251.265718017419,5123.333573757715,6840.110367890419,5270.129913229939,5623.645252049599,3972.7945992972,2594.867188933761,4217.316704355626,5032.26106138354,2510.2323924326206,2785.088182328524,0.0,1161.8109060462468,6676.054712869046,4787.659701571322,6295.016647595223,3002.860828164535,3675.9605612091377,5650.875789788429,2900.067667460537,2080.866615173832,276.902905658283,1676.4398676841945,6396.081837022726,1193.6476521696006,1940.2497837242502,6474.414640130797,6677.761750496045,3179.7843334114655,7334.872016283993,2317.4336671111005
1963.3728148698608,3864.622646062096,4370.418435599045,4258.421564060091,4485.265859001449,3420.3743670003428,3504.194723143393,3296.4527919522825,4288.217806402212,781.6369146374805,3927.0773533268984,2672.7879574036547,3475.4224914542406,3160.8712633313617,2164.9234668264835,5530.627204559171,3821.8419197529606,3236.3901631109,2189.825929250999,1305.8733580347678,4093.768644892503,4572.507670156168,945.4867366372733,5225.957414013722,4567.225845406815,3452.5804716340785,4980.001805289331,430.5640325572961,3472.1908758203367,1520.00626253973,5397.749749380106,4834.208927997423,1329.1678914136464,2977.5325681308673,1785.4094688339705,2857.167595613005,4343.922074837209,1525.8504251793488,1190.695938557364,4537.377205577359,2926.812709062539,3888.891657417701,3499.0593626917785,3226.823914437538,5064.0184100834385,5593.885608457237,2931.104173551667,2978.708964592882,4805.873836088604,2952.9834472825955,3608.5457730559556,1621.9639436195857,1210.0097136684476,4561.447955979438,3389.742002310057,3413.9603819751624,4821.988619187938,4307.096884747311,3295.8145677364796,5462.135228754868,1939.6868352094887,2033.2950755217503,3674.3323622793023,1276.13915994965,5002.470864995116,751.8840744955302,4338.556656553537,3980.8962923170957,5013.97837784538,4163.263404048439,4368.3016505476135,5719.0698483562865,4302.57554193683,4567.87626569941,2817.2231798032963,1474.1794904030507,3060.4903173780826,3929.0824560211254,1970.8856583947227,2289.6801549146553,1161.8109060462468,0.0,5518.5809782338965,3744.7901090194623,5133.259149676061,2527.067664712799,2564.3229495094797,4489.214371283354,1902.8634947809574,2086.807977567893,908.6645048080181,2216.074056250152,5289.694746957332,961.6274362527311,2345.4626243558005,5317.550419775255,5601.2562352290215,2728.733074015302,6183.340361243104,1189.975978165946
4969.985754660168,3837.928976880239,3437.1639747997183,4304.672641173658,4239.6857881207425,2211.67208242316,2019.160390387301,4914.466493631328,3378.710245894726,6142.697789934403,3558.1922584188733,2945.084103694324,3850.1104815463414,4222.411554663164,6086.42305948157,4942.04253495101,2223.8415860582336,5154.194629511772,5862.871832214397,5693.61218339026,2784.1952772250006,5612.247071814461,6388.228549610917,2103.6931472969154,2093.2345884876354,2261.0671027848775,2125.392616466426,5880.683650572694,2244.319723613594,4253.808211229674,158.96617612561494,2117.978707893212,4207.295545787103,3630.4397430979343,7302.785059973009,2828.3564312844305,3666.6296002275712,4667.54555004844,6228.390398035756,3366.3850488831486,5497.807025044167,3575.6804166194715,3129.6161615233264,2295.2175523398646,1218.7931013773423,1472.5029109275133,3921.179410145498,2543.0903270582035,2573.2828617856994,5883.472348919471,5404.934821649286,4390.776156400255,4647.702355644668,2870.4780698469026,4000.310971974554,2426.1881684100676,2740.421145770299,1779.7781844648507,3122.6490351099337,124.7280928820768,7435.902662982215,7429.833381967189,4993.886096518021,4740.561534147616,2748.444342723716,5068.590232322297,4314.162546897138,1537.693622935661,3811.152933842986,2729.9518874884952,4275.62653460028,1118.0162414227266,2966.018157112663,3006.4516356417575,2834.643733260672,4241.068087629341,2596.547011295193,2017.0852789631874,5223.499137218748,5703.800279000397,6676.054712869046,5518.5809782338965,0.0,3276.8029490912327,681.704262854502,5776.378190955298,3110.9058371223646,1098.5240820555548,4366.220164115983,6588.345953849266,6410.9901247190355,7307.8443976402505,1350.4845275918567,6027.393750225466,7250.927144939811,1084.1246926110482,1816.253340812619,5374.40647261165,726.0122077327627,4469.1358167982535
4490.884432684502,593.5367354915783,4898.0552474444385,5446.837491296578,1217.1529136086392,1645.3745275957695,2100.114255601348,5286.895585230334,570.020980565628,4524.761059136934,363.1375525568788,2723.211197589346,4598.6857657348155,1036.8966386945226,3229.4268908848203,2277.0379471111146,1138.6890984342479,5418.438204399585,2977.6810401804287,4638.8857637670935,545.2065228929313,6489.212321937463,4678.050178481308,4515.471331615893,4011.8146080169263,2903.136462933322,4359.1777089929465,3918.2469062306423,2909.546505811516,3375.9484307521643,3117.8809393556066,4245.332085973959,2631.770678560919,776.2778669690381,5271.718608205486,1505.8927812752806,744.0461961840809,2293.6600426850528,4863.482099291515,809.0794908715707,2352.6907023720737,356.7663927908567,3995.5670765183004,2073.415351549226,3751.500658552788,2442.0233625051587,4259.75629368559,2070.479834706921,1197.4111075353362,5732.901125103851,5806.773035813438,2130.6970898454806,2539.428677708827,4609.44239705032,759.8344074684954,1243.2586199829868,1152.0088682801013,1498.2048875137205,560.7131919493246,3308.8111024694354,5290.199108270406,5108.727082748206,1717.9517191309535,2508.5172457459803,4821.304372847767,3758.945809299464,5502.14408263406,2347.857720350618,1369.4837570738105,620.7480990103799,5493.556251604329,4153.9280058513295,4495.627625246224,839.3423587845429,1582.7927822633637,2303.1549731238233,1544.3022189924486,3284.0703566277325,4697.349875119375,2772.4767349047315,4787.659701571322,3744.7901090194623,3276.8029490912327,0.0,2611.7416787287752,2763.788082568741,2880.4824867672774,2305.4856538684,1889.944733715777,3842.613926151442,4592.037528001703,4738.468926105246,4029.6508984012503,3743.066154854867,4577.384195536136,2432.0987345570497,4558.075883386103,5266.622786763924,3979.3557137898597,2582.3420744266236
4819.070739091614,3164.6419359391984,3672.7520781491635,4497.4261921006555,3557.98471723376,1728.5534230841697,1659.1285344219114,4948.106756878737,2697.3534393208465,5802.203745612954,2883.5996136846043,2703.289497657437,3924.3908821758573,3579.6693017245325,5519.035768093281,4274.706161183596,1603.260741994265,5171.90848864614,5288.1125608414395,5450.493000969729,2108.9631335023378,5782.415490484232,6035.526492548765,2544.934203964024,2367.137488052817,2141.513034784986,2508.7028988901816,5470.090310552925,2128.638124868809,3986.1925596224028,527.7234145667594,2464.9625148348605,3805.351351346417,3013.6149328115894,6904.175388478844,2334.8085174613357,2985.0096383866166,4153.879614384245,5938.502675622703,2685.5622412913835,4871.408456297727,2902.247369096232,3184.7745279893834,1931.2554983049242,1626.2218530584937,971.2946490329288,3900.151548500776,2173.9690426694215,1900.3704906091336,5832.683306863317,5461.547513930186,3884.82155931582,4175.9452339269255,3151.017329170057,3346.4068531775993,1865.7150068016817,2068.1660023124355,1124.8392002490846,2498.0432448076235,743.285631030225,7016.985108862637,6977.172965388489,4329.6197526140795,4251.925864749055,3120.155978511331,4755.030897448407,4518.5748994088835,1245.5005170874076,3140.226940687249,2052.694456001672,4485.9898404209525,1731.1799182699067,3192.4945861053548,2326.156938112517,2355.232018168911,3779.422894177628,2108.9722817713846,2055.8580204712584,5072.402728957254,5119.137767248407,6295.016647595223,5133.259149676061,681.704262854502,2611.7416787287752,0.0,5177.519600822194,2887.7123049396732,658.5313980441629,3826.7544416841015,6046.478530930214,6038.168980547083,6806.310894019755,1834.9104984660698,5561.683989593889,6728.811299002299,511.06212390765165,2353.404127187891,5317.564874477791,1367.6149117339282,4026.8229078360273
4303.235662353271,2469.660608323541,6081.343028312496,6262.796462326154,2777.8226866351642,3634.2448734076793,3988.232880710579,5554.088030995637,3078.537006212204,3140.849921224667,2694.7300328663728,3809.6473262611858,5379.184331571562,1737.3198330143478,599.4916229114461,3563.009978166354,3574.778540470724,5558.859293722049,396.41602216484614,3828.01001055457,3300.7746517885766,6873.1185322165065,3133.770489362614,6373.961171658328,5738.196510846331,4450.264946189159,6156.029539898749,2364.4565205917825,4466.546123630764,3399.629154709231,5622.4469398111705,6014.162843823986,2524.5424959592183,2170.5549719463456,3212.2222897634274,3061.672857119127,2959.7843006923667,1513.865011427703,3643.445664669641,3293.129419122182,572.5368593627838,2656.341242705839,5093.082075162346,3779.527823022474,5858.023759873035,5188.435702161683,4862.797002438515,3593.505508612029,3946.2356006067357,5432.22028278125,5957.346676704739,1746.9314178264128,1846.3386276068102,6051.436856227783,2036.7338999103445,3355.6439027234405,3872.4043849299883,4074.0895597894014,2689.6190647422545,5773.893908638952,3105.0548348178972,2768.5485848772814,1589.8179213796784,1669.7228727809893,6413.550044160098,3088.306626597981,6337.992238689,4439.040097504978,3511.508441720737,3378.847235688823,6353.318796206752,6414.857557321519,5840.808684519808,3516.1035925451633,3087.3662307322725,2121.202201885525,3279.922696879608,4964.459623621689,4383.779228946298,237.39255740018456,3002.860828164535,2527.067664712799,5776.378190955298,2763.788082568741,5177.519600822194,0.0,3834.7835579299644,4689.084436068943,1573.8817500273012,1233.939960455937,2949.0055428983173,2195.654517807845,6133.724781418303,1824.1113012141006,1953.83444833819,5114.754742099078,6592.822635793336,5135.573597255325,6502.360707295235,2143.798644445182
1948.5054470226662,3358.957222714365,2267.46839959921,2626.342040173938,4062.3613460800107,1504.7833006742196,1281.0105622425601,2429.498175833232,3408.1311222973795,3086.59110391464,3225.789956549868,195.37182602668182,1744.671305683968,3095.3770408829037,3867.920845451338,5152.648735608609,2173.5449221030603,2587.5193296286698,3723.0274833088456,2583.814602979092,2870.674427545555,3608.86943776524,3345.523311162246,2704.1431908687828,2040.3242133643864,900.1285568106371,2463.24653031076,2974.613507137524,919.5278808524517,1151.7517100994469,3016.1229851479866,2315.9960279277257,1439.379756757055,2465.841857912425,4324.8482378045355,1374.8701819451896,3623.419341096611,2342.710539710145,3125.2909108641393,3601.920159433021,3860.475568589574,3206.1213432573004,1276.371140633476,1062.3116184703051,2505.069258253153,3611.957627811821,1380.091059062771,903.1541701309916,3398.3888875633406,3065.1992690867587,2958.491512063031,2089.6926364480014,2102.0966730340924,2222.7856158869668,3103.930627872021,1789.6225572552999,3498.1122551303292,2458.9221361745067,2328.2880953578315,3032.729495786263,4500.187741161472,4585.434114867642,3976.552328006007,2262.2678566045174,2608.7131070295945,1997.0812575238394,2690.1481447898,1642.5352515453058,4207.212678307813,2902.283720704094,2690.5439597114937,3164.1739711958003,2006.2350657457869,3425.233673954669,1297.7842734954063,1738.180267158156,1379.8586880764271,1364.9751279741329,2199.010942712428,3659.3492169642677,3675.9605612091377,2564.3229495094797,3110.9058371223646,2880.4824867672774,2887.7123049396732,3834.7835579299644,0.0,2236.009038100249,2282.2872883388277,4164.388601043374,3401.250102079087,4643.223999139391,2725.784250393454,3293.0630963813915,4680.817280809944,3221.2851012608307,3047.833163574575,2557.733185112943,3713.908071710042,1820.1826107248135
4175.097676922182,2891.9360363778796,3244.279635219042,4021.3904471972132,3390.8944200203287,1118.394660259964,1001.4356051993558,4370.8080103043885,2524.0434364428047,5149.209781886634,2624.9690429336497,2049.423005612311,3379.204151276599,3183.754186517075,4989.096918461397,4240.430793184697,1185.9032912113876,4585.504405458574,4766.974079303663,4792.678259074982,1878.1373043699443,5277.834795382857,5384.803841428581,2361.6125273126413,2024.8594740191231,1533.2818102071128,2264.1755660129356,4834.214398411908,1522.6190771131824,3327.900090363442,952.5709541026323,2186.057491056674,3164.168181367103,2563.1339494776703,6265.527754091351,1735.0064761896429,2815.940274113249,3572.535814261489,5280.485895595595,2573.348831860928,4431.547961344998,2635.290636019489,2641.301692154836,1275.1243884190283,1499.1324271514509,1452.1308703040509,3305.7360666467307,1519.6572883189817,1907.414424879921,5215.062893027081,4892.468251498522,3297.2679205598383,3566.185142062734,2775.767469057882,2985.564554243636,1333.7153898433503,2069.0839621081113,858.7426209179329,2069.030666453497,1085.7132468612506,6385.389187305187,6360.039913527744,3998.2769192706,3652.6632494912533,2832.8517104659745,4098.097894884041,4050.743051490924,601.2370694867375,3107.942272890538,1841.9766801916903,4023.025061167032,1848.4462320968387,2769.868402103248,2237.2928834716745,1745.6444265731786,3163.338104696999,1503.9732961040236,1545.104571547829,4427.782115062236,4610.714139649193,5650.875789788429,4489.214371283354,1098.5240820555548,2305.4856538684,658.5313980441629,4689.084436068943,2236.009038100249,0.0,3267.776212758916,5490.138409565465,5391.763650739246,6217.694326518955,1764.286659444264,4950.183986278187,6155.532374882696,1014.3104011834838,2302.8149618310626,4699.62276131287,1821.4293765186173,3401.6079018442147
3129.1183656084345,1961.821994121281,4545.748860852082,4802.083996882396,2592.305751640034,2162.3283945971298,2465.4743516978638,4241.618324459191,2408.156797400244,2682.406189323682,2035.073499890606,2243.5478224936505,3907.221632156538,1277.616930897521,1741.5441817450396,3661.4645682081914,2279.3863766446,4294.413473714077,1541.293315774126,2977.364978859831,2312.3819524085984,5551.604821228272,2812.2034987015077,4804.02011383435,4165.280300433334,2877.6452500843466,4584.091666321802,2034.20580424548,2894.122983637703,2068.39454376045,4219.510742334589,4441.693185371993,1141.9716159751956,1114.043166177146,3385.2780353761195,1555.0032632817847,2445.1700919723357,403.7238354742012,3072.1940290367406,2657.711791708988,1588.6600506363848,1995.9806223570909,3553.9753556935366,2236.770147498397,4321.08786501293,4040.154342457847,3419.97940779093,2035.8833734936782,3031.3842008114048,4358.845116562069,4700.494554487857,317.6824930901922,705.1925487198516,4486.680559068697,1488.8403487724934,1961.1434021718046,3018.969259567907,2799.377039287491,1531.0093221486275,4346.856062696923,3416.1936153100282,3270.469025889864,1948.6197110429216,630.699470433423,4842.016876437028,2099.2139493748614,4873.903168685751,2937.289907552539,3113.5615193487024,2388.397917501395,4883.866226820816,4902.6035255174365,4282.606116777143,2728.3044174450183,1565.958038098403,688.5762331252799,1784.724415400036,3393.3266593567146,3275.4971429180027,1427.417219192763,2900.067667460537,1902.8634947809574,4366.220164115983,1889.944733715777,3826.7544416841015,1573.8817500273012,2282.2872883388277,3267.776212758916,0.0,2222.9764522803653,2712.507132045186,2999.0721324244605,4592.491901539513,1871.2449726639215,2903.8058021851252,3865.516777476719,5036.821035608274,3971.6859333437983,5087.0013405199725,873.5742662613178
4047.1902723293106,3635.1780080107496,6270.619289665176,6277.518133603838,4000.344330047727,4380.430371793164,4654.259166984259,5375.680522383841,4226.473317009348,2438.3340636723674,3833.5534292478565,4196.947577681309,5445.140479924922,2866.9680154729667,645.8567680662642,4793.4949165018415,4477.517342289139,5322.576584929709,894.6739917159769,3328.559193258849,4354.650559517261,6658.96687637174,2336.303226760174,6847.939903141821,6188.054615035408,4932.793048063744,6613.017473237765,1747.229696217701,4951.222687969609,3404.537826486438,6442.203958821701,6466.351372999847,2726.9715016336345,3150.033028254307,2114.586279091255,3767.2237898540084,4139.12998972888,1939.2004011986487,2952.1442356311118,4454.494004365703,1804.9508169579021,3793.5652342842345,5323.112871025938,4406.660070372685,6471.292798069409,6194.581577795872,4901.351464427439,4183.489077650974,5040.01212177451,5003.990797030906,5695.178979039114,2221.830141578109,2073.739435454946,6356.667504335429,3170.091305751618,4181.17349788035,4985.542329168713,4995.559070765654,3651.0741880719156,6566.9812787484025,1955.2007623259562,1570.6824539581512,2823.75734050396,1930.6444275179206,6764.732324212689,2811.3871308542693,6356.7489653734165,5136.775719393343,4720.0696490871815,4433.740077794818,6381.749060676078,7079.232184738186,6117.359665513219,4642.659705984598,3770.111815518473,2470.7585085997375,3998.8120108302164,5451.281030687008,4056.310103738248,1117.1855886364626,2080.866615173832,2086.807977567893,6588.345953849266,3842.613926151442,6046.478530930214,1233.939960455937,4164.388601043374,5490.138409565465,2222.9764522803653,0.0,2123.29722788238,961.7276129570164,6732.968325221277,1134.5368825335736,739.8640220263452,6060.122649975411,7139.510614326798,4811.901158033901,7307.850507285504,2344.8744082626263
2362.350271098679,4657.810869507048,5000.742199391006,4753.819334523558,5238.691632985664,4328.368223259778,4402.100013346812,3659.0441779732587,5120.251865625069,422.7948622795696,4746.941285680812,3526.9465147251667,4060.2422556714523,3918.0226939138574,2449.828531072736,6240.951626931906,4726.071025536222,3538.758351436984,2563.096760558602,1417.0301807996186,4968.138047563192,4835.920380707793,217.04962023694046,6000.231468788267,5351.3957835482515,4299.68480447637,5753.275456332418,681.2556655485516,4319.209521857443,2286.7920051744973,6293.067197653382,5609.931605949577,2236.823078235067,3817.2619416542534,931.0565334178153,3765.3520230524264,5151.979473813924,2313.68295658891,868.5309323363219,5369.869044069976,3442.1762505746274,4707.620581114943,4206.95665666346,4124.706865376981,5905.762292352275,6501.091381304911,3535.044404435396,3876.9889770913715,5684.592434448137,3033.5713806800395,3860.6089240286956,2462.3648264162643,2058.313940819038,5262.612790968856,4171.273277075597,4320.626644412822,5692.8467906399865,5214.230987370046,4169.117291316473,6351.199188192494,1147.0697009724388,1390.3070981811893,4311.53215069272,2085.124105717691,5715.004682214792,1427.4826391469705,4833.636194190974,4874.310346023733,5816.074608550427,5039.557888101793,4870.361000931758,6565.407447043938,4996.7985920247975,5424.552653757358,3725.82103030634,2365.720151455155,3969.1547528471347,4756.425323141844,2271.5211832998602,2723.2781910667886,276.902905658283,908.6645048080181,6410.9901247190355,4592.037528001703,6038.168980547083,2949.0055428983173,3401.250102079087,5391.763650739246,2712.507132045186,2123.29722788238,0.0,1838.5363702861575,6120.2208702015,1125.181237136489,2076.1595034929273,6226.193782224418,6400.889376819599,2960.601137457898,7066.47453226685,2084.6691414730544
4108.403886092141,4569.983115836317,6582.97692203345,6461.1250791178,4957.688968212608,5099.308651072221,5320.532058288626,5437.06069914223,5150.528775698666,2243.265117938805,4755.897576062167,4710.9443908364065,5691.165335375963,3794.3058756401024,1604.6375513046557,5753.177629552299,5278.391215537552,5339.335699242931,1848.1720960140594,3232.3724689558903,5233.427875618427,6654.591390106833,2048.731319321789,7346.523657388575,6682.732479914261,5479.961422186291,7104.253602609074,1791.4192443626923,5499.193450091113,3711.231915094636,7168.100259895505,6957.082544889417,3226.4781882482953,4014.598298797652,1428.97480458859,4482.806810413538,5077.671755815356,2652.7382176206156,2703.522734398585,5383.687249560658,2766.2953985388112,4715.4943671036235,5690.560978248981,5057.472655336556,7067.77257834468,7032.383789077783,5147.131566506242,4820.19512471321,5933.070455076192,4871.692496533212,5678.153193479813,2922.3869344036225,2670.431766656658,6749.115096287661,4095.572084376248,4947.720265013474,5888.742452502486,5798.338670543917,4496.589469528767,7275.149318425018,1188.05293115248,730.9337524509314,3785.463942592242,2567.7321860649718,7180.8235126623185,2963.070113818605,6541.398080424398,5810.14148692207,5670.5526285061505,5312.212374448898,6573.067324340136,7700.002796934882,6495.276267916863,5554.40204170755,4473.464365036565,3081.4970649945462,4713.729634370219,5986.944958218674,4057.70530086809,2071.5090001438566,1676.4398676841945,2216.074056250152,7307.8443976402505,4738.468926105246,6806.310894019755,2195.654517807845,4643.223999139391,6217.694326518955,2999.0721324244605,961.7276129570164,1838.5363702861575,0.0,7316.318967184591,1350.4053201291085,327.90070311147565,6864.257627206674,7682.265037615729,4777.0587669908355,8015.966260759148,2888.241978949306
4284.105180423328,4622.526161888973,2228.0211859360766,3116.1744771241556,5150.860994356575,2542.8345113327764,2148.6452118621164,3920.846178942755,4286.141678145626,5788.39482783267,4365.253091498935,2623.4375683827507,2844.172050838346,4814.038024194866,6325.953925749696,5998.148176131864,2891.014267867421,4176.316748361527,6133.59650824017,5152.5152028011535,3635.7974058334166,4421.9989247041885,6052.781104334189,756.1603541161096,953.2250145626688,1843.5794940563321,818.6576735345488,5696.684160642224,1824.057632980384,3840.4528839317904,1420.7127576399816,856.5457350789856,4091.766923340698,4149.421400298119,7047.182738201841,3074.8411618789355,4577.513207763579,4803.833615611598,5763.053287829725,4337.128168685012,5971.276246590003,4372.047488902311,2214.5775337804275,2356.9272064995985,281.8914560251872,2773.735459876627,3066.6887520777195,2560.272015380007,3640.371078662861,4990.091098891983,4362.584355752907,4522.104611908265,4673.566811051278,1635.2290581105144,4655.7420413469,2898.255773933695,3806.309882556858,2623.0187609736995,3706.8140525691338,1228.1561186579663,7225.872206804449,7304.324721071278,5674.511236427064,4805.201768811066,1427.3924854912889,4701.298205419011,3111.9033547867457,1732.7233063371664,4862.128339925326,3603.1674499041815,3067.645589343235,512.4717153658335,1795.1737348794409,3997.858786337507,3046.487840706574,4267.188748058961,2864.4491258231487,1363.823661741136,4526.260930195033,6013.139118015648,6396.081837022726,5289.694746957332,1350.4845275918567,4029.6508984012503,1834.9104984660698,6133.724781418303,2725.784250393454,1764.286659444264,4592.491901539513,6732.968325221277,6120.2208702015,7316.318967184591,0.0,5975.476827423398,7319.845503292677,2335.369937119171,539.0665893486624,4506.997239761414,1436.594704315034,4431.968442058224
2924.7855511083203,3712.261822134048,5265.251267575556,5202.999500757423,4236.576449764361,3836.449489888926,4019.652408977672,4258.065698597427,4229.630740066678,1355.654552789168,3841.0803251180523,3363.4221164569876,4398.154681881937,2942.702205454708,1336.238427500871,5192.343374614973,4096.481385915112,4196.1289584192955,1438.147678039359,2197.8247176936106,4183.118376299313,5531.553484422346,1314.765861991024,5996.134785170944,5332.3543281603115,4135.546013938305,5753.8522061176545,617.0080804673468,4154.873770804114,2383.665016012527,5892.99579472521,5606.679061138778,1883.8081170695175,2974.014355663066,1544.0239297238882,3226.9330492287872,4220.012321025141,1476.684717540613,1871.409738212613,4476.185247442849,2326.9079365441166,3800.5814364653465,4354.173682041749,3750.5089854071807,5730.59780107259,5878.892206816264,3852.130829154431,3508.287319739363,4901.451813748759,3871.6707859812927,4564.804859927531,1709.1029494772984,1385.7526633891055,5409.113950881882,3219.9511383027225,3731.5151688838146,4884.378850882065,4610.748438166845,3400.8621982400286,5987.175439889581,1547.4093106741345,1419.919972084694,3232.5972832267553,1321.7763041093601,5836.9666166138895,1704.022703947926,5282.891760410107,4509.483034633793,4866.726879813681,4259.387463735249,5310.877914145362,6368.6560515028605,5158.057889049812,4581.871888297402,3207.88739371958,1787.130153761891,3453.2948908080525,4639.838742478989,2924.760793524147,1599.926442231642,1193.6476521696006,961.6274362527311,6027.393750225466,3743.066154854867,5561.683989593889,1824.1113012141006,3293.0630963813915,4950.183986278187,1871.2449726639215,1134.5368825335736,1125.181237136489,1350.4053201291085,5975.476827423398,0.0,1419.8314679947052,5666.397254856211,6334.315040109862,3678.7064426079173,6724.822055793298,1565.3018857594218
4278.674187123858,4374.90987258412,6684.957452810751,6603.8762908354065,4730.013342863422,5039.255084637907,5284.985332530263,5612.956221436259,4966.162273902958,2465.162824878308,4573.067917998267,4735.633780538778,5812.395788393285,3606.684949248548,1381.1036154937835,5492.418980121601,5177.287379299028,5527.372741724318,1632.5657468151169,3439.788207917022,5084.958604881755,6851.784273161335,2290.984092618934,7383.692560949231,6720.222860557082,5494.374334446553,7143.819601063915,1935.5050992673719,5513.34360287911,3803.4953296842627,7107.9322687420845,6996.581838311619,3247.7218911022846,3874.221817424759,1745.0743359627975,4422.666511311586,4878.410407087949,2583.3827866086745,2944.6791568340686,5194.358018231031,2517.6732679082884,4533.036818901541,5771.6062386459635,5028.007695944786,7065.494918962295,6911.686850775648,5266.609690415458,4796.07632761448,5774.683530013831,5097.195689428158,5876.396711242869,2861.128274247766,2649.0698395750155,6824.069837376593,3909.739467972898,4864.066296213694,5722.487610786414,5696.884853930786,4368.757118694743,7223.621503902112,1512.2815245624736,1058.1451449328677,3538.2280630277355,2529.17977383993,7248.214454203531,3097.346681131126,6684.015910358458,5772.500316775912,5455.383594253753,5164.009856881859,6713.713024068352,7688.322339314605,6574.76774454467,5381.044603222872,4418.924127957505,3058.894159769017,4654.566748101589,6007.159872577806,4244.483535629276,1853.9574530662778,1940.2497837242502,2345.4626243558005,7250.927144939811,4577.384195536136,6728.811299002299,1953.83444833819,4680.817280809944,6155.532374882696,2903.8058021851252,739.8640220263452,2076.1595034929273,327.90070311147565,7319.845503292677,1419.8314679947052,0.0,6763.111141607685,7702.725505298109,4977.068374437406,7965.203898944459,2889.7959509795846
5168.5771040039635,2940.6626974782403,4168.7663862898335,4982.026656311667,3250.465809732507,1903.323882975517,1948.5841503065756,5382.193215301175,2415.585095249803,6018.282133103432,2657.1029213067754,3029.973729911532,4378.652229603305,3447.6956301985247,5501.794188011398,3879.6648232982707,1586.3870553068066,5598.720133270192,5261.974097034686,5739.529896582211,1896.3501612268237,6257.905746450085,6240.239960340067,3053.416213331062,2873.4011477000563,2547.512739984827,3019.7267477142695,5629.082987875024,2536.7090954671958,4273.052863900001,956.0126096328435,2975.6311177392267,3990.9437231423094,2947.051304167608,7064.784165992475,2466.5437474541172,2691.5614172985165,4219.931253364206,6191.9483231956165,2363.560971549708,4761.32094857236,2681.4635461749244,3638.780054485981,2202.1010101596157,2134.4475745756795,464.54183462956286,4319.61667616468,2429.5402188500602,1537.9324203426493,6226.84822007932,5901.928419994604,3963.81410587757,4288.567124162569,3655.2938844827513,3188.873964306053,1935.3804632733068,1700.4904376943732,1066.4215703838704,2429.298324080433,1177.3690054069707,7158.520559094665,7086.317017902952,4129.51990547388,4345.333721291497,3631.024715793187,5000.522421220007,5005.748311511177,1611.2374622419873,2759.2071937643614,1828.6744709480142,4974.5547716402725,2190.842478703113,3688.764311459462,2002.494321176467,2501.687360894842,3908.460254469655,2257.2335666166673,2520.815717716192,5419.9047030354695,5079.4731100571835,6474.414640130797,5317.550419775255,1084.1246926110482,2432.0987345570497,511.06212390765165,5114.754742099078,3221.2851012608307,1014.3104011834838,3865.516777476719,6060.122649975411,6226.193782224418,6864.257627206674,2335.369937119171,5666.397254856211,6763.111141607685,0.0,2845.4543635672667,5711.501311203649,1656.6666529395704,4171.427704395702
4432.623958900416,5151.439159545612,2095.469579091999,2969.1865506202203,5687.092394318207,3040.680720930265,2627.7899814578022,3906.33211673278,4823.300741159419,6049.993580165188,4896.666805181358,2971.3218789707043,2856.0833785563755,5320.904187417962,6758.198422018992,6537.1006482943185,3419.599416795043,4166.331814179111,6574.1902591281905,5349.504600142802,4171.852264758784,4246.392209969423,6318.236495952728,505.45506604346156,1059.6087313664414,2209.2889338438736,714.7892394608359,6017.884604094698,2190.5124099739764,4114.331810944275,1907.8741495614956,833.5994952217758,4457.808645845287,4650.7328676676325,7331.6464352991,3547.0335560551157,5114.424832995593,5225.235415298338,5982.547749098958,4875.940105067432,6453.410911245153,4902.654141525079,2322.001955718599,2815.224236740299,808.3913912579719,3272.3444124708208,3164.370264678898,3001.534643759755,4177.74638893758,5016.6268551748,4305.537792377161,4945.857499407964,5068.980105143834,1514.716783097421,5171.5377885221915,3407.6067951857353,4343.95030113398,3161.456434074017,4220.328194722775,1700.1237861782301,7524.494259453256,7629.937979542494,6189.220105930391,5208.898474932008,1177.4061731488416,4973.86871109763,2951.3845034114074,2239.7176106045154,5400.907101709952,4140.189439568798,2902.5623500839743,754.1719738375324,1734.5762335293887,4536.923896273333,3512.963202577704,4668.752642698154,3344.996223983668,1695.9427708436979,4664.264774086694,6462.953884422974,6677.761750496045,5601.2562352290215,1816.253340812619,4558.075883386103,2353.404127187891,6592.822635793336,3047.833163574575,2302.8149618310626,5036.821035608274,7139.510614326798,6400.889376819599,7682.265037615729,539.0665893486624,6334.315040109862,7702.725505298109,2845.4543635672667,0.0,4556.8795089083715,1730.6596176053797,4814.067706526778
845.4802864674016,5642.056760364344,2605.226509820787,2020.8351996293513,6349.459424040523,4060.349016874288,3818.200211243119,798.3083576569896,5827.684590350442,2541.812037755939,5575.672331576345,2752.006107106051,1705.495473064939,5159.544591703516,4863.31818845292,7460.198248930454,4718.763367653436,603.3405805761788,4848.380494051699,1546.1410131356065,5361.524725566786,1877.6314550432946,2768.1753383674954,4062.6218088148444,3560.7720240426793,3176.05524760795,3842.251049593194,3076.829378754857,3188.981413601685,1935.2295114184774,5319.411928563721,3732.1753249911776,2837.4223576707786,4673.190003148278,3733.7719530460076,3825.914749589959,6000.615641223574,3763.4930872274763,2148.7885852419263,6045.78151497141,5419.863225234101,5548.042243930196,2297.692394462322,3618.0402330511747,4404.2403592947785,6128.616732542508,1459.281287436045,3455.9540185935634,5937.94856156518,515.4540464968725,901.2011190011921,3661.84747981794,3373.9117366690252,3089.896000937572,5273.927021342824,4316.765846805337,6027.172457356517,5015.5318688319585,4707.930928817563,5270.893492941022,4012.8546106022827,4337.929029568371,5918.664812056347,3536.9236782404564,3527.3036780237676,2054.575645718842,2092.4469813593846,4100.3126738244,6633.675408621829,5403.071224548127,2140.55635307833,5018.601583729974,2839.404659729923,5916.758827326072,3750.455136890988,3286.3629433563788,3891.402324457341,3359.3091467490754,760.282172623428,4903.994106038974,3179.7843334114655,2728.733074015302,5374.40647261165,5266.622786763924,5317.564874477791,5135.573597255325,2557.733185112943,4699.62276131287,3971.6859333437983,4811.901158033901,2960.601137457898,4777.0587669908355,4506.997239761414,3678.7064426079173,4977.068374437406,5711.501311203649,4556.8795089083715,0.0,5829.3614884651815,3118.555653718721
5499.877482525588,4529.6640483879155,3663.1087074355296,4550.62504800846,4894.692336963581,2927.9676417066153,2705.8752331953515,5300.141779706652,4044.7289375167034,6782.260324413535,4247.756120733039,3561.5022270075865,4221.218932250257,4939.792124573665,6810.51478639684,5529.57970424516,2945.866345100029,5550.152487383837,6587.8386692694585,6278.557259057291,3473.331227920683,5857.872377583264,7033.3749623532085,2150.6708066612614,2354.409640077529,2829.932836324035,2252.195283984273,6555.858870845985,2811.632168221156,4865.35954299392,880.6350133994221,2292.114711283011,4885.561238942461,4354.477950159582,7968.708818657386,3543.3771308192695,4327.934140600571,5382.331299404934,6838.8945353994895,4011.408520360025,6220.717097400588,4267.328421804561,3538.975401727596,2977.930035256033,1448.0430124944496,1939.1749540464368,4370.609830492994,3223.6604459849673,3193.2719375031306,6328.127696356087,5763.066640710828,5104.098928118458,5350.349621142342,3071.3121543355046,4711.842156479459,3151.719340362971,3356.7459095910135,2488.8144328563353,3844.9190501140592,741.5856831985096,8111.189647368689,8119.863104500284,5697.228892282721,5448.298969578762,2844.740016968334,5699.037914392394,4547.700026551113,2216.9783498342963,4414.744174174196,3414.865360787889,4503.7883952274005,984.5340544419986,3221.195328853095,3649.7342431966194,3546.380427241979,4941.622870583813,3311.409968074174,2495.313381493595,5750.860359565341,6429.526833661401,7334.872016283993,6183.340361243104,726.0122077327627,3979.3557137898597,1367.6149117339282,6502.360707295235,3713.908071710042,1821.4293765186173,5087.0013405199725,7307.850507285504,7066.47453226685,8015.966260759148,1436.594704315034,6724.822055793298,7965.203898944459,1656.6666529395704,1730.6596176053797,5829.3614884651815,0.0,5162.0689026399095
2273.3139939291273,2766.5864900306296,3985.999412325596,4120.542398519884,3429.790597672108,2298.543932232969,2456.211448175014,3443.6419099253044,3138.1587230624577,1956.872303629442,2794.024492154104,1854.5104028379026,3241.0707254254726,2136.1732173983455,2073.4485780833825,4515.573289550065,2644.90234920403,3474.446120978853,1958.0808707466606,2118.4374336338096,2908.057136798553,4762.437315605634,2135.4619272478267,4506.934670945763,3845.5551538684244,2605.0389644849843,4270.403520713352,1459.1535242955079,2623.9414759300557,1266.5713149459843,4337.4819433995335,4123.513288677265,394.0440791954624,1832.096665450816,2893.6862966427443,1705.6742465092796,3220.6588779145795,656.6910881990102,2281.6591463286104,3385.2968315367852,2329.2387181381814,2757.6497580521345,3013.142233819206,2185.7869971399314,4180.701770025218,4426.13631565737,2719.9103969064863,1943.0344481480502,3617.6803096295002,3491.852947299614,3879.175176959659,556.0124051080153,300.5201679887728,4025.8626643685943,2318.793843162647,2246.7323974207516,3637.348280614601,3140.4982750799268,2112.1991700642243,4425.947374205098,2991.9185708105433,2960.8168612801774,2816.152335567982,476.343595121211,4425.306301959334,1233.4284915810895,4196.205858922677,2945.6089238138857,3891.789813422739,2976.507431221531,4212.563063151578,4811.815627628514,3794.087999854115,3393.3028243974923,1675.770879709096,284.8067439317401,1922.6095496592638,3119.4602566445687,2408.7200467522166,1936.6615669636244,2317.4336671111005,1189.975978165946,4469.1358167982535,2582.3420744266236,4026.8229078360273,2143.798644445182,1820.1826107248135,3401.6079018442147,873.5742662613178,2344.8744082626263,2084.6691414730544,2888.241978949306,4431.968442058224,1565.3018857594218,2889.7959509795846,4171.427704395702,4814.067706526778,3118.555653718721,5162.0689026399095,0.0
