1,100,2
187,70,2,190,115,67,197,154,23,199,117,34,129,69,183,181,4,74,133,119,7,169,187,102,60,100,9,155,107,150,145,127,23,195,142,198,171,125,141,141,159,123,11,98,11,140,39,46,163,199,151,144,1,53,165,164,173,43,92,8,65,88,64,27,163,84,29,94,57,180,13,83,69,94,129,129,68,21,182,44,184,91,18,75,83,81,23,151,161,5,97,56,181,4,137,191,181,180,175,79
distances
0.0,5521.605808599977,5610.066663723882,1682.7899386988263,3912.3991950803024,3074.0238819698525,1545.95196887937,1421.3384716333403,3552.6772921340607,431.4242780848106,4064.5334731770877,6226.044541925877,4750.656791666285,1589.18301068505,532.1134920343591,2952.241741744737,2379.3782784458635,5078.428655988484,6116.353358284658,6798.599704183943,3220.9078419304387,4912.7111238117795,1664.4388045743826,1538.8892550723067,5432.87223198052,2570.7803864776156,3627.6099828819797,5294.176726657791,4088.566095415849,5421.796933163027,1446.6585725764735,916.6514218180213,3101.829950581591,1151.9570104674044,5557.286461108515,5347.494092470042,5614.313367668481,6017.2463054024975,2940.9065554942417,3347.123826610841,3608.6218822909395,4231.182341794312,4179.288233900122,4463.241581186593,987.6959821853077,3784.7841406855687,3488.161844619742,4420.1223819955485,4702.750281807126,521.3301805621848,3405.1821329840786,4830.443548911218,3326.9222758198007,5489.379130978748,5247.0186989865015,5149.444192432422,5636.255710152353,4699.56016811414,5779.647966521318,3068.5904388305066,6147.16416662521,6718.125537794601,1900.1336433419626,3968.4771070195175,5808.067594430699,1729.6050965260827,3700.880453870673,4016.353055727173,1242.0482081408918,2764.0557150826394,3885.7852353772723,3016.3220333104355,1077.0654342211528,4252.662216724601,5280.237428382269,3064.9997765977078,284.09823316064467,4696.82141952044,1631.5757430514834,4720.05885280438,757.770905860076,5310.308336385092,6957.59060090352,3994.650398199322,3774.2466534496652,2739.29739004731,2689.7226946322926,5260.788058664405,4681.31872478792,1545.085460228333,3378.26753669096,4170.177952317263,1938.2254970082815,4581.297783807662,1876.0389071637078,5938.65404353697,2468.105204546192,3473.390009511313,3229.5538253995705,5915.804617071967
5521.605808599977,0.0,839.065042113542,6797.85612345282,2448.387737105788,4467.41152266858,4791.481689742015,6639.726323821638,2175.989388906573,5119.540691436489,2531.2347747247786,2606.1500517598756,2747.849745501016,4070.6681709941677,5960.904280678561,5865.058743025938,4773.75649416945,2469.275985680013,1258.129821934525,2399.304815659945,4857.690376463695,2426.5491152583336,4727.17865089971,4032.9386717650445,2989.2953331462586,3685.7874843198706,2996.5098281440696,2529.2768085537814,4887.63360945325,3721.6369384270947,4074.9910379221697,6272.769935699699,3895.295428868522,6626.895270977201,936.8613247674386,816.3880501973315,6846.518513202167,2566.90341640682,4486.810707101649,5633.597415220313,3494.1174948670514,1867.7625051577086,1342.6235799854703,1458.1982878339968,4879.520614703866,1768.889046339538,3625.1163768999195,1237.2946748955965,1114.5347781967146,5002.305870928925,3674.251103403386,1724.468876827007,3301.1624371237776,872.2075340708772,5433.831146800294,831.092428961424,2167.8036196136404,1843.9345041307733,1053.4648009520777,4222.076210638672,2422.0748227075896,1752.075851813785,5217.140533630754,2902.5515649333433,592.3771036738335,4111.0702952418615,5523.668304826512,2475.699026095862,5642.647204768787,2985.5975226691226,4228.4533604183225,4429.288711593883,5315.443811012679,3960.1047786352824,1270.4717362271385,2552.085852390746,5524.158993611969,3325.247416014183,6795.022654145974,2908.6043204000775,4859.32454812158,2124.8453914565175,2140.0671029853243,2457.111155872481,4758.869428051688,4490.339330713994,3015.4365462786645,3170.140529532563,3150.184783248913,7021.926329481534,3786.1783419650214,3006.2849009167444,4203.9670188359,5180.761933776923,3673.218913381695,3594.5482418964693,4489.050206004495,3177.029461235133,4027.383630980789,401.3018435355113
5610.066663723882,839.065042113542,0.0,7020.541922496013,3057.7242516167153,5001.908187514541,4667.642972383385,6836.211178624971,2604.3472413595314,5237.030859992808,3179.8954283531084,3443.0887427240386,3505.8682643557786,4290.787536368586,6087.868762319782,6345.0302345878545,4502.816610092176,1745.724391381698,2051.990550195102,3184.824604557055,5406.095809682344,1740.0733081068743,4586.293328954549,4076.080388780992,3803.745555255898,4108.313658259311,3585.1236187580757,3341.496854775267,5535.270258059131,2967.8441450847786,4183.360993070165,6427.097698731287,4428.3606520513895,6749.248568099785,119.2285072371538,1641.7543607604644,7544.682721147989,3405.968409285383,4126.574946040481,6171.16215457024,3050.128130023557,2495.9623992460306,1591.5649810428733,1176.355323596149,5093.086825710809,2094.5442198074984,3198.505440770268,1203.3079789929097,907.3511465695075,5104.386008027704,3262.1802063491223,1129.1390635913717,2943.850690948847,1709.6992165936674,6167.953287268314,464.12236409162637,3003.004128617375,2584.356118238545,1884.4390942718207,4755.391144317784,3258.947088692451,2464.842650825809,5584.140040065077,2422.8722980561733,1390.208839581305,4387.484251780855,6105.952024282208,3110.84149221541,5544.379562137137,2901.810885160679,3709.4427081816484,4057.309695926601,5563.680280914784,3379.951957963456,552.5101035718718,2864.5105075754223,5569.949720183927,4071.687687580176,7007.739818944765,3662.118675310919,5014.233720569675,2943.015196450233,2861.054022923894,2036.6489489207513,5375.755938596358,4165.792277489842,2957.015672021033,2422.280398451839,3897.1797506078674,7047.673326548344,3372.637494338518,3688.0674314080807,4064.982564662855,5867.149660382373,3849.881309202402,4423.060468788552,4213.938396594093,3746.079008334582,4582.441780683417,987.7081319924421
1682.7899386988263,6797.85612345282,7020.541922496013,0.0,4781.455957676176,3237.4071960890246,3220.091030122596,278.97726818685425,4666.317426595087,1896.4835548026774,4871.835029110181,6963.5202005788,5412.05405861998,2736.2975338869855,1162.901155710579,2341.9513715570606,4035.4072422359063,6687.89294647851,7172.543935299525,7659.270339170696,3166.9458527996653,6519.368911435677,3340.0554379119217,3084.602052956102,6019.27927529476,3304.3338486278894,4349.048023598382,6005.2969647594455,3998.703730523931,7096.759360176306,2885.3754876461053,787.7895360545226,3545.3560161632568,859.6326173808205,6983.753066435984,6471.457180032949,4934.911386522052,6747.324553880746,4612.99298438671,2885.3289266917213,5280.669330309275,5233.55558826177,5487.770396031708,5927.452152190265,1928.6252546290582,5029.5345547886445,5164.540172415837,5817.378057950163,6123.140601959505,2051.9098545143256,5082.6864557165045,6360.399026924333,4982.55418127731,6596.969239972323,5031.004532247611,6556.6237535239125,6447.156674047018,5627.6848282135525,6854.64328366692,3357.4361226060582,6924.609242180891,7739.485330597766,1882.866921349993,5606.946147108959,6984.305233842089,2691.8485865748466,3311.269306673802,4852.689300099585,2724.988592783464,4311.57322704103,5566.12101071132,4690.8420605601295,1485.6005344169744,5935.399902301866,6756.3547652947445,4246.878348138783,1900.5791674447555,5179.86005282498,85.2982004265037,5333.902357550708,2035.6693097185505,6128.132807253528,7916.350241261752,5587.185764375478,3739.8802976900206,4412.407397602584,4225.629836499406,6915.704429962288,5221.050416295939,1659.5532467833023,5058.69691736459,4796.044101784824,3614.651306306737,4396.387073073639,3170.8462527549327,6382.837987471405,4143.73434455661,4155.952831516859,3582.6519378590215,7172.863084320515
3912.3991950803024,2448.387737105788,3057.7242516167153,4781.455957676176,0.0,2036.7521086008478,3879.806353595627,4686.351945545703,793.9069776088376,3481.4243004793307,222.71060149440575,2318.8979024101086,987.5249789448371,2325.6533489505696,4212.847845775824,3463.4734160355556,4299.485585460777,3904.7576631327584,2427.951013721035,2906.5634538232607,2416.135231474016,3768.7840838123107,3877.1943221566803,2803.41033176665,1675.600065009548,1477.2223582781976,550.5948098066309,1418.5865631966212,2478.769928505064,5021.13215285527,2646.0686080357023,4436.014381625018,1475.4184096811318,4842.51558562386,3090.9842473757453,1840.9130328315348,4513.551476285831,2114.1469980275738,4337.214454386132,3193.4792355869486,3833.808255262905,580.7785073683427,1650.7487879774435,2538.5923370568976,3023.9038116663037,1256.5943341786954,3877.470420817417,2173.412020630464,2452.8677607575996,3420.656685401211,3870.69626805527,3145.9823824842056,3456.210292616032,1931.3587254158665,3213.92841327261,2691.8316179035046,1724.3916066601575,849.0322640901227,2136.1395859009313,1795.6067997791163,2234.8843178983566,2968.092600862885,2993.4940377787625,3533.1846571993656,2394.429497263388,2204.977301483623,3075.6146406676185,132.6790058223231,4528.356103421747,2513.337610698968,4621.166669503385,4326.967455551867,3332.92859633161,4600.643002607788,3135.560432685997,1164.9737946859575,4027.1815079911653,1305.1400184167983,4799.522069656623,1046.7300539413206,3157.155185788148,1398.2413425685859,3135.05481580817,3125.475155643538,2321.6635240268993,4232.189537106413,2456.782771931006,4533.75070697287,1171.011293727349,5448.565755252661,3957.0024926306273,723.3906325533941,3461.5257111721703,2833.961239729648,2153.908614799848,2318.670881381185,4083.109893299101,741.4415695724108,1588.1203646934323,2725.541376560811
3074.0238819698525,4467.41152266858,5001.908187514541,3237.4071960890246,2036.7521086008478,0.0,3852.656235791743,3239.3250674611213,2413.2281497119166,2724.74882660439,2013.1693479327564,3848.47861532944,2314.66181396808,1956.2599119495858,3121.324977416482,1441.2995262154914,4573.466890401307,5483.417876955941,4399.631366767561,4623.181782482385,412.1565576574025,5323.944891557481,3911.727666944365,2834.8193713268574,2838.8835363420603,1092.2843732311658,1488.2055325162582,2911.5974438524295,1059.9991153718008,6402.644887687353,2521.087175197637,3183.88173344457,574.4500594237937,3602.075381217334,5016.238419931115,3874.650418680503,2991.650356041628,3634.4723914765127,4870.746604790071,1170.177385580921,4828.679952514559,2611.854596459191,3452.172137141629,4243.72519183064,2102.291386859586,2955.833559956311,4804.948007066466,3949.578826780521,4265.500696282443,2761.190380150199,4762.027759641999,4835.296465054961,4425.385139987819,3957.5773852277357,2221.6518335934184,4590.452523294953,3419.5549539812923,2820.30363340758,4136.354448026064,246.67964954774848,3842.6953965624184,4881.780442455908,1372.375077751341,4772.872996845087,4428.8131855639385,1655.1877309417202,1153.6513716634677,2040.7719609804521,4135.514918363734,3390.8964878497836,5497.098807294354,4899.492733606715,2089.65675043654,5643.159324947861,4975.528355178372,2314.73109688037,3305.3007123576517,1976.2038883316166,3282.3610005008586,2202.90284099549,2422.188084351213,3129.0159551849524,4972.543735202738,4486.880381450457,740.5640952469944,4702.220142316712,3296.128441771194,6001.241756735767,2045.5633114311076,4392.017631356459,4810.860336808065,1725.343962405178,3724.753409221609,1573.7617163980067,2224.1458027074127,3149.3410166263357,4466.194717777652,1295.9698893801506,454.6415430072355,4759.737042693535
1545.95196887937,4791.481689742015,4667.642972383385,3220.091030122596,3879.806353595627,3852.656235791743,0.0,2951.053309696895,3260.1039055326137,1492.9118032573124,4082.404186308969,6127.142523641914,4848.121132634064,1907.3198937336126,2057.2983000705076,4203.799513179714,849.8035136771324,3782.948458343703,5651.046410640244,6531.576544212277,4128.159596953223,3628.304833562086,121.10317644471581,1105.0238591202453,5547.395389820794,2966.3936380527784,3805.7272294462987,5289.195193284229,4911.60650941441,3946.2353534205226,1363.6444927857847,2437.721470316287,3647.7513576077245,2565.143298069915,4590.9822671008005,4842.729404722506,6719.301764698546,5939.29826258372,1394.9971781035977,4481.67805521548,2167.8980047790533,3991.6579531380194,3505.0718500575704,3492.5580021132077,1972.5852015831913,3260.5806099719416,2028.5875852131699,3573.7023610328824,3794.6140751397897,1355.9333433856548,1940.938525167657,3711.6505033410676,1964.0578351158601,4996.498301468439,6064.891173095523,4236.027005509998,5494.821138338262,4500.810059712473,5310.312397486611,3751.3169057716254,6009.228925984182,6265.236256937962,3065.679100412501,2634.1824737781544,5202.855296462702,2201.3199151520434,4757.964470729474,4007.4279934537813,881.0946535055128,1806.022014594783,2348.4260982253627,1471.194337119335,2365.4771436291667,2736.002031499428,4241.335500308482,2765.4160676400934,1321.866182557448,4979.229029381958,3163.548687514071,4870.049321443161,1618.9662896953723,5185.91064492679,6569.1218568406075,2782.206218721394,4593.073246494769,1193.5321923006518,1778.7502192567679,3849.5493986122583,4909.969487102338,2530.4455015243852,1894.7092008099823,4370.319555247304,603.1556386679973,5425.827589095049,1797.2967681365255,6157.539301299505,923.6503567530302,3719.0031614658515,3829.4561469280466,5191.861262978818
1421.3384716333403,6639.726323821638,6836.211178624971,278.97726818685425,4686.351945545703,3239.3250674611213,2951.053309696895,0.0,4528.733953089318,1662.8078466449454,4787.836178478332,6902.71003621172,5356.469971856465,2569.4119451588526,894.827176521813,2458.3429930717552,3761.7933577783087,6456.861289092867,7056.32835375601,7579.3491823921795,3204.279622551377,6288.997085792059,3071.376597457889,2859.682629979767,5979.919139909837,3213.695370222417,4274.736161284576,5944.759479189886,4055.0011552251126,6841.865249255133,2676.724560565767,513.897267445547,3506.315320816711,606.1415067869879,6796.026563291598,6340.748414004849,5095.46452739787,6686.942288126988,4342.252404850737,2987.658910189883,5027.174590465902,5118.8052988967065,5319.533883335363,5729.777854099756,1760.2067436554148,4871.023361497048,4908.550925348336,5633.093398224904,5934.967216005494,1815.840360389646,4825.942458484249,6149.056100577145,4735.8912969933135,6469.652680439654,5117.785298530703,6372.089420977785,6371.618182791558,5527.979441202183,6734.0627449738695,3340.6903105287984,6856.76148470136,7631.123396154003,1868.5407046765133,5366.497179877858,6845.539834995996,2551.648625020694,3408.618710906956,4763.653319342414,2446.024938524749,4092.0166637903612,5298.657059930658,4420.8388736769175,1357.6949405860655,5672.468955544843,6557.655613443115,4094.486354701038,1629.761183803934,5152.5036369175905,212.83477905878073,5285.78476659805,1829.2547600367204,6049.962597577278,7819.719141077255,5359.653835134598,3783.507673950853,4142.080451383942,4008.2544703540216,6670.155591092685,5184.54016137333,1444.4337710867883,4799.604210003676,4741.808336650692,3358.280480723729,4472.765137616998,2988.7889056480717,6369.2037525251935,3874.4205354283627,4085.9941146147034,3559.1802819584736,7019.310117402209
3552.6772921340607,2175.989388906573,2604.3472413595314,4666.317426595087,793.9069776088376,2413.2281497119166,3260.1039055326137,4528.733953089318,0.0,3126.549018276861,1014.1542277040505,2868.775894086187,1748.5362121454618,1994.4421727854135,3929.3804143821453,3741.3032484358973,3592.0423090366016,3191.009668235118,2565.123566081174,3302.1225472148967,2822.734765692661,3045.666614500182,3240.9948960558395,2245.002177483131,2404.9242104091345,1517.83548689606,1129.6524837533,2074.534836297043,3080.49209180238,4262.762195486044,2162.104332426167,4204.969797402117,1845.6117699153306,4586.7787509573645,2610.951252611393,1815.4544509684067,5154.649350189594,2685.0006610474047,3582.50043127869,3577.127534183958,3040.65387318353,731.8037608601092,1039.0498254602614,1866.0909989011793,2782.093261514071,550.3514388116014,3086.6960517086873,1543.860013918684,1855.2413261988322,3036.15123932455,3081.9953075209246,2472.4178010071437,2665.4771394549607,1949.7856128815804,3932.9456649688154,2180.7613016093715,2235.017731117138,1240.711877290614,2230.7127880731314,2168.4431063380475,2749.128408231962,3165.4518647518557,3041.192906555748,2745.7270443554653,2318.0953752201394,1977.3345150322948,3543.686549211287,920.549727370553,3984.9000918699326,1749.1998507872106,3830.0183914008826,3566.7541494845145,3181.1432231172807,3807.083568491241,2564.210535911979,506.3171343387466,3617.877618445654,2098.5299434158665,4670.354301300598,1827.9559775377518,2827.95276567785,1929.3198926637335,3412.974881866258,2348.878117298767,2869.8025947972446,3489.397046104814,1702.140335567253,3791.4699665334288,1964.4323485691734,5095.613677661995,3170.281766284032,1502.0852687653914,2786.099587100576,3491.555488168847,1686.2525382993501,3072.1335048283627,3359.3334936860615,1234.0017722815473,2016.0130061311609,2528.3292004240666
431.4242780848106,5119.540691436489,5237.030859992808,1896.4835548026774,3481.4243004793307,2724.74882660439,1492.9118032573124,1662.8078466449454,3126.549018276861,0.0,3634.804449208513,5795.911603674611,4325.611992801019,1157.7587722582798,850.8380559201615,2769.56286442915,2342.320664522473,4794.31225540786,5691.271331232504,6367.3031425159115,2906.54446862834,4626.316288643158,1600.29980169342,1199.9131771924165,5010.406669628725,2153.958413454865,3203.0901445538493,4865.779864347544,3760.4155148075065,5220.713737028396,1054.5966171764444,1202.0931988760274,2709.448603693748,1513.951243559052,5188.662333518824,4926.339200163241,5381.316650950956,5587.455962266638,2856.8945730145524,3112.8079213913925,3404.291330025972,3801.156714433779,3779.012456958696,4103.874521651461,623.9376313462748,3372.7074300582312,3296.612594878871,4040.3671470564404,4330.2405742614355,157.1397755503043,3217.9322484764966,4498.470915288105,3092.2436621548763,5067.10671356505,4924.927453060095,4774.445492630218,5205.1000042066435,4268.366495058503,5355.385719746152,2699.0028906655516,5716.269100602245,6291.609770447703,1658.9653090963056,3710.893061138383,5392.889701827491,1305.7834182229453,3439.612538799247,3585.9137524723037,1445.3017972164153,2434.827845855637,3761.7199175601845,2923.9643696168732,886.9782209440096,4096.026131149556,4927.120081951524,2642.4370511194775,590.3887559379837,4284.78391238403,1860.6339569149545,4297.916098594759,333.0587058237632,4879.194599654743,6528.459236325367,3696.9598884068246,3442.354803566448,2655.3895016168535,2353.792855232805,5022.681032601712,4264.618521702146,1975.323692886814,3204.0924144158207,3749.369315425996,1760.4075915133972,4262.075379868592,1457.6619808189412,5524.990969574974,2380.769759588902,3052.2950087647164,2847.1021926952326,5511.492844929131
4064.5334731770877,2531.2347747247786,3179.8954283531084,4871.835029110181,222.71060149440575,2013.1693479327564,4082.404186308969,4787.836178478332,1014.1542277040505,3634.804449208513,0.0,2162.0046736323216,771.6439101982214,2484.4214578603605,4346.591004053176,3452.010539136432,4515.136327211062,4093.4621498511497,2397.53938522582,2791.689698266088,2374.562066862014,3960.5723808355024,4082.5126815491953,2999.156610758764,1466.1107591563473,1574.838454485094,543.8776074265238,1237.3723167454496,2361.5838158161996,5223.089176956966,2830.0980684778397,4556.484623607326,1472.1587524516506,4967.171750309828,3219.8111537643013,1872.285595935887,4369.672703956213,1952.7128408316983,4558.467629369545,3150.1739501464044,4054.7525738461527,684.1679392174118,1828.3218911299505,2720.5903463862396,3156.052516556719,1458.8310603232983,4099.344677220982,2347.816730503682,2616.9552064248255,3580.5963540161847,4092.945368447641,3325.3275892959778,3678.0762157629356,1947.4350681041976,3040.4784980928575,2832.1779649663613,1589.7888264703586,809.7140564050989,2124.5326849020244,1779.7111943023226,2090.4242936652845,2911.839176833948,3054.2124848400767,3747.682997096339,2425.7152937063743,2344.3507996142557,3004.0959719138464,94.05053248121446,4715.938879568414,2735.6852520858456,4842.968752866882,4548.697464706242,3441.3166538237947,4819.3127096458475,3287.8546277595665,1384.2539682099523,4189.354721944657,1088.5475510242998,4893.379530220908,824.6876420766835,3307.256589338813,1265.1471831949045,3053.182305785227,3335.60445523821,2228.3598213271125,4452.274716340064,2678.618234085066,4730.549070529234,950.3788782969664,5593.886658301363,4179.470587596592,532.0348159735411,3673.5075093632245,2690.004536251937,2339.493088895327,2100.9805893337048,4301.037729844392,746.662874108523,1558.8700347431147,2784.1056535607627
6226.044541925877,2606.1500517598756,3443.0887427240386,6963.5202005788,2318.8979024101086,3848.47861532944,6127.142523641914,6902.71003621172,2868.775894086187,5795.911603674611,2162.0046736323216,0.0,1553.6531472301012,4642.744787173317,6503.8656536939625,5230.470081513611,6434.599034804966,4995.537520187393,1482.827888901811,857.7773563722697,4098.072490695596,4920.776128180696,6109.679945522679,5086.2217886311255,1061.1082833500072,3713.3080065150807,2636.1723062387255,958.3230054631892,3656.7599916736403,6249.2259392735195,4954.06197714744,6701.221669125862,3431.074135582034,7115.859154142106,3543.00302410554,1856.3224900929797,5142.133628291276,216.29067281091895,6352.8011095618285,4794.932258365388,5598.970754812709,2139.852960210351,3014.1536570515113,3727.95572983398,5313.763730534507,2991.045173541182,5689.20379893461,3353.672354130767,3448.2266357259646,5738.576651595236,5709.464996359379,4196.876442770385,5288.664877737386,1752.2261538768335,3650.531572128229,3364.9070161020795,637.2814226901648,1630.1929680439678,1562.2716761936767,3666.9718492937736,184.14620063960044,1507.342728309989,5097.307423054352,5120.889193167238,2075.392879686399,4505.7808245466185,4505.494480634173,2210.3523777217065,6824.588266480917,4543.997531591759,6397.3811650093985,6322.625756875144,5574.358415358758,6241.695955915347,3849.1109412174656,3362.1925328364237,6345.800551199194,1911.0167177617782,6992.493849190359,1647.8994478092407,5469.025622230801,941.8330556579546,1360.8349664760967,4655.323436166493,3704.5573801399,6286.835031254201,4516.804288169346,5701.08955452631,1810.482371172114,7755.5894111265325,5812.860554376047,2169.223589724213,5650.78120407754,3699.6614803854686,4461.7593545534255,1263.9855212560778,6186.989961526445,2818.8193946579836,3430.2939209420524,2538.1659535201798
4750.656791666285,2747.849745501016,3505.8682643557786,5412.05405861998,987.5249789448371,2314.66181396808,4848.121132634064,5356.469971856465,1748.5362121454618,4325.611992801019,771.6439101982214,1553.6531472301012,0.0,3193.2994973514465,4993.048878198771,3727.344935817586,5286.368585969484,4650.802362817195,2235.2645605209686,2308.564686780294,2596.964818009286,4531.938176846745,4850.54376321377,3758.8376313333893,700.9783656718658,2195.193927098242,1123.169506403197,599.8399557365278,2308.9624235437445,5831.078455776856,3575.604310476203,5171.937914322638,1877.7436040402329,5589.801278744175,3567.991441932702,1966.4421966396567,4129.648201884757,1337.401373799578,5320.597549654737,3332.1407454513387,4773.897026349227,1194.746756862307,2389.6008390886122,3270.8621907338133,3808.576316511198,2115.0574771220754,4827.8130018734155,2880.1202855965926,3105.4014276708253,4283.959334132387,4826.361295972464,3854.7394163321856,4407.26733874824,1983.037310561755,2689.7953334625668,3231.5975251564046,1112.8015049055236,923.1377374335852,2049.0245470918594,2121.767113271624,1531.6095915356495,2630.48263512782,3543.6803671060684,4425.358936716546,2474.746053957254,3021.0535221690466,3093.802491783372,855.1260724840522,5462.629960224745,3491.8754980179347,5569.429254310805,5308.453095487705,4039.206819051607,5518.994688377586,3717.8123883921303,2152.3020757349564,4894.207056751277,582.0811126887731,5442.230174830627,163.56311968166912,3993.9155953095706,851.476033534708,2676.380751031137,3993.341362374747,2279.8902517237543,5218.21579391625,3438.696206310322,5317.629178895892,409.3538245491304,6259.941722142148,4916.480214688655,616.0666287099152,4445.015427069967,2500.5798696786314,3088.888195636903,1331.3807576801612,5070.621954743718,1288.1291558325981,1884.5312872229003,2906.3506892742657
1589.18301068505,4070.6681709941677,4290.787536368586,2736.2975338869855,2325.6533489505696,1956.2599119495858,1907.3198937336126,2569.4119451588526,1994.4421727854135,1157.7587722582798,2484.4214578603605,4642.744787173317,3193.2994973514465,0.0,1935.502003182895,2588.8897902170343,2619.069157920424,4159.590633490872,4556.557639338056,5210.009684359521,2261.909147593908,3989.424599341865,1959.7905058074446,888.4012175121102,3886.271959740466,1092.5930967967902,2077.794900355904,3719.5122182975824,3010.9328694399683,4833.041166742324,566.590294012349,2215.170562981776,1749.4048901740841,2592.4643033694792,4258.537172096777,3807.69183724366,4890.5942980685895,4435.584313153116,2949.221560562889,2732.084540583618,3096.327296880774,2649.471050372508,2752.0878139234583,3228.3754057285537,809.6118099218909,2302.444376532254,3037.013750041478,3089.4491658009197,3400.5334883804635,1096.2009835814779,2978.310692070926,3710.622043319422,2713.363682954425,3943.8711056429065,4159.169590964523,3827.701584045705,4048.3175466710854,3111.570136243919,4224.163020150147,1844.5581115356604,4560.387874266947,5151.176277525164,1512.2596581572886,3210.27474624338,4294.794286075411,303.83456546120624,2942.974881451081,2432.4626623833306,2322.9189808764313,1782.406820807472,3667.2240985936487,2986.7260804841144,1274.2591685775699,3887.481761747185,4055.5089331462455,1533.27223099944,1705.1534334554763,3204.1319454941304,2728.879502378952,3177.2426363117124,841.0988557226788,3722.5948600675047,5378.742378251723,3060.3931371384297,2694.3478789024252,2771.1575421635634,1683.8570735813655,4527.835207155401,3165.7165951771485,3131.488917411172,3005.4819392520067,2636.917434068234,1782.1141938307433,3525.051296662362,471.42539409963905,4431.454299388408,2524.7316704113327,1944.554298026414,1925.5008501771692,4451.981669488319
532.1134920343591,5960.904280678561,6087.868762319782,1162.901155710579,4212.847845775824,3121.324977416482,2057.2983000705076,894.827176521813,3929.3804143821453,850.8380559201615,4346.591004053176,6503.8656536939625,4993.048878198771,1935.502003182895,0.0,2748.2140195408724,2875.0272027820884,5604.123154829844,6492.02326294854,7117.422877241804,3201.4015909648074,5437.78959269527,2177.3816852159844,2038.2633845845337,5657.569927704474,2798.0709303655976,3875.032317227819,5557.405087464833,4078.736650007328,5952.806142288945,1905.0925878418611,385.1135167843374,3244.231991507389,666.0424077429305,6039.350399331786,5740.370462566766,5439.603792245167,6291.519019106991,3450.153625318444,3202.020515622753,4140.3438357822415,4578.429328386866,4622.634781793278,4953.107545567125,1190.5427700490225,4205.879537482737,4019.090383736101,4890.927718213079,5181.065613913223,987.715419696382,3935.784176499646,5338.301037574127,3858.61853081242,5877.928313085316,5214.332849691607,5625.259297471451,5933.486964865938,5027.05665927091,6159.585249810332,3157.7301120300012,6437.014407816873,7085.5874751750125,1819.6582422545725,4498.418585822022,6218.726106201253,2008.335760846776,3587.7440109056,4307.336910139256,1617.2291326688994,3271.674755806267,4404.170493187678,3527.9429410035814,1031.6742299374353,4778.061255818515,5775.058058359933,3458.704735104892,738.3360138175572,4881.074098181362,1106.8137286431718,4946.7996247992505,1106.197297776938,5607.488698464046,7306.985268428287,4516.096363626112,3775.7241804788914,3249.515227957087,3193.7655175396017,5792.664584169619,4883.7021797182715,1283.356569348519,3907.4416575796754,4394.169086707975,2469.6107815929213,4549.630085605203,2289.3993830192667,6122.2312976055555,2980.9128485745773,3705.0829747707403,3344.9073274971315,6350.742152374083
2952.241741744737,5865.058743025938,6345.0302345878545,2341.9513715570606,3463.4734160355556,1441.2995262154914,4203.799513179714,2458.3429930717552,3741.3032484358973,2769.56286442915,3452.010539136432,5230.470081513611,3727.344935817586,2588.8897902170343,2748.2140195408724,0.0,5028.862047374138,6617.730505041211,5840.930494466443,6030.323224096865,1133.1012975109509,6451.053972245155,4295.132823618496,3423.5955092599647,4189.8667691974415,2248.9244452551093,2920.2918570370666,4316.056774595187,1774.1162123795614,7398.045933444047,3099.381337574484,2630.7829193183156,1988.110695393242,2986.722604184225,6348.035464743404,5304.384129177109,2692.1827228316065,5020.250261290566,5458.38383542354,556.3203711837275,5684.571508121347,4030.4907178183653,4763.51004274495,5483.746804974223,2231.2856953167156,4258.588853120831,5625.653192483252,5231.811282991197,5554.100085743955,2877.49109846147,5566.024529188673,6047.348940518812,5298.52333599032,5391.897591166305,2705.4976106546465,5914.0256802895265,4839.16812874124,4260.438983369789,5576.302251424505,1672.489521639523,5240.312204854306,6319.237954326139,1140.4959825987985,5762.0548924815,5857.810943301602,2320.508063988789,983.4310684059158,3475.9026222282178,4182.845822353245,4327.971176239162,6241.796453146482,5508.171112344458,1892.0414412972034,6475.842929634797,6260.997905338493,3533.009572921647,3232.8328306203825,3323.595007080436,2412.1813223756617,3603.253367511227,2585.8815474224643,4557.440092471321,6399.301494740891,5554.106506031911,1589.8683444386206,5266.726359282015,4228.322661309564,7058.2631001895925,3420.827400655286,3850.7721217003996,5590.191651143993,3156.068812042761,4281.448103757536,2096.261321512421,3015.131089122992,4390.216230488198,5001.403042344818,2722.918742037117,1895.6308527572028,6173.3748138801675
2379.3782784458635,4773.75649416945,4502.816610092176,4035.4072422359063,4299.485585460777,4573.466890401307,849.8035136771324,3761.7933577783087,3592.0423090366016,2342.320664522473,4515.136327211062,6434.599034804966,5286.368585969484,2619.069157920424,2875.0272027820884,5028.862047374138,0.0,3341.3800039326566,5770.629643055947,6741.18983596175,4877.667469663445,3205.104707624386,743.283829231472,1740.6171130357764,5972.606154028994,3608.6504294256597,4321.202484863328,5665.583505404629,5622.802125535986,3280.9226032840215,2052.8473274262265,3248.2365033650185,4305.003730391996,3331.114730180424,4410.783538524646,4966.356480552921,7495.0289674653695,6261.929915100935,611.6574883355883,5281.3114195247,1635.0336081441876,4303.675353014909,3593.482850259341,3365.4149481775644,2800.5930694131553,3462.542432214369,1475.361783222339,3536.96521284137,3697.5418055087625,2203.511692323188,1388.1484316116916,3445.181352406575,1581.1617513720723,5121.355869676018,6758.020935034309,4111.628627010469,5797.3406018264095,4809.342682430625,5438.1523954896675,4447.344710663432,6299.585628513117,6375.766233832919,3888.4526829868973,2214.5586592190325,5251.362413643911,2922.30385580367,5536.494526789493,4431.5156615132255,1439.870603217525,1902.1131224753694,1590.9682265237104,701.0756436918911,3210.5580099194594,2025.1445734675333,4017.682748858724,3138.1075121397607,2136.9787171914,5493.585380207903,3974.5955871361302,5331.030234000273,2453.1687514828654,5506.687912236266,6710.0161080510825,2489.523416908947,5308.729007636385,436.62155527642017,1920.107778695769,3273.0958589705247,5403.775096128446,3153.3826637820216,1306.2693413075272,4870.533000381477,871.9737924874805,6135.796731818697,2399.5124240770247,6615.751350734548,288.88456259204986,4265.807371351993,4497.376854580568,5163.677250201643
5078.428655988484,2469.275985680013,1745.724391381698,6687.89294647851,3904.7576631327584,5483.417876955941,3782.948458343703,6456.861289092867,3191.009668235118,4794.31225540786,4093.4621498511497,4995.537520187393,4650.802362817195,4159.590633490872,5604.123154829844,6617.730505041211,3341.3800039326566,0.0,3727.339434989118,4868.312767013332,5892.956532144794,170.4052550158006,3675.0774146765943,3604.7473982915917,5119.655144704378,4425.374668308323,4319.994299480035,4669.590520908659,6260.789440267178,1256.8238391982386,3833.0440921338222,5980.565780902171,4953.251209920611,6219.947091507772,1626.4983325036026,3140.2099401334617,8339.52220298813,4916.094299871088,2825.4921056315125,6589.437916325261,1709.9722788723795,3471.070687569615,2272.0971479258983,1381.0541406715377,4863.981796496364,2658.736031242666,1871.6749858637318,1770.7149649305507,1575.3292697521997,4641.056919532231,1956.5386204920671,809.4721309402813,1820.3840954383777,3254.149847780523,7112.8864014745095,1648.053405276965,4463.356953415445,3771.275184997775,3499.504028836801,5253.016628411621,4815.187620024167,4193.256370693903,5646.220346965304,1150.1458366663771,3061.0234158733574,4362.743616517019,6637.060354650468,4004.3221198145384,4641.486079052375,2399.084089999348,2151.9654591914336,2739.8680406422864,5370.16168369566,1743.909848684272,1212.1740335017903,3170.38774428192,4953.75655994519,5146.568785595797,6654.554974895091,4783.485116759327,4669.025663450673,4316.270952064293,4588.060581704649,1106.960371591052,6031.173942648064,2930.136872851676,2492.8417146752417,706.1460178865275,4984.565658595039,6309.770937344873,2047.9348952535083,4623.556807422614,3216.52130950255,6682.136876098843,3689.588730944548,5790.6710795983745,3070.967990358252,4419.881861820743,5143.980047142096,2716.7807821083024
6116.353358284658,1258.129821934525,2051.990550195102,7172.543935299525,2427.951013721035,4399.631366767561,5651.046410640244,7056.32835375601,2565.123566081174,5691.271331232504,2397.53938522582,1482.827888901811,2235.2645605209686,4556.557639338056,6492.02326294854,5840.930494466443,5770.629643055947,3727.339434989118,0.0,1141.267613844361,4739.759699256177,3682.0264535649385,5605.704583186756,4744.1614087807975,2182.212794283133,3886.002896361504,2939.8462721858436,1784.134225854378,4542.635216217125,4979.53319513707,4706.479060673382,6758.098132685926,3869.2857184272398,7146.407790844361,2162.6078051214,809.2531318555399,6310.582096746465,1512.5256424933768,5561.3888861363575,5504.468086212328,4645.241530703974,1938.9963255457706,2177.475230336272,2627.7377404263534,5331.652792121126,2399.2859539064953,4763.017546227706,2318.6449679918655,2298.5607453345665,5598.284609277471,4802.01792106631,2972.533501347629,4403.834281424541,654.7834689765766,4831.122231923552,2084.429711100856,1263.879058943933,1589.2199786766466,341.93461358862095,4172.12173416764,1305.8625675732503,614.5698788909203,5419.19510141866,4086.127051542328,668.0381367107718,4513.94060655266,5304.091233998337,2386.860553811429,6452.089370094155,3890.798904987637,5410.038905522584,5513.671256538423,5699.152825409931,5174.562343599022,2526.1102486037694,3052.945514300575,6171.974805695904,2792.5939321845563,7184.3290042777135,2393.0163200891466,5392.630103155231,1403.3613555991203,943.9210496312706,3625.4853399535345,4494.33673388766,5537.57539242221,3895.1678039565895,4428.121317683381,2632.1322414821793,7657.326576415361,4912.379656595365,2711.786848966747,5098.4208558188875,4723.271606635066,4243.856121355671,2653.972148422436,5496.356101835106,3142.2760532227276,3945.4634450645976,1087.4450335616966
6798.599704183943,2399.304815659945,3184.824604557055,7659.270339170696,2906.5634538232607,4623.181782482385,6531.576544212277,7579.3491823921795,3302.1225472148967,6367.3031425159115,2791.689698266088,857.7773563722697,2308.564686780294,5210.009684359521,7117.422877241804,6030.323224096865,6741.18983596175,4868.312767013332,1141.267613844361,0.0,4897.623232338825,4821.141629015477,6499.837952512739,5546.448613787836,1907.1875628099606,4366.475472819698,3310.4951971910486,1714.4702974461234,4499.159263716056,6120.800402444928,5455.976436417316,7342.049440859752,4168.0366701511875,7749.079039185818,3297.5093697604566,1833.5302841338619,5994.018622774291,1040.3008809810744,6584.542079365656,5613.538592762323,5722.678813859904,2582.9751146679673,3177.34590272353,3734.767785437938,5929.764049474229,3287.677888841454,5831.841794797678,3401.120925961322,3415.4401327473156,6294.665503001489,5864.545828414678,4108.460315869194,5455.65047143528,1687.7917657356313,4504.11766755399,3223.7521250496293,1215.5314045523467,2099.4805356385186,1394.4718146122566,4426.952232333211,798.015119376193,831.4952649690802,5817.705338778339,5185.548151615218,1808.9833637935983,5109.110173828022,5338.777307582326,2819.4621104276252,7284.363676886266,4840.21268060702,6501.538835078508,6543.489321383508,6232.372708373593,6287.1651626326,3667.0909616693452,3808.4359338933355,6892.26707206163,2733.543641533458,7682.63436644957,2427.172112822039,6049.163390516907,1531.2062569859747,548.5517978322559,4720.549792812274,4531.796209496848,6543.45779610215,4829.788178639928,5569.3794534202825,2616.506524283859,8341.394432121107,5973.071303540416,2907.8732532001804,6012.3548638014545,4555.676133931933,4970.521393180599,2090.360528957624,6477.00281663564,3505.502813695776,4189.83234219521,2204.661427224598
3220.9078419304387,4857.690376463695,5406.095809682344,3166.9458527996653,2416.135231474016,412.1565576574025,4128.159596953223,3204.279622551377,2822.734765692661,2906.54446862834,2374.562066862014,4098.072490695596,2596.964818009286,2261.909147593908,3201.4015909648074,1133.1012975109509,4877.667469663445,5892.956532144794,4739.759699256177,4897.623232338825,0.0,5732.96928993458,4195.026628798678,3149.574367968154,3061.1919777475578,1487.0194232251977,1865.5408541439126,3183.6089249711563,877.3362456054124,6801.6039032278995,2828.101014125556,3214.74413609326,978.6552840505178,3622.9356447621312,5422.153263357372,4245.049160268582,2635.5488174799575,3887.479827627791,5203.151846257996,777.3961060263938,5206.923959720172,2995.1847527985647,3861.784343745906,4655.865370077834,2284.6094352155687,3366.5807646239527,5177.76478195524,4360.728182951673,4676.134320239529,2962.307392852065,5132.064596539389,5247.355127083452,4804.849399896421,4321.9141458980885,2026.3305031985774,4997.773011622777,3709.568099593536,3173.9333908637714,4487.837764761668,654.3880358204906,4107.222067002709,5201.693899049521,1388.039940794572,5168.73158293841,4799.079998681518,1958.084388216197,746.1872998229068,2409.8462738456988,4342.502648686008,3775.3712130644844,5859.991287616475,5236.031885953807,2181.60876135594,6020.185642313864,5385.997581208889,2725.540447989169,3469.858498962169,2193.726421035449,3220.664192934898,2470.8357290928916,2625.8061839680777,3432.454011810501,5271.688551204443,4890.408763654118,581.9171648825971,5029.25940499563,3679.3755876372556,6405.656829867254,2288.005502559161,4445.023093647321,5177.103032795176,2036.733504394721,4043.248667309989,1360.4071386243168,2571.331317935711,3296.597402629718,4786.015929138661,1680.7161409946652,830.3327373529238,5141.650465494617
4912.7111238117795,2426.5491152583336,1740.0733081068743,6519.368911435677,3768.7840838123107,5323.944891557481,3628.304833562086,6288.997085792059,3045.666614500182,4626.316288643158,3960.5723808355024,4920.776128180696,4531.938176846745,3989.424599341865,5437.78959269527,6451.053972245155,3205.104707624386,170.4052550158006,3682.0264535649385,4821.141629015477,5732.96928993458,0.0,3521.5522427340193,3435.7942278147275,5014.483155349612,4262.853656328586,4175.264821400075,4567.589048528009,6109.962196938374,1331.0538902328485,3663.0053755249933,5813.714536064271,4796.556573138797,6055.368907553114,1621.3809832818442,3069.2642490476446,8189.266182639871,4835.169239374358,2701.5589383022902,6426.385168533396,1580.4167458695817,3347.04118705462,2146.393464591243,1261.9761151166845,4693.696531656579,2518.243537294398,1742.4848458752804,1655.2630687990354,1481.9202917353548,4473.282811402047,1825.58363343069,723.9619266024976,1668.8428551742072,3188.2577971658757,6972.618057933905,1597.6098480342441,4377.615733050698,3661.3915035681453,3442.867398152012,5094.582616223041,4741.6883281385135,4164.464247773536,5476.859900155197,1000.7383432696082,3018.864817516014,4193.313763058161,6477.574376598234,3870.6642039604776,4490.318064466481,2228.799730591558,2068.6643915773284,2617.4715205514653,5199.848211390213,1681.5163862588436,1193.3824487149957,3012.5307745628093,4790.3199645369195,5020.092624441306,6486.344181079662,4662.093917449218,4499.505933908744,4220.936665959939,4557.684364996001,936.8034377915145,5877.546327045326,2799.170510426258,2322.4826385374768,791.8796604244865,4859.661503193201,6152.919376143735,1920.5455381396189,4489.383212309348,3057.915130624949,6535.089902162096,3519.518387170608,5688.815922677934,2931.5817078437362,4271.56026306653,4988.271682216698,2694.0471219134233
1664.4388045743826,4727.17865089971,4586.293328954549,3340.0554379119217,3877.1943221566803,3911.727666944365,121.10317644471581,3071.376597457889,3240.9948960558395,1600.29980169342,4082.5126815491953,6109.679945522679,4850.54376321377,1959.7905058074446,2177.3816852159844,4295.132823618496,743.283829231472,3675.0774146765943,5605.704583186756,6499.837952512739,4195.026628798678,3521.5522427340193,0.0,1130.203053481984,5548.48714781606,3005.17881007387,3820.3098576385137,5281.770160516454,4969.224746912641,3826.3641410855034,1406.5293864047064,2558.1663960868536,3691.3225543170834,2686.076392421109,4507.8775604624625,4796.737052367265,6794.628646877621,5924.008429065661,1276.6789572966263,4563.675568110972,2051.369035773427,3971.51043519528,3451.1862366225614,3412.7450907737016,2064.2538462432376,3221.545235381617,1910.829663632528,3504.381950567175,3718.942869123967,1460.367116611436,1822.9595281149277,3618.2937443746882,1855.0683062553248,4950.9313701795545,6118.927303357101,4158.305622579105,5475.853686120184,4481.21162549706,5265.632884562786,3804.1214503016336,5988.99660126469,6219.375420486932,3155.6652136937782,2525.5021233261714,5147.499832679259,2257.3879635618687,4833.452031237406,4005.870095841102,975.6943027634217,1742.5749371025627,2227.735230644118,1351.9793510867685,2467.430325144968,2614.9468527616386,4153.174172349866,2751.0248442725847,1442.480009514863,4995.53463582678,3283.8159851016317,4876.499991705937,1713.54632170391,5169.378386510317,6527.706220066126,2683.875621392504,4651.544460918868,1074.919246264109,1721.0548760446309,3733.3133960685645,4922.390069833657,2642.6176903706673,1775.4108004856234,4383.108543495814,524.6950891956203,5483.486929640482,1821.873102790916,6164.972024372942,803.9929269197585,3739.453939834799,3875.740352532662,5126.910728895618
1538.8892550723067,4032.9386717650445,4076.080388780992,3084.602052956102,2803.41033176665,2834.8193713268574,1105.0238591202453,2859.682629979767,2245.002177483131,1199.9131771924165,2999.156610758764,5086.2217886311255,3758.8376313333893,888.4012175121102,2038.2633845845337,3423.5955092599647,1740.6171130357764,3604.7473982915917,4744.1614087807975,5546.448613787836,3149.574367968154,3435.7942278147275,1130.203053481984,0.0,4459.530806578199,1881.2003593889194,2702.742627375755,4220.449430236785,3882.2631356564434,4114.5547476563,328.0774125720938,2400.6254181641916,2573.045554962834,2687.8378610358923,4020.939118154987,3948.3851023081575,5778.964255271528,4891.726803950217,2063.3912825424077,3606.87602353685,2320.7507130258523,2971.9525622938536,2694.442939563018,2924.6412218561104,1315.172450125838,2352.7226301223864,2238.7386019868422,2893.9486979138037,3169.3912406902377,1052.6608452963374,2170.80868859165,3300.4864752270996,1968.1106713152592,4097.5876181812155,5018.863359914972,3617.3281406066826,4461.307719033064,3474.825771631435,4402.532897485833,2706.8583459599436,4978.431468824293,5356.767360039542,2302.6118556719452,2547.9898024844997,4367.636699617426,1191.88693863554,3829.695354240204,2928.07232303473,1741.1942282987843,1235.1232301054015,2819.9789247299354,2103.6578643679204,1814.4136736359212,3079.3215560061276,3741.544018407641,1739.1072095351108,1498.4792124931193,3874.983436220728,3053.6020431249713,3774.4943738604247,1070.201477538225,4145.040292815017,5633.034982595616,2502.6220813253044,3568.6040488321196,1883.3508439143782,1155.601490601756,3871.5201866554953,3808.015020676914,2991.5693669243237,2182.729366483395,3268.330490339372,893.7786986508463,4395.183146178325,692.6109192533711,5059.859308610567,1636.4988164263975,2613.984073053621,2762.109570898664,4431.934281415396
5432.87223198052,2989.2953331462586,3803.745555255898,6019.27927529476,1675.600065009548,2838.8835363420603,5547.395389820794,5979.919139909837,2404.9242104091345,5010.406669628725,1466.1107591563473,1061.1082833500072,700.9783656718658,3886.271959740466,5657.569927704474,4189.8667691974415,5972.606154028994,5119.655144704378,2182.212794283133,1907.1875628099606,3061.1919777475578,5014.483155349612,5548.48714781606,4459.530806578199,0.0,2866.4704196905645,1809.449241477086,462.62544149019726,2595.7523305995514,6334.841298679313,4276.036428565594,5820.855630669086,2474.885324907399,6241.030625703579,3882.303208530344,2173.0704052333413,4160.789331463202,866.8866818292914,5987.297631665558,3741.58518070737,5390.721958644315,1771.3238826835145,2910.664072767072,3757.1972115820595,4479.7657953569405,2710.7230606703442,5454.2254759555,3362.992955188726,3547.42664266592,4973.2991232179065,5458.139948539704,4311.850742385339,5036.093250827371,2138.849383126357,2669.9084994233417,3598.8508443347573,918.3992413433273,1359.7181066390192,2098.618375392963,2676.836065441625,1114.4681767013356,2424.835901054131,4138.492185471539,5003.817452468165,2593.7528191230945,3704.6375755641743,3445.440091416625,1544.8671723802022,6162.887820984008,4154.114909210144,6191.254751985013,5971.5737130274965,4684.698535897588,6112.792773989317,4095.5810458026585,2834.656869280831,5583.261380200823,867.8882099239512,6054.221116415637,712.9021215538642,4677.8827256788945,864.8673269351775,2368.308407386588,4557.503434480439,2647.5717462333296,5891.4023321549685,4105.978799376465,5806.078020286413,799.1269652620921,6931.013469427108,5551.958187382628,1264.6193816773493,5137.1243084272355,2655.439529289643,3789.74647729647,685.5831877875944,5751.548108398381,1959.906374427616,2444.2125163189066,3059.3528944410778
2570.7803864776156,3685.7874843198706,4108.313658259311,3304.3338486278894,1477.2223582781976,1092.2843732311658,2966.3936380527784,3213.695370222417,1517.83548689606,2153.958413454865,1574.838454485094,3713.3080065150807,2195.193927098242,1092.5930967967902,2798.0709303655976,2248.9244452551093,3608.6504294256597,4425.374668308323,3886.002896361504,4366.475472819698,1487.0194232251977,4262.853656328586,3005.17881007387,1881.2003593889194,2866.4704196905645,0.0,1078.2806042218322,2761.927900856393,2060.5399548783325,5314.592024418996,1602.9971856584777,2988.2073250303433,697.8561546199902,3402.58759174088,4106.464534751275,3228.553380443321,4074.945949105706,3499.4724841624347,3847.2416303508935,2164.549231632305,3741.2784760091035,1955.7546230982045,2520.190361177107,3239.9983771503653,1614.1340043072632,2015.2360483578589,3722.235661540655,2982.9266831546493,3305.324780779795,2131.32367915833,3682.2085127846844,3813.6208068259753,3337.3814816589365,3341.245840475226,3160.385661026198,3670.7240218695274,3162.345026780759,2324.5929886887725,3578.5279943602513,896.5600376996516,3655.4846942742083,4440.849968131101,1547.1906245301514,3682.2171434981938,3766.1152302299515,856.0044147695735,2232.290183675053,1550.2056555518689,3414.165990573393,2300.4670077366895,4424.312072683165,3868.4206769900293,1866.9720436857108,4556.170549761828,4012.0878431765423,1287.160618335567,2736.4052932124287,2132.759099872276,3323.082447589888,2153.8258481216626,1820.9646482790379,2838.9882958182484,4612.0183325213475,3406.3460604471766,1764.7204361988897,3689.840482319256,2206.5178133688382,4922.2406832405095,2110.9142102141427,4065.903677460768,3735.239957150009,1601.9718639292637,2740.5721491289005,2562.6616846171873,1210.0334102337836,3371.340639830986,3469.997014732145,907.9782650157433,895.484679253085,4024.0588219005945
3627.6099828819797,2996.5098281440696,3585.1236187580757,4349.048023598382,550.5948098066309,1488.2055325162582,3805.7272294462987,4274.736161284576,1129.6524837533,3203.0901445538493,543.8776074265238,2636.1723062387255,1123.169506403197,2077.794900355904,3875.032317227819,2920.2918570370666,4321.202484863328,4319.994299480035,2939.8462721858436,3310.4951971910486,1865.5408541439126,4175.264821400075,3820.3098576385137,2702.742627375755,1809.449241477086,1078.2806042218322,0.0,1683.654572559348,1972.6415290764312,5383.891671540671,2490.8979358026695,4065.170921699849,933.8890209227219,4480.437943355984,3612.586511616435,2386.5714702059518,4035.203745126137,2421.884241545207,4435.325890173347,2642.890695699881,4062.5362673330073,1130.3560246174657,2115.785719350851,2981.6978139459407,2687.978904108438,1666.1309831678898,4085.985162687696,2637.2474348223373,2933.062620631548,3163.9461052492657,4067.8500784100925,3590.5063587378595,3668.9355266285343,2471.6490218495833,2807.4079728420306,3203.261065335918,2098.3180247183695,1350.7595715744528,2661.7544421702396,1249.0437426547558,2582.8874853732987,3455.2886896352097,2516.4464173164897,3834.485552126256,2940.6829814886546,1898.0488628399428,2530.419988326246,556.4800167050026,4371.30512581826,2664.829112450552,4826.202551633012,4436.412728234941,2938.890223683933,4855.878138358293,3629.9501731858522,1309.574633423006,3773.9989255032915,1176.1393409851573,4373.345773679117,1099.4479201972233,2871.1235987614673,1779.290992552371,3590.5967435539173,3459.562071809812,1791.9658912560249,4309.480535765882,2592.5188527000146,4919.176761262498,1106.0061876160546,5138.330841807094,4144.2687771467,567.0358968284105,3457.463184878763,2365.1800479904273,2015.9543273053089,2365.9337511454123,4131.614275287687,202.78897865515282,1037.9774720098696,3276.1233355197423
5294.176726657791,2529.2768085537814,3341.496854775267,6005.2969647594455,1418.5865631966212,2911.5974438524295,5289.195193284229,5944.759479189886,2074.534836297043,4865.779864347544,1237.3723167454496,958.3230054631892,599.8399557365278,3719.5122182975824,5557.405087464833,4316.056774595187,5665.583505404629,4669.590520908659,1784.134225854378,1714.4702974461234,3183.6089249711563,4567.589048528009,5281.770160516454,4220.449430236785,462.62544149019726,2761.927900856393,1683.654572559348,0.0,2831.7112729628707,5891.510698434571,4063.572400016764,5747.980886134018,2476.5115065712903,6163.8498913899575,3419.732879068335,1713.6218490626802,4526.959454124149,742.2854780372575,5645.626017349183,3906.2601028749996,5001.038413950447,1391.3158748325272,2483.1873194579985,3314.246570640453,4368.725381740537,2322.291660425968,5071.7349764959135,2920.6748623735916,3095.3539704676755,4815.252481101485,5080.0986863458675,3860.7890366505394,4656.837566934561,1685.1399002961148,3047.375463448014,3137.7090522565986,553.6165738722058,934.9670189798139,1666.3522260185573,2721.213006942492,932.0159749113745,2100.6971096921616,4140.7910472668145,4591.533948572852,2149.426482821174,3567.7098884259076,3647.6731510080504,1298.257445509172,5946.896002493149,3813.1545631290637,5803.4175494459305,5625.097267520002,4618.961373213788,5706.403709066683,3634.669644151996,2537.17953200419,5424.657033317406,1049.9757322171786,6034.172854723753,712.8051748198803,4536.409296637265,409.790975754713,2107.102258283636,4139.510323031095,2835.385904322197,5559.6573559424505,3772.146936536937,5359.463666021909,913.5107590636251,6815.97319246034,5176.892003584873,1212.7716641049956,4848.287135205175,2960.0931539139106,3571.790224313993,1121.26589548822,5433.7988758978745,1862.7381782580185,2484.008588884507,2610.8464783148397
4088.566095415849,4887.63360945325,5535.270258059131,3998.703730523931,2478.769928505064,1059.9991153718008,4911.60650941441,4055.0011552251126,3080.49209180238,3760.4155148075065,2361.5838158161996,3656.7599916736403,2308.9624235437445,3010.9328694399683,4078.736650007328,1774.1162123795614,5622.802125535986,6260.789440267178,4542.635216217125,4499.159263716056,877.3362456054124,6109.962196938374,4969.224746912641,3882.2631356564434,2595.7523305995514,2060.5399548783325,1972.6415290764312,2831.7112729628707,0.0,7265.511500392523,3573.2882372768368,4087.2693061608993,1382.4374246153063,4492.36495615138,5569.736693692083,4182.503050194943,2079.679868143412,3460.4045537965644,5898.92664560469,1241.414576148516,5780.063444292026,3042.000795100488,4087.822326456961,4945.51098421882,3136.515718948815,3627.640865423836,5770.170488668858,4608.271466907521,4905.6771718882,3806.3366797740055,5733.800462198349,5552.737853138216,5375.780073506914,4230.147614359221,1165.9777794838112,5168.484563593472,3384.0238069441825,3078.543481306866,4339.011284845663,1178.6862531861477,3701.9268857724624,4927.148779718348,2264.062777195014,5661.758421080327,4723.105215046983,2711.8403796044117,873.204712704873,2425.919504172593,5184.833450569652,4335.262391893367,6480.647877045937,5923.309879226141,3057.7832868040205,6594.035459900485,5601.794635018763,3123.468254515804,4331.988911663671,1781.843153279772,4057.282751922769,2154.8660191587323,3467.664937698566,3156.21476918872,4933.341322304894,5333.396918885562,320.4296330179222,5735.7973387078455,4245.127924246807,6829.4380148666705,1925.0263479157888,5319.88662462472,5790.426951928502,1888.3546773922005,4767.275037273285,514.2725946314853,3249.58203354216,2673.1365906608667,5506.089263876858,1846.5839726221498,1178.1185150013557,5117.652030912028
5421.796933163027,3721.6369384270947,2967.8441450847786,7096.759360176306,5021.13215285527,6402.644887687353,3946.2353534205226,6841.865249255133,4262.762195486044,5220.713737028396,5223.089176956966,6249.2259392735195,5831.078455776856,4833.041166742324,5952.806142288945,7398.045933444047,3280.9226032840215,1256.8238391982386,4979.53319513707,6120.800402444928,6801.6039032278995,1331.0538902328485,3826.3641410855034,4114.5547476563,6334.841298679313,5314.592024418996,5383.891671540671,5891.510698434571,7265.511500392523,0.0,4400.133404780928,6337.900491408571,5910.8112253958,6505.588084844059,2849.7478858460445,4395.21346651673,9340.376978592727,6165.760011277767,2676.041753015262,7445.510724469746,1816.938920307724,4638.518198944141,3442.0144524379907,2577.752071391855,5428.847602691845,3765.000258748066,1933.7186729141856,2971.874079460636,2812.7789712426747,5063.599367595446,2017.4537853527154,2053.4155174854404,2146.4457655748024,4510.544582382598,8191.237444368586,2904.3004904217473,5708.668735632591,4977.690104719759,4755.947982555108,6187.5358024992465,6069.467959760313,5430.636771371107,6345.020330667507,1639.4859927093005,4312.11382105853,5082.0346952027985,7546.663270689239,5130.9791253893245,4709.856427073972,3070.333559390087,1733.08153155355,2584.423765176679,5928.842641059889,1265.885959059899,2455.425093237625,4142.250204693097,5240.9281308700465,6298.883482773912,7050.36457834813,5955.258501835583,5171.083729610264,5549.658436858705,5826.536056957427,1932.6592846981591,7011.4795250146735,2845.2531741987386,3169.9308371136426,551.6759768650436,6143.355523626644,6426.704759180167,2052.8259588391797,5744.503704182372,3483.679247948209,7715.618406766174,4386.512768721869,7012.171693840504,3070.7715692945967,5457.855952627643,6110.215246552695,3951.775372388719
1446.6585725764735,4074.9910379221697,4183.360993070165,2885.3754876461053,2646.0686080357023,2521.087175197637,1363.6444927857847,2676.724560565767,2162.104332426167,1054.5966171764444,2830.0980684778397,4954.06197714744,3575.604310476203,566.590294012349,1905.0925878418611,3099.381337574484,2052.8473274262265,3833.0440921338222,4706.479060673382,5455.976436417316,2828.101014125556,3663.0053755249933,1406.5293864047064,328.0774125720938,4276.036428565594,1602.9971856584777,2490.8979358026695,4063.572400016764,3573.2882372768368,4400.133404780928,0.0,2246.0826626640437,2285.2104629959135,2568.4594368893586,4136.31969600187,3924.1149839902755,5454.692852617277,4754.177188536099,2390.8743630345784,3278.800840383722,2621.258580577277,2873.0105872142203,2732.6302319679107,3057.176352836061,1037.6353864291639,2345.611756580786,2546.4232300876456,2985.8421167913416,3277.003263051778,928.6727188950906,2481.259630837732,3475.0578124752114,2256.8433764266847,4069.366009715027,4716.720991612817,3720.4547161121313,4338.473302013969,3365.18874351291,4366.762214503213,2402.0154999160604,4855.551344193572,5314.614589421231,1983.812176258882,2810.0326998818,4370.695174928241,870.3074121584856,3503.47843042554,2765.4040804674455,1887.154391296324,1436.4391128098675,3142.5353016481777,2431.6458554265255,1543.8856742689857,3391.467224676069,3883.407486131992,1659.653496050606,1467.7470146813448,3651.9976998438815,2861.537381499847,3579.3408101090345,849.7304962427794,4017.2953997857817,5573.566815639156,2726.2464774985037,3257.7928030230833,2209.694728885644,1346.373027787247,4135.946729687049,3595.814511068806,2962.625394747031,2497.888726755658,3057.8592623418754,1218.2689552516717,4087.052109154715,492.51432169734903,4856.5470872739415,1960.1561140554595,2385.1595978370083,2469.2294229516224,4469.522807462224
916.6514218180213,6272.769935699699,6427.097698731287,787.7895360545226,4436.014381625018,3183.88173344457,2437.721470316287,513.897267445547,4204.969797402117,1202.0931988760274,4556.484623607326,6701.221669125862,5171.937914322638,2215.170562981776,385.1135167843374,2630.7829193183156,3248.2365033650185,5980.565780902171,6758.098132685926,7342.049440859752,3214.74413609326,5813.714536064271,2558.1663960868536,2400.6254181641916,5820.855630669086,2988.2073250303433,4065.170921699849,5747.980886134018,4087.2693061608993,6337.900491408571,2246.0826626640437,0.0,3370.7276314401315,422.12385672690897,6381.733027152186,6020.204539136606,5315.9964230652,6487.054782334815,3828.4114290133452,3121.8859873091133,4525.229426158414,4831.044121038536,4940.06568683302,5302.3038196832895,1426.5776229290855,4509.600709020921,4404.1876777732805,5226.731700522325,5521.724689677674,1348.1720031108791,4320.89720318188,5700.3882120224935,4241.670257087059,6154.415071014954,5196.835056295802,5963.563120656727,6146.270941688138,5264.225291804483,6429.393160066431,3248.951823133886,6643.018469635923,7344.6790266631115,1829.548530926961,4879.185720885504,6509.954423271872,2247.482371898387,3526.067264973968,4523.515744932253,1948.732881653358,3635.7240785089834,4785.728267110973,3907.1206306717736,1136.5766447103338,5162.086391020204,6127.053769547807,3748.1478954813133,1116.096072654142,5020.330861790784,726.7131512674034,5115.134952317094,1417.0093564733438,5821.422213102568,7552.853500914868,4889.2448011856595,3795.896418765533,3628.3068081882216,3555.520862767789,6175.965611732063,5035.543777551437,1237.7902303702351,4292.437008633325,4564.216278973861,2854.6165085296484,4537.815430464531,2600.990257817395,6254.626646684277,3360.90443166791,3886.254069586547,3451.3589774722077,6658.902089288969
3101.829950581591,3895.295428868522,4428.3606520513895,3545.3560161632568,1475.4184096811318,574.4500594237937,3647.7513576077245,3506.315320816711,1845.6117699153306,2709.448603693748,1472.1587524516506,3431.074135582034,1877.7436040402329,1749.4048901740841,3244.231991507389,1988.110695393242,4305.003730391996,4953.251209920611,3869.2857184272398,4168.0366701511875,978.6552840505178,4796.556573138797,3691.3225543170834,2573.045554962834,2474.885324907399,697.8561546199902,933.8890209227219,2476.5115065712903,1382.4374246153063,5910.8112253958,2285.2104629959135,3370.7276314401315,0.0,3792.771146966819,4443.679281844381,3316.301525473973,3434.5446496675513,3214.906655656584,4543.2272034185125,1744.6131465390831,4397.956901038936,2045.2890005495558,2884.4572968634843,3689.591030687548,2115.155058120326,2391.558547941488,4387.80550483086,3386.4738670211227,3700.337670822219,2713.1126569462604,4351.847572137723,4286.216925480674,3993.6327975687745,3404.400621949479,2463.3442755565047,4019.1239727777743,2953.9100496355672,2281.7909185549843,3595.0640698091884,327.8354165202412,3405.85825421699,4371.879702418744,1668.3118212747277,4294.172181504254,3869.837320415033,1476.4197245526082,1700.6894185538406,1490.3475627624584,4045.74060013553,2953.124162050082,5099.98484044894,4563.154488384652,2236.693376188385,5212.167598739127,4409.723425256055,1784.8345490058732,3299.8121661240048,1651.054696620618,3579.487300591664,1790.594324291798,2383.4471392722344,2649.088189905727,4486.015011755979,3983.735108754722,1104.7205345267191,4387.077616683457,2862.74437999361,5491.943366270722,1678.2914600345794,4527.546076791046,4409.4303183532675,1264.2505082980986,3437.8520416725323,1874.9990995123173,1907.529557212941,2884.206046992656,4167.853168006402,734.9844431442069,204.31897816894104,4192.026143691974
1151.9570104674044,6626.895270977201,6749.248568099785,859.6326173808205,4842.51558562386,3602.075381217334,2565.143298069915,606.1415067869879,4586.7787509573645,1513.951243559052,4967.171750309828,7115.859154142106,5589.801278744175,2592.4643033694792,666.0424077429305,2986.722604184225,3331.114730180424,6219.947091507772,7146.407790844361,7749.079039185818,3622.9356447621312,6055.368907553114,2686.076392421109,2687.8378610358923,6241.030625703579,3402.58759174088,4480.437943355984,6163.8498913899575,4492.36495615138,6505.588084844059,2568.4594368893586,422.12385672690897,3792.771146966819,0.0,6699.296751484068,6399.9225194063865,5655.125600224985,6902.054209969739,3929.7341733712733,3494.867196028627,4706.221306232422,5225.769430110076,5288.660899956906,5609.5342366405075,1822.4239226974607,4870.979843312842,4576.5397543087065,5553.920430887086,5842.1026762810325,1645.039680229629,4490.822775634883,5982.380628332253,4447.786664440752,6536.332995486842,5591.483116082619,6287.138632086698,6556.755569625117,5665.9637934445,6815.469235800643,3670.125997665612,7055.515905261216,7736.916827968943,2242.04457949725,5099.580623247071,6881.718527632251,2645.3684408263434,3906.1228807661696,4932.326570931004,1946.9246747588877,3915.8554383516253,4902.463013469148,4012.9808473444023,1557.8309772029188,5300.67287107684,6429.004791882799,4120.4742656608105,1272.818591474842,5442.1806342503005,776.6780986077824,5534.544382336274,1770.3402936658817,6231.4677816862695,7951.552914178462,5142.214447085321,4204.705914501631,3733.896336932374,3840.8981107851587,6375.502054872619,5456.652284864136,865.5955952210015,4452.893084924115,4983.223978568492,3040.454509207464,4935.561188312025,2954.9542414435114,6676.724214764379,3475.4372952808403,4303.168024636732,3873.2609225292326,7016.538374178894
5557.286461108515,936.8613247674386,119.2285072371538,6983.753066435984,3090.9842473757453,5016.238419931115,4590.9822671008005,6796.026563291598,2610.951252611393,5188.662333518824,3219.8111537643013,3543.00302410554,3567.991441932702,4258.537172096777,6039.350399331786,6348.035464743404,4410.783538524646,1626.4983325036026,2162.6078051214,3297.5093697604566,5422.153263357372,1621.3809832818442,4507.8775604624625,4020.939118154987,3882.303208530344,4106.464534751275,3612.586511616435,3419.732879068335,5569.736693692083,2849.7478858460445,4136.31969600187,6381.733027152186,4443.679281844381,6699.296751484068,0.0,1728.9107078209684,7588.162825076239,3501.7126628739834,4026.6161761341245,6184.237830926137,2944.7560124691145,2535.704690078086,1586.3138374798357,1106.4697145882487,5057.929145397848,2091.2348141194007,3094.315482753011,1169.4436639881383,861.0593696099011,5054.269223334369,3159.1354302685413,1018.8715875329922,2846.8019921620826,1803.0917875818195,6220.823512388854,437.7562748242455,3092.870493170544,2645.15988159752,1987.3669936843576,4770.010709163031,3358.9197935939173,2582.0169216680206,5570.290604307463,2316.0830714605213,1498.6045749990221,4362.910613194019,6127.159518705058,3148.526638080898,5469.166940442941,2835.6741922839096,3597.3190495867893,3956.3971531232814,5532.467636221833,3264.413966854235,436.6623188975668,2851.9073386020104,5511.840190935601,4129.91210322956,6969.588166005937,3722.8118688933237,4971.261106845627,3024.077301352762,2978.176726285564,1937.2107562580795,5404.4174934421935,4069.089877218738,2893.7143823356173,2303.7370454533216,3955.8388347183713,6985.253530056945,3269.233482393082,3732.8129818110365,3987.9402582131297,5909.307770271658,3813.1012925003715,4507.651112097519,4121.983765334357,3769.554614342257,4601.215813269468,1103.980941923365
5347.494092470042,816.3880501973315,1641.7543607604644,6471.457180032949,1840.9130328315348,3874.650418680503,4842.729404722506,6340.748414004849,1815.4544509684067,4926.339200163241,1872.285595935887,1856.3224900929797,1966.4421966396567,3807.69183724366,5740.370462566766,5304.384129177109,4966.356480552921,3140.2099401334617,809.2531318555399,1833.5302841338619,4245.049160268582,3069.2642490476446,4796.737052367265,3948.3851023081575,2173.0704052333413,3228.553380443321,2386.5714702059518,1713.6218490626802,4182.503050194943,4395.21346651673,3924.1149839902755,6020.204539136606,3316.301525473973,6399.9225194063865,1728.9107078209684,0.0,6090.439557080014,1789.4305530805048,4771.817380697316,5021.549352536127,3889.3021536847714,1283.7388171563555,1373.3365198180672,1914.3820812713957,4597.476201450205,1597.346550189094,3999.630239022227,1569.0029704114647,1610.7873900130337,4827.306076515244,4033.784750763481,2345.5369799046016,3627.951498942068,155.10828519779358,4655.828636520034,1510.7489519923554,1364.9835533489038,1103.9651397671034,471.97307283361044,3635.3003866206154,1675.2493493104243,1422.661397621374,4775.395636201256,3355.6192798331576,554.2270446901707,3789.38765207586,4871.552863923371,1835.5162853063982,5647.960038587384,3082.4323715178243,4668.580754352012,4726.944381267035,4988.766116495341,4463.4943684769005,2000.0876960586006,2284.1352784285787,5391.736976029246,2548.199693324681,6478.269728872054,2129.4042408676182,4636.023195785155,1308.484356744474,1743.6938880391244,2889.6046785454923,4082.896638119804,4741.688723713735,3086.0467889469855,3846.122183144992,2374.2039089598006,6883.0974203665755,4142.881646788622,2295.0986954475397,4289.16784332404,4440.382305655786,3471.5265472771484,2781.6410530368576,4693.814529037338,2581.8115226958375,3422.9026713701633,942.4273029661232
5614.313367668481,6846.518513202167,7544.682721147989,4934.911386522052,4513.551476285831,2991.650356041628,6719.301764698546,5095.46452739787,5154.649350189594,5381.316650950956,4369.672703956213,5142.133628291276,4129.648201884757,4890.5942980685895,5439.603792245167,2692.1827228316065,7495.0289674653695,8339.52220298813,6310.582096746465,5994.018622774291,2635.5488174799575,8189.266182639871,6794.628646877621,5778.964255271528,4160.789331463202,4074.945949105706,4035.203745126137,4526.959454124149,2079.679868143412,9340.376978592727,5454.692852617277,5315.9964230652,3434.5446496675513,5655.125600224985,7588.162825076239,6090.439557080014,0.0,4987.187518810276,7837.083131274416,2270.0055195239065,7816.218824393545,5053.111652208073,6148.492157678743,7016.250449837862,4788.9488960384615,5699.022741180105,7795.567638130787,6671.118984262311,6961.742857561604,5467.364414686294,7753.40891254995,7624.644616292946,7412.270469385815,6112.554147669041,1493.372292531571,7201.097084055249,5063.583901474725,5003.973548962864,6165.277984917226,3179.3980126377696,5242.384863510309,6584.784710887137,3725.1449411464514,7728.541274634237,6604.344043611675,4587.436138746784,1961.348647478311,4444.157577545603,6821.95193662525,6374.288039131272,8488.378009010734,7870.963198645068,4538.46864726033,8631.116443351348,7649.078437398586,5200.220543423616,5889.0831381412845,3548.560397318468,5013.57462000926,3966.0857843382564,5146.517923433766,4912.355727856239,6499.850960668252,7409.4316066514175,2330.358688083232,7661.360343814472,6281.039911276556,8908.438106184776,3720.2997103847697,6520.5854679157455,7802.496336639257,3856.6682974531273,6672.503123506201,1680.1248211975205,5205.7645625119285,3919.948137658584,7414.81420460776,3921.305111256711,3232.85628669757,7032.579918204486
6017.2463054024975,2566.90341640682,3405.968409285383,6747.324553880746,2114.1469980275738,3634.4723914765127,5939.29826258372,6686.942288126988,2685.0006610474047,5587.455962266638,1952.7128408316983,216.29067281091895,1337.401373799578,4435.584313153116,6291.519019106991,5020.250261290566,6261.929915100935,4916.094299871088,1512.5256424933768,1040.3008809810744,3887.479827627791,4835.169239374358,5924.008429065661,4891.726803950217,866.8866818292914,3499.4724841624347,2421.884241545207,742.2854780372575,3460.4045537965644,6165.760011277767,4754.177188536099,6487.054782334815,3214.906655656584,6902.054209969739,3501.7126628739834,1789.4305530805048,4987.187518810276,0.0,6193.447208167758,4588.861042992041,5462.136008853771,1960.1475316924493,2882.3799558573123,3624.683687570683,5101.682892667183,2831.830379209355,5548.324533917695,3244.245450294105,3356.2919576331565,5531.684412588357,5566.064513395619,4112.3952328046,5144.0487421883945,1699.502636221845,3493.9494563754065,3299.497089903248,479.41426115312896,1452.6405617306027,1544.1430745270986,3451.7584783634557,255.19746932326765,1618.5390520219157,4881.035150363086,4997.804234964191,2062.825334016432,4295.239032617976,4304.515675457344,2003.314298571495,6628.282732298163,4377.190098573856,6262.583691933227,6165.326460610014,5359.520901731609,6119.413691904888,3789.4687063519873,3173.927278185183,6139.52917119098,1704.5390227958994,6776.387799176343,1432.8811851277133,5259.934194297111,756.2309746029979,1514.725248200808,4533.94108825181,3500.9394652252986,6123.094661417541,4347.078620225311,5620.041026800606,1599.474589260486,7545.052121524211,5668.195928820034,1952.9349662467005,5470.2617739929965,3518.2343024598285,4261.694904805833,1157.887678232219,6017.5412319867,2603.6565051974503,3214.9843733400944,2532.352710310711
2940.9065554942417,4486.810707101649,4126.574946040481,4612.99298438671,4337.214454386132,4870.746604790071,1394.9971781035977,4342.252404850737,3582.50043127869,2856.8945730145524,4558.467629369545,6352.8011095618285,5320.597549654737,2949.221560562889,3450.153625318444,5458.38383542354,611.6574883355883,2825.4921056315125,5561.3888861363575,6584.542079365656,5203.151846257996,2701.5589383022902,1276.6789572966263,2063.3912825424077,5987.297631665558,3847.2416303508935,4435.325890173347,5645.626017349183,5898.92664560469,2676.041753015262,2390.8743630345784,3828.4114290133452,4543.2272034185125,3929.7341733712733,4026.6161761341245,4771.817380697316,7837.083131274416,6193.447208167758,0.0,5667.8020170793725,1123.6691684592934,4258.957204285692,3407.5532994576915,3039.9081904564155,3255.001234761364,3362.181765785128,962.279842961495,3266.5069029605615,3381.8732052547443,2709.4774883412488,884.1974967511496,3027.9557250476764,1190.6715382291623,4925.071877382501,7006.4439322187545,3768.1323447284863,5719.265701780255,4751.276256944233,5239.101739557364,4720.858616733295,6206.430804159505,6153.438317045601,4321.653199798082,1744.5564181903085,5000.847243686712,3251.1028621404766,5892.164685234537,4469.785086136692,2051.4893078056734,1833.8261733681304,979.8820976653261,91.99824320605182,3697.9044896093524,1415.7876954755602,3614.035679161178,3176.6408650857907,2712.648368270757,5587.453952061261,4554.997440408172,5382.948606141433,2923.6734080893852,5446.323172697338,6505.302596336775,2089.9264382970514,5592.4916689755555,202.13791928532385,1882.1669345105922,2695.4840049425256,5481.636300838008,3764.6854714592037,782.6844338972124,4961.781464046356,1178.7941416693589,6406.498933900949,2649.8574526764646,6650.430856326904,476.4352493099144,4407.172097893386,4742.655284934169,4863.752349218964
3347.123826610841,5633.597415220313,6171.16215457024,2885.3289266917213,3193.4792355869486,1170.177385580921,4481.67805521548,2987.658910189883,3577.127534183958,3112.8079213913925,3150.1739501464044,4794.932258365388,3332.1407454513387,2732.084540583618,3202.020515622753,556.3203711837275,5281.3114195247,6589.437916325261,5504.468086212328,5613.538592762323,777.3961060263938,6426.385168533396,4563.675568110972,3606.87602353685,3741.58518070737,2164.549231632305,2642.890695699881,3906.2601028749996,1241.414576148516,7445.510724469746,3278.800840383722,3121.8859873091133,1744.6131465390831,3494.867196028627,6184.237830926137,5021.549352536127,2270.0055195239065,4588.861042992041,5667.8020170793725,0.0,5789.146955840817,3772.3039209493713,4614.810376754607,5387.6217579478425,2528.384496983993,4115.194697203159,5744.887749917922,5105.867552021693,5424.08925568717,3202.5728832157743,5691.8756140007135,5970.809499306439,5393.107479014302,5097.004290390681,2151.325505971609,5756.942192609719,4443.267344692755,3946.4494822963334,5258.2770494621145,1416.84927616737,4817.719410494658,5953.2937461081165,1455.248334786197,5806.331308946123,5575.446214703358,2439.4659623583602,428.04750497579147,3186.733330576784,4552.068258662649,4386.119924278974,6395.992919242642,5710.224271975663,2270.2806490476014,6594.622322758219,6134.36486148884,3440.9691871055743,3620.315946739593,2884.3562773957037,2953.193681684965,3196.9528209438754,2887.16368868445,4177.204227745754,6007.571052627592,5558.429897402682,1098.8532546404908,5483.024572408371,4287.599974183459,7073.4161642875215,2997.1980393674357,4353.863034030928,5726.399551335726,2794.385261286103,4490.381167038384,1540.4031481157783,3112.459650377174,3894.184628771471,5225.860268741406,2457.1518992697625,1606.6333614465375,5919.0133203908235
3608.6218822909395,3494.1174948670514,3050.128130023557,5280.669330309275,3833.808255262905,4828.679952514559,2167.8980047790533,5027.174590465902,3040.65387318353,3404.291330025972,4054.7525738461527,5598.970754812709,4773.897026349227,3096.327296880774,4140.3438357822415,5684.571508121347,1635.0336081441876,1709.9722788723795,4645.241530703974,5722.678813859904,5206.923959720172,1580.4167458695817,2051.369035773427,2320.7507130258523,5390.721958644315,3741.2784760091035,4062.5362673330073,5001.038413950447,5780.063444292026,1816.938920307724,2621.258580577277,4525.229426158414,4397.956901038936,4706.221306232422,2944.7560124691145,3889.3021536847714,7816.218824393545,5462.136008853771,1123.6691684592934,5789.146955840817,0.0,3619.815660287827,2585.666575443361,2037.0954443152632,3634.807855328807,2681.04555099312,162.06875510103754,2327.38994575576,2379.8828833541365,3247.216062785167,247.00860617597968,1931.4267382805385,404.36148894398957,4036.8839432802624,6806.974182895143,2726.3557407757703,4982.72765609139,4071.4981802127827,4341.2311651112295,4637.1267458736775,5438.388518148552,5213.736439781839,4595.558034260149,631.8198557065135,4042.4443571508805,3367.4603250265623,5939.511813990861,3961.2011835548064,2986.5003381464735,1444.8328098295667,802.7100737532822,1042.1251183869435,4129.260166721516,814.9412878741629,2521.235585020963,2753.1746040549265,3436.1431336916107,5135.469035623231,5235.054589467143,4864.3845460697285,3363.6932443231212,4743.017555540988,5583.152365384989,1038.2147485144872,5497.872851930008,1220.1683448463168,1536.0545431829564,1682.0093485973846,5004.800334847835,4688.877593993045,341.0034619956225,4525.709973654962,1671.0724837002138,6263.970325585523,2679.3504991055206,6073.083276811623,1372.4588535868756,4085.439228343019,4602.2106999766975,3851.3940424818907
4231.182341794312,1867.7625051577086,2495.9623992460306,5233.55558826177,580.7785073683427,2611.854596459191,3991.6579531380194,5118.8052988967065,731.8037608601092,3801.156714433779,684.1679392174118,2139.852960210351,1194.746756862307,2649.471050372508,4578.429328386866,4030.4907178183653,4303.675353014909,3471.070687569615,1938.9963255457706,2582.9751146679673,2995.1847527985647,3347.04118705462,3971.51043519528,2971.9525622938536,1771.3238826835145,1955.7546230982045,1130.3560246174657,1391.3158748325272,3042.000795100488,4638.518198944141,2873.0105872142203,4831.044121038536,2045.2890005495558,5225.769430110076,2535.704690078086,1283.7388171563555,5053.111652208073,1960.1475316924493,4258.957204285692,3772.3039209493713,3619.815660287827,0.0,1200.7322057378153,2090.219928008773,3405.125152672806,939.4074850058411,3685.5908771268955,1705.1964794480425,1955.812755099271,3721.2495574558016,3691.7872553778066,2685.295063474776,3268.910918989687,1388.232873100547,3709.0436968256386,2150.840525868898,1504.5839312012472,509.8480782046746,1624.3018220546332,2368.824916353676,2017.6821150431506,2514.5813776531477,3499.260279038414,3240.9092075419203,1832.7373987399285,2583.6601451671236,3655.958083489744,616.1045237920268,4712.951868435111,2429.9536331339737,4420.904718895896,4236.582798435786,3761.2497826071058,4344.344720614261,2612.682765166295,1233.8700312399199,4313.919533293244,1676.7545550765622,5245.44797536321,1316.9229432085233,3490.464613749866,1203.9983868946838,2729.4056662799317,2802.7778739532678,2896.7164714062023,4178.286980015613,2394.148047292815,4129.141877376703,1513.5234068312257,5776.235582429529,3787.5037574217667,1202.6464566933207,3511.1489067222715,3373.774033400133,2388.074085296351,2455.1148991316068,4062.8907397098433,1316.208916104507,2165.959485624097,2147.9049259522635
4179.288233900122,1342.6235799854703,1591.5649810428733,5487.770396031708,1650.7487879774435,3452.172137141629,3505.0718500575704,5319.533883335363,1039.0498254602614,3779.012456958696,1828.3218911299505,3014.1536570515113,2389.6008390886122,2752.0878139234583,4622.634781793278,4763.51004274495,3593.482850259341,2272.0971479258983,2177.475230336272,3177.34590272353,3861.784343745906,2146.393464591243,3451.1862366225614,2694.442939563018,2910.664072767072,2520.190361177107,2115.785719350851,2483.1873194579985,4087.822326456961,3442.0144524379907,2732.6302319679107,4940.06568683302,2884.4572968634843,5288.660899956906,1586.3138374798357,1373.3365198180672,6148.492157678743,2882.3799558573123,3407.5532994576915,4614.810376754607,2585.666575443361,1200.7322057378153,0.0,893.3791661511929,3561.451489757652,505.0942441337061,2680.1694862685454,523.4130967505494,820.1767610832443,3660.367086683656,2705.021777585164,1497.042825563117,2288.7178832704567,1528.1928300711927,4864.131366697449,1150.7491092119085,2403.649680678322,1551.879533065953,1844.857161569427,3207.4880394804277,2852.737016741817,2785.0628372372503,3994.87972453139,2120.3324179896886,1698.1665647315049,2820.0396295671094,4581.209476780777,1741.5453582221162,4336.169506613181,1718.9079211595365,3383.2421812959237,3366.152956183958,4013.5951259819417,3241.2420799102615,1526.445756135802,1276.583120934943,4182.493367749553,2874.5946862321302,5480.966397011571,2516.7591806609144,3524.1483354944066,2182.872721752004,3116.6990298514547,1661.2096523997202,3892.8544805954402,3371.283108859296,1730.8466790943671,2928.8921205879196,2713.3804708595508,5680.679386952321,2810.9778190551415,2360.2190315530033,2935.8606839434665,4472.988362589042,2339.1152979141493,3594.3843969305785,3320.482903593994,2248.4351850149023,3052.6875211382185,1739.1166262335603
4463.241581186593,1458.1982878339968,1176.355323596149,5927.452152190265,2538.5923370568976,4243.72519183064,3492.5580021132077,5729.777854099756,1866.0909989011793,4103.874521651461,2720.5903463862396,3727.95572983398,3270.8621907338133,3228.3754057285537,4953.107545567125,5483.746804974223,3365.4149481775644,1381.0541406715377,2627.7377404263534,3734.767785437938,4655.865370077834,1261.9761151166845,3412.7450907737016,2924.6412218561104,3757.1972115820595,3239.9983771503653,2981.6978139459407,3314.246570640453,4945.51098421882,2577.752071391855,3057.176352836061,5302.3038196832895,3689.591030687548,5609.5342366405075,1106.4697145882487,1914.3820812713957,7016.250449837862,3624.683687570683,3039.9081904564155,5387.6217579478425,2037.0954443152632,2090.219928008773,893.3791661511929,0.0,4012.2620375506385,1317.8860782518348,2166.936193840972,394.27879369933197,343.976701315656,3965.8864216364036,2216.3822584033196,609.1178888203824,1850.1011874524595,2051.699339763992,5752.3188553720665,749.5830293656601,3156.5633827750075,2401.222202256593,2340.8713165932472,4003.9923884024806,3554.0453897945654,3182.0127951623645,4615.679038830256,1459.0246178954624,2008.2653070680176,3365.4048470866032,5389.648700519636,2632.9797462483452,4368.4189410157305,1729.3504173469298,2784.9253900083213,2979.1690617393638,4499.483433273757,2552.4114814049867,829.1307071107661,1952.840577432014,4410.206553367994,3766.2904211179734,5909.084705020651,3402.60537384928,3900.7342992217505,2978.944691275755,3557.1556224559527,1002.9939105323621,4735.065798010098,3055.478560606996,1788.7476405398836,2051.2512311867113,3603.742407855617,5879.812646248179,2328.3529522091358,3252.15811947482,2890.363368164287,5346.202730067202,2768.5992153096126,4434.579738951708,3077.320328200657,3099.069383002904,3869.7116696790217,1825.3973423901436
987.6959821853077,4879.520614703866,5093.086825710809,1928.6252546290582,3023.9038116663037,2102.291386859586,1972.5852015831913,1760.2067436554148,2782.093261514071,623.9376313462748,3156.052516556719,5313.763730534507,3808.576316511198,809.6118099218909,1190.5427700490225,2231.2856953167156,2800.5930694131553,4863.981796496364,5331.652792121126,5929.764049474229,2284.6094352155687,4693.696531656579,2064.2538462432376,1315.172450125838,4479.7657953569405,1614.1340043072632,2687.978904108438,4368.725381740537,3136.515718948815,5428.847602691845,1037.6353864291639,1426.5776229290855,2115.155058120326,1822.4239226974607,5057.929145397848,4597.476201450205,4788.9488960384615,5101.682892667183,3255.001234761364,2528.384496983993,3634.807855328807,3405.125152672806,3561.451489757652,4012.2620375506385,0.0,3110.8574147491877,3548.6339721380114,3890.2839121906,4198.047602415438,682.3839243783516,3478.069440558224,4470.053687251307,3282.6183017720778,4730.291250404144,4301.189432900275,4629.370896824859,4743.277677476831,3843.7208779998577,5003.453657958372,2084.279352473896,5246.474332647593,5918.273173860853,1093.6591367555982,3847.2750549089933,5093.551277626348,822.9462858121422,2836.787023613335,3117.19364829136,2059.6241647040847,2464.898442750127,4095.4619548809146,3311.360771906468,506.7181172417264,4382.25899140911,4841.233057588531,2336.364346192819,1203.9258247882217,3723.0259350997007,1919.6874441827763,3767.4698467892217,358.9284207261942,4417.355177643066,6129.356201025356,3757.1388064458038,2818.417387604788,3058.7318788218427,2371.6698167386203,5173.150600789909,3715.2828360447875,2451.7696796660975,3483.0694686361057,3215.16183979345,2092.515643736983,3638.674703248973,1245.710891411406,4965.866526446015,2788.6615748636477,2522.1023465299736,2241.975230054962,5259.5734633832235
3784.7841406855687,1768.889046339538,2094.5442198074984,5029.5345547886445,1256.5943341786954,2955.833559956311,3260.5806099719416,4871.023361497048,550.3514388116014,3372.7074300582312,1458.8310603232983,2991.045173541182,2115.0574771220754,2302.444376532254,4205.879537482737,4258.588853120831,3462.542432214369,2658.736031242666,2399.2859539064953,3287.677888841454,3366.5807646239527,2518.243537294398,3221.545235381617,2352.7226301223864,2710.7230606703442,2015.2360483578589,1666.1309831678898,2322.291660425968,3627.640865423836,3765.000258748066,2345.611756580786,4509.600709020921,2391.558547941488,4870.979843312842,2091.2348141194007,1597.346550189094,5699.022741180105,2831.830379209355,3362.181765785128,4115.194697203159,2681.04555099312,939.4074850058411,505.0942441337061,1317.8860782518348,3110.8574147491877,0.0,2749.4712990085936,995.0335943218198,1309.6819005949505,3263.488289859487,2758.2178148008907,1925.6940068165038,2334.8471399706236,1748.168659657872,4454.558589430943,1655.8424204522003,2357.085065408119,1400.4272910479858,2057.4033568060986,2712.2544437513598,2847.2720809381744,3013.663125049149,3497.9840801137157,2310.3817455790722,2025.0882246976303,2346.5375845683784,4091.294983430185,1366.3077857232604,4052.839033030179,1561.3706380395402,3482.6751879319727,3333.4968484432384,3548.4651955177746,3407.2700767015813,2019.8212076488355,789.0305328192313,3811.4309060157443,2541.157856624613,5026.235786484056,2221.6029115181673,3100.7858048057756,2088.7879890525037,3308.9981023971586,1883.569627903625,3419.855725827187,3296.7098697824476,1544.3965869390545,3277.9747211461226,2391.663344124544,5308.0907563426235,2855.9008239896916,1979.9282173462748,2726.4505394860917,4031.3064290579546,1916.95674269948,3394.4054409008063,3205.998392476359,1781.299606666997,2564.7751900234844,2149.974111477857
3488.161844619742,3625.1163768999195,3198.505440770268,5164.540172415837,3877.470420817417,4804.948007066466,2028.5875852131699,4908.550925348336,3086.6960517086873,3296.612594878871,4099.344677220982,5689.20379893461,4827.8130018734155,3037.013750041478,4019.090383736101,5625.653192483252,1475.361783222339,1871.6749858637318,4763.017546227706,5831.841794797678,5177.76478195524,1742.4848458752804,1910.829663632528,2238.7386019868422,5454.2254759555,3722.235661540655,4085.985162687696,5071.7349764959135,5770.170488668858,1933.7186729141856,2546.4232300876456,4404.1876777732805,4387.80550483086,4576.5397543087065,3094.315482753011,3999.630239022227,7795.567638130787,5548.324533917695,962.279842961495,5744.887749917922,162.06875510103754,3685.5908771268955,2680.1694862685454,2166.936193840972,3548.6339721380114,2749.4712990085936,0.0,2444.432582581283,2510.6287974342204,3139.8121418075316,89.08630099515885,2083.8123882933896,421.26881448429106,4148.551105437415,6811.0072782199395,2866.579857697497,5069.017229074093,4145.870991594408,4455.20306546503,4618.795148356874,5530.836638425872,5336.468113245408,4527.168113679566,787.4183906240695,4167.432066210198,3314.3511630881844,5905.985681084995,4006.237060449618,2837.1906162288424,1440.8325821204905,743.8324432457891,881.531300908255,4038.8432857021085,850.8233299963039,2673.1489297268863,2776.989636001726,3308.943218455705,5174.98221026208,5117.380002300493,4913.9360863594875,3268.5714822584196,4823.127636610294,5702.988976862221,1175.3307183005982,5483.739652689303,1058.5199357239333,1527.142838040044,1826.6401315740873,5047.96377539865,4543.369467609915,179.82405524567588,4560.95698672329,1550.2819484725997,6258.588643377355,2632.432220460956,6134.631046187945,1215.817670493812,4100.933306598389,4592.112707189143,3986.798747310553
4420.1223819955485,1237.2946748955965,1203.3079789929097,5817.378057950163,2173.412020630464,3949.578826780521,3573.7023610328824,5633.093398224904,1543.860013918684,4040.3671470564404,2347.816730503682,3353.672354130767,2880.1202855965926,3089.4491658009197,4890.927718213079,5231.811282991197,3536.96521284137,1770.7149649305507,2318.6449679918655,3401.120925961322,4360.728182951673,1655.2630687990354,3504.381950567175,2893.9486979138037,3362.992955188726,2982.9266831546493,2637.2474348223373,2920.6748623735916,4608.271466907521,2971.874079460636,2985.8421167913416,5226.731700522325,3386.4738670211227,5553.920430887086,1169.4436639881383,1569.0029704114647,6671.118984262311,3244.245450294105,3266.5069029605615,5105.867552021693,2327.38994575576,1705.1964794480425,523.4130967505494,394.27879369933197,3890.2839121906,995.0335943218198,2444.432582581283,0.0,323.1562220428387,3910.3414796292404,2484.448021919557,980.3278215474662,2092.111497140628,1713.3500183363,5385.94322476797,739.2659031079415,2773.170230706546,2006.9976993452185,2014.5165486736516,3706.5488558156085,3182.1173826798095,2895.455334476082,4414.02701689353,1787.2141865697017,1734.703318939005,3195.098684423534,5086.3285688637925,2262.1341944254764,4435.937249159415,1771.0756638001099,3100.525126621296,3213.1593169688927,4363.191764394959,2899.6599157427067,1030.0477768380456,1705.8541708463827,4392.0866515674525,3381.932390037979,5804.434937742347,3013.6538155078456,3812.456545649537,2588.569605800277,3258.8473015109184,1320.7765435015872,4409.067314978305,3260.949178795953,1811.403635997786,2445.2468972846077,3217.855217192967,5879.982469562728,2595.2021116286874,2879.846110962354,2979.872310959817,4996.140764305284,2646.62241093247,4040.725448922755,3252.809169697171,2765.9492940863897,3559.5773696579486,1631.0140013451755
4702.750281807126,1114.5347781967146,907.3511465695075,6123.140601959505,2452.8677607575996,4265.500696282443,3794.6140751397897,5934.967216005494,1855.2413261988322,4330.2405742614355,2616.9552064248255,3448.2266357259646,3105.4014276708253,3400.5334883804635,5181.065613913223,5554.100085743955,3697.5418055087625,1575.3292697521997,2298.5607453345665,3415.4401327473156,4676.134320239529,1481.9202917353548,3718.942869123967,3169.3912406902377,3547.42664266592,3305.324780779795,2933.062620631548,3095.3539704676755,4905.6771718882,2812.7789712426747,3277.003263051778,5521.724689677674,3700.337670822219,5842.1026762810325,861.0593696099011,1610.7873900130337,6961.742857561604,3356.2919576331565,3381.8732052547443,5424.08925568717,2379.8828833541365,1955.812755099271,820.1767610832443,343.976701315656,4198.047602415438,1309.6819005949505,2510.6287974342204,323.1562220428387,0.0,4197.170456468977,2560.3442603323874,765.8944045264983,2192.769041527402,1741.4684520748576,5657.322285903907,448.9027780054383,2896.2512788755057,2207.383165983197,2021.1693525593055,4021.7688760729407,3271.1689594822224,2844.4642661135686,4735.961672987335,1795.1394877538066,1669.9757586626815,3512.5559529849493,5398.920487303458,2534.3063338061565,4665.723938644999,2008.280539911195,3122.009871038367,3321.864257870421,4674.770946401225,2876.0566807349255,710.28390997544,2029.010303925784,4664.441879885096,3626.239897500578,6108.689935056862,3245.6108601771716,4110.449703926932,2741.2560383079876,3222.4152838592977,1343.9153426079336,4712.912697513609,3394.440377486251,2058.5557477816824,2271.700336255862,3458.6630140163993,6145.326259437493,2672.3189125313993,3147.673399025064,3194.797599268223,5284.062666583924,2952.8019837816764,4216.095998518654,3410.1028539645254,3068.3638614430984,3870.9506280470696,1482.2337637231853
521.3301805621848,5002.305870928925,5104.386008027704,2051.9098545143256,3420.656685401211,2761.190380150199,1355.9333433856548,1815.840360389646,3036.15123932455,157.1397755503043,3580.5963540161847,5738.576651595236,4283.959334132387,1096.2009835814779,987.715419696382,2877.49109846147,2203.511692323188,4641.056919532231,5598.284609277471,6294.665503001489,2962.307392852065,4473.282811402047,1460.367116611436,1052.6608452963374,4973.2991232179065,2131.32367915833,3163.9461052492657,4815.252481101485,3806.3366797740055,5063.599367595446,928.6727188950906,1348.1720031108791,2713.1126569462604,1645.039680229629,5054.269223334369,4827.306076515244,5467.364414686294,5531.684412588357,2709.4774883412488,3202.5728832157743,3247.216062785167,3721.2495574558016,3660.367086683656,3965.8864216364036,682.3839243783516,3263.488289859487,3139.8121418075316,3910.3414796292404,4197.170456468977,0.0,3061.2816041235083,4353.0265718312585,2935.3216467107995,4969.64507150561,4972.175084314006,4642.517723519103,5141.629586442415,4195.202901334093,5261.012455696812,2721.6042217833583,5654.742344181563,6201.31085063642,1754.4012395541108,3555.0870656462125,5286.753845482972,1276.0794431546963,3518.0492319183086,3528.4530545237526,1380.265584405045,2287.638440925926,3608.8651414755027,2775.355722234719,1011.0336932372732,3940.563956199163,4787.380297387915,2545.8984246000464,610.2551365470019,4263.999266044144,2015.0256801423154,4261.998834100732,339.0254555413208,4816.273593412235,6444.637633479325,3545.0706679727837,3486.934548011046,2508.342234197917,2208.0514508654455,4866.098121402095,4237.510883071452,2059.4832429956796,3047.980303057256,3716.430654656965,1605.2220988990898,4311.856431774369,1355.8348050706618,5500.970292702643,2233.838998540629,3020.0054603993676,2859.0639002530183,5395.909165842676
3405.1821329840786,3674.251103403386,3262.1802063491223,5082.6864557165045,3870.69626805527,4762.027759641999,1940.938525167657,4825.942458484249,3081.9953075209246,3217.9322484764966,4092.945368447641,5709.464996359379,4826.361295972464,2978.310692070926,3935.784176499646,5566.024529188673,1388.1484316116916,1956.5386204920671,4802.01792106631,5864.545828414678,5132.064596539389,1825.58363343069,1822.9595281149277,2170.80868859165,5458.139948539704,3682.2085127846844,4067.8500784100925,5080.0986863458675,5733.800462198349,2017.4537853527154,2481.259630837732,4320.89720318188,4351.847572137723,4490.822775634883,3159.1354302685413,4033.784750763481,7753.40891254995,5566.064513395619,884.1974967511496,5691.8756140007135,247.00860617597968,3691.7872553778066,2705.021777585164,2216.3822584033196,3478.069440558224,2758.2178148008907,89.08630099515885,2484.448021919557,2560.3442603323874,3061.2816041235083,0.0,2151.9039090907386,423.4294342343243,4183.546097607747,6781.502137971794,2923.37644259955,5086.988268399387,4156.917659444436,4491.652514902283,4578.6205324564735,5552.564162233968,5378.8581860311215,4463.693380963571,860.8268601060261,4211.84466268,3258.2720444697366,5857.977134640592,4000.151691181348,2748.1453843645168,1412.8508958503016,758.6631874883612,805.7987543226908,3966.411909543435,910.626657756624,2740.4264216798447,2760.309760780119,3224.020401508185,5165.160780250699,5035.045263591579,4909.927251739785,3194.5744512485535,4837.3444329058275,5743.195682501946,1232.3565575871296,5445.327813639322,973.8599813371527,1496.166695905907,1915.5347786777456,5040.254049445127,4454.597992616729,112.02048517123977,4549.034066074358,1468.0444118435244,6224.371064179979,2579.863708811378,6137.171025632576,1127.2548138349198,4078.498807479168,4556.080852579879,4039.192715295966
4830.443548911218,1724.468876827007,1129.1390635913717,6360.399026924333,3145.9823824842056,4835.296465054961,3711.6505033410676,6149.056100577145,2472.4178010071437,4498.470915288105,3325.3275892959778,4196.876442770385,3854.7394163321856,3710.622043319422,5338.301037574127,6047.348940518812,3445.181352406575,809.4721309402813,2972.533501347629,4108.460315869194,5247.355127083452,723.9619266024976,3618.2937443746882,3300.4864752270996,4311.850742385339,3813.6208068259753,3590.5063587378595,3860.7890366505394,5552.737853138216,2053.4155174854404,3475.0578124752114,5700.3882120224935,4286.216925480674,5982.380628332253,1018.8715875329922,2345.5369799046016,7624.644616292946,4112.3952328046,3027.9557250476764,5970.809499306439,1931.4267382805385,2685.295063474776,1497.042825563117,609.1178888203824,4470.053687251307,1925.6940068165038,2083.8123882933896,980.3278215474662,765.8944045264983,4353.0265718312585,2151.9039090907386,0.0,1865.7972958732687,2465.6640539889045,6359.910460193917,894.0043760619966,3656.706809373292,2966.824659098849,2724.542207700222,4597.545019034398,4017.7308751374826,3473.7283233186213,5142.888419437661,1300.515724663105,2314.5333243351665,3874.0741194851967,5984.4279813345565,3238.5410000259376,4592.28352150213,2066.944123125974,2580.9454410603107,2954.517398859584,4967.669723464313,2263.901915102552,589.9328565430131,2529.9449826100963,4747.680818519396,4361.908287546633,6336.218555253914,3990.7895842508406,4324.788289151968,3506.841258390947,3863.8106782999857,955.9857237448688,5339.38190573497,3083.2399668157523,2144.9788581303083,1508.5509243840593,4197.281883842923,6181.2157287385635,2260.6727371386596,3857.2556815597536,3112.585305774767,5955.202083789684,3241.8109111868325,4981.714167941794,3158.094668141853,3706.1545160930623,4469.011509137228,2020.9527798155004
3326.9222758198007,3301.1624371237776,2943.850690948847,4982.55418127731,3456.210292616032,4425.385139987819,1964.0578351158601,4735.8912969933135,2665.4771394549607,3092.2436621548763,3678.0762157629356,5288.664877737386,4407.26733874824,2713.363682954425,3858.61853081242,5298.52333599032,1581.1617513720723,1820.3840954383777,4403.834281424541,5455.65047143528,4804.849399896421,1668.8428551742072,1855.0683062553248,1968.1106713152592,5036.093250827371,3337.3814816589365,3668.9355266285343,4656.837566934561,5375.780073506914,2146.4457655748024,2256.8433764266847,4241.670257087059,3993.6327975687745,4447.786664440752,2846.8019921620826,3627.951498942068,7412.270469385815,5144.0487421883945,1190.6715382291623,5393.107479014302,404.36148894398957,3268.910918989687,2288.7178832704567,1850.1011874524595,3282.6183017720778,2334.8471399706236,421.26881448429106,2092.111497140628,2192.769041527402,2935.3216467107995,423.4294342343243,1865.7972958732687,0.0,3778.909470844863,6405.0719653477745,2577.9121207772,4665.108746174413,3733.4946199850083,4089.1650605887753,4233.063497049861,5132.676591712846,4987.008162917923,4219.157446279766,670.4516727162368,3825.6409311708803,2978.8175244960876,5538.682225731677,3584.9692368762385,2821.5923122386052,1040.520346969246,1165.0035583645229,1129.1037093996283,3782.416989222632,1219.1543318386723,2443.484158411713,2359.4462499345054,3175.094761476734,4754.0361326048,4940.889628435753,4492.840708300372,3027.028283491583,4414.279074861149,5346.700832254315,912.4400604204093,5093.525233725067,1222.2977013780232,1131.744970661677,1934.447047753957,4626.739581820873,4493.5240470171075,524.2306326970983,4140.59176761885,1412.4947808303575,5860.104444310272,2287.36041570759,5715.748252682232,1295.8171013572862,3687.5457230880543,4197.893309817795,3674.99639907361
5489.379130978748,872.2075340708772,1709.6992165936674,6596.969239972323,1931.3587254158665,3957.5773852277357,4996.498301468439,6469.652680439654,1949.7856128815804,5067.10671356505,1947.4350681041976,1752.2261538768335,1983.037310561755,3943.8711056429065,5877.928313085316,5391.897591166305,5121.355869676018,3254.149847780523,654.7834689765766,1687.7917657356313,4321.9141458980885,3188.2577971658757,4950.9313701795545,4097.5876181812155,2138.849383126357,3341.245840475226,2471.6490218495833,1685.1399002961148,4230.147614359221,4510.544582382598,4069.366009715027,6154.415071014954,3404.400621949479,6536.332995486842,1803.0917875818195,155.10828519779358,6112.554147669041,1699.502636221845,4925.071877382501,5097.004290390681,4036.8839432802624,1388.232873100547,1528.1928300711927,2051.699339763992,4730.291250404144,1748.168659657872,4148.551105437415,1713.3500183363,1741.4684520748576,4969.64507150561,4183.546097607747,2465.6640539889045,3778.909470844863,0.0,4666.548087446329,1614.4846060340744,1296.1387089351201,1158.1661635231799,316.8749559510821,3720.4188834910783,1569.3213781364227,1268.7392831913894,4886.641880816006,3498.268294555608,494.1311224978652,3919.329037944378,4935.924485441101,1916.8788950358862,5799.9980561980365,3237.478439827206,4813.839635014964,4879.780360629871,5115.915551721802,4603.142044288011,2096.8848063434484,2424.7136828601024,5536.662064736297,2564.755683803235,6604.955724654708,2146.5910673139397,4774.54729862141,1275.8243453218788,1588.6661807270898,3032.927485596878,4141.27446216512,4895.8009940749225,3240.8774269794594,3960.2901315990725,2392.330861207329,7026.599357884581,4292.881867194228,2347.639506367619,4443.784857530572,4472.471228981356,3613.832881398502,2727.0472670368217,4848.67125318401,2669.4310416000635,3504.288588324027,930.870363017859
5247.0186989865015,5433.831146800294,6167.953287268314,5031.004532247611,3213.92841327261,2221.6518335934184,6064.891173095523,5117.785298530703,3932.9456649688154,4924.927453060095,3040.4784980928575,3650.531572128229,2689.7953334625668,4159.169590964523,5214.332849691607,2705.4976106546465,6758.020935034309,7112.8864014745095,4831.122231923552,4504.11766755399,2026.3305031985774,6972.618057933905,6118.927303357101,5018.863359914972,2669.9084994233417,3160.385661026198,2807.4079728420306,3047.375463448014,1165.9777794838112,8191.237444368586,4716.720991612817,5196.835056295802,2463.3442755565047,5591.483116082619,6220.823512388854,4655.828636520034,1493.372292531571,3493.9494563754065,7006.4439322187545,2151.325505971609,6806.974182895143,3709.0436968256386,4864.131366697449,5752.3188553720665,4301.189432900275,4454.558589430943,6811.0072782199395,5385.94322476797,5657.322285903907,4972.175084314006,6781.502137971794,6359.910460193917,6405.0719653477745,4666.548087446329,0.0,5854.498148985444,3577.4946096877625,3592.876288384697,4699.912909457792,2314.976891534772,3749.1452236483183,5092.5330548804495,3394.6815315622753,6628.983699011787,5154.14944859712,3863.5926983926497,1723.308014558047,3124.3592462815473,6350.809424832081,5370.199914055806,7536.340811505939,7025.6610114300265,4203.880521916388,7614.774061311668,6321.631640211646,4079.3909159405152,5493.906472121363,2109.272388559619,5096.509453743806,2527.4039357461247,4633.564253491473,3440.1991488931276,5007.089287140883,6265.052596743941,1485.9701391030708,6850.217036849124,5285.3510208093085,7724.389235253231,2284.1336314060086,6434.271210612822,6845.710652521767,2509.7882910295443,5895.251779735027,666.2622011708299,4367.406064607458,2441.8703692415784,6628.872782234548,2741.752766615728,2265.229995591838,5593.9842305934335
5149.444192432422,831.092428961424,464.12236409162637,6556.6237535239125,2691.8316179035046,4590.452523294953,4236.027005509998,6372.089420977785,2180.7613016093715,4774.445492630218,2832.1779649663613,3364.9070161020795,3231.5975251564046,3827.701584045705,5625.259297471451,5914.0256802895265,4111.628627010469,1648.053405276965,2084.429711100856,3223.7521250496293,4997.773011622777,1597.6098480342441,4158.305622579105,3617.3281406066826,3598.8508443347573,3670.7240218695274,3203.261065335918,3137.7090522565986,5168.484563593472,2904.3004904217473,3720.4547161121313,5963.563120656727,4019.1239727777743,6287.138632086698,437.7562748242455,1510.7489519923554,7201.097084055249,3299.497089903248,3768.1323447284863,5756.942192609719,2726.3557407757703,2150.840525868898,1150.7491092119085,749.5830293656601,4629.370896824859,1655.8424204522003,2866.579857697497,739.2659031079415,448.9027780054383,4642.517723519103,2923.37644259955,894.0043760619966,2577.9121207772,1614.4846060340744,5854.498148985444,0.0,2863.660125530437,2310.8106925053385,1851.6586455742863,4344.611205618519,3182.702946361316,2579.851555946582,5132.581235562473,2114.7134557424088,1422.510983472535,3927.7070777216827,5707.75355567372,2756.9506332702076,5109.2650577352115,2455.457420697211,3431.996020809465,3703.675193459869,5100.9888162521975,3143.190085193862,497.3218165825827,2414.162350547287,5112.95278229684,3780.693382479198,6543.68629995922,3381.7131221144405,4550.33242891198,2756.2809610083295,2969.817723596685,1691.4311357930005,4994.6884482622145,3792.946821180598,2506.9075985500544,2352.7932067383226,3608.3352886529265,6594.228876922684,3035.152498216193,3353.2016588259344,3634.9113674274095,5521.020663394133,3385.8874386216685,4245.725918046289,3823.158261775204,3354.647774572615,4180.0208864445885,1138.2263361888968
5636.255710152353,2167.8036196136404,3003.004128617375,6447.156674047018,1724.3916066601575,3419.5549539812923,5494.821138338262,6371.618182791558,2235.017731117138,5205.1000042066435,1589.7888264703586,637.2814226901648,1112.8015049055236,4048.3175466710854,5933.486964865938,4839.16812874124,5797.3406018264095,4463.356953415445,1263.879058943933,1215.5314045523467,3709.568099593536,4377.615733050698,5475.853686120184,4461.307719033064,918.3992413433273,3162.345026780759,2098.3180247183695,553.6165738722058,3384.0238069441825,5708.668735632591,4338.473302013969,6146.270941688138,2953.9100496355672,6556.755569625117,3092.870493170544,1364.9835533489038,5063.583901474725,479.41426115312896,5719.265701780255,4443.267344692755,4982.72765609139,1504.5839312012472,2403.649680678322,3156.5633827750075,4743.277677476831,2357.085065408119,5069.017229074093,2773.170230706546,2896.2512788755057,5141.629586442415,5086.988268399387,3656.706809373292,4665.108746174413,1296.1387089351201,3577.4946096877625,2863.660125530437,0.0,994.7436460003147,1201.978356153305,3217.794180528798,517.3781280765555,1547.207020041275,4602.25139975219,4520.384666638559,1712.6179790639248,3927.378468030042,4194.203774872293,1626.1560840245315,6201.509769563295,3907.524408820756,5783.228138303468,5690.156137020934,5029.306926593066,5642.0163682488555,3357.9525492254947,2731.4751930517327,5746.08198394854,1602.8569496424186,6471.6620991199,1247.1832259808496,4881.462301653163,326.2253000182537,1564.3037612925436,4057.1110007118364,3380.8145334562496,5651.425065486491,3879.764824847119,5165.255406197161,1461.8044330555983,7172.933750936781,5189.29066818626,1697.398098432421,5014.597988848358,3511.5093205768367,3847.074611027579,1437.608572897713,5550.064287065961,2291.6746352905334,2981.083952374706,2184.1239066648673
4699.56016811414,1843.9345041307733,2584.356118238545,5627.6848282135525,849.0322640901227,2820.30363340758,4500.810059712473,5527.979441202183,1240.711877290614,4268.366495058503,809.7140564050989,1630.1929680439678,923.1377374335852,3111.570136243919,5027.05665927091,4260.438983369789,4809.342682430625,3771.275184997775,1589.2199786766466,2099.4805356385186,3173.9333908637714,3661.3915035681453,4481.21162549706,3474.825771631435,1359.7181066390192,2324.5929886887725,1350.7595715744528,934.9670189798139,3078.543481306866,4977.690104719759,3365.18874351291,5264.225291804483,2281.7909185549843,5665.9637934445,2645.15988159752,1103.9651397671034,5003.973548962864,1452.6405617306027,4751.276256944233,3946.4494822963334,4071.4981802127827,509.8480782046746,1551.879533065953,2401.222202256593,3843.7208779998577,1400.4272910479858,4145.870991594408,2006.9976993452185,2207.383165983197,4195.202901334093,4156.917659444436,2966.824659098849,3733.4946199850083,1158.1661635231799,3592.876288384697,2310.8106925053385,994.7436460003147,0.0,1316.054292798364,2588.6600429652785,1508.4532672568948,2119.225104452333,3840.998738922599,3656.573050150236,1647.6637561459565,3020.975908147564,3778.1174475578437,798.1561123940602,5215.989002973932,2928.0176377207836,4874.183213968163,4726.179593297847,4172.098276733783,4771.678545910862,2799.6955838755043,1739.7688658454033,4793.526671178538,1488.473561576758,5644.534015489409,1077.8593742905418,3951.5978377341235,697.6988427523729,2291.9747724309705,3205.09393783786,2983.346783490816,4675.716024033645,2895.7528539889245,4452.093488897667,1313.6105265355477,6243.030037085037,4255.520762366576,1191.650988961113,4020.6057140425996,3343.8324708352234,2876.6281232027545,2042.5942139223343,4565.918265035085,1553.09325602296,2365.675513953678,2041.767722067572
5779.647966521318,1053.4648009520777,1884.4390942718207,6854.64328366692,2136.1395859009313,4136.354448026064,5310.312397486611,6734.0627449738695,2230.7127880731314,5355.385719746152,2124.5326849020244,1562.2716761936767,2049.0245470918594,4224.163020150147,6159.585249810332,5576.302251424505,5438.1523954896675,3499.504028836801,341.93461358862095,1394.4718146122566,4487.837764761668,3442.867398152012,5265.632884562786,4402.532897485833,2098.618375392963,3578.5279943602513,2661.7544421702396,1666.3522260185573,4339.011284845663,4755.947982555108,4366.762214503213,6429.393160066431,3595.0640698091884,6815.469235800643,1987.3669936843576,471.97307283361044,6165.277984917226,1544.1430745270986,5239.101739557364,5258.2770494621145,4341.2311651112295,1624.3018220546332,1844.857161569427,2340.8713165932472,5003.453657958372,2057.4033568060986,4455.20306546503,2014.5165486736516,2021.1693525593055,5261.012455696812,4491.652514902283,2724.542207700222,4089.1650605887753,316.8749559510821,4699.912909457792,1851.6586455742863,1201.978356153305,1316.054292798364,0.0,3904.204937465758,1378.323127732028,956.2897032019112,5118.072954064059,3794.2754679759355,518.8997237328233,4187.86597482835,5075.728520167327,2105.587700983505,6110.230407125414,3554.1035289491783,5113.8042855269705,5193.101845919836,5377.827587801231,4893.088064276486,2317.485948089654,2715.178432196677,5832.855999485415,2622.5832048794946,6864.93360791115,2211.0459643537492,5058.655256922931,1262.4192343278842,1271.8687843975877,3330.490143311642,4271.616545165308,5211.259227874391,3556.9967700409857,4204.451539447209,2455.2694786422126,7319.6107754479,4601.379634177776,2477.8868124159753,4759.403731244598,4549.52465713782,3905.9607995485576,2636.131325925171,5165.283047556059,2862.8866674405754,3681.728940037412,989.9969447589222
3068.5904388305066,4222.076210638672,4755.391144317784,3357.4361226060582,1795.6067997791163,246.67964954774848,3751.3169057716254,3340.6903105287984,2168.4431063380475,2699.0028906655516,1779.7111943023226,3666.9718492937736,2121.767113271624,1844.5581115356604,3157.7301120300012,1672.489521639523,4447.344710663432,5253.016628411621,4172.12173416764,4426.952232333211,654.3880358204906,5094.582616223041,3804.1214503016336,2706.8583459599436,2676.836065441625,896.5600376996516,1249.0437426547558,2721.213006942492,1178.6862531861477,6187.5358024992465,2402.0154999160604,3248.951823133886,327.8354165202412,3670.125997665612,4770.010709163031,3635.3003866206154,3179.3980126377696,3451.7584783634557,4720.858616733295,1416.84927616737,4637.1267458736775,2368.824916353676,3207.4880394804277,4003.9923884024806,2084.279352473896,2712.2544437513598,4618.795148356874,3706.5488558156085,4021.7688760729407,2721.6042217833583,4578.6205324564735,4597.545019034398,4233.063497049861,3720.4188834910783,2314.976891534772,4344.611205618519,3217.794180528798,2588.6600429652785,3904.204937465758,0.0,3653.221197995134,4662.966629986752,1475.8005547695122,4562.292799520873,4189.278342348,1551.1067888501427,1387.1326464631995,1803.7969707217605,4083.114198444614,3194.9065443929653,5319.560554065533,4746.046402093009,2131.015202592417,5452.063659686028,4731.61254071009,2082.7232923866773,3286.4064577871372,1825.0476449605362,3397.55931426664,2019.1000931873089,2384.5048363570163,2921.0946584595645,4763.507440219338,4266.606523233658,872.8791619519845,4557.164084983774,3101.6766137329664,5779.113035483906,1878.3995814703533,4437.4553925371465,4631.005908699535,1520.3970197856215,3589.4552239598984,1689.4773606358265,2071.1651425113355,3028.773515922245,4327.654963507373,1054.191638800555,237.24654076508665,4516.427381318557
6147.16416662521,2422.0748227075896,3258.947088692451,6924.609242180891,2234.8843178983566,3842.6953965624184,6009.228925984182,6856.76148470136,2749.128408231962,5716.269100602245,2090.4242936652845,184.14620063960044,1531.6095915356495,4560.387874266947,6437.014407816873,5240.312204854306,6299.585628513117,4815.187620024167,1305.8625675732503,798.015119376193,4107.222067002709,4741.6883281385135,5988.99660126469,4978.431468824293,1114.4681767013356,3655.4846942742083,2582.8874853732987,932.0159749113745,3701.9268857724624,6069.467959760313,4855.551344193572,6643.018469635923,3405.85825421699,7055.515905261216,3358.9197935939173,1675.2493493104243,5242.384863510309,255.19746932326765,6206.430804159505,4817.719410494658,5438.388518148552,2017.6821150431506,2852.737016741817,3554.0453897945654,5246.474332647593,2847.2720809381744,5530.836638425872,3182.1173826798095,3271.1689594822224,5654.742344181563,5552.564162233968,4017.7308751374826,5132.676591712846,1569.3213781364227,3749.1452236483183,3182.702946361316,517.3781280765555,1508.4532672568948,1378.323127732028,3653.221197995134,0.0,1368.5722207735334,5066.867462780628,4953.799282415973,1892.000501468486,4433.509401995895,4540.798245943658,2132.3102469317173,6718.7728187442835,4404.675956412004,6235.45873279657,6174.723933687157,5520.900205952739,6073.907404460493,3666.129492662528,3247.3003237595694,6260.0830928748865,1935.9782428335811,6951.500737173593,1640.6119667550888,5391.428959866299,839.3849333887284,1260.0538541356075,4487.694598515925,3734.229529741979,6143.961482963333,4380.113345125329,5520.929332885634,1821.887060150821,7681.558388505551,5656.680291782187,2141.627054343963,5524.252830645789,3768.966796399512,4364.008443383789,1400.2351891682335,6049.077388565384,2770.9158429894624,3416.010444833271,2355.622350913873
6718.125537794601,1752.075851813785,2464.842650825809,7739.485330597766,2968.092600862885,4881.780442455908,6265.236256937962,7631.123396154003,3165.4518647518557,6291.609770447703,2911.839176833948,1507.342728309989,2630.48263512782,5151.176277525164,7085.5874751750125,6319.237954326139,6375.766233832919,4193.256370693903,614.5698788909203,831.4952649690802,5201.693899049521,4164.464247773536,6219.375420486932,5356.767360039542,2424.835901054131,4440.849968131101,3455.2886896352097,2100.6971096921616,4927.148779718348,5430.636771371107,5314.614589421231,7344.6790266631115,4371.879702418744,7736.916827968943,2582.0169216680206,1422.661397621374,6584.784710887137,1618.5390520219157,6153.438317045601,5953.2937461081165,5213.736439781839,2514.5813776531477,2785.0628372372503,3182.0127951623645,5918.273173860853,3013.663125049149,5336.468113245408,2895.455334476082,2844.4642661135686,6201.31085063642,5378.8581860311215,3473.7283233186213,4987.008162917923,1268.7392831913894,5092.5330548804495,2579.851555946582,1547.207020041275,2119.225104452333,956.2897032019112,4662.966629986752,1368.5722207735334,0.0,5959.623951779508,4639.522516203796,1174.5401239038201,5097.746265339714,5724.282602164397,2912.8049013596847,7066.501011274108,4501.342657499537,5966.290584691631,6103.461785583162,6273.447337781198,5710.271903462829,2981.15367989391,3658.14810125342,6778.573108590112,3148.317064963121,7753.9153403819155,2777.209638701587,5989.541803917225,1779.396636164349,396.2391578491451,4184.698827709588,4910.369777927932,6134.948215145096,4507.208480823136,4882.63456571327,3002.2228002055417,8260.781163694448,5489.915686392643,3165.1834889688466,5711.1449354836905,5056.974376259484,4848.574306040076,2767.208880974835,6099.830896221632,3657.8963559484573,4431.078760168567,1478.8615909360824
1900.1336433419626,5217.140533630754,5584.140040065077,1882.866921349993,2993.4940377787625,1372.375077751341,3065.679100412501,1868.5407046765133,3041.192906555748,1658.9653090963056,3054.2124848400767,5097.307423054352,3543.6803671060684,1512.2596581572886,1819.6582422545725,1140.4959825987985,3888.4526829868973,5646.220346965304,5419.19510141866,5817.705338778339,1388.039940794572,5476.859900155197,3155.6652136937782,2302.6118556719452,4138.492185471539,1547.1906245301514,2516.4464173164897,4140.7910472668145,2264.062777195014,6345.020330667507,1983.812176258882,1829.548530926961,1668.3118212747277,2242.04457949725,5570.290604307463,4775.395636201256,3725.1449411464514,4881.035150363086,4321.653199798082,1455.248334786197,4595.558034260149,3499.260279038414,3994.87972453139,4615.679038830256,1093.6591367555982,3497.9840801137157,4527.168113679566,4414.02701689353,4735.961672987335,1754.4012395541108,4463.693380963571,5142.888419437661,4219.157446279766,4886.641880816006,3394.6815315622753,5132.581235562473,4602.25139975219,3840.998738922599,5118.072954064059,1475.8005547695122,5066.867462780628,5959.623951779508,0.0,4721.8219600957,5313.214946601351,1283.6438228484565,1800.8449772398512,3047.481656815181,3096.829479779925,3290.872910857695,5122.132904403399,4373.0385801575085,825.5444572074845,5374.253614369626,5425.634596268439,2719.6300240760684,2169.1283394130924,3296.9935232405296,1921.8486343856534,3458.904111285104,1450.7774748430581,4289.12554317369,6106.64423460455,4556.546793687737,1967.7402393212367,4128.87726741302,3191.7308738206607,6036.803489867299,3339.711078499156,3057.1348443653906,4481.684133541319,2928.224575117318,3146.6911359173787,2730.048876454962,1968.7906656930288,4503.983847836269,3862.5045421544814,2316.929205635122,1699.7970820945068,5563.927474659783
3968.4771070195175,2902.5515649333433,2422.8722980561733,5606.946147108959,3533.1846571993656,4772.872996845087,2634.1824737781544,5366.497179877858,2745.7270443554653,3710.893061138383,3747.682997096339,5120.889193167238,4425.358936716546,3210.27474624338,4498.418585822022,5762.0548924815,2214.5586592190325,1150.1458366663771,4086.127051542328,5185.548151615218,5168.73158293841,1000.7383432696082,2525.5021233261714,2547.9898024844997,5003.817452468165,3682.2171434981938,3834.485552126256,4591.533948572852,5661.758421080327,1639.4859927093005,2810.0326998818,4879.185720885504,4294.172181504254,5099.580623247071,2316.0830714605213,3355.6192798331576,7728.541274634237,4997.804234964191,1744.5564181903085,5806.331308946123,631.8198557065135,3240.9092075419203,2120.3324179896886,1459.0246178954624,3847.2750549089933,2310.3817455790722,787.4183906240695,1787.2141865697017,1795.1394877538066,3555.0870656462125,860.8268601060261,1300.515724663105,670.4516727162368,3498.268294555608,6628.983699011787,2114.7134557424088,4520.384666638559,3656.573050150236,3794.2754679759355,4562.292799520873,4953.799282415973,4639.522516203796,4721.8219600957,0.0,3465.0934524855165,3450.508965664196,5912.687827807925,3653.7092376445335,3491.3716141510913,1434.8424206486925,1326.8970692476487,1666.6017182578446,4352.702282178279,1121.6334236518633,1890.4477266163692,2551.5454787814383,3828.471258602446,4836.212051533721,5568.712755036301,4530.827803756505,3617.8501553063247,4302.86968001879,5016.028668233964,467.0648506792179,5398.218035890177,1821.3384468005936,1534.5107609534707,1325.914040056896,4693.272028805915,5162.930317333849,966.3787042697077,4247.768087123048,2075.3535121855743,6124.985046856278,2756.1273365463358,5689.386911506019,1936.7463184531935,3887.2633237614605,4495.699321154051,3248.018567536214
5808.067594430699,592.3771036738335,1390.208839581305,6984.305233842089,2394.429497263388,4428.8131855639385,5202.855296462702,6845.539834995996,2318.0953752201394,5392.889701827491,2425.7152937063743,2075.392879686399,2474.746053957254,4294.794286075411,6218.726106201253,5857.810943301602,5251.362413643911,3061.0234158733574,668.0381367107718,1808.9833637935983,4799.079998681518,3018.864817516014,5147.499832679259,4367.636699617426,2593.7528191230945,3766.1152302299515,2940.6829814886546,2149.426482821174,4723.105215046983,4312.11382105853,4370.695174928241,6509.954423271872,3869.837320415033,6881.718527632251,1498.6045749990221,554.2270446901707,6604.344043611675,2062.825334016432,5000.847243686712,5575.446214703358,4042.4443571508805,1832.7373987399285,1698.1665647315049,2008.2653070680176,5093.551277626348,2025.0882246976303,4167.432066210198,1734.703318939005,1669.9757586626815,5286.753845482972,4211.84466268,2314.5333243351665,3825.6409311708803,494.1311224978652,5154.14944859712,1422.510983472535,1712.6179790639248,1647.6637561459565,518.8997237328233,4189.278342348,1892.000501468486,1174.5401239038201,5313.214946601351,3465.0934524855165,0.0,4294.978183500471,5422.350372949538,2389.699375253925,6032.860122428995,3409.322441772998,4791.923896064293,4947.85996575186,5499.234241725842,4537.809035611899,1858.138599687601,2762.0852780354194,5836.1938994619595,3055.9153572378277,6988.417298249583,2638.3000137400977,5112.5464727538665,1740.1941168723108,1555.845367762812,3011.216141390385,4630.6797651645065,4991.344938166866,3426.448263845231,3760.8337873500864,2884.0980677116377,7333.157824835151,4323.267804969754,2838.8351741855317,4629.854911430055,4966.381771030596,3935.2586675892094,3149.6480879822116,4970.879077378568,3135.5817649688233,3977.128540727971,472.12854799725875
1729.6050965260827,4111.0702952418615,4387.484251780855,2691.8485865748466,2204.977301483623,1655.1877309417202,2201.3199151520434,2551.648625020694,1977.3345150322948,1305.7834182229453,2344.3507996142557,4505.7808245466185,3021.0535221690466,303.83456546120624,2008.335760846776,2320.508063988789,2922.30385580367,4362.743616517019,4513.94060655266,5109.110173828022,1958.084388216197,4193.313763058161,2257.3879635618687,1191.88693863554,3704.6375755641743,856.0044147695735,1898.0488628399428,3567.7098884259076,2711.8403796044117,5082.0346952027985,870.3074121584856,2247.482371898387,1476.4197245526082,2645.3684408263434,4362.910613194019,3789.38765207586,4587.436138746784,4295.239032617976,3251.1028621404766,2439.4659623583602,3367.4603250265623,2583.6601451671236,2820.0396295671094,3365.4048470866032,822.9462858121422,2346.5375845683784,3314.3511630881844,3195.098684423534,3512.5559529849493,1276.0794431546963,3258.2720444697366,3874.0741194851967,2978.8175244960876,3919.329037944378,3863.5926983926497,3927.7070777216827,3927.378468030042,3020.975908147564,4187.86597482835,1551.1067888501427,4433.509401995895,5097.746265339714,1283.6438228484565,3450.508965664196,4294.978183500471,0.0,2641.8124594423807,2301.636120147579,2572.0855650784633,2016.0432382079507,3956.589140751034,3287.5669119427816,1206.42208489442,4165.160556051831,4186.017643038309,1559.195805638599,1883.0654559382685,2988.1416759017634,2693.8977868161587,2992.134012174254,973.2997863911199,3601.2026697960227,5306.5239324910235,3273.427830425012,2394.377124787363,3073.9876620638865,1916.4665108467198,4759.268692455281,2962.0072007874996,3249.8405120710154,3289.3556756849816,2443.9074869601754,2085.66329084059,3226.0998840488496,695.6067241516574,4224.963312660715,2828.3510152923027,1746.8576228943214,1644.4189182516725,4482.6108759044655
3700.880453870673,5523.668304826512,6105.952024282208,3311.269306673802,3075.6146406676185,1153.6513716634677,4757.964470729474,3408.618710906956,3543.686549211287,3439.612538799247,3004.0959719138464,4505.494480634173,3093.802491783372,2942.974881451081,3587.7440109056,983.4310684059158,5536.494526789493,6637.060354650468,5304.091233998337,5338.777307582326,746.1872998229068,6477.574376598234,4833.452031237406,3829.695354240204,3445.440091416625,2232.290183675053,2530.419988326246,3647.6731510080504,873.204712704873,7546.663270689239,3503.47843042554,3526.067264973968,1700.6894185538406,3906.1228807661696,6127.159518705058,4871.552863923371,1961.348647478311,4304.515675457344,5892.164685234537,428.04750497579147,5939.511813990861,3655.958083489744,4581.209476780777,5389.648700519636,2836.787023613335,4091.294983430185,5905.985681084995,5086.3285688637925,5398.920487303458,3518.0492319183086,5857.977134640592,5984.4279813345565,5538.682225731677,4935.924485441101,1723.308014558047,5707.75355567372,4194.203774872293,3778.1174475578437,5075.728520167327,1387.1326464631995,4540.798245943658,5724.282602164397,1800.8449772398512,5912.687827807925,5422.350372949538,2641.8124594423807,0.0,3051.6309170384616,4884.566337864601,4513.564011384019,6578.690245040118,5929.350684241234,2625.8485700077986,6751.251246296867,6107.493662716728,3467.9512971611925,3968.226114878158,2606.296854132315,3378.3664305134216,2949.150690321707,3192.5200486101885,3945.039135806513,5754.773694673405,5636.574730152346,813.9865377817989,5712.988764952544,4416.872217958088,7151.844103474292,2734.1719251941713,4761.478376884326,5899.646317275131,2597.856124908576,4721.642929371619,1117.7815585976537,3284.965698002036,3546.312719422809,5462.697686286694,2360.741428307005,1528.7630785026827,5788.081792097966
4016.353055727173,2475.699026095862,3110.84149221541,4852.689300099585,132.6790058223231,2040.7719609804521,4007.4279934537813,4763.653319342414,920.549727370553,3585.9137524723037,94.05053248121446,2210.3523777217065,855.1260724840522,2432.4626623833306,4307.336910139256,3475.9026222282178,4431.5156615132255,4004.3221198145384,2386.860553811429,2819.4621104276252,2409.8462738456988,3870.6642039604776,4005.870095841102,2928.07232303473,1544.8671723802022,1550.2056555518689,556.4800167050026,1298.257445509172,2425.919504172593,5130.9791253893245,2765.4040804674455,4523.515744932253,1490.3475627624584,4932.326570931004,3148.526638080898,1835.5162853063982,4444.157577545603,2003.314298571495,4469.785086136692,3186.733330576784,3961.2011835548064,616.1045237920268,1741.5453582221162,2632.9797462483452,3117.19364829136,1366.3077857232604,4006.237060449618,2262.1341944254764,2534.3063338061565,3528.4530545237526,4000.151691181348,3238.5410000259376,3584.9692368762385,1916.8788950358862,3124.3592462815473,2756.9506332702076,1626.1560840245315,798.1561123940602,2105.587700983505,1803.7969707217605,2132.3102469317173,2912.8049013596847,3047.481656815181,3653.7092376445335,2389.699375253925,2301.636120147579,3051.6309170384616,0.0,4649.6048219543345,2645.401680837902,4749.805601066742,4459.398000947324,3413.5859594966987,4725.331592048329,3208.9918710554566,1297.586605523115,4136.221002477019,1182.5501583463597,4872.6731748728025,914.6608519063225,3259.871893904575,1300.16592549182,3065.7100156335723,3242.0578140423404,2283.6719660146023,4364.86850962466,2589.1894479093257,4639.5201465454375,1044.204301832261,5549.270617609669,4086.9568517253765,619.3716050998784,3592.5109628481305,2764.0701508326447,2273.817598534456,2186.1277350568976,4215.596201367607,757.3077415423668,1587.9309784949724,2737.8212836912858
1242.0482081408918,5642.647204768787,5544.379562137137,2724.988592783464,4528.356103421747,4135.514918363734,881.0946535055128,2446.024938524749,3984.9000918699326,1445.3017972164153,4715.938879568414,6824.588266480917,5462.629960224745,2322.9189808764313,1617.2291326688994,4182.845822353245,1439.870603217525,4641.486079052375,6452.089370094155,7284.363676886266,4342.502648686008,4490.318064466481,975.6943027634217,1741.1942282987843,6162.887820984008,3414.165990573393,4371.30512581826,5946.896002493149,5184.833450569652,4709.856427073972,1887.154391296324,1948.732881653358,4045.74060013553,1946.9246747588877,5469.166940442941,5647.960038587384,6821.95193662525,6628.282732298163,2051.4893078056734,4552.068258662649,2986.5003381464735,4712.951868435111,4336.169506613181,4368.4189410157305,2059.6241647040847,4052.839033030179,2837.1906162288424,4435.937249159415,4665.723938644999,1380.265584405045,2748.1453843645168,4592.28352150213,2821.5923122386052,5799.9980561980365,6350.809424832081,5109.2650577352115,6201.509769563295,5215.989002973932,6110.230407125414,4083.114198444614,6718.7728187442835,7066.501011274108,3096.829479779925,3491.3716141510913,6032.860122428995,2572.0855650784633,4884.566337864601,4649.6048219543345,0.0,2664.8650974593443,3030.680385986289,2140.4369233406524,2292.6255874738904,3461.9074687410402,5122.11355797204,3479.57166584768,957.9514054298371,5520.268790127162,2654.5112095517698,5464.260065751355,1717.8562779959211,5884.143355250363,7355.634938054294,3659.5687602393805,4865.037713363587,1869.1595088215452,2628.2590217925626,4663.057727393046,5472.7517182331585,1716.907524705102,2686.020177145734,4937.238412394625,1483.3566438132805,5691.452820766329,2376.459526962325,6736.693189634511,1640.4192359448848,4254.660292943844,4205.009379271942,6043.814543402867
2764.0557150826394,2985.5975226691226,2901.810885160679,4311.57322704103,2513.337610698968,3390.8964878497836,1806.022014594783,4092.0166637903612,1749.1998507872106,2434.827845855637,2735.6852520858456,4543.997531591759,3491.8754980179347,1782.406820807472,3271.674755806267,4327.971176239162,1902.1131224753694,2399.084089999348,3890.798904987637,4840.21268060702,3775.3712130644844,2228.799730591558,1742.5749371025627,1235.1232301054015,4154.114909210144,2300.4670077366895,2664.829112450552,3813.1545631290637,4335.262391893367,3070.333559390087,1436.4391128098675,3635.7240785089834,2953.124162050082,3915.8554383516253,2835.6741922839096,3082.4323715178243,6374.288039131272,4377.190098573856,1833.8261733681304,4386.119924278974,1444.8328098295667,2429.9536331339737,1718.9079211595365,1729.3504173469298,2464.898442750127,1561.3706380395402,1440.8325821204905,1771.0756638001099,2008.280539911195,2287.638440925926,1412.8508958503016,2066.944123125974,1040.520346969246,3237.478439827206,5370.199914055806,2455.457420697211,3907.524408820756,2928.0176377207836,3554.1035289491783,3194.9065443929653,4404.675956412004,4501.342657499537,3290.872910857695,1434.8424206486925,3409.322441772998,2016.0432382079507,4513.564011384019,2645.401680837902,2664.8650974593443,0.0,2170.4954208025874,1817.6592354896998,2971.1124719103113,2259.2142134259866,2527.47326406433,1367.169421996045,2690.819643681828,3786.355034696165,4283.39615278636,3560.0365075805043,2279.9614840459476,3625.25027046051,4824.13537162381,1292.307040552283,4053.4798960173707,1748.3533240352192,99.67722045181631,2746.022097091901,3671.036257235414,4151.303638146696,1482.9274470536313,3163.952442588225,1221.4592334498927,4820.266409827573,1322.712538498445,4819.722887570716,1644.93160259781,2667.9040165620645,3157.378725054693,3385.864864066048
3885.7852353772723,4228.4533604183225,3709.4427081816484,5566.12101071132,4621.166669503385,5497.098807294354,2348.4260982253627,5298.657059930658,3830.0183914008826,3761.7199175601845,4842.968752866882,6397.3811650093985,5569.429254310805,3667.2240985936487,4404.170493187678,6241.796453146482,1590.9682265237104,2151.9654591914336,5410.038905522584,6501.538835078508,5859.991287616475,2068.6643915773284,2227.735230644118,2819.9789247299354,6191.254751985013,4424.312072683165,4826.202551633012,5803.4175494459305,6480.647877045937,1733.08153155355,3142.5353016481777,4785.728267110973,5099.98484044894,4902.463013469148,3597.3190495867893,4668.580754352012,8488.378009010734,6262.583691933227,979.8820976653261,6395.992919242642,802.7100737532822,4420.904718895896,3383.2421812959237,2784.9253900083213,4095.4619548809146,3482.6751879319727,743.8324432457891,3100.525126621296,3122.009871038367,3608.8651414755027,758.6631874883612,2580.9454410603107,1165.0035583645229,4813.839635014964,7536.340811505939,3431.996020809465,5783.228138303468,4874.183213968163,5113.8042855269705,5319.560554065533,6235.45873279657,5966.290584691631,5122.132904403399,1326.8970692476487,4791.923896064293,3956.589140751034,6578.690245040118,4749.805601066742,3030.680385986289,2170.4954208025874,0.0,892.6968241603647,4565.408264103661,474.3061463032072,3162.386260469299,3518.1387640904672,3670.214474311958,5918.778358532612,5510.92883607201,5656.813001052889,3786.463029116751,5545.320397081579,6342.0260674879755,1784.560655754239,6188.929940329911,1170.0691462046166,2252.2178090122634,1847.9805891193766,5791.741268430592,4741.676137737056,690.9291960541253,5304.387419124379,2011.4698784185161,6974.156736592389,3293.7960348928714,6872.887226388776,1427.8733231908216,4837.051972624751,5303.991784534834,4568.874653513926
3016.3220333104355,4429.288711593883,4057.309695926601,4690.8420605601295,4326.967455551867,4899.492733606715,1471.194337119335,4420.8388736769175,3566.7541494845145,2923.9643696168732,4548.697464706242,6322.625756875144,5308.453095487705,2986.7260804841144,3527.9429410035814,5508.171112344458,701.0756436918911,2739.8680406422864,5513.671256538423,6543.489321383508,5236.031885953807,2617.4715205514653,1351.9793510867685,2103.6578643679204,5971.5737130274965,3868.4206769900293,4436.412728234941,5625.097267520002,5923.309879226141,2584.423765176679,2431.6458554265255,3907.1206306717736,4563.154488384652,4012.9808473444023,3956.3971531232814,4726.944381267035,7870.963198645068,6165.326460610014,91.99824320605182,5710.224271975663,1042.1251183869435,4236.582798435786,3366.152956183958,2979.1690617393638,3311.360771906468,3333.4968484432384,881.531300908255,3213.1593169688927,3321.864257870421,2775.355722234719,805.7987543226908,2954.517398859584,1129.1037093996283,4879.780360629871,7025.6610114300265,3703.675193459869,5690.156137020934,4726.179593297847,5193.101845919836,4746.046402093009,6174.723933687157,6103.461785583162,4373.0385801575085,1666.6017182578446,4947.85996575186,3287.5669119427816,5929.350684241234,4459.398000947324,2140.4369233406524,1817.6592354896998,892.6968241603647,0.0,3759.1495112192597,1324.9036264260883,3541.6656689858514,3169.2462825173434,2791.077694347651,5583.974666733723,4633.505811800391,5373.378834044459,2983.285325618386,5420.063109020872,6457.552496573681,2021.0805166049176,5618.351142612038,279.36103536821264,1870.2225343808689,2604.1287385764936,5475.854329261872,3854.453314047661,701.7078898530362,4958.636037662876,1226.7247200937134,6429.635388298857,2676.3337940253264,6637.146079147272,548.3314694908543,4412.439628149602,4763.402489482177,4804.082918415959
1077.0654342211528,5315.443811012679,5563.680280914784,1485.6005344169744,3332.92859633161,2089.65675043654,2365.4771436291667,1357.6949405860655,3181.1432231172807,886.9782209440096,3441.3166538237947,5574.358415358758,4039.206819051607,1274.2591685775699,1031.6742299374353,1892.0414412972034,3210.5580099194594,5370.16168369566,5699.152825409931,6232.372708373593,2181.60876135594,5199.848211390213,2467.430325144968,1814.4136736359212,4684.698535897588,1866.9720436857108,2938.890223683933,4618.961373213788,3057.7832868040205,5928.842641059889,1543.8856742689857,1136.5766447103338,2236.693376188385,1557.8309772029188,5532.467636221833,4988.766116495341,4538.46864726033,5359.520901731609,3697.9044896093524,2270.2806490476014,4129.260166721516,3761.2497826071058,4013.5951259819417,4499.483433273757,506.7181172417264,3548.4651955177746,4038.8432857021085,4363.191764394959,4674.770946401225,1011.0336932372732,3966.411909543435,4967.669723464313,3782.416989222632,5115.915551721802,4203.880521916388,5100.9888162521975,5029.306926593066,4172.098276733783,5377.827587801231,2131.015202592417,5520.900205952739,6273.447337781198,825.5444572074845,4352.702282178279,5499.234241725842,1206.42208489442,2625.8485700077986,3413.5859594966987,2292.6255874738904,2971.1124719103113,4565.408264103661,3759.1495112192597,0.0,4866.34813511292,5327.581243331067,2763.481960652177,1350.671540199541,3884.7952844215615,1489.6163637688733,3979.9008865494375,779.0172701102332,4705.90117833014,6464.06869567032,4263.411600877869,2750.8862339489788,3498.6011186075502,2877.5445772022367,5678.457677399735,3898.9735313638635,2306.796155791187,3967.1153200886415,3429.676557354789,2554.8019283202757,3537.7680280715126,1731.346949182052,5120.8611474633835,3225.379721594653,2756.2277033882738,2324.9142333825994,5688.577613150408
4252.662216724601,3960.1047786352824,3379.951957963456,5935.399902301866,4600.643002607788,5643.159324947861,2736.002031499428,5672.468955544843,3807.083568491241,4096.026131149556,4819.3127096458475,6241.695955915347,5518.994688377586,3887.481761747185,4778.061255818515,6475.842929634797,2025.1445734675333,1743.909848684272,5174.562343599022,6287.1651626326,6020.185642313864,1681.5163862588436,2614.9468527616386,3079.3215560061276,6112.792773989317,4556.170549761828,4855.878138358293,5706.403709066683,6594.035459900485,1265.885959059899,3391.467224676069,5162.086391020204,5212.167598739127,5300.67287107684,3264.413966854235,4463.4943684769005,8631.116443351348,6119.413691904888,1415.7876954755602,6594.622322758219,814.9412878741629,4344.344720614261,3241.2420799102615,2552.4114814049867,4382.25899140911,3407.2700767015813,850.8233299963039,2899.6599157427067,2876.0566807349255,3940.563956199163,910.626657756624,2263.901915102552,1219.1543318386723,4603.142044288011,7614.774061311668,3143.190085193862,5642.0163682488555,4771.678545910862,4893.088064276486,5452.063659686028,6073.907404460493,5710.271903462829,5374.253614369626,1121.6334236518633,4537.809035611899,4165.160556051831,6751.251246296867,4725.331592048329,3461.9074687410402,2259.2142134259866,474.3061463032072,1324.9036264260883,4866.34813511292,0.0,2827.809622094457,3549.1954599369415,4051.294938518547,5905.6023127455,5883.639543284836,5617.734493414582,4091.0982253269103,5423.053315544667,6093.556501480068,1586.3725363536146,6312.589290668687,1592.7535611603566,2350.895740156292,1381.2778963789294,5769.219275385968,5177.759237675309,899.3589441780177,5303.489383401271,2335.7000610545006,7076.544756669458,3482.3556677664324,6797.951025819839,1832.7519066412121,4886.381773493553,5416.379235239903,4279.988821639725
5280.237428382269,1270.4717362271385,552.5101035718718,6756.3547652947445,3135.560432685997,4975.528355178372,4241.335500308482,6557.655613443115,2564.210535911979,4927.120081951524,3287.8546277595665,3849.1109412174656,3717.8123883921303,4055.5089331462455,5775.058058359933,6260.997905338493,4017.682748858724,1212.1740335017903,2526.1102486037694,3667.0909616693452,5385.997581208889,1193.3824487149957,4153.174172349866,3741.544018407641,4095.5810458026585,4012.0878431765423,3629.9501731858522,3634.669644151996,5601.794635018763,2455.425093237625,3883.407486131992,6127.053769547807,4409.723425256055,6429.004791882799,436.6623188975668,2000.0876960586006,7649.078437398586,3789.4687063519873,3614.035679161178,6134.36486148884,2521.235585020963,2612.682765166295,1526.445756135802,829.1307071107661,4841.233057588531,2019.8212076488355,2673.1489297268863,1030.0477768380456,710.28390997544,4787.380297387915,2740.4264216798447,589.9328565430131,2443.484158411713,2096.8848063434484,6321.631640211646,497.3218165825827,3357.9525492254947,2799.6955838755043,2317.485948089654,4731.61254071009,3666.129492662528,2981.15367989391,5425.634596268439,1890.4477266163692,1858.138599687601,4186.017643038309,6107.493662716728,3208.9918710554566,5122.11355797204,2527.47326406433,3162.386260469299,3541.6656689858514,5327.581243331067,2827.809622094457,0.0,2731.322328754517,5217.701868960317,4260.543863534912,6737.659133499185,3865.854758395612,4728.433906907127,3253.5820491897853,3376.1198263059323,1531.0462232777295,5415.2350151107,3664.37957537057,2594.494717505703,1904.942658670071,4089.2910977900556,6674.888042128197,2849.58947104754,3814.273357637598,3638.7763605591367,5969.496335301998,3597.1405467127634,4743.039546776413,3729.529994160792,3770.679419322199,4579.086975466179,1504.877568300159
3064.9997765977078,2552.085852390746,2864.5105075754223,4246.878348138783,1164.9737946859575,2314.73109688037,2765.4160676400934,4094.486354701038,506.3171343387466,2642.4370511194775,1384.2539682099523,3362.1925328364237,2152.3020757349564,1533.27223099944,3458.704735104892,3533.009572921647,3138.1075121397607,3170.38774428192,3052.945514300575,3808.4359338933355,2725.540447989169,3012.5307745628093,2751.0248442725847,1739.1072095351108,2834.656869280831,1287.160618335567,1309.574633423006,2537.17953200419,3123.468254515804,4142.250204693097,1659.653496050606,3748.1478954813133,1784.8345490058732,4120.4742656608105,2851.9073386020104,2284.1352784285787,5200.220543423616,3173.927278185183,3176.6408650857907,3440.9691871055743,2753.1746040549265,1233.8700312399199,1276.583120934943,1952.840577432014,2336.364346192819,789.0305328192313,2776.989636001726,1705.8541708463827,2029.010303925784,2545.8984246000464,2760.309760780119,2529.9449826100963,2359.4462499345054,2424.7136828601024,4079.3909159405152,2414.162350547287,2731.4751930517327,1739.7688658454033,2715.178432196677,2082.7232923866773,3247.3003237595694,3658.14810125342,2719.6300240760684,2551.5454787814383,2762.0852780354194,1559.195805638599,3467.9512971611925,1297.586605523115,3479.57166584768,1367.169421996045,3518.1387640904672,3169.2462825173434,2763.481960652177,3549.1954599369415,2731.322328754517,0.0,3120.5566933553696,2419.580128351611,4245.559851918001,2207.5359944012234,2353.1514011724785,2420.667078887347,3913.9295219670216,2209.935244582972,2875.04551238063,3068.1478591801924,1302.6401781443715,3710.4079263673957,2307.105181457057,4604.484940589229,2838.8418417749167,1796.783151448443,2311.240073923304,3576.5478798228046,1190.9109255993917,3483.6010748778344,2918.510378012043,1339.8315646994588,1978.8439641227403,2926.2023458923686
284.09823316064467,5524.158993611969,5569.949720183927,1900.5791674447555,4027.1815079911653,3305.3007123576517,1321.866182557448,1629.761183803934,3617.877618445654,590.3887559379837,4189.354721944657,6345.800551199194,4894.207056751277,1705.1534334554763,738.3360138175572,3232.8328306203825,2136.9787171914,4953.75655994519,6171.974805695904,6892.26707206163,3469.858498962169,4790.3199645369195,1442.480009514863,1498.4792124931193,5583.261380200823,2736.4052932124287,3773.9989255032915,5424.657033317406,4331.988911663671,5240.9281308700465,1467.7470146813448,1116.096072654142,3299.8121661240048,1272.818591474842,5511.840190935601,5391.736976029246,5889.0831381412845,6139.52917119098,2712.648368270757,3620.315946739593,3436.1431336916107,4313.919533293244,4182.493367749553,4410.206553367994,1203.9258247882217,3811.4309060157443,3308.943218455705,4392.0866515674525,4664.441879885096,610.2551365470019,3224.020401508185,4747.680818519396,3175.094761476734,5536.662064736297,5493.906472121363,5112.95278229684,5746.08198394854,4793.526671178538,5832.855999485415,3286.4064577871372,6260.0830928748865,6778.573108590112,2169.1283394130924,3828.471258602446,5836.1938994619595,1883.0654559382685,3968.226114878158,4136.221002477019,957.9514054298371,2690.819643681828,3670.214474311958,2791.077694347651,1350.671540199541,4051.294938518547,5217.701868960317,3120.5566933553696,0.0,4868.916985409897,1842.4399071332018,4871.755835826134,919.0460609485251,5421.138112258163,7030.53205770943,3884.928823999868,4015.600633539769,2512.3446264565296,2623.662401801154,5102.951480516447,4845.059594985906,1498.5674529983628,3190.0504358603803,4325.566835594151,1768.1135681544893,4829.188942825906,1931.625297142538,6107.498431581379,2244.8295066532337,3628.8581979355426,3437.0138889128743,5921.604893261369
4696.82141952044,3325.247416014183,4071.687687580176,5179.86005282498,1305.1400184167983,1976.2038883316166,4979.229029381958,5152.5036369175905,2098.5299434158665,4284.78391238403,1088.5475510242998,1911.0167177617782,582.0811126887731,3204.1319454941304,4881.074098181362,3323.595007080436,5493.585380207903,5146.568785595797,2792.5939321845563,2733.543641533458,2193.726421035449,5020.092624441306,4995.53463582678,3874.983436220728,867.8882099239512,2132.759099872276,1176.1393409851573,1049.9757322171786,1781.843153279772,6298.883482773912,3651.9976998438815,5020.330861790784,1651.054696620618,5442.1806342503005,4129.91210322956,2548.199693324681,3548.560397318468,1704.5390227958994,5587.453952061261,2884.3562773957037,5135.469035623231,1676.7545550765622,2874.5946862321302,3766.2904211179734,3723.0259350997007,2541.157856624613,5174.98221026208,3381.932390037979,3626.239897500578,4263.999266044144,5165.160780250699,4361.908287546633,4754.0361326048,2564.755683803235,2109.272388559619,3780.693382479198,1602.8569496424186,1488.473561576758,2622.5832048794946,1825.0476449605362,1935.9782428335811,3148.317064963121,3296.9935232405296,4836.212051533721,3055.9153572378277,2988.1416759017634,2606.296854132315,1182.5501583463597,5520.268790127162,3786.355034696165,5918.778358532612,5583.974666733723,3884.7952844215615,5905.6023127455,4260.543863534912,2419.580128351611,4868.916985409897,0.0,5217.915150571155,418.8169921397652,3952.1419166282476,1390.9891782918369,3153.101669321336,4422.208944263489,1798.2689291654908,5468.730415908431,3721.914380994007,5798.041062908403,175.11134200844901,6162.353670683386,5248.59999434535,625.8213780568706,4632.063294454535,1931.0101540015266,3185.2324884645395,1242.8585210714857,5298.56281478459,1267.1064099534028,1597.2302331364128,3488.4114619150077
1631.5757430514834,6795.022654145974,7007.739818944765,85.2982004265037,4799.522069656623,3282.3610005008586,3163.548687514071,212.83477905878073,4670.354301300598,1860.6339569149545,4893.379530220908,6992.493849190359,5442.230174830627,2728.879502378952,1106.8137286431718,2412.1813223756617,3974.5955871361302,6654.554974895091,7184.3290042777135,7682.63436644957,3220.664192934898,6486.344181079662,3283.8159851016317,3053.6020431249713,6054.221116415637,3323.082447589888,4373.345773679117,6034.172854723753,4057.282751922769,7050.36457834813,2861.537381499847,726.7131512674034,3579.487300591664,776.6780986077824,6969.588166005937,6478.269728872054,5013.57462000926,6776.387799176343,4554.997440408172,2953.193681684965,5235.054589467143,5245.44797536321,5480.966397011571,5909.084705020651,1919.6874441827763,5026.235786484056,5117.380002300493,5804.434937742347,6108.689935056862,2015.0256801423154,5035.045263591579,6336.218555253914,4940.889628435753,6604.955724654708,5096.509453743806,6543.68629995922,6471.6620991199,5644.534015489409,6864.93360791115,3397.55931426664,6951.500737173593,7753.9153403819155,1921.8486343856534,5568.712755036301,6988.417298249583,2693.8977868161587,3378.3664305134216,4872.6731748728025,2654.5112095517698,4283.39615278636,5510.92883607201,4633.505811800391,1489.6163637688733,5883.639543284836,6737.659133499185,4245.559851918001,1842.4399071332018,5217.915150571155,0.0,5366.203348616692,2012.103305666486,6151.779442353652,7934.558690885146,5555.459459435196,3795.4197734514155,4354.781316573542,4198.4256191970335,6874.786173765407,5256.591563949019,1574.389410381371,5009.535200743678,4826.42562634596,3567.1260065953657,4459.536893289369,3157.9841584229007,6424.866806130693,4086.9855363592856,4181.47113157379,3621.1030162740462,7171.746654252924
4720.05885280438,2908.6043204000775,3662.118675310919,5333.902357550708,1046.7300539413206,2202.90284099549,4870.049321443161,5285.78476659805,1827.9559775377518,4297.916098594759,824.6876420766835,1647.8994478092407,163.56311968166912,3177.2426363117124,4946.7996247992505,3603.253367511227,5331.030234000273,4783.485116759327,2393.0163200891466,2427.172112822039,2470.8357290928916,4662.093917449218,4876.499991705937,3774.4943738604247,712.9021215538642,2153.8258481216626,1099.4479201972233,712.8051748198803,2154.8660191587323,5955.258501835583,3579.3408101090345,5115.134952317094,1790.594324291798,5534.544382336274,3722.8118688933237,2129.4042408676182,3966.0857843382564,1432.8811851277133,5382.948606141433,3196.9528209438754,4864.3845460697285,1316.9229432085233,2516.7591806609144,3402.60537384928,3767.4698467892217,2221.6029115181673,4913.9360863594875,3013.6538155078456,3245.6108601771716,4261.998834100732,4909.927251739785,3990.7895842508406,4492.840708300372,2146.5910673139397,2527.4039357461247,3381.7131221144405,1247.1832259808496,1077.8593742905418,2211.0459643537492,2019.1000931873089,1640.6119667550888,2777.209638701587,3458.904111285104,4530.827803756505,2638.3000137400977,2992.134012174254,2949.150690321707,914.6608519063225,5464.260065751355,3560.0365075805043,5656.813001052889,5373.378834044459,3979.9008865494375,5617.734493414582,3865.854758395612,2207.5359944012234,4871.755835826134,418.8169921397652,5366.203348616692,0.0,3965.300322801919,1001.5054683525195,2811.1325411958073,4104.105295961227,2135.2693079340133,5275.603214974472,3503.304070072279,5445.629153960541,245.79881465336672,6218.984981891498,4998.096913411444,552.640675131681,4482.674634854731,2338.5128409452877,3096.9139626610554,1288.82813852158,5121.160495172651,1247.0063342782187,1782.520930417929,3069.6310073754794
757.770905860076,4859.32454812158,5014.233720569675,2035.6693097185505,3157.155185788148,2422.188084351213,1618.9662896953723,1829.2547600367204,2827.95276567785,333.0587058237632,3307.256589338813,5469.025622230801,3993.9155953095706,841.0988557226788,1106.197297776938,2585.8815474224643,2453.1687514828654,4669.025663450673,5392.630103155231,6049.163390516907,2625.8061839680777,4499.505933908744,1713.54632170391,1070.201477538225,4677.8827256788945,1820.9646482790379,2871.1235987614673,4536.409296637265,3467.664937698566,5171.083729610264,849.7304962427794,1417.0093564733438,2383.4471392722344,1770.3402936658817,4971.261106845627,4636.023195785155,5146.517923433766,5259.934194297111,2923.6734080893852,2887.16368868445,3363.6932443231212,3490.464613749866,3524.1483354944066,3900.7342992217505,358.9284207261942,3100.7858048057756,3268.5714822584196,3812.456545649537,4110.449703926932,339.0254555413208,3194.5744512485535,4324.788289151968,3027.028283491583,4774.54729862141,4633.564253491473,4550.33242891198,4881.462301653163,3951.5978377341235,5058.655256922931,2384.5048363570163,5391.428959866299,5989.541803917225,1450.7774748430581,3617.8501553063247,5112.5464727538665,973.2997863911199,3192.5200486101885,3259.871893904575,1717.8562779959211,2279.9614840459476,3786.463029116751,2983.285325618386,779.0172701102332,4091.0982253269103,4728.433906907127,2353.1514011724785,919.0460609485251,3952.1419166282476,2012.103305666486,3965.300322801919,0.0,4555.367023286379,6219.607804785202,3563.910956840813,3148.1600967326926,2725.4103976803203,2192.238557559829,4940.435606823552,3931.569575963523,2292.6690928010084,3192.339451404879,3416.507388023769,1775.7979578434592,3973.6545904460545,1186.1058482816782,5192.1066240579075,2453.2794028508047,2719.4437680674696,2525.5206142744114,5247.55139895647
5310.308336385092,2124.8453914565175,2943.015196450233,6128.132807253528,1398.2413425685859,3129.0159551849524,5185.91064492679,6049.962597577278,1929.3198926637335,4879.194599654743,1265.1471831949045,941.8330556579546,851.476033534708,3722.5948600675047,5607.488698464046,4557.440092471321,5506.687912236266,4316.270952064293,1403.3613555991203,1531.2062569859747,3432.454011810501,4220.936665959939,5169.378386510317,4145.040292815017,864.8673269351775,2838.9882958182484,1779.290992552371,409.790975754713,3156.21476918872,5549.658436858705,4017.2953997857817,5821.422213102568,2649.088189905727,6231.4677816862695,3024.077301352762,1308.484356744474,4912.355727856239,756.2309746029979,5446.323172697338,4177.204227745754,4743.017555540988,1203.9983868946838,2182.872721752004,2978.944691275755,4417.355177643066,2088.7879890525037,4823.127636610294,2588.569605800277,2741.2560383079876,4816.273593412235,4837.3444329058275,3506.841258390947,4414.279074861149,1275.8243453218788,3440.1991488931276,2756.2809610083295,326.2253000182537,697.6988427523729,1262.4192343278842,2921.0946584595645,839.3849333887284,1779.396636164349,4289.12554317369,4302.86968001879,1740.1941168723108,3601.2026697960227,3945.039135806513,1300.16592549182,5884.143355250363,3625.25027046051,5545.320397081579,5420.063109020872,4705.90117833014,5423.053315544667,3253.5820491897853,2420.667078887347,5421.138112258163,1390.9891782918369,6151.779442353652,1001.5054683525195,4555.367023286379,0.0,1843.527933165646,3843.8797496889783,3131.2074451299136,5372.542449873896,3593.43237057065,5012.113650303333,1234.3794902966429,6846.745642380765,4937.656681888384,1403.684515202045,4714.123054187067,3320.556074124031,3525.473994487125,1489.5033274702675,5263.616877487666,1974.7143561259693,2685.379158065021,2201.0610371920634
6957.59060090352,2140.0671029853243,2861.054022923894,7916.350241261752,3135.05481580817,4972.543735202738,6569.1218568406075,7819.719141077255,3412.974881866258,6528.459236325367,3053.182305785227,1360.8349664760967,2676.380751031137,5378.742378251723,7306.985268428287,6399.301494740891,6710.0161080510825,4588.060581704649,943.9210496312706,548.5517978322559,5271.688551204443,4557.684364996001,6527.706220066126,5633.034982595616,2368.308407386588,4612.0183325213475,3590.5967435539173,2107.102258283636,4933.341322304894,5826.536056957427,5573.566815639156,7552.853500914868,4486.015011755979,7951.552914178462,2978.176726285564,1743.6938880391244,6499.850960668252,1514.725248200808,6505.302596336775,6007.571052627592,5583.152365384989,2729.4056662799317,3116.6990298514547,3557.1556224559527,6129.356201025356,3308.9981023971586,5702.988976862221,3258.8473015109184,3222.4152838592977,6444.637633479325,5743.195682501946,3863.8106782999857,5346.700832254315,1588.6661807270898,5007.089287140883,2969.817723596685,1564.3037612925436,2291.9747724309705,1271.8687843975877,4763.507440219338,1260.0538541356075,396.2391578491451,6106.64423460455,5016.028668233964,1555.845367762812,5306.5239324910235,5754.773694673405,3065.7100156335723,7355.634938054294,4824.13537162381,6342.0260674879755,6457.552496573681,6464.06869567032,6093.556501480068,3376.1198263059323,3913.9295219670216,7030.53205770943,3153.101669321336,7934.558690885146,2811.1325411958073,6219.607804785202,1843.527933165646,0.0,4558.4284474174865,4942.293453076718,6480.837125734066,4825.016832564317,5278.3144772384485,3020.6031757695346,8502.51374387563,5853.80207133697,3247.2097074811777,6025.116546738328,5023.257736021913,5099.029403812552,2617.619276127259,6437.040668205615,3791.2499296654128,4528.244638031386,1874.8072690580757
3994.650398199322,2457.111155872481,2036.6489489207513,5587.185764375478,3125.475155643538,4486.880381450457,2782.206218721394,5359.653835134598,2348.878117298767,3696.9598884068246,3335.60445523821,4655.323436166493,3993.341362374747,3060.3931371384297,4516.096363626112,5554.106506031911,2489.523416908947,1106.960371591052,3625.4853399535345,4720.549792812274,4890.408763654118,936.8034377915145,2683.875621392504,2502.6220813253044,4557.503434480439,3406.3460604471766,3459.562071809812,4139.510323031095,5333.396918885562,1932.6592846981591,2726.2464774985037,4889.2448011856595,3983.735108754722,5142.214447085321,1937.2107562580795,2889.6046785454923,7409.4316066514175,4533.94108825181,2089.9264382970514,5558.429897402682,1038.2147485144872,2802.7778739532678,1661.2096523997202,1002.9939105323621,3757.1388064458038,1883.569627903625,1175.3307183005982,1320.7765435015872,1343.9153426079336,3545.0706679727837,1232.3565575871296,955.9857237448688,912.4400604204093,3032.927485596878,6265.052596743941,1691.4311357930005,4057.1110007118364,3205.09393783786,3330.490143311642,4266.606523233658,4487.694598515925,4184.698827709588,4556.546793687737,467.0648506792179,3011.216141390385,3273.427830425012,5636.574730152346,3242.0578140423404,3659.5687602393805,1292.307040552283,1784.560655754239,2021.0805166049176,4263.411600877869,1586.3725363536146,1531.0462232777295,2209.935244582972,3884.928823999868,4422.208944263489,5555.459459435196,4104.105295961227,3563.910956840813,3843.8797496889783,4558.4284474174865,0.0,5081.854829745729,2133.7854259887517,1386.6173387874535,1515.9769607748,4274.718469304849,5282.022013209808,1343.9888295674184,3845.762584579162,2190.9542490040726,5783.1731460544215,2592.3262860839873,5242.941334642225,2202.21612817498,3527.5372384037278,4181.824783123391,2813.2416125345508
3774.2466534496652,4758.869428051688,5375.755938596358,3739.8802976900206,2321.6635240268993,740.5640952469944,4593.073246494769,3783.507673950853,2869.8025947972446,3442.354803566448,2228.3598213271125,3704.5573801399,2279.8902517237543,2694.3478789024252,3775.7241804788914,1589.8683444386206,5308.729007636385,6031.173942648064,4494.33673388766,4531.796209496848,581.9171648825971,5877.546327045326,4651.544460918868,3568.6040488321196,2647.5717462333296,1764.7204361988897,1791.9658912560249,2835.385904322197,320.4296330179222,7011.4795250146735,3257.7928030230833,3795.896418765533,1104.7205345267191,4204.705914501631,5404.4174934421935,4082.896638119804,2330.358688083232,3500.9394652252986,5592.4916689755555,1098.8532546404908,5497.872851930008,2896.7164714062023,3892.8544805954402,4735.065798010098,2818.417387604788,3419.855725827187,5483.739652689303,4409.067314978305,4712.912697513609,3486.934548011046,5445.327813639322,5339.38190573497,5093.525233725067,4141.27446216512,1485.9701391030708,4994.6884482622145,3380.8145334562496,2983.346783490816,4271.616545165308,872.8791619519845,3734.229529741979,4910.369777927932,1967.7402393212367,5398.218035890177,4630.6797651645065,2394.377124787363,813.9865377817989,2283.6719660146023,4865.037713363587,4053.4798960173707,6188.929940329911,5618.351142612038,2750.8862339489788,6312.589290668687,5415.2350151107,2875.04551238063,4015.600633539769,1798.2689291654908,3795.4197734514155,2135.2693079340133,3148.1600967326926,3131.2074451299136,4942.293453076718,5081.854829745729,0.0,5427.475763268593,3961.8539430857363,6585.4347730465,1921.9786044162927,5024.775789627732,5499.5797067979665,1795.5297938783976,4455.5989451615815,833.2783773559714,2942.6415403477195,2802.4284437426772,5195.5061857924875,1644.68681667149,902.520426707894,5008.257556677571
2739.29739004731,4490.339330713994,4165.792277489842,4412.407397602584,4232.189537106413,4702.220142316712,1193.5321923006518,4142.080451383942,3489.397046104814,2655.3895016168535,4452.274716340064,6286.835031254201,5218.21579391625,2771.1575421635634,3249.515227957087,5266.726359282015,436.62155527642017,2930.136872851676,5537.57539242221,6543.45779610215,5029.25940499563,2799.170510426258,1074.919246264109,1883.3508439143782,5891.4023321549685,3689.840482319256,4309.480535765882,5559.6573559424505,5735.7973387078455,2845.2531741987386,2209.694728885644,3628.3068081882216,4387.077616683457,3733.896336932374,4069.089877218738,4741.688723713735,7661.360343814472,6123.094661417541,202.13791928532385,5483.024572408371,1220.1683448463168,4178.286980015613,3371.283108859296,3055.478560606996,3058.7318788218427,3296.7098697824476,1058.5199357239333,3260.949178795953,3394.440377486251,2508.342234197917,973.8599813371527,3083.2399668157523,1222.2977013780232,4895.8009940749225,6850.217036849124,3792.946821180598,5651.425065486491,4675.716024033645,5211.259227874391,4557.164084983774,6143.961482963333,6134.948215145096,4128.87726741302,1821.3384468005936,4991.344938166866,3073.9876620638865,5712.988764952544,4364.86850962466,1869.1595088215452,1748.3533240352192,1170.0691462046166,279.36103536821264,3498.6011186075502,1592.7535611603566,3664.37957537057,3068.1478591801924,2512.3446264565296,5468.730415908431,4354.781316573542,5275.603214974472,2725.4103976803203,5372.542449873896,6480.837125734066,2133.7854259887517,5427.475763268593,0.0,1787.7574174870592,2839.3556606839516,5367.167579821781,3585.1788517318078,883.9882982053555,4842.9379186796305,992.7889839059455,6244.912104986666,2486.4934680195724,6549.366347984054,274.6269412348323,4274.188278967247,4585.18563881213,4872.878511531557
2689.7226946322926,3015.4365462786645,2957.015672021033,4225.629836499406,2456.782771931006,3296.128441771194,1778.7502192567679,4008.2544703540216,1702.140335567253,2353.792855232805,2678.618234085066,4516.804288169346,3438.696206310322,1683.8570735813655,3193.7655175396017,4228.322661309564,1920.107778695769,2492.8417146752417,3895.1678039565895,4829.788178639928,3679.3755876372556,2322.4826385374768,1721.0548760446309,1155.601490601756,4105.978799376465,2206.5178133688382,2592.5188527000146,3772.146936536937,4245.127924246807,3169.9308371136426,1346.373027787247,3555.520862767789,2862.74437999361,3840.8981107851587,2893.7143823356173,3086.0467889469855,6281.039911276556,4347.078620225311,1882.1669345105922,4287.599974183459,1536.0545431829564,2394.148047292815,1730.8466790943671,1788.7476405398836,2371.6698167386203,1544.3965869390545,1527.142838040044,1811.403635997786,2058.5557477816824,2208.0514508654455,1496.166695905907,2144.9788581303083,1131.744970661677,3240.8774269794594,5285.3510208093085,2506.9075985500544,3879.764824847119,2895.7528539889245,3556.9967700409857,3101.6766137329664,4380.113345125329,4507.208480823136,3191.7308738206607,1534.5107609534707,3426.448263845231,1916.4665108467198,4416.872217958088,2589.1894479093257,2628.2590217925626,99.67722045181631,2252.2178090122634,1870.2225343808689,2877.5445772022367,2350.895740156292,2594.494717505703,1302.6401781443715,2623.662401801154,3721.914380994007,4198.4256191970335,3503.304070072279,2192.238557559829,3593.43237057065,4825.016832564317,1386.6173387874535,3961.8539430857363,1787.7574174870592,0.0,2845.0841685043342,3609.3723989427854,4091.544046678833,1562.833303246383,3098.224281432995,1205.2559406204975,4731.77994928473,1223.364858388535,4768.27361258244,1670.4977693921053,2590.520285522775,3067.0507309852246,3416.38315131573
5260.788058664405,3170.140529532563,2422.280398451839,6915.704429962288,4533.75070697287,6001.241756735767,3849.5493986122583,6670.155591092685,3791.4699665334288,5022.681032601712,4730.549070529234,5701.08955452631,5317.629178895892,4527.835207155401,5792.664584169619,7058.2631001895925,3273.0958589705247,706.1460178865275,4428.121317683381,5569.3794534202825,6405.656829867254,791.8796604244865,3733.3133960685645,3871.5201866554953,5806.078020286413,4922.2406832405095,4919.176761262498,5359.463666021909,6829.4380148666705,551.6759768650436,4135.946729687049,6175.965611732063,5491.943366270722,6375.502054872619,2303.7370454533216,3846.122183144992,8908.438106184776,5620.041026800606,2695.4840049425256,7073.4161642875215,1682.0093485973846,4129.141877376703,2928.8921205879196,2051.2512311867113,5173.150600789909,3277.9747211461226,1826.6401315740873,2445.2468972846077,2271.700336255862,4866.098121402095,1915.5347786777456,1508.5509243840593,1934.447047753957,3960.2901315990725,7724.389235253231,2352.7932067383226,5165.255406197161,4452.093488897667,4204.451539447209,5779.113035483906,5520.929332885634,4882.63456571327,6036.803489867299,1325.914040056896,3760.8337873500864,4759.268692455281,7151.844103474292,4639.5201465454375,4663.057727393046,2746.022097091901,1847.9805891193766,2604.1287385764936,5678.457677399735,1381.2778963789294,1904.942658670071,3710.4079263673957,5102.951480516447,5798.041062908403,6874.786173765407,5445.629153960541,4940.435606823552,5012.113650303333,5278.3144772384485,1515.9769607748,6585.4347730465,2839.3556606839516,2845.0841685043342,0.0,5639.550543887695,6369.841126575215,1978.3905103376323,5256.4695637970735,3335.0661603100166,7267.777217952474,4068.189916546424,6480.684287121847,3031.7175350975554,5004.134761268225,5688.224660523264,3403.923399485952
4681.31872478792,3150.184783248913,3897.1797506078674,5221.050416295939,1171.011293727349,2045.5633114311076,4909.969487102338,5184.54016137333,1964.4323485691734,4264.618521702146,950.3788782969664,1810.482371172114,409.3538245491304,3165.7165951771485,4883.7021797182715,3420.827400655286,5403.775096128446,4984.565658595039,2632.1322414821793,2616.506524283859,2288.005502559161,4859.661503193201,4922.390069833657,3808.015020676914,799.1269652620921,2110.9142102141427,1106.0061876160546,913.5107590636251,1925.0263479157888,6143.355523626644,3595.814511068806,5035.543777551437,1678.2914600345794,5456.652284864136,3955.8388347183713,2374.2039089598006,3720.2997103847697,1599.474589260486,5481.636300838008,2997.1980393674357,5004.800334847835,1513.5234068312257,2713.3804708595508,3603.742407855617,3715.2828360447875,2391.663344124544,5047.96377539865,3217.855217192967,3458.6630140163993,4237.510883071452,5040.254049445127,4197.281883842923,4626.739581820873,2392.330861207329,2284.1336314060086,3608.3352886529265,1461.8044330555983,1313.6105265355477,2455.2694786422126,1878.3995814703533,1821.887060150821,3002.2228002055417,3339.711078499156,4693.272028805915,2884.0980677116377,2962.0072007874996,2734.1719251941713,1044.204301832261,5472.7517182331585,3671.036257235414,5791.741268430592,5475.854329261872,3898.9735313638635,5769.219275385968,4089.2910977900556,2307.105181457057,4845.059594985906,175.11134200844901,5256.591563949019,245.79881465336672,3931.569575963523,1234.3794902966429,3020.6031757695346,4274.718469304849,1921.9786044162927,5367.167579821781,3609.3723989427854,5639.550543887695,0.0,6161.999143360294,5125.465147346727,539.6977268073306,4546.730461877084,2094.930053455962,3121.952123061787,1265.7528822404481,5202.909903670637,1221.168852413539,1645.24913532176,3314.8712144552464
1545.085460228333,7021.926329481534,7047.673326548344,1659.5532467833023,5448.565755252661,4392.017631356459,2530.4455015243852,1444.4337710867883,5095.613677661995,1975.323692886814,5593.886658301363,7755.5894111265325,6259.941722142148,3131.488917411172,1283.356569348519,3850.7721217003996,3153.3826637820216,6309.770937344873,7657.326576415361,8341.394432121107,4445.023093647321,6152.919376143735,2642.6176903706673,2991.5693669243237,6931.013469427108,4065.903677460768,5138.330841807094,6815.97319246034,5319.88662462472,6426.704759180167,2962.625394747031,1237.7902303702351,4527.546076791046,865.5955952210015,6985.253530056945,6883.0974203665755,6520.5854679157455,7545.052121524211,3764.6854714592037,4353.863034030928,4688.877593993045,5776.235582429529,5680.679386952321,5879.812646248179,2451.7696796660975,5308.0907563426235,4543.369467609915,5879.982469562728,6145.326259437493,2059.4832429956796,4454.597992616729,6181.2157287385635,4493.5240470171075,7026.599357884581,6434.271210612822,6594.228876922684,7172.933750936781,6243.030037085037,7319.6107754479,4437.4553925371465,7681.558388505551,8260.781163694448,3057.1348443653906,5162.930317333849,7333.157824835151,3249.8405120710154,4761.478376884326,5549.270617609669,1716.907524705102,4151.303638146696,4741.676137737056,3854.453314047661,2306.796155791187,5177.759237675309,6674.888042128197,4604.484940589229,1498.5674529983628,6162.353670683386,1574.389410381371,6218.984981891498,2292.6690928010084,6846.745642380765,8502.51374387563,5282.022013209808,5024.775789627732,3585.1788517318078,4091.544046678833,6369.841126575215,6161.999143360294,0.0,4397.001525459481,5666.5301474579655,3096.5481418330965,5774.54115373213,3413.6507733740127,7404.150893745278,3356.5774710900087,4973.868963914711,4627.35113003217,7419.731840598082
3378.26753669096,3786.1783419650214,3372.637494338518,5058.69691736459,3957.0024926306273,4810.860336808065,1894.7092008099823,4799.604210003676,3170.281766284032,3204.0924144158207,4179.470587596592,5812.860554376047,4916.480214688655,3005.4819392520067,3907.4416575796754,5590.191651143993,1306.2693413075272,2047.9348952535083,4912.379656595365,5973.071303540416,5177.103032795176,1920.5455381396189,1775.4108004856234,2182.729366483395,5551.958187382628,3735.239957150009,4144.2687771467,5176.892003584873,5790.426951928502,2052.8259588391797,2497.888726755658,4292.437008633325,4409.4303183532675,4452.893084924115,3269.233482393082,4142.881646788622,7802.496336639257,5668.195928820034,782.6844338972124,5726.399551335726,341.0034619956225,3787.5037574217667,2810.9778190551415,2328.3529522091358,3483.0694686361057,2855.9008239896916,179.82405524567588,2595.2021116286874,2672.3189125313993,3047.980303057256,112.02048517123977,2260.6727371386596,524.2306326970983,4292.881867194228,6845.710652521767,3035.152498216193,5189.29066818626,4255.520762366576,4601.379634177776,4631.005908699535,5656.680291782187,5489.915686392643,4481.684133541319,966.3787042697077,4323.267804969754,3289.3556756849816,5899.646317275131,4086.9568517253765,2686.020177145734,1482.9274470536313,690.9291960541253,701.7078898530362,3967.1153200886415,899.3589441780177,2849.58947104754,2838.8418417749167,3190.0504358603803,5248.59999434535,5009.535200743678,4998.096913411444,3192.339451404879,4937.656681888384,5853.80207133697,1343.9888295674184,5499.5797067979665,883.9882982053555,1562.833303246383,1978.3905103376323,5125.465147346727,4397.001525459481,0.0,4630.849379059634,1446.6684453035537,6283.40124920198,2617.0237268599612,6229.946128267403,1054.22633110732,4150.788361242838,4613.489671977277,4151.213001883907
4170.177952317263,3006.2849009167444,3688.0674314080807,4796.044101784824,723.3906325533941,1725.343962405178,4370.319555247304,4741.808336650692,1502.0852687653914,3749.369315425996,532.0348159735411,2169.223589724213,616.0666287099152,2636.917434068234,4394.169086707975,3156.068812042761,4870.533000381477,4623.556807422614,2711.786848966747,2907.8732532001804,2036.733504394721,4489.383212309348,4383.108543495814,3268.330490339372,1264.6193816773493,1601.9718639292637,567.0358968284105,1212.7716641049956,1888.3546773922005,5744.503704182372,3057.8592623418754,4564.216278973861,1264.2505082980986,4983.223978568492,3732.8129818110365,2295.0986954475397,3856.6682974531273,1952.9349662467005,4961.781464046356,2794.385261286103,4525.709973654962,1202.6464566933207,2360.2190315530033,3252.15811947482,3215.16183979345,1979.9282173462748,4560.95698672329,2879.846110962354,3147.673399025064,3716.430654656965,4549.034066074358,3857.2556815597536,4140.59176761885,2347.639506367619,2509.7882910295443,3353.2016588259344,1697.398098432421,1191.650988961113,2477.8868124159753,1520.3970197856215,2141.627054343963,3165.1834889688466,2928.224575117318,4247.768087123048,2838.8351741855317,2443.9074869601754,2597.856124908576,619.3716050998784,4937.238412394625,3163.952442588225,5304.387419124379,4958.636037662876,3429.676557354789,5303.489383401271,3814.273357637598,1796.783151448443,4325.566835594151,625.8213780568706,4826.42562634596,552.640675131681,3416.507388023769,1403.684515202045,3247.2097074811777,3845.762584579162,1795.5297938783976,4842.9379186796305,3098.224281432995,5256.4695637970735,539.6977268073306,5666.5301474579655,4630.849379059634,0.0,4011.0413617039653,2180.6643770667692,2582.6322727180886,1799.4832550476824,4673.596130835547,697.0763775455313,1283.7537687718777,3229.302034457136
1938.2254970082815,4203.9670188359,4064.982564662855,3614.651306306737,3461.5257111721703,3724.753409221609,603.1556386679973,3358.280480723729,2786.099587100576,1760.4075915133972,3673.5075093632245,5650.78120407754,4445.015427069967,1782.1141938307433,2469.6107815929213,4281.448103757536,871.9737924874805,3216.52130950255,5098.4208558188875,6012.3548638014545,4043.248667309989,3057.915130624949,524.6950891956203,893.7786986508463,5137.1243084272355,2740.5721491289005,3457.463184878763,4848.287135205175,4767.275037273285,3483.679247948209,1218.2689552516717,2854.6165085296484,3437.8520416725323,3040.454509207464,3987.9402582131297,4289.16784332404,6672.503123506201,5470.2617739929965,1178.7941416693589,4490.381167038384,1671.0724837002138,3511.1489067222715,2935.8606839434665,2890.363368164287,2092.515643736983,2726.4505394860917,1550.2819484725997,2979.872310959817,3194.797599268223,1605.2220988990898,1468.0444118435244,3112.585305774767,1412.4947808303575,4443.784857530572,5895.251779735027,3634.9113674274095,5014.597988848358,4020.6057140425996,4759.403731244598,3589.4552239598984,5524.252830645789,5711.1449354836905,3146.6911359173787,2075.3535121855743,4629.854911430055,2085.66329084059,4721.642929371619,3592.5109628481305,1483.3566438132805,1221.4592334498927,2011.4698784185161,1226.7247200937134,2554.8019283202757,2335.7000610545006,3638.7763605591367,2311.240073923304,1768.1135681544893,4632.063294454535,3567.1260065953657,4482.674634854731,1775.7979578434592,4714.123054187067,6025.116546738328,2190.9542490040726,4455.5989451615815,992.7889839059455,1205.2559406204975,3335.0661603100166,4546.730461877084,3096.5481418330965,1446.6684453035537,4011.0413617039653,0.0,5278.9306032858585,1530.567892628419,5770.362174068193,742.7684512827668,3397.1212997407088,3631.890743441493,4603.4016789618745
4581.297783807662,5180.761933776923,5867.149660382373,4396.387073073639,2833.961239729648,1573.7617163980067,5425.827589095049,4472.765137616998,3491.555488168847,4262.075379868592,2690.004536251937,3699.6614803854686,2500.5798696786314,3525.051296662362,4549.630085605203,2096.261321512421,6135.796731818697,6682.136876098843,4723.271606635066,4555.676133931933,1360.4071386243168,6535.089902162096,5483.486929640482,4395.183146178325,2655.439529289643,2562.6616846171873,2365.1800479904273,2960.0931539139106,514.2725946314853,7715.618406766174,4087.052109154715,4537.815430464531,1874.9990995123173,4935.561188312025,5909.307770271658,4440.382305655786,1680.1248211975205,3518.2343024598285,6406.498933900949,1540.4031481157783,6263.970325585523,3373.774033400133,4472.988362589042,5346.202730067202,3638.674703248973,4031.3064290579546,6258.588643377355,4996.140764305284,5284.062666583924,4311.856431774369,6224.371064179979,5955.202083789684,5860.104444310272,4472.471228981356,666.2622011708299,5521.020663394133,3511.5093205768367,3343.8324708352234,4549.52465713782,1689.4773606358265,3768.966796399512,5056.974376259484,2730.048876454962,6124.985046856278,4966.381771030596,3226.0998840488496,1117.7815585976537,2764.0701508326447,5691.452820766329,4820.266409827573,6974.156736592389,6429.635388298857,3537.7680280715126,7076.544756669458,5969.496335301998,3576.5478798228046,4829.188942825906,1931.0101540015266,4459.536893289369,2338.5128409452877,3973.6545904460545,3320.556074124031,5023.257736021913,5783.1731460544215,833.2783773559714,6244.912104986666,4731.77994928473,7267.777217952474,2094.930053455962,5774.54115373213,6283.40124920198,2180.6643770667692,5278.9306032858585,0.0,3758.420239821646,2598.8334150547244,6016.912689154215,2264.389460181265,1671.6308964086536,5382.35125306673
1876.0389071637078,3673.218913381695,3849.881309202402,3170.8462527549327,2153.908614799848,2224.1458027074127,1797.2967681365255,2988.7889056480717,1686.2525382993501,1457.6619808189412,2339.493088895327,4461.7593545534255,3088.888195636903,471.42539409963905,2289.3993830192667,3015.131089122992,2399.5124240770247,3689.588730944548,4243.856121355671,4970.521393180599,2571.331317935711,3519.518387170608,1821.873102790916,692.6109192533711,3789.74647729647,1210.0334102337836,2015.9543273053089,3571.790224313993,3249.58203354216,4386.512768721869,492.51432169734903,2600.990257817395,1907.529557212941,2954.9542414435114,3813.1012925003715,3471.5265472771484,5205.7645625119285,4261.694904805833,2649.8574526764646,3112.459650377174,2679.3504991055206,2388.074085296351,2339.1152979141493,2768.5992153096126,1245.710891411406,1916.95674269948,2632.432220460956,2646.62241093247,2952.8019837816764,1355.8348050706618,2579.863708811378,3241.8109111868325,2287.36041570759,3613.832881398502,4367.406064607458,3385.8874386216685,3847.074611027579,2876.6281232027545,3905.9607995485576,2071.1651425113355,4364.008443383789,4848.574306040076,1968.7906656930288,2756.1273365463358,3935.2586675892094,695.6067241516574,3284.965698002036,2273.817598534456,2376.459526962325,1322.712538498445,3293.7960348928714,2676.3337940253264,1731.346949182052,3482.3556677664324,3597.1405467127634,1190.9109255993917,1931.625297142538,3185.2324884645395,3157.9841584229007,3096.9139626610554,1186.1058482816782,3525.473994487125,5099.029403812552,2592.3262860839873,2942.6415403477195,2486.4934680195724,1223.364858388535,4068.189916546424,3121.952123061787,3413.6507733740127,2617.0237268599612,2582.6322727180886,1530.567892628419,3758.420239821646,0.0,4378.418503584371,2261.4690823029173,1922.258317413401,2102.630577322845,4061.739865809479
5938.65404353697,3594.5482418964693,4423.060468788552,6382.837987471405,2318.670881381185,3149.3410166263357,6157.539301299505,6369.2037525251935,3072.1335048283627,5524.990969574974,2100.9805893337048,1263.9855212560778,1331.3807576801612,4431.454299388408,6122.2312976055555,4390.216230488198,6615.751350734548,5790.6710795983745,2653.972148422436,2090.360528957624,3296.597402629718,5688.815922677934,6164.972024372942,5059.859308610567,685.5831877875944,3371.340639830986,2365.9337511454123,1121.26589548822,2673.1365906608667,7012.171693840504,4856.5470872739415,6254.626646684277,2884.206046992656,6676.724214764379,4507.651112097519,2781.6410530368576,3919.948137658584,1157.887678232219,6650.430856326904,3894.184628771471,6073.083276811623,2455.1148991316068,3594.3843969305785,4434.579738951708,4965.866526446015,3394.4054409008063,6134.631046187945,4040.725448922755,4216.095998518654,5500.970292702643,6137.171025632576,4981.714167941794,5715.748252682232,2727.0472670368217,2441.8703692415784,4245.725918046289,1437.608572897713,2042.5942139223343,2636.131325925171,3028.773515922245,1400.2351891682335,2767.208880974835,4503.983847836269,5689.386911506019,3149.6480879822116,4224.963312660715,3546.312719422809,2186.1277350568976,6736.693189634511,4819.722887570716,6872.887226388776,6637.146079147272,5120.8611474633835,6797.951025819839,4743.039546776413,3483.6010748778344,6107.498431581379,1242.8585210714857,6424.866806130693,1288.82813852158,5192.1066240579075,1489.5033274702675,2617.619276127259,5242.941334642225,2802.4284437426772,6549.366347984054,4768.27361258244,6480.684287121847,1265.7528822404481,7404.150893745278,6229.946128267403,1799.4832550476824,5770.362174068193,2598.8334150547244,4378.418503584371,0.0,6401.69411542804,2486.9185002981103,2811.3605270475364,3621.4407476765377
2468.105204546192,4489.050206004495,4213.938396594093,4143.73434455661,4083.109893299101,4466.194717777652,923.6503567530302,3874.4205354283627,3359.3334936860615,2380.769759588902,4301.037729844392,6186.989961526445,5070.621954743718,2524.7316704113327,2980.9128485745773,5001.403042344818,288.88456259204986,3070.967990358252,5496.356101835106,6477.00281663564,4786.015929138661,2931.5817078437362,803.9929269197585,1636.4988164263975,5751.548108398381,3469.997014732145,4131.614275287687,5433.7988758978745,5506.089263876858,3070.7715692945967,1960.1561140554595,3360.90443166791,4167.853168006402,3475.4372952808403,4121.983765334357,4693.814529037338,7414.81420460776,6017.5412319867,476.4352493099144,5225.860268741406,1372.4588535868756,4062.8907397098433,3320.482903593994,3077.320328200657,2788.6615748636477,3205.998392476359,1215.817670493812,3252.809169697171,3410.1028539645254,2233.838998540629,1127.2548138349198,3158.094668141853,1295.8171013572862,4848.67125318401,6628.872782234548,3823.158261775204,5550.064287065961,4565.918265035085,5165.283047556059,4327.654963507373,6049.077388565384,6099.830896221632,3862.5045421544814,1936.7463184531935,4970.879077378568,2828.3510152923027,5462.697686286694,4215.596201367607,1640.4192359448848,1644.93160259781,1427.8733231908216,548.3314694908543,3225.379721594653,1832.7519066412121,3729.529994160792,2918.510378012043,2244.8295066532337,5298.56281478459,4086.9855363592856,5121.160495172651,2453.2794028508047,5263.616877487666,6437.040668205615,2202.21612817498,5195.5061857924875,274.6269412348323,1670.4977693921053,3031.7175350975554,5202.909903670637,3356.5774710900087,1054.22633110732,4673.596130835547,742.7684512827668,6016.912689154215,2261.4690823029173,6401.69411542804,0.0,4086.6197533439536,4363.946714717883,4878.045651900564
3473.390009511313,3177.029461235133,3746.079008334582,4155.952831516859,741.4415695724108,1295.9698893801506,3719.0031614658515,4085.9941146147034,1234.0017722815473,3052.2950087647164,746.662874108523,2818.8193946579836,1288.1291558325981,1944.554298026414,3705.0829747707403,2722.918742037117,4265.807371351993,4419.881861820743,3142.2760532227276,3505.502813695776,1680.7161409946652,4271.56026306653,3739.453939834799,2613.984073053621,1959.906374427616,907.9782650157433,202.78897865515282,1862.7381782580185,1846.5839726221498,5457.855952627643,2385.1595978370083,3886.254069586547,734.9844431442069,4303.168024636732,3769.554614342257,2581.8115226958375,3921.305111256711,2603.6565051974503,4407.172097893386,2457.1518992697625,4085.439228343019,1316.208916104507,2248.4351850149023,3099.069383002904,2522.1023465299736,1781.299606666997,4100.933306598389,2765.9492940863897,3068.3638614430984,3020.0054603993676,4078.498807479168,3706.1545160930623,3687.5457230880543,2669.4310416000635,2741.752766615728,3354.647774572615,2291.6746352905334,1553.09325602296,2862.8866674405754,1054.191638800555,2770.9158429894624,3657.8963559484573,2316.929205635122,3887.2633237614605,3135.5817649688233,1746.8576228943214,2360.741428307005,757.3077415423668,4254.660292943844,2667.9040165620645,4837.051972624751,4412.439628149602,2756.2277033882738,4886.381773493553,3770.679419322199,1339.8315646994588,3628.8581979355426,1267.1064099534028,4181.47113157379,1247.0063342782187,2719.4437680674696,1974.7143561259693,3791.2499296654128,3527.5372384037278,1644.68681667149,4274.188278967247,2590.520285522775,5004.134761268225,1221.168852413539,4973.868963914711,4150.788361242838,697.0763775455313,3397.1212997407088,2264.389460181265,1922.258317413401,2486.9185002981103,4086.6197533439536,0.0,850.5387563985547,3464.07734299871
3229.5538253995705,4027.383630980789,4582.441780683417,3582.6519378590215,1588.1203646934323,454.6415430072355,3829.4561469280466,3559.1802819584736,2016.0130061311609,2847.1021926952326,1558.8700347431147,3430.2939209420524,1884.5312872229003,1925.5008501771692,3344.9073274971315,1895.6308527572028,4497.376854580568,5143.980047142096,3945.4634450645976,4189.83234219521,830.3327373529238,4988.271682216698,3875.740352532662,2762.109570898664,2444.2125163189066,895.484679253085,1037.9774720098696,2484.008588884507,1178.1185150013557,6110.215246552695,2469.2294229516224,3451.3589774722077,204.31897816894104,3873.2609225292326,4601.215813269468,3422.9026713701633,3232.85628669757,3214.9843733400944,4742.655284934169,1606.6333614465375,4602.2106999766975,2165.959485624097,3052.6875211382185,3869.7116696790217,2241.975230054962,2564.7751900234844,4592.112707189143,3559.5773696579486,3870.9506280470696,2859.0639002530183,4556.080852579879,4469.011509137228,4197.893309817795,3504.288588324027,2265.229995591838,4180.0208864445885,2981.083952374706,2365.675513953678,3681.728940037412,237.24654076508665,3416.010444833271,4431.078760168567,1699.7970820945068,4495.699321154051,3977.128540727971,1644.4189182516725,1528.7630785026827,1587.9309784949724,4205.009379271942,3157.378725054693,5303.991784534834,4763.402489482177,2324.9142333825994,5416.379235239903,4579.086975466179,1978.8439641227403,3437.0138889128743,1597.2302331364128,3621.1030162740462,1782.520930417929,2525.5206142744114,2685.379158065021,4528.244638031386,4181.824783123391,902.520426707894,4585.18563881213,3067.0507309852246,5688.224660523264,1645.24913532176,4627.35113003217,4613.489671977277,1283.7537687718777,3631.890743441493,1671.6308964086536,2102.630577322845,2811.3605270475364,4363.946714717883,850.5387563985547,0.0,4313.341553582907
5915.804617071967,401.3018435355113,987.7081319924421,7172.863084320515,2725.541376560811,4759.737042693535,5191.861262978818,7019.310117402209,2528.3292004240666,5511.492844929131,2784.1056535607627,2538.1659535201798,2906.3506892742657,4451.981669488319,6350.742152374083,6173.3748138801675,5163.677250201643,2716.7807821083024,1087.4450335616966,2204.661427224598,5141.650465494617,2694.0471219134233,5126.910728895618,4431.934281415396,3059.3528944410778,4024.0588219005945,3276.1233355197423,2610.8464783148397,5117.652030912028,3951.775372388719,4469.522807462224,6658.902089288969,4192.026143691974,7016.538374178894,1103.980941923365,942.4273029661232,7032.579918204486,2532.352710310711,4863.752349218964,5919.0133203908235,3851.3940424818907,2147.9049259522635,1739.1166262335603,1825.3973423901436,5259.5734633832235,2149.974111477857,3986.798747310553,1631.0140013451755,1482.2337637231853,5395.909165842676,4039.192715295966,2020.9527798155004,3674.99639907361,930.870363017859,5593.9842305934335,1138.2263361888968,2184.1239066648673,2041.767722067572,989.9969447589222,4516.427381318557,2355.622350913873,1478.8615909360824,5563.927474659783,3248.018567536214,472.12854799725875,4482.6108759044655,5788.081792097966,2737.8212836912858,6043.814543402867,3385.864864066048,4568.874653513926,4804.082918415959,5688.577613150408,4279.988821639725,1504.877568300159,2926.2023458923686,5921.604893261369,3488.4114619150077,7171.746654252924,3069.6310073754794,5247.55139895647,2201.0610371920634,1874.8072690580757,2813.2416125345508,5008.257556677571,4872.878511531557,3416.38315131573,3403.923399485952,3314.8712144552464,7419.731840598082,4151.213001883907,3229.302034457136,4603.4016789618745,5382.35125306673,4061.739865809479,3621.4407476765377,4878.045651900564,3464.07734299871,4313.341553582907,0.0
