1,100,5
75,84,18,163,102,147,165,83,185,79,89,140,136,115,35,121,118,146,50,29,179,89,23,181,67,200,93,107,39,40,129,160,118,195,99,75,166,165,7,186,1,124,2,82,132,124,53,15,10,33,91,34,115,172,8,72,68,98,52,179,170,127,198,152,102,154,167,117,116,112,121,196,111,188,83,162,1,92,84,4,17,120,112,124,178,38,86,34,178,136,173,19,200,124,1,122,35,63,146,17
distances
0.0,6676.430039901863,1592.1966906635623,4285.312242477205,5695.108537172317,3560.732674792226,5968.9877576024555,4641.785451164777,4104.392288108557,6730.478084371124,3830.7992998145965,1995.1759603345763,5930.303341875608,5759.902382087826,4731.075842769169,829.4991444239106,4055.7531098528425,2574.9025825642416,2332.501608917344,2423.1544588626616,5586.44181075611,5031.034624299459,5663.6244200925785,6461.655652636173,5536.8332772894655,4510.471292695032,1196.982202705621,6209.0718493884415,7066.867915319912,2519.227337960987,3966.1233002095382,4974.953609347127,2340.758668324866,2650.3190377909227,4021.752139870506,6168.543660515422,2230.234253372726,3510.6767934040863,1130.2461133792938,4002.600868402069,5316.225664510678,6216.55203313163,4205.989007556725,3907.4327077262637,3361.578354394406,7522.579454107747,3994.654712500193,3741.1793239540125,1309.0579735741273,6831.05487835261,3045.8064479813884,4890.227889546458,6352.661710285619,4037.077069030142,3873.6026052513444,3876.5527355305,5769.788893911198,1410.6970958005122,4674.469304965004,6474.37237220883,4419.917588715201,3420.18849397588,4833.151845851008,4221.004354650798,4848.112360604899,291.92865064087147,5427.743433750438,3254.0816338120653,5576.568871607881,2208.846503196182,3758.6255991456505,4943.510721668255,3317.725867807797,2656.853151281418,2275.49428575969,1646.5744208950896,3318.3474909908095,5424.792678167987,1257.957192137316,6469.8635704572625,2174.799742562519,6110.6729632004535,3399.0368831491073,1424.6888998374345,6950.580878079904,1034.1580074674278,3843.6035890942244,7241.748604757003,2444.304752818887,2484.2210879790873,6259.52531303972,6378.110064119308,3546.893266993102,2585.275390060022,5563.515969839396,3648.8211306844023,1641.6091202564025,5970.357478015282,5399.350695224936,5309.759185875382
6676.430039901863,0.0,6731.86227134513,6299.0679123248865,3933.853741071851,3169.900177174196,1715.7097768748652,2038.5672756583242,2764.7318775579306,1970.3237448866114,5460.831044871101,6232.799570305867,3450.6423665203265,1283.4768530522863,4707.211854447386,6374.568886477579,2984.971531044978,4295.951324775457,5081.833598445545,7686.06598937649,4018.3570736593333,2852.291081171766,1281.6612811195475,4356.088629219681,2303.9717174870007,3570.9778718768334,5507.20073349592,2473.370202460602,1788.9145408794682,5315.148280489078,4367.9731482165735,2358.1807294174887,5448.602901699664,4487.8131491479235,4866.128559693938,1031.2712382884533,4462.553340895433,6404.476946270163,5987.517265312309,3430.0748820200706,4088.8254579429044,1891.5027403598972,3461.802014835626,2957.055129127795,3357.731554455329,2239.728645739925,2936.679137121385,2935.952046529541,5381.683637665261,3517.215081609454,4994.349775563683,2178.899835543158,1817.85078775487,3641.2778575896955,5354.653452662086,5730.566892141911,4169.7002218750695,6415.831000487778,4857.546533205832,3373.560533052431,2415.35893705801,3256.853632703963,4151.701967837407,5347.424156032604,2708.9848567480035,6478.38696590108,2240.9451757829775,4450.6008360944925,3828.6918112673943,4757.09247232908,6498.137133910687,1756.8933037555244,6466.953004396197,5417.640274800275,4452.0229127947,6280.926205142838,3423.9748029354714,4316.323836872877,5700.344661533546,1093.4946898682228,4565.518480005749,2038.5345268974474,4492.786657961849,5756.544297741137,336.1620765672418,5977.067126992385,2873.8068953348275,1867.0704291172303,5095.136352484495,7160.983276323999,600.2522098226714,2005.659139332504,4856.528191338027,5653.579980176278,4603.886551857028,3456.903983881097,5097.501157876573,2635.4919952693845,1793.8317372133874,1492.7228481684072
1592.1966906635623,6731.86227134513,0.0,5731.920113205085,4807.746309393311,3951.6152509520716,5653.098421820728,4813.5454840295215,4561.94154589085,6316.587577472507,2583.878124049197,652.0208570229943,5160.698979844204,5616.121825632792,5882.339782335767,859.5500821476317,3799.4902130302958,2453.3962180128997,1681.5211844904006,1081.6047234965276,4679.359278229874,4507.632631134441,5949.353282562148,5488.117166158628,5106.767349439369,5383.626624462175,2095.4892419160733,6843.870888017978,7502.886567765368,1587.5420827814298,5033.513352399594,5516.416048798713,3638.5377307476147,3574.780584272691,5215.138931370573,6017.965513815861,2492.826076713135,5002.149199497551,962.2000219294325,3522.9469870534526,4397.612592157931,6718.652723792248,3642.708226520483,3777.581460420543,3760.4903389272254,8006.328356426309,3812.0290411406886,3959.790708291159,2109.585959259779,6060.002819519558,4246.061644845609,5341.971265453419,6836.293223122675,3445.268237762773,5174.37797925142,5249.163017033954,4823.719407034887,358.27235231873533,5857.855320613168,5724.6352962658675,4807.963485399821,3629.2628687937445,5862.169107798666,5512.821764456837,4415.595402672895,1376.9312720949436,5989.0033588139695,4291.345756354876,6523.060489628622,3128.779696990186,5253.24400740352,4985.8606746792475,4824.152798893605,3963.0857964856123,2422.850959024306,455.18740282437534,3762.521449794672,4444.433964089579,2482.8905882076238,6272.007509836862,2306.80345299074,6647.360225072582,2603.9178901493806,1049.3490596555562,6953.505299764286,2385.00575745238,4176.657355300527,7676.599857558032,3621.5672164626467,914.110824707814,6431.688496152857,5958.44137366174,4730.7438242087255,1424.3501882788514,4511.790084792731,4333.953811466038,1886.1008105138496,6646.113221243,5166.827068402619,5568.439841899344
4285.312242477205,6299.0679123248865,5731.920113205085,0.0,7806.844679488122,3923.5524692688896,6731.906654878764,4787.1927845494165,3870.644033328304,7519.570859142495,7063.711313481392,5861.824562812674,7732.327010321925,6180.742380798766,1714.0876165123534,4872.976906473598,5463.952977796387,4752.753568228528,5384.952533520885,6691.373214169794,7764.709451060806,6563.354716915808,5021.620588325247,8612.12589474225,6697.8159840596545,2728.724781575636,3726.111002596809,4337.224959597669,5525.268225657918,5776.631071023057,1960.2952122830886,3943.5533562279848,2150.6342792639102,2770.182989797605,1442.3782558385994,6470.948307288816,4163.100319541915,824.7068486177377,4864.108055516241,5863.987455765913,7581.402766425551,4744.194314434643,6132.508379198271,5146.244979002846,3880.696677041636,5728.474150322491,5289.374278750276,4353.2948351670375,3768.289151178423,8445.307495186305,1822.6136219336229,4163.480878978189,4887.619518338349,6087.776702364337,991.4142510318276,652.1548139897455,7991.490126718795,5433.885682503544,1553.3750849543712,8110.8041533752985,4150.071512147351,4301.246523009347,2253.2213837281947,954.6329467612147,6257.098451075946,4404.69329434593,4103.354383432414,2217.1747734813325,2917.2553425706496,3008.686650927444,625.5660945048091,5248.756651481567,1042.248635307334,1849.3409046287272,4335.319199277027,5574.724680266192,3774.894821810271,7793.045153572896,3263.6755972254655,6799.480407291795,4364.909781228587,4573.563802176592,6065.616774894124,4975.9240337875935,6634.985235129389,3348.3228011495544,4115.499342015377,5657.782020211189,2310.064930209971,6642.65072975849,5702.089462764504,7270.006804554793,1610.3758185193915,6066.266613381331,8053.081707815028,3189.385186647734,4310.115644356657,4058.653272931059,6159.689840268339,4895.446913524953
5695.108537172317,3933.853741071851,4807.746309393311,7806.844679488122,0.0,3921.5116905022737,2218.239394889785,3451.8799708729734,4178.285403722441,2299.5316183677487,2413.7510425685996,4156.853102167793,552.4300540430434,2740.5749138927035,6798.481369688748,4988.422846608035,2351.41933129121,3348.461933969834,3368.2221626438186,5350.89619050725,142.454771857597,1365.2234104867232,4191.54833667751,818.0356374840891,1670.3736238114511,5644.2328258395755,4960.1145072593845,5764.277847408554,5591.922683959516,3267.51200138959,6030.851943776434,4744.52297266153,5978.227918534137,5086.224143888274,6518.942791242764,2903.2101626854364,3934.3189484964237,7476.824390541281,4598.20099502512,1964.8062880436842,415.5674038624784,5276.001919404693,1696.6810948510627,2673.3560210499463,3935.215460308368,6101.884947530967,2531.6890910680563,3503.450659662271,4832.063860989111,1300.9237349368325,6008.030881312279,4410.996708151685,5293.073868851067,1788.6606378611907,6847.870391173084,7155.203508227702,241.3325010851212,4653.061112780381,6890.578231726929,1026.5242062270127,4052.4013522489354,3508.5407473056375,6388.752897734112,7037.847510264626,1670.477964293154,5408.202424913106,5035.228904922794,5592.793373194651,6543.188956937817,4994.55052019869,7677.906044931913,3114.9406000506656,7419.5518759356355,6160.2943730105135,3786.055668968432,4409.141130819585,4039.3794271588304,485.5277113677447,5429.8371956360725,2899.7223424329777,3824.5190152348578,5337.975007201139,2299.5587543972433,4293.495897030414,3922.0053835492117,5610.067062209685,3794.3422379533713,5711.372788413744,5674.007448961096,4727.578027603669,4104.907581516787,2054.7814216351576,6212.038098607252,3384.143171788836,701.127659774595,4709.170954690432,4220.425701165702,5765.85529338727,2319.291353436433,3939.228146977654
3560.732674792226,3169.900177174196,3951.6152509520716,3923.5524692688896,3921.5116905022737,0.0,2940.4134600128937,1150.78968332011,613.2531119219857,3756.257546568525,3799.657920546138,3619.4535517561208,3811.9529376449545,2503.213317482152,2915.7074632666768,3399.684097602158,1572.3176657177137,1623.2661196997244,2561.403066405793,5010.704082851531,3894.277305822609,2641.748144009379,2103.2007997454734,4712.2452881508625,2800.2264949923247,1866.0079989573996,2368.9302612920033,2914.907135309974,3570.898649051384,2933.4360476357756,2112.1099745860774,1574.2281793072439,2421.295132943731,1418.5995545078958,2597.723533336448,2876.5254065059116,1465.8537622286885,3712.5456706342347,3062.765971160709,2056.334604747486,3741.191772209091,2767.994071087581,2310.7529595439228,1249.7496413322149,200.5453551095115,4062.524077905877,1390.3005371116706,429.8556944487301,2251.849185114536,4527.904311669582,2196.6975183852696,1392.1928329944096,2888.3401636026183,2318.5773739437723,2945.303363819931,3272.839054237773,4121.545788556764,3599.809420955643,2992.8517502276995,4189.545317524086,872.9773411635606,484.61557891797065,2578.4572434640063,3118.565616048506,2334.018770396031,3393.9950231315897,2045.856341373949,1713.737800661467,2957.899417726201,1604.0015667651328,3880.783493859971,1555.7592503501298,3703.521253512392,2485.8488023138093,1529.806638820083,3542.6112863147996,254.27882208316146,3970.315741818527,2530.569519656198,3209.410182160734,1645.0980235210911,2696.171761960651,2639.4018001018712,2904.173617895631,3469.106637246108,2807.8252872748335,296.79486892633423,3745.916370216105,2065.322364474854,4609.396214778786,2710.35163989472,3460.713612948203,2314.05192114827,3312.057566806018,4253.408682228525,795.8740535599836,2106.4045935408517,2742.845448846143,2335.6077888020923,1750.95795598438
5968.9877576024555,1715.7097768748652,5653.098421820728,6731.906654878764,2218.239394889785,2940.4134600128937,0.0,1945.009635050942,2862.008631366614,816.862419093938,3950.848687267585,5074.128365187956,1742.0723676199566,640.0973817045334,5382.439378638091,5485.972653878617,1917.9265621845373,3402.54327368808,3974.4021344119164,6490.673122258584,2304.6698094651215,1270.4132105311248,2194.971411291044,2676.975604503149,642.0044294956226,4168.337188949329,4914.958837338314,3766.8356686582433,3414.414879554328,4107.222216724339,4788.918055463154,3035.0505587914013,5354.031573239178,4353.259767528811,5311.518575146376,686.2916691968511,3778.1409827460116,6624.037616506265,5075.012625478384,2135.1664541334944,2389.0651903642142,3223.8991018611296,2061.076693171799,2072.8354642964305,3064.0160799514415,3909.0158844624816,1975.875712910101,2544.925006153422,4778.660198476765,1969.0004172627798,5112.4386528373125,2723.30391304129,3211.6021230477786,2260.7607182426445,5740.967309427393,6098.814478153028,2454.0228228411,5382.698250241787,5507.778586090403,1746.4228755925642,2590.2923284776175,2760.2307808197847,4880.993748745946,5836.475800579061,1254.910128999682,5723.879471962787,3184.663639027676,4596.253165597061,4819.405630628117,4467.143707915607,6774.276513342292,1484.363331763824,6630.292095539457,5425.922775393141,3703.950521693425,5199.681275167738,3163.2839639313124,2609.8237027425816,5245.617926835503,726.3597606159083,3798.154045245927,3318.2685231200016,3153.5813498903117,4799.615771223359,1719.7902119997082,5496.606951904511,2683.556399784807,3522.096827037553,5000.845996431503,5914.134991596995,1939.705423017887,538.9892647725007,5143.52022151804,4393.474323189109,2892.5290259013823,3563.2509951510565,4327.433079194292,3830.303512772976,609.1941968026282,2063.591179691365
4641.785451164777,2038.5672756583242,4813.5454840295215,4787.1927845494165,3451.8799708729734,1150.78968332011,1945.009635050942,0.0,920.1051578738159,2736.312347665193,4052.9454529821887,4378.473397121421,3195.077383105455,1414.4037540334803,3476.641769441453,4379.103136160302,1416.0123834726867,2361.8318184064246,3237.668125051269,5823.059215796882,3465.6516198136533,2086.6637781360464,1155.126475767048,4163.642440091127,1995.102812960024,2270.5783966366366,3468.7781899621364,2467.1273022705986,2764.2064070515794,3539.412583274942,2845.4890776318225,1296.8688579147083,3534.804567577251,2539.418167630136,3367.6485788730984,1757.0097154000034,2443.0829678756304,4704.8405086239645,4006.2540549186338,1992.3870756582414,3389.449277084553,2113.103817698506,2163.940716592994,1209.778335257331,1328.8991462424826,3293.490785272824,1271.8480859776453,901.5442991633851,3343.7412072492984,3756.938507911994,3205.9855983488137,965.3778382731816,2191.358827592597,2268.9645364121493,3796.5250378319647,4155.990846288764,3681.444940014994,4479.553520991238,3593.1182919053754,3454.2291772214535,654.4813512492163,1229.9514107386517,3006.1368634445107,3893.5824060117175,1784.6669015603445,4450.379106454864,1639.537329648825,2676.1269167967353,3092.164957738995,2754.4796935110994,4844.892136612744,462.0256243738001,4724.849953310474,3561.065294113125,2449.8138850798437,4374.375473735307,1403.9080797502374,3636.4809591526805,3671.1682664330433,2093.054414916392,2566.1197285093695,2109.020242004804,2924.7498590664122,3798.387233652856,2327.0820840385077,3945.8438436704505,855.3301129137213,2930.9675068012953,3176.627038560869,5349.01698976784,1635.1145576955764,2483.571722581211,3204.0930024944655,3907.6866676079594,3941.3605159494095,1635.046977417468,3086.926001368027,2401.026560496989,1388.2727940909165,772.4722180382931
4104.392288108557,2764.7318775579306,4561.94154589085,3870.644033328304,4178.285403722441,613.2531119219857,2862.008631366614,920.1051578738159,0.0,3656.3693041465326,4327.582045110757,4232.211594995931,3992.0120609649966,2330.7248055645696,2631.5962742269185,3991.9161227341683,1898.6980595497535,2227.4978302761597,3165.4180864721484,5623.109917782596,4170.3825961032635,2836.1536926078247,1591.5642875510878,4935.863953555649,2858.3478556545565,1467.7271150636277,2907.4122956438423,2303.0208941920177,2980.5253687276345,3530.294346280066,1941.0099495777963,961.2743647726182,2688.7331738104835,1724.046570359397,2460.3850134627305,2656.8621309266314,2071.8761749356545,3789.788033018337,3664.669152300927,2446.806642230644,4050.8235255909385,2162.360916347223,2677.9392860528033,1593.8005436026176,801.4808031949359,3462.7046761225542,1716.5378010475035,796.6383860598231,2798.9370429470177,4622.399516637435,2300.875229766708,793.6473677931532,2286.452858892569,2723.6361954861004,2879.395776015691,3236.9423941618115,4394.494676169263,4209.101607547744,2734.7756336601,4304.4411717641115,349.46939009446885,1033.862715296378,2211.3530732458808,2988.2342650123664,2522.772473208989,3955.081256579692,1432.6251248006233,1764.5622875971255,2465.669706089808,2022.5318526225983,3926.2272239321555,1381.9709128588775,3815.9287747215617,2681.658339289515,2141.7912074523038,4155.167539554211,809.0224067910599,4290.449925005301,3004.724884442001,2992.493649337455,2256.510649964896,2085.5816738627145,3162.7202124697965,3513.5551964961355,3083.560317737437,3285.3364586760363,470.1338569609721,3155.8515391229994,2333.2425349890223,5222.129508895102,2249.3987902481854,3399.653222681543,2283.996612730413,3909.371819963534,4585.847025153477,724.3393181348087,2705.9495098386437,2137.2527512453926,2291.0574651136535,1281.3548162304614
6730.478084371124,1970.3237448866114,6316.587577472507,7519.570859142495,2299.5316183677487,3756.257546568525,816.862419093938,2736.312347665193,3656.3693041465326,0.0,4396.5461059722775,5713.791871603042,1750.9391063772032,1345.7823474696786,6125.258416311429,6210.903444627038,2676.6438916114703,4156.015183030013,4653.880127725895,7096.348600568182,2419.7788536153457,1815.621267120431,2801.4724918529896,2507.1404895029314,1213.6646161192964,4913.526738112452,5702.587149639538,4309.130112362354,3758.829812888314,4743.113636210922,5568.093499179499,3741.9905940068847,6170.871951743772,5169.973805289248,6091.030305110376,1144.6013698510935,4563.607272478319,7431.455538360302,5798.100225121069,2802.4179667410426,2587.2934809568856,3738.832073032032,2675.667301868451,2861.6379566166297,3880.873776153123,4203.016564136287,2755.0253418253706,3361.7792912326945,5565.854951198243,1569.296670615534,5922.2923471258155,3447.1517645003682,3698.899416268169,2874.8412309115433,6530.143804656219,6891.537592991059,2503.911286703464,6065.620732022403,6256.206070622994,1491.704808278434,3369.88686336411,3573.839421432502,5608.640383393555,6613.00104075003,1911.5920400257996,6477.88374511962,3830.8960044617497,5402.308923933637,5481.850707258088,5281.831787919982,7577.821942210901,2274.402498369407,7441.16609459438,6241.204723506032,4480.51749129774,5868.00739870239,3980.060085479238,2762.972800684979,6046.910146996563,904.3141179092582,4570.086344616478,3857.1630730692477,3750.075939392161,5513.856648423134,1829.489249788039,6294.131540168905,3496.673724798755,3835.8701468245763,5817.576210749026,6501.382580503934,2381.9430038615537,358.68813275601906,5940.356376365057,4998.443636650312,3000.143228537264,4365.53629789846,5091.983824468514,4412.193865934837,1425.611143385881,2746.484875601539
3830.7992998145965,5460.831044871101,2583.878124049197,7063.711313481392,2413.7510425685996,3799.657920546138,3950.848687267585,4052.9454529821887,4327.582045110757,4396.5461059722775,0.0,1951.3472548936545,2877.2811720123914,4184.836585520754,6570.570235063164,3018.7315910660227,2647.1355394065113,2362.39049682562,1709.7105593386268,2959.779654380035,2273.1179432471167,2680.7530872558923,5149.230307566851,2980.8881349733674,3313.314563201025,5650.159316309054,3520.005374348454,6497.734777968089,6755.437527879449,1369.1236532534233,5691.880571679715,5207.647996031222,4955.5956734667125,4349.9534095138315,6070.200845472002,4517.567100656392,2912.985348873729,6515.820727326528,2710.4813580168748,2092.6878224802185,2002.5199929733537,6165.33587215206,2006.2715478110135,2850.582394259987,3691.4618336969165,7291.8362424119205,2781.213954610468,3533.136633034873,3428.5843250312514,3714.459574307546,5275.875171434688,4919.358350771572,6238.311233595596,1842.103259141843,6240.282521272415,6454.6024337058125,2366.7836798822577,2532.3667399774467,6610.293334282829,3421.920587992801,4399.053541148369,3318.881644012784,6327.717474955484,6519.491531553132,2760.3756010141083,3542.35906187628,5633.938830429116,5044.464825844364,6757.556811172068,4056.455226123666,6753.651059144602,3973.8117764364483,6395.49524761054,5228.161939466107,2742.416281625567,2271.2641866066574,3762.0396666682027,1976.7312764149306,4041.3579542289995,4668.423326877073,2702.0600098239865,6160.2598517677,1164.8681804032592,2439.9290083647925,5578.246044244554,4120.566472134263,3857.4630701031992,6910.882572664652,4754.504667871197,2335.997150163502,5380.126831594679,4066.056019502929,5643.865679602323,1247.0944601633032,1978.632103945046,4521.343571304552,2808.04755024501,6393.070601526703,3673.1538712275587,4788.894055999151
1995.1759603345763,6232.799570305867,652.0208570229943,5861.824562812674,4156.853102167793,3619.4535517561208,5074.128365187956,4378.473397121421,4232.211594995931,5713.791871603042,1951.3472548936545,0.0,4515.977609310746,5077.112452008523,5820.71547183205,1168.0662406648862,3264.266964477017,2032.5274336847215,1152.1819640095916,1453.864670243073,4027.9961907014012,3899.4495740631137,5529.21173546483,4836.517850547024,4509.93426401461,5198.161838196364,2137.97543663275,6534.156807028509,7113.235337702879,970.7911123063499,4947.026950392933,5193.482832098803,3720.247722800862,3477.1463708118476,5189.573055168411,5472.856702989582,2215.5961677905116,5181.726307261413,1011.8429354104323,2938.968597969362,3746.2077772693015,6361.267210998764,3038.5907978530113,3278.686082649877,3439.8358071617313,7628.370001064775,3296.8086369361804,3565.9988508312786,2109.89843031199,5413.234303364671,4251.008133017861,4989.878976015049,6470.789025498514,2839.0179381560797,5211.706301991028,5331.472991126561,4171.706810722201,600.4855700222945,5814.0662793543215,5080.088630781553,4446.008922037494,3246.2139799048987,5738.717178918996,5538.050937855302,3826.140000779506,1728.5801884396335,5664.444812226172,4212.953103023105,6349.332447957423,3058.073691480472,5432.023444151176,4507.280068307493,5020.806830957153,4036.783870947886,2108.48760654693,348.94688163243404,3458.723910953287,3792.4990948180857,2606.6216855571884,5713.421277563295,2001.3047178670718,6303.477610103965,1976.7787233418412,897.0322833371159,6438.292685170892,2577.5610522856678,3814.806257742718,7284.835750981418,3640.162225841041,989.9438476302583,5969.43883269441,5356.820699258937,4712.041946448482,772.7844418419666,3862.322301186813,4099.982829092092,1702.9556536709933,6355.101663779109,4611.8644315397,5145.876468653809
5930.303341875608,3450.6423665203265,5160.698979844204,7732.327010321925,552.4300540430434,3811.9529376449545,1742.0723676199566,3195.077383105455,3992.0120609649966,1750.9391063772032,2877.2811720123914,4515.977609310746,0.0,2311.406778988069,6623.550006175313,5265.368192487303,2283.099304080311,3475.8141578520854,3634.8980876504643,5772.098932028539,681.9960571946144,1170.4592001812794,3819.1680326911514,980.0427730910525,1270.3150986841808,5441.460125611231,5108.326266297896,5403.359839302301,5150.284855488383,3588.407482989216,5895.900694841628,4464.96063948127,6001.186523544574,5067.837222700232,6398.405881602854,2427.1024359383764,4030.457460390818,7457.750824775322,4863.79695807545,2019.108372053863,899.2526264988054,4892.236921113695,1770.3146558691196,2592.682946140928,3853.5076111226253,5649.766223821035,2449.8699922528544,3383.7061741885923,4975.813853105138,906.2499516270326,5962.970424721223,4132.2416954196915,4897.750721915112,1911.5796798187619,6757.173782194224,7080.547581584068,754.2664491080059,4977.869769387001,6725.642927225396,564.1231464423344,3825.5914671440028,3441.1746852692613,6184.606076610538,6923.651458290776,1480.9979025633356,5649.244448373074,4717.74869262872,5516.166105753162,6276.851738277478,5025.549957588821,7647.3157649457635,2814.108750338196,7416.244132567508,6158.024990057201,3895.7585672351415,4743.840426977387,3959.8020308379055,1031.131579083872,5552.598128933968,2391.9582944744247,3949.338709376673,4966.688299435148,2583.16262534998,4560.045731990963,3416.3836343146536,5752.6337536631,3648.1575398210257,5261.796458490293,5680.446475010569,5152.471510148212,3667.261719679685,1521.0351380573034,6124.868887906255,3748.767989303286,1250.2357793364417,4578.74755428971,4389.382271987028,5426.675414946798,1943.0299038967466,3599.7047454846906
5759.902382087826,1283.4768530522863,5616.121825632792,6180.742380798766,2740.5749138927035,2503.213317482152,640.0973817045334,1414.4037540334803,2330.7248055645696,1345.7823474696786,4184.836585520754,5077.112452008523,2311.406778988069,0.0,4782.070516832745,5353.456174341302,1816.931856488845,3247.172199634168,3939.6463471389156,6521.264197395855,2808.7623028239677,1573.3257274909733,1556.4338974187115,3272.609541366033,1071.4211014017783,3569.3030959402986,4648.93836415638,3133.3076465283457,2851.3493326060557,4131.789241430037,4225.882903938774,2411.6881623719514,4921.908954242551,3920.023786663801,4748.643283158886,409.74550350430917,3533.52376839268,6118.969610001753,4950.4252390153315,2191.757298830781,2848.2548915574603,2598.29109000897,2196.451532666496,1873.1398777437848,2652.077724484711,3363.44031475586,1814.136885513605,2147.3449156225465,4515.3191730048275,2607.757824996792,4619.742500363846,2108.0935918533132,2593.878988990042,2382.663089511398,5193.014232061858,5557.095810944778,2981.2676949180527,5320.278547911659,4911.774391924878,2374.374282185519,2031.4202771630005,2411.6369724836286,4270.32764552417,5269.309192000409,1427.2803203397013,5532.928219137675,2545.983420517895,4090.5141509873797,4184.573180280757,4084.8330105801147,6256.89981629401,959.9283224043353,6138.950667822149,4965.369536039085,3485.854846700591,5161.140854429086,2743.4466459291684,3084.3289215322025,4930.84075448001,718.9343858023477,3590.393167181138,2686.7039760662137,3254.450606620571,4694.145777022375,1400.021509150842,5193.873314315628,2224.121835814082,2972.249186562425,4564.66187434075,5972.3020233194,1364.3351230910976,1149.7125979361103,4611.408774143754,4451.9248166483,3381.0792212979864,3049.2724888684515,4128.915101773104,3191.4828618089123,511.9478477237695,1429.1613970944647
4731.075842769169,4707.211854447386,5882.339782335767,1714.0876165123534,6798.481369688748,2915.7074632666768,5382.439378638091,3476.641769441453,2631.5962742269185,6125.258416311429,6570.570235063164,5820.71547183205,6623.550006175313,4782.070516832745,0.0,5076.742372527682,4472.546029742902,4217.369579675226,5046.681374552984,6940.5479716143445,6783.122447432156,5466.293058320419,3456.8394555114933,7565.238876861523,5468.141587575252,1214.1098875736084,3792.7276686506243,2625.0346777385626,3814.47647192639,5454.6826546863385,887.3826137811129,2404.608580410957,2404.578306069486,2345.1443899864666,718.6179461779399,5018.790292612453,3732.9768235654765,2165.9017886081538,4927.5701825030355,4972.037961814551,6645.5788303361505,3052.126821953668,5225.528335118852,4152.2795065194005,2956.7297807620157,4016.0383798188486,4288.260006136988,3310.1644689744644,3772.789733667117,7232.468169726085,1685.2924322185154,2680.2397567269977,3192.129131285418,5232.758123022026,1065.475548877589,1350.9070869208583,7009.0644535405,5538.4495192255745,161.1280337185311,6923.898415740153,2823.4695747671863,3381.451631964739,560.426599391035,825.1275305436124,5152.750917614784,4746.110367081343,2470.6093048770376,1607.9504173652242,1222.1911390842267,2766.796200293762,2132.0106192533376,3918.107703310489,2331.667173373807,2110.00843412248,3889.5707972511564,5605.353626960568,2866.4017033550963,6878.778063429361,3495.400883275622,5332.560723532362,3961.5833047916585,2880.17940960854,5451.652162543938,4935.455068370697,5039.563758554107,3697.030354115719,3006.261992345976,3944.8745466635564,2297.383655358634,6737.460781629975,4107.063916431907,5918.129201315058,1184.1844711450153,5802.723419760759,7165.575165426708,2121.6525628040517,4122.955093259324,2348.3316504337704,4859.924326942139,3400.1664516893866
829.4991444239106,6374.568886477579,859.5500821476317,4872.976906473598,4988.422846608035,3399.684097602158,5485.972653878617,4379.103136160302,3991.9161227341683,6210.903444627038,3018.7315910660227,1168.0662406648862,5265.368192487303,5353.456174341302,5076.742372527682,0.0,3573.3954917121896,2106.2840980817377,1630.4715514580437,1867.5208891260093,4872.636690053138,4450.591821847068,5473.500162731797,5732.151021735646,5000.396544445251,4660.691861995813,1287.5242944045754,6221.750548284301,6969.495917212521,1747.1365687942084,4246.256152999369,4922.5312285599575,2790.3934134888577,2812.309558893011,4395.931906909956,5762.640382650387,1947.1986833482092,4143.313639412058,413.02567910119103,3423.66749516027,4596.753001623864,6151.4825542274775,3597.7987995461895,3480.409328818235,3200.668936863199,7454.427163390357,3544.713200170078,3487.6880196303396,1327.9802222058884,6171.280741522379,3419.591838240494,4784.7352475623975,6277.921333464206,3414.88187766151,4332.441712131625,4396.350546241849,5044.96018003086,600.6197655122583,5043.8800294459825,5820.222255543941,4272.214289458103,3153.918819124075,5091.511132543756,4673.552132165961,4302.52695691195,561.4532344879667,5391.154988855078,3506.1304389798447,5782.502513695778,2357.7583720445145,4394.465846403292,4618.350847413501,3966.662268974887,3115.5032372189885,1929.4123819611505,820.7747532679109,3182.9545892684364,4687.27952732894,1632.233594082048,6044.3881863932265,1813.558491234843,6064.870891951535,2692.102234309834,708.5348692054613,6624.4828104305625,1525.5029049847792,3655.377610251778,7144.662624680049,2794.4624411018663,1772.9164978734898,6014.202038043369,5853.522519751335,3911.1628230199003,1771.7143183510143,4806.400341161981,3667.3871225052035,1298.7566923704378,6006.235487460094,4948.017224253975,5101.559384345535
4055.7531098528425,2984.971531044978,3799.4902130302958,5463.952977796387,2351.41933129121,1572.3176657177137,1917.9265621845373,1416.0123834726867,1898.6980595497535,2676.6438916114703,2647.1355394065113,3264.266964477017,2283.099304080311,1816.931856488845,4472.546029742902,3573.3954917121896,0.0,1484.9009426682308,2122.987312816777,4712.979452087289,2321.9982087213157,1136.518928059273,2504.212034126903,3149.4526106058493,1504.1282093003242,3357.377643016198,3038.150069599097,3880.6912753947586,4115.934267544248,2331.6531274966696,3684.2028072908797,2646.4388224270365,3733.6922214833135,2786.109729473339,4168.246551284845,2218.7014536277748,1900.9567856319095,5174.732278778198,3164.2209757505875,578.8255493065247,2173.2123953320806,3522.0632314437516,782.6321956097895,322.5688053516646,1585.394518988886,4651.708829553393,184.43282972670582,1162.607944611596,2901.2110790483684,3071.954052914854,3681.650723480434,2333.3755875051493,3592.0585411287498,858.5417592289847,4498.879259851836,4811.818234925338,2549.301682806882,3507.0634410305443,4556.955733769311,2717.7292481960003,1860.1180433136497,1163.0513987790914,4095.2754873903177,4686.474003728603,863.9892523943802,3807.295952867599,3037.137432420864,3247.1591023046594,4351.327436416271,2770.267995999846,5364.5742146612165,1341.6689580168425,5135.258010660224,3878.6455257299554,1807.3852659424888,3344.4248028707416,1690.33737297381,2406.583452143723,3414.5356361181825,2481.189411091583,1894.2359737427123,3524.082372653909,1553.0331176974303,2895.9201868361292,3176.5047341184622,3648.006527474972,1471.7460257099387,4274.581672238934,3405.3622489726413,4177.528736082734,2793.2667241550707,2327.240185913134,3863.517993745338,2668.9459443669894,2696.1719120569815,2364.6079461783934,2415.7547072519596,3801.387191435253,1377.8862452049516,2141.7649680609215
2574.9025825642416,4295.951324775457,2453.3962180128997,4752.753568228528,3348.461933969834,1623.2661196997244,3402.54327368808,2361.8318184064246,2227.4978302761597,4156.015183030013,2362.39049682562,2032.5274336847215,3475.8141578520854,3247.172199634168,4217.369579675226,2106.2840980817377,1484.9009426682308,0.0,938.2814103508605,3465.503015386078,3266.2726801790445,2479.9754866699786,3504.8314568157193,4160.2729868907645,2963.0369684396446,3368.261476988091,1633.4827879576817,4527.647933223165,5081.253657366261,1315.297089291237,3334.610573168777,3184.9748879217245,2722.452849380132,2000.3708779676338,3708.046545180494,3656.384549170533,610.056042019912,4277.847986191421,1704.7334557897902,1470.1133202488163,3028.4865085468023,4332.014151638127,1706.2306661527334,1374.1691632637517,1462.9553555611326,5595.843333304105,1441.1436458160576,1533.5945938601244,1500.2439665394427,4351.958138347495,2940.5727226792064,2965.3364800727086,4439.661775160919,1571.202855127561,3892.4816256596514,4126.675646757449,3478.273048414256,2125.2257834244347,4251.951478355792,3991.0378546685065,2419.338822755093,1217.1655366682874,4006.874828613068,4162.754366608363,2278.4658304661934,2322.873601849442,3652.0331868871344,2682.74352526383,4508.559570954119,1759.3855817602919,4502.4375273037385,2541.6081497321725,4186.590830298203,2957.2136204667395,445.9693229595509,2012.5455547266502,1505.1603588631347,3198.8768690477914,2083.436343022268,3940.105933277682,476.3996673655434,4278.819306521485,1313.4241183410631,1461.111242617755,4533.094959426508,2276.8598995302723,1791.6885473591665,5253.16028604839,2468.261860136603,3017.0410676329884,3978.8188349801753,3803.2472141079656,3286.650041914563,1692.3211355915873,3416.718460666316,2230.370492982948,943.7336877472375,4364.154153117532,2848.5484967404013,3122.3055196857335
2332.501608917344,5081.833598445545,1681.5211844904006,5384.952533520885,3368.2221626438186,2561.403066405793,3974.4021344119164,3237.668125051269,3165.4180864721484,4653.880127725895,1709.7105593386268,1152.1819640095916,3634.8980876504643,3939.6463471389156,5046.681374552984,1630.4715514580437,2122.987312816777,938.2814103508605,0.0,2606.0168527812707,3256.6821570552447,2859.111732823675,4391.501908727469,4129.2254843421915,3440.7409479136904,4272.383891116995,1817.3796690268107,5464.064694277512,5986.506806728946,408.1514583631916,4159.309158732132,4121.719550067665,3257.4256555433462,2737.865233438089,4484.0560867224885,4339.489207207342,1313.7244633822575,4812.656711200166,1231.6546800532203,1852.0401946710008,2984.7590108858035,5255.930024751567,1995.377786999244,2126.6387981124108,2398.3646326163584,6506.859368399012,2147.3530512521684,2454.4024565838827,1721.0834510679604,4540.842034093787,3628.886406450469,3895.9345297168434,5359.718598056898,1804.6300248818316,4602.785321998409,4791.303106369394,3437.6340855543367,1411.9862737640194,5065.707540513764,4190.181472950902,3349.082389567626,2148.11842658197,4881.733040574525,4900.29340294895,2745.114444748707,2043.2849958057736,4587.530000521522,3463.278168083673,5419.98904143726,2395.806108366034,5052.672382833168,3355.4357319842975,4688.362790550769,3539.494986451033,1160.6657857096502,1226.7381711596,2435.461348952391,3093.0475891626697,2337.8857787137504,4590.7539048853405,1085.1923930216244,5207.855378345774,1068.777210091046,926.9649686897559,5290.996068735641,2435.742651352355,2725.435734090973,6156.70326987114,3076.7258694061456,2111.3765811171634,4818.831463463004,4295.201864772599,4032.89490775113,767.6710857261722,3240.5778895055123,3140.313653767247,1098.6836074944415,5302.3254899888025,3485.77073518268,4008.074418887204
2423.1544588626616,7686.06598937649,1081.6047234965276,6691.373214169794,5350.89619050725,5010.704082851531,6490.673122258584,5823.059215796882,5623.109917782596,7096.348600568182,2959.779654380035,1453.864670243073,5772.098932028539,6521.264197395855,6940.5479716143445,1867.5208891260093,4712.979452087289,3465.503015386078,2606.0168527812707,0.0,5213.246597094176,5282.643243096584,6969.985953726521,5939.725151938683,5907.234970472226,6464.837262860682,3147.8340728323024,7913.420553035836,8542.385831904809,2391.5260235188744,6100.867931400335,6581.089611971714,4649.259651969118,4648.781067217621,6263.040433285179,6913.587102368278,3561.573231765002,5929.726144222176,2040.5635393608798,4361.029142685588,4935.530240290298,7772.464507733245,4435.891699761165,4732.547114865842,4822.756478664976,9051.978789453387,4749.611317317029,4992.743939476268,3173.60550405497,6643.745404538692,5287.11271288451,6396.4180857367355,7886.806457919772,4235.2394221579725,6194.79967591915,6244.074582328513,5321.755667712019,1439.5536710112617,6910.163950115945,6331.436645877221,5857.623535846256,4666.740305595867,6935.9220695631375,6537.40536264786,5236.670256364439,2287.0587293222266,7053.699181814107,5358.936874183629,7603.083957023755,4199.640073798706,6178.713144260138,5960.632990072866,5739.406789285544,4974.306397358731,3481.3574221962617,1468.1923351523124,4829.545197439714,4931.953051087267,3492.049319473595,7145.671265590098,3367.1135427062745,7706.271209826514,3348.1314734535144,2122.441153378345,7888.923123579542,3355.8777327204575,5225.1326688772215,8715.095431423915,4661.974641645426,624.2064488885068,7421.431144476987,6742.814826483818,5778.227987504214,2100.0490040472864,4935.698951717781,5413.913134013973,2965.555326792775,7719.810858029684,6048.7648331119635,6587.16078513725
5586.44181075611,4018.3570736593333,4679.359278229874,7764.709451060806,142.454771857597,3894.277305822609,2304.6698094651215,3465.6516198136533,4170.3825961032635,2419.7788536153457,2273.1179432471167,4027.9961907014012,681.9960571946144,2808.7623028239677,6783.122447432156,4872.636690053138,2321.9982087213157,3266.2726801790445,3256.6821570552447,5213.246597094176,0.0,1383.7486984593697,4237.190216470462,894.5108752860415,1737.3943795857056,5637.818234147851,4869.806790238192,5803.816404156837,5658.767464463795,3146.0874616974656,6005.860240636057,4761.159719244882,5914.4492732421,5033.548388151742,6489.633024931764,2987.0867145071297,3857.4117744774153,7421.458679847918,4484.899248101901,1908.683490128471,281.8348041708123,5323.45648575519,1639.367256236381,2644.5598573322177,3900.8618602002557,6172.1532314420065,2504.2108621887255,3480.3125077189547,4742.896529935479,1442.2483181730522,5960.4337093554705,4428.1145268714545,5344.286940439576,1717.8353740335542,6810.623166810069,7113.649837636163,227.4391748336245,4529.270606222596,6872.463635796992,1168.6671034152532,4055.860170831583,3472.066284238393,6381.735054117258,7006.372418240769,1680.9868038155444,5298.676751266584,5062.453024405165,5553.571822831232,6553.415759025976,4930.3313790464435,7625.139006452867,3142.562726294099,7360.494457244364,6102.219518654668,3706.489223684456,4283.934341097445,4004.1745882122823,349.25828052173654,5344.3454737277225,2996.169100298913,3741.480882548246,5381.335377327918,2188.076780906009,4180.393770972778,4015.900790309691,5520.126939665881,3777.001043610393,5781.011488504758,5614.494204407464,4589.701755808105,4172.257853074879,2165.4209060078824,6174.612457325966,3255.2143093974632,591.6150699517383,4685.245343322482,4126.951486318321,5798.614697110768,2373.35355930169,3975.3640961954666
5031.034624299459,2852.291081171766,4507.632631134441,6563.354716915808,1365.2234104867232,2641.748144009379,1270.4132105311248,2086.6637781360464,2836.1536926078247,1815.621267120431,2680.7530872558923,3899.4495740631137,1170.4592001812794,1573.3257274909733,5466.293058320419,4450.591821847068,1136.518928059273,2479.9754866699786,2859.111732823675,5282.643243096584,1383.7486984593697,0.0,2879.7199345875633,2099.783086389878,638.6960513170567,4295.724602010934,4099.557786432336,4431.318105297339,4365.846841312004,2929.1770560022483,4727.66293207553,3379.8207526731353,4870.208828080577,3918.6426295110145,5228.661461247706,1859.3322666605345,2980.8607535262363,6302.633702972909,4038.2029853454615,1030.325469465353,1342.4282100946775,3966.7615879058076,865.6497339894463,1433.8483576728047,2686.9939236405057,4891.941438750877,1292.5428521639042,2213.2909500842857,3963.6656733445616,1935.8912425291353,4801.443457064241,3046.4212667958454,3997.05712060023,1062.3779875002115,5587.047898789664,5911.800943606356,1596.0038656435015,4266.6949807081355,5564.9947201125,1581.2129934379489,2692.5246719066477,2280.1955027209838,5040.309289792543,5753.5618346051515,313.5565311869613,4764.023233447229,3679.274606360471,4348.094352952912,5178.239957534799,3905.096163372421,6487.987356535538,1760.3956603221336,6267.628901798271,5012.745380804615,2864.6904796513354,4061.882880693878,2793.480350804172,1589.6643170572206,4508.787620725775,1988.6338145113593,2935.113555392704,4015.8419850194555,1935.0254829216071,3745.1105215034704,2928.406814702152,4728.779406727808,2479.7681296060723,4500.14218175826,4541.271136342445,4691.483335673271,2895.4440967128,1460.459695260366,4955.167223106098,3183.623428701642,1896.29741971928,3409.1796298512927,3421.7499446647175,4418.398123390987,1077.351588313676,2600.614412870928
5663.6244200925785,1281.6612811195475,5949.353282562148,5021.620588325247,4191.54833667751,2103.2007997454734,2194.971411291044,1155.126475767048,1591.5642875510878,2801.4724918529896,5149.230307566851,5529.21173546483,3819.1680326911514,1556.4338974187115,3456.8394555114933,5473.500162731797,2504.212034126903,3504.8314568157193,4391.501908727469,6969.985953726521,4237.190216470462,2879.7199345875633,0.0,4794.985860411478,2549.153838726294,2296.491344207724,4470.130952329361,1585.4002107572082,1616.825760417306,4694.242373821041,3086.3717904218865,1078.2162997325722,4225.641424402808,3298.404444023201,3586.048931807819,1656.8861760398627,3526.331421226598,5125.368570037574,5114.765270690142,3059.761381360318,4221.667142997538,1087.333360828224,3188.5510793476396,2343.4057063385335,2302.9570415520134,2150.5913290611493,2384.761979521017,1993.8854816623748,4354.587350356517,4163.84374543546,3733.296341477596,909.598372288012,1121.8337294135888,3323.5896553723355,4073.344844843977,4449.210226296123,4431.949163210245,5610.07288989127,3603.0096162754,3927.489298168233,1253.300164814878,2327.578238172887,2908.9632424755737,4071.902960439259,2626.0697897376986,5495.741931906556,1037.86816552489,3191.6638089614016,2687.595749484844,3613.931543200148,5216.805588028943,1185.3153050981834,5191.605522251859,4171.598086670503,3554.5696026697806,5515.083599976069,2346.0996826362684,4468.261116782008,4594.191684730732,1933.6773077256191,3672.0972378668025,1148.2011682488398,4047.836050794177,4922.266106709084,1617.6762685596275,4874.599311584287,1826.254198999964,1780.432786512594,3878.3795382517683,6502.5618458051595,697.8316414050022,2678.795153681035,3577.7040649785445,5061.6862413995,4774.308939198321,2232.3775021236884,4174.812113912193,1635.335362563288,1878.973499020409,383.4596507652404
6461.655652636173,4356.088629219681,5488.117166158628,8612.12589474225,818.0356374840891,4712.2452881508625,2676.975604503149,4163.642440091127,4935.863953555649,2507.1404895029314,2980.8881349733674,4836.517850547024,980.0427730910525,3272.609541366033,7565.238876861523,5732.151021735646,3149.4526106058493,4160.2729868907645,4129.2254843421915,5939.725151938683,894.5108752860415,2099.783086389878,4794.985860411478,0.0,2248.296597672336,6394.726448518107,5763.714544899409,6380.007622889569,6090.596345419797,3992.3283324572644,6815.164842919796,5440.545270037278,6796.120803810141,5900.524050069621,7309.24455325788,3351.490166852053,4749.564411927056,8292.080942801089,5351.396155864374,2781.926903134948,1149.2924922616526,5863.737336707026,2514.2305879312266,3469.4422577276023,4734.813597024069,6579.642239475107,3326.7470895403217,4289.438684052961,5637.085509485997,1054.440786635266,6818.7199165336015,5107.3823645414495,5865.242173697178,2605.671017117856,7648.239263599237,7960.118604412123,693.2059956304475,5361.518370416444,7662.360504765683,1015.7289982037529,4785.884275677902,4311.104839533597,7139.122935796526,7830.807477144358,2413.0929499240183,6172.462318870323,5697.655374391119,6396.069840219383,7250.948497861849,5812.513590831853,8491.734722025412,3791.347365149493,8236.323456203138,6976.8366098386605,4599.760655583071,5110.541336374553,4839.78341148651,1047.7854103698905,6238.854188514507,3271.880629323906,4635.69852214367,5941.490813156072,3063.8215224110236,5047.828260104043,4286.159469726366,6414.084538017877,4570.432451120681,6195.082299279405,6491.062370911252,5316.412095295943,4615.704840227547,2363.5030261197044,7012.962298236745,4067.3754483579464,1005.2670174739648,5493.643442030981,5019.795108190174,6406.115258505111,2921.6439832322144,4579.604340183222
5536.8332772894655,2303.9717174870007,5106.767349439369,6697.8159840596545,1670.3736238114511,2800.2264949923247,642.0044294956226,1995.102812960024,2858.3478556545565,1213.6646161192964,3313.314563201025,4509.93426401461,1270.3150986841808,1071.4211014017783,5468.141587575252,5000.396544445251,1504.1282093003242,2963.0369684396446,3440.7409479136904,5907.234970472226,1737.3943795857056,638.6960513170567,2549.153838726294,2248.296597672336,0.0,4265.329742026752,4541.955784080906,4133.059098972575,3922.2726916717556,3539.3103107642314,4796.626945150623,3227.001222005347,5152.542518170422,4168.1886237229,5312.552872950725,1280.4910869494565,3405.0825870573244,6512.007842602311,4587.428583319963,1588.9203012955059,1786.5446960392565,3624.8455217099945,1472.910057980459,1733.5623022184695,2887.585501470909,4434.759101820076,1610.3270033257224,2376.3837247694237,4405.0295698832715,1765.2872525016994,4996.663204124229,2897.4025721963462,3634.237001431388,1673.3958505855692,5709.006341443492,6052.2270259646575,1911.4202515629572,4852.650585535291,5580.893137957043,1459.610393273835,2645.267337056503,2524.8335812336227,5001.027426340412,5840.969114800128,698.3773255669172,5279.359391088373,3456.930157764979,4507.685227245243,5039.716217549755,4219.076129407717,6680.740098631363,1578.4423729971904,6497.329835530362,5260.718609816154,3309.1654397574325,4656.993269092194,2992.6770195570725,2018.2510517408382,4914.736249123649,1367.7247524447303,3392.4793243835697,3696.988829195593,2559.786359011236,4301.631086443839,2342.7874927039375,5151.168605893327,2584.023788904816,4043.6458938190913,4809.082068571611,5320.82841122959,2435.390186348997,855.0605670851629,5089.9749290707705,3807.186236612283,2312.1572557925206,3508.918647771846,3904.561702724264,4158.287403333373,673.4554558231749,2333.7965387651084
4510.471292695032,3570.9778718768334,5383.626624462175,2728.724781575636,5644.2328258395755,1866.0079989573996,4168.337188949329,2270.5783966366366,1467.7271150636277,4913.526738112452,5650.159316309054,5198.161838196364,5441.460125611231,3569.3030959402986,1214.1098875736084,4660.691861995813,3357.377643016198,3368.261476988091,4272.383891116995,6464.837262860682,5637.818234147851,4295.724602010934,2296.491344207724,6394.726448518107,4265.329742026752,0.0,3399.0779294891136,1861.036864301726,2969.646743409054,4670.719262781697,852.572541233296,1221.4541474463952,2429.1592785694397,1867.3903905774491,1307.0219601035785,3814.157202618292,2995.1276879500474,2912.80400781515,4425.483416166532,3889.4017043659805,5517.734215043344,2117.9231909852156,4130.293273772456,3044.946632790302,1958.938406894152,3294.592851223046,3173.6475534668307,2212.3346034424812,3337.4024598732467,6027.366562428819,1745.4571841408772,1474.3070801498573,2268.0031970438226,4161.005335065674,1805.7287109308534,2179.8764241041285,5861.650469145784,5026.5393926177485,1342.699327570399,5723.709090757932,1621.315521086503,2350.318879062371,744.7055144585681,1776.4482029006642,3983.139489677458,4450.5700083648835,1395.5174731034363,1310.1614732333567,1152.1498286351477,2320.8531730844156,2970.6104463279935,2706.7604036672687,3013.6506264537365,2245.831994005785,3125.76554596486,5040.438954181669,1889.3373255183942,5756.560118935352,3260.7845588011487,4132.151118384709,3220.0253703528483,1958.4485832426137,4496.9028860238905,4362.396140871436,3906.7313773603632,3516.52090752849,1889.3561741418687,3125.62629301489,2164.247772084564,6166.526602527714,2973.452495752538,4704.061327044324,1414.6905582879247,5039.984403607614,6050.5978957008865,1138.395106790696,3514.6139037659595,1583.733083613839,3649.1658833355327,2202.18866559112
1196.982202705621,5507.20073349592,2095.4892419160733,3726.111002596809,4960.1145072593845,2368.9302612920033,4914.958837338314,3468.7781899621364,2907.4122956438423,5702.587149639538,3520.005374348454,2137.97543663275,5108.326266297896,4648.93836415638,3792.7276686506243,1287.5242944045754,3038.150069599097,1633.4827879576817,1817.3796690268107,3147.8340728323024,4869.806790238192,4099.557786432336,4470.130952329361,5763.714544899409,4541.955784080906,3399.0779294891136,0.0,5037.021278772802,5872.410119615624,2158.3570310076134,2958.7433906361325,3784.152321533846,1582.3498358277159,1536.0882010499922,3119.898767060399,5053.743339355987,1139.142016737597,3070.3947837533856,1159.8090604168426,3102.1561169014362,4619.619840453541,5025.582175846795,3339.531065549473,2842.8695429676327,2170.935890040284,6332.42764658626,2947.73946200033,2573.3573595684297,136.94215305741335,5985.2533898201,2151.4528460649562,3693.671333868242,5160.382259714196,3199.700295377834,3091.3779064908904,3195.237549691885,5074.50451617387,1761.1830545068278,3764.14129129633,5624.291282748875,3224.0522460729444,2262.8692505589006,3805.8438325539582,3425.4886029214863,3877.537320954113,1069.17950661851,4240.842567442111,2218.930760308893,4506.994585958585,1080.2714762965834,3318.163623148955,3793.7781824472813,2924.4573038300623,1900.2018411210952,1236.3986963229136,1865.9802749236123,2124.042374357207,4769.771403209278,521.3549867259352,5365.801889383915,1165.5352222494178,4923.039822319234,2762.42866128521,1250.0020515255164,5789.676279572114,650.4059915352872,2655.316393698499,6047.430383092806,1528.0835590192708,2975.5536798683365,5074.792873736326,5358.9963458604825,2635.3695378305106,2391.7941668203807,4959.460602684933,2470.214320281744,752.9425606412483,4805.9350755091355,4325.490174766323,4119.705194390734
6209.0718493884415,2473.370202460602,6843.870888017978,4337.224959597669,5764.277847408554,2914.907135309974,3766.8356686582433,2467.1273022705986,2303.0208941920177,4309.130112362354,6497.734777968089,6534.156807028509,5403.359839302301,3133.3076465283457,2625.0346777385626,6221.750548284301,3880.6912753947586,4527.647933223165,5464.064694277512,7913.420553035836,5803.816404156837,4431.318105297339,1585.4002107572082,6380.007622889569,4133.059098972575,1861.036864301726,5037.021278772802,0.0,1190.2863951108575,5820.481174986309,2686.5631160382222,1342.765604507354,4274.340921071458,3580.113161864719,3052.595068934136,3179.164439937796,4352.169524519121,4686.409826976083,5923.176006880514,4458.537517655425,5771.9670577419265,582.2316517306489,4629.13082927022,3648.7656801785724,3095.5224693458454,1438.4765916899726,3728.30457451212,3029.635499688535,4949.995661598301,5733.794189703446,3605.7991970570133,1587.9717383032983,668.2715986999592,4735.873803089457,3545.4119992251963,3898.2595706813827,6003.622622167802,6487.956414593427,2786.157999493927,5507.618914124778,2129.100717973201,3318.3138285564555,2087.994410567471,3410.983888011346,4159.588269508655,6106.188818033798,878.3745926112617,3146.1175091094424,1496.2526924881374,4004.3928517069853,4702.577350147151,2680.7744940238817,4813.01465914088,4105.128549306343,4435.510638446604,6447.6724303899,3084.0999292644524,6019.831562884546,4996.60592419074,3409.8953633696738,4548.160505670177,452.23015855756444,5348.429816319926,5794.724140178892,2763.5068222231694,5267.239799432432,2739.9794457772855,1320.8499870643905,3986.482980322505,7524.0883821414545,1942.1177126603318,4228.079908751963,3259.521300196242,6199.222219076358,6326.72996720312,2567.261102183609,4966.442462391465,284.5320560095124,3461.2224052103325,1830.780317836086
7066.867915319912,1788.9145408794682,7502.886567765368,5525.268225657918,5591.922683959516,3570.898649051384,3414.414879554328,2764.2064070515794,2980.5253687276345,3758.829812888314,6755.437527879449,7113.235337702879,5150.284855488383,2851.3493326060557,3814.47647192639,6969.495917212521,4115.934267544248,5081.253657366261,5986.506806728946,8542.385831904809,5658.767464463795,4365.846841312004,1616.825760417306,6090.596345419797,3922.2726916717556,2969.646743409054,5872.410119615624,1190.2863951108575,0.0,6300.59863012968,3817.4534897631697,2099.173730089532,5313.361591243343,4518.472925947991,4216.214999989565,2741.257005863733,5034.4375125772485,5850.499064319899,6632.428405667792,4662.945999614943,5685.185819255163,874.6562114802595,4775.440016905876,3960.14355882069,3769.1596296443854,536.4594213489031,4000.6368518297186,3549.8044775695744,5769.755137758967,5296.124485637115,4687.59207471608,2186.91925869155,727.5363184673326,4920.632079910568,4713.857317865275,5072.679182334026,5832.57450574384,7156.318389684042,3975.6014483106833,5132.628501154646,2700.848141055694,3876.167998425894,3273.368221820607,4593.886943338179,4147.766291055946,6929.843630783381,1674.7822959038588,4192.247647961771,2674.381684174494,4906.28938447377,5877.187272639949,2781.654111982473,5967.953044142104,5177.752143732259,5084.582913822233,7078.646209543743,3788.001908661214,5925.624941147473,5909.373750994939,2871.3750604447337,5201.780830068487,1017.5976515131114,5663.31320287568,6462.3581885044105,1983.0269184950562,6187.617251555643,3328.314463571013,175.3359023645757,5000.1812746776495,8093.757878530467,1487.0151030978127,3773.878836526949,4384.209671077901,6670.711204774496,6225.851016567935,3445.06268681268,5677.247167577698,1466.624411981814,3299.248848404739,1993.8059008544437
2519.227337960987,5315.148280489078,1587.5420827814298,5776.631071023057,3267.51200138959,2933.4360476357756,4107.222216724339,3539.412583274942,3530.294346280066,4743.113636210922,1369.1236532534233,970.7911123063499,3588.407482989216,4131.789241430037,5454.6826546863385,1747.1365687942084,2331.6531274966696,1315.297089291237,408.1514583631916,2391.5260235188744,3146.0874616974656,2929.1770560022483,4694.242373821041,3992.3283324572644,3539.3103107642314,4670.719262781697,2158.3570310076134,5820.481174986309,6300.59863012968,0.0,4567.302806956092,4480.54967528338,3640.865027530134,3144.809223026574,4891.397676365008,4522.4922614002335,1721.7069948980868,5189.189960303245,1389.2141152554564,1973.0277055371016,2866.9262755704062,5591.263307305515,2067.8022789159513,2383.392482160041,2777.681451877627,6825.783049846369,2383.531104443573,2796.294429608048,2073.4729064774397,4492.148646277079,4030.7660358131684,4243.00533958891,5690.253100163209,1868.286704270252,5005.33043276865,5188.4479821111245,3309.4255039497416,1390.0772143625693,5473.856761236085,4151.043440168387,3696.421537580907,2502.685643136389,5286.396989322407,5305.001972069096,2857.0146021922956,2227.380329998674,4942.405512619639,3871.155419815252,5816.216818244657,2796.9834632560846,5431.343351177589,3618.5295873900213,5058.998220124711,3928.6782541944053,1567.3996078297967,1156.8893184777876,2820.231536778674,2945.3666528541066,2679.21645464117,4754.810755728559,1493.3033688370226,5550.204232461451,1016.8350281781209,1098.1510274247346,5506.957612144478,2751.7118797186963,3080.945675336714,6468.872955182379,3471.5154004856445,1845.9627775039237,5086.888344520744,4386.063450171463,4438.904146549799,379.0918528167019,3059.26762180297,3536.0552424170355,1472.5451772237755,5666.888597638125,3657.2437804581746,4311.8847893321545
3966.1233002095382,4367.9731482165735,5033.513352399594,1960.2952122830886,6030.851943776434,2112.1099745860774,4788.918055463154,2845.4890776318225,1941.0099495777963,5568.093499179499,5691.880571679715,4947.026950392933,5895.900694841628,4225.882903938774,887.3826137811129,4246.256152999369,3684.2028072908797,3334.610573168777,4159.309158732132,6100.867931400335,6005.860240636057,4727.66293207553,3086.3717904218865,6815.164842919796,4796.626945150623,852.572541233296,2958.7433906361325,2686.5631160382222,3817.4534897631697,4567.302806956092,0.0,2011.6120841546465,1717.5812077409903,1470.446704843123,522.9549830109662,4511.005186033818,2845.5985425442564,2064.9507563031616,4073.9190068161633,4156.025975246064,5852.509469221301,2969.994005514826,4415.720118557901,3361.6725411812495,2125.724391684397,4124.936610273302,3501.6547829626206,2527.495423456193,2927.2637362166392,6558.248301433089,985.6306268871718,2209.660562216966,3119.924479079902,4408.501631390193,988.4812182682077,1363.7213578770409,6233.029729916583,4685.219833315935,918.6542251233601,6234.963249489927,2199.503933994436,2556.4966913102,868.4699897693648,1048.2158371451937,4415.390406604721,3952.5990868940903,2241.1627908106097,742.1883320034069,1642.0202312873616,1905.722271578154,2135.550439365458,3304.6639534893707,2161.400182423421,1480.133777093476,3002.3370734745954,4741.097503453077,2029.127135398371,6080.028440952065,2711.2431877212707,4839.220828218629,3074.2336696329703,2809.450018242005,4582.213678624885,4067.3031760768704,4704.036837766579,2937.7273482503438,2247.923816193289,3971.0387432717152,1526.6563992680208,5875.0359686576385,3777.009374763319,5327.860375908232,573.5221317194305,4915.781073984581,6360.075485745825,1321.8802104835372,3245.8281809097657,2404.051271282291,4229.252146111059,2939.584836483036
4974.953609347127,2358.1807294174887,5516.416048798713,3943.5533562279848,4744.52297266153,1574.2281793072439,3035.0505587914013,1296.8688579147083,961.2743647726182,3741.9905940068847,5207.647996031222,5193.482832098803,4464.96063948127,2411.6881623719514,2404.608580410957,4922.5312285599575,2646.4388224270365,3184.9748879217245,4121.719550067665,6581.089611971714,4761.159719244882,3379.8207526731353,1078.2162997325722,5440.545270037278,3227.001222005347,1221.4541474463952,3784.152321533846,1342.765604507354,2099.173730089532,4480.54967528338,2011.6120841546465,0.0,3272.215724107749,2426.143701231442,2508.089299814702,2620.2200702950504,3023.7723252885626,4061.79419065639,4608.2242793754085,3222.7543208989728,4686.013527238904,1241.6263487317751,3421.3792217624746,2381.99638040636,1758.550842657954,2548.275367051214,2479.1494937288476,1698.5324726436643,3686.187422669932,4957.879533237672,2715.1873969236453,333.6896696303312,1378.581531012584,3503.507575477039,2996.9048803860965,3372.8719647986936,4975.701364328148,5162.144323246301,2545.2699791621326,4678.634043631645,808.7267649793716,1977.872306541805,1871.607508579991,2994.6437138873466,3080.4952530127357,4847.734973226672,472.65379498846715,2184.612709711495,1813.2237157753038,2807.240348187166,4145.571475850465,1652.0181522092905,4137.045335892392,3178.4159024536107,3100.113756983927,5113.6882023762455,1754.2052158299496,4932.856324186322,3810.2683672762473,2929.6513202144038,3213.989869035993,1143.1266338708938,4048.1049466618324,4467.209670930166,2694.3424543606184,4088.695183197813,1399.7492714375671,2272.86355729859,2941.481499748894,6183.403185937336,1765.4588820431359,3560.3218979255234,2517.612491414237,4859.511021186597,5237.389184234641,1346.9722871555302,3649.06177823081,1192.8141773826296,2571.9539575027384,999.0156988756478
2340.758668324866,5448.602901699664,3638.5377307476147,2150.6342792639102,5978.227918534137,2421.295132943731,5354.031573239178,3534.804567577251,2688.7331738104835,6170.871951743772,4955.5956734667125,3720.247722800862,6001.186523544574,4921.908954242551,2404.578306069486,2790.3934134888577,3733.6922214833135,2722.452849380132,3257.4256555433462,4649.259651969118,5914.4492732421,4870.208828080577,4225.641424402808,6796.120803810141,5152.542518170422,2429.1592785694397,1582.3498358277159,4274.340921071458,5313.361591243343,3640.865027530134,1717.5812077409903,3272.215724107749,0.0,1002.7033486954155,1688.6010043396866,5287.062563597768,2113.187001025938,1563.9371030537,2734.4798823705028,4015.356976574436,5699.327079622645,4439.248853324287,4282.122854943094,3446.4560798520265,2290.0745188314286,5689.475605575087,3583.708462246615,2809.517386131113,1618.4024444976594,6805.303077023461,737.3955572696381,3325.9078091396336,4588.013394059459,4197.796377337162,1546.9645545687206,1615.2775344890429,6135.65127990933,3321.8014169438247,2338.7773592392246,6451.409119695091,3036.452136857092,2627.711950092894,2576.0526720012926,1891.882301220929,4589.334138543412,2387.447039921305,3645.0750407602036,1128.5325321411872,3359.487123557404,984.1447687510206,1798.47872045821,3967.350383642589,1464.1420216649065,325.1737530982474,2282.0936554166656,3444.3494074190558,2191.0215393192734,5888.75353253717,1158.3063180385402,5621.968880362465,2289.513063017549,4298.837090633349,4023.9002641002417,2829.4694727828396,5770.640723144701,1314.3514738946353,2698.0254463358942,5479.71282798816,358.1795525389464,4537.973147319627,4911.669997015373,5865.634973012386,1226.9285208898682,3920.128355541946,6123.216142028631,1995.249460280343,2168.979860360395,4003.9767987690684,4746.009808283164,3957.097212553919
2650.3190377909227,4487.8131491479235,3574.780584272691,2770.182989797605,5086.224143888274,1418.5995545078958,4353.259767528811,2539.418167630136,1724.046570359397,5169.973805289248,4349.9534095138315,3477.1463708118476,5067.837222700232,3920.023786663801,2345.1443899864666,2812.309558893011,2786.109729473339,2000.3708779676338,2737.865233438089,4648.781067217621,5033.548388151742,3918.6426295110145,3298.404444023201,5900.524050069621,4168.1886237229,1867.3903905774491,1536.0882010499922,3580.113161864719,4518.472925947991,3144.809223026574,1470.446704843123,2426.143701231442,1002.7033486954155,0.0,1747.1663475353448,4287.608001742696,1440.8437900542863,2392.675347594194,2612.914921701432,3124.90709111167,4836.156749220708,3648.460320356794,3394.2788505096337,2485.6438160388147,1290.7281185447227,4939.4805047196005,2626.2072142268207,1810.3885023938924,1484.336040178571,5847.215144852633,947.8750658995098,2422.4847758854953,3792.14231981897,3334.12740019364,1892.4533079347027,2133.3960053778105,5258.499430485469,3223.252354353441,2346.364115810886,5497.269176326188,2073.453827129266,1648.4958883539866,2287.468798880107,2171.056867345947,3628.536899606369,2583.2013702140994,2847.2699109403025,737.7936522104266,2971.618482393895,455.86631990639574,2591.7863757451155,2966.9807193529246,2349.2230067569144,1095.6700638901293,1609.2051837450688,3271.9494308960525,1190.0912493964486,5040.315091411052,1417.2627134363624,4622.0162554466415,1661.450941748507,3525.6101830508715,3306.6003015298056,2597.1451416062605,4804.14501473103,1687.1937537728145,1696.9358223730796,4690.380105626516,647.617618792139,4406.211450772762,3970.255052155969,4867.424236773388,1297.7090563990062,3479.0668616243925,5293.125487660858,1084.4122012685027,1777.8145742962063,3331.980163665143,3745.864931032752,3004.6238642340904
4021.752139870506,4866.128559693938,5215.138931370573,1442.3782558385994,6518.942791242764,2597.723533336448,5311.518575146376,3367.6485788730984,2460.3850134627305,6091.030305110376,6070.200845472002,5189.573055168411,6398.405881602854,4748.643283158886,718.6179461779399,4395.931906909956,4168.246551284845,3708.046545180494,4484.0560867224885,6263.040433285179,6489.633024931764,5228.661461247706,3586.048931807819,7309.24455325788,5312.552872950725,1307.0219601035785,3119.898767060399,3052.595068934136,4216.214999989565,4891.397676365008,522.9549830109662,2508.089299814702,1688.6010043396866,1747.1663475353448,0.0,5031.78696410172,3179.37084797763,1634.7463417194115,4268.35250832098,4621.7793933583625,6328.400707424032,3391.8688828529325,4884.845062879784,3845.901166824233,2592.9860654284275,4484.532089996123,3987.284532813403,3020.0453847781823,3110.4995177046717,7072.196142666434,981.1125930136656,2721.388912603452,3539.849513588113,4867.213274504621,501.47918432273923,873.2518803838901,6717.037382349454,4876.8212600218385,653.1798449439489,6746.465094481553,2722.390494198986,3024.3484838159766,1023.7573652785121,528.416435370816,4917.40979054634,4046.031293607601,2700.164484369425,1026.329217876018,1815.9729212752598,2134.132477201216,1669.9696347257336,3827.1956148621402,1762.5895507428831,1391.4525967509635,3344.0141280574753,4957.897861068237,2492.2303310669336,6552.248880929508,2795.9003506800805,5359.224001280129,3403.7098062721207,3225.8092841245284,4986.085226375598,4296.612188217712,5202.276715310807,2988.677153031086,2751.5376795095867,4362.171461895211,1603.183238887557,6084.680304788165,4271.575255454362,5850.430857251883,484.8245616096607,5225.951906148486,6827.649384180253,1819.693180077345,3507.3764949574484,2768.112471657537,4750.227861085508,3453.1520590939804
6168.543660515422,1031.2712382884533,6017.965513815861,6470.948307288816,2903.2101626854364,2876.5254065059116,686.2916691968511,1757.0097154000034,2656.8621309266314,1144.6013698510935,4517.567100656392,5472.856702989582,2427.1024359383764,409.74550350430917,5018.790292612453,5762.640382650387,2218.7014536277748,3656.384549170533,4339.489207207342,6913.587102368278,2987.0867145071297,1859.3322666605345,1656.8861760398627,3351.490166852053,1280.4910869494565,3814.157202618292,5053.743339355987,3179.164439937796,2741.257005863733,4522.4922614002335,4511.005186033818,2620.2200702950504,5287.062563597768,4287.608001742696,5031.78696410172,0.0,3941.244518761301,6444.417366981828,5359.19408450655,2568.3899813447338,3060.5743014409895,2616.9513788349223,2552.344761348866,2282.525405136162,3032.9328623050665,3228.5507080894668,2221.5941241156097,2535.734422440962,4920.525176915671,2579.183875219834,4956.574729025076,2340.061190765105,2588.956446493838,2743.9692262447115,5488.631056522656,5857.022668975936,3139.6720790248146,5724.745030043259,5154.597758297441,2394.199669018856,2339.3566479519536,2809.269996952233,4491.678998428316,5546.328127870005,1760.0955772926084,5942.313253918881,2687.8940601775953,4421.421821904126,4339.371397815241,4468.77101346142,6573.821620879746,1321.1589537568902,6472.78142568865,5318.073874784461,3894.986096673517,5562.834225480119,3121.21809111539,3286.2832444160986,5328.45725354206,336.1643540249319,3999.8040914131034,2727.0106916196714,3626.011989214184,5101.77240399148,1069.2234188517386,5593.223396465584,2591.120555153889,2843.5966151592243,4929.092927863503,6358.862951948642,1285.88143994149,1055.6951809234524,4921.955134989753,4836.482141019132,3572.844009597536,3380.62216431532,4538.394848809433,3272.1067905412256,869.3963280144447,1621.2049589206792
2230.234253372726,4462.553340895433,2492.826076713135,4163.100319541915,3934.3189484964237,1465.8537622286885,3778.1409827460116,2443.0829678756304,2071.8761749356545,4563.607272478319,2912.985348873729,2215.5961677905116,4030.457460390818,3533.52376839268,3732.9768235654765,1947.1986833482092,1900.9567856319095,610.056042019912,1313.7244633822575,3561.573231765002,3857.4117744774153,2980.8607535262363,3526.331421226598,4749.564411927056,3405.0825870573244,2995.1276879500474,1139.142016737597,4352.169524519121,5034.4375125772485,1721.7069948980868,2845.5985425442564,3023.7723252885626,2113.187001025938,1440.8437900542863,3179.37084797763,3941.244518761301,0.0,3670.8442096881467,1598.0157555330923,2011.445577103691,3625.8695350943067,4232.934540565446,2263.738686649367,1705.3340913879601,1270.9971857907474,5528.319866744054,1808.6491412203195,1545.040993794663,1002.3220049450174,4889.619211024515,2363.4118633534868,2857.9283034521704,4354.127521242344,2147.1680609072037,3327.721520434214,3545.096277812494,4072.5003959447326,2138.3971026282748,3753.156600560254,4528.887300927237,2333.626658706358,1213.281380321152,3577.5634340176275,3611.813185071453,2747.4188840744696,2017.8533066945179,3496.2998206933,2154.984642545742,4147.194258792443,1158.102663442667,3897.3135496226114,2718.073141865391,3577.285536270483,2353.066967333696,172.23733451839084,2098.184299027376,1269.7061644900366,3801.9063339840454,1528.7497041690635,4246.721690794088,229.37116483333307,4157.181498560052,1914.3649443126042,1443.5083956475626,4728.476384719395,1750.2539025558547,1710.590699365865,5209.215986483666,1866.3701163917087,3198.1178367335065,4076.516942992387,4219.863358371335,2738.3009523545797,2073.353243000575,4024.171387441768,1884.9877345388745,648.4819698357079,4159.15974828955,3192.5116665573833,3155.1299123847493
3510.6767934040863,6404.476946270163,5002.149199497551,824.7068486177377,7476.824390541281,3712.5456706342347,6624.037616506265,4704.8405086239645,3789.788033018337,7431.455538360302,6515.820727326528,5181.726307261413,7457.750824775322,6118.969610001753,2165.9017886081538,4143.313639412058,5174.732278778198,4277.847986191421,4812.656711200166,5929.726144222176,7421.458679847918,6302.633702972909,5125.368570037574,8292.080942801089,6512.007842602311,2912.80400781515,3070.3947837533856,4686.409826976083,5850.499064319899,5189.189960303245,2064.9507563031616,4061.79419065639,1563.9371030537,2392.675347594194,1634.7463417194115,6444.417366981828,3670.8442096881467,0.0,4172.752999556167,5513.261466521699,7217.797840923227,5020.49616748833,5782.351688624447,4868.956256456716,3629.871260801545,6115.5533480667145,5010.84358428259,4135.816261105539,3131.6212148023264,8222.47436863971,1516.13692027897,4227.373796596179,5169.291920395771,5713.562077830694,1142.3479969396367,815.0029449179924,7645.4863934413615,4720.204453350935,2020.4427680669403,7876.375461334293,4106.412896210511,4023.140085483601,2625.968393551796,1343.7062847307814,6007.149413544164,3650.516952206221,4305.788661840825,2029.5581898563535,3381.6000660634013,2521.4542528469556,251.2377079281694,5163.513824272091,218.12002156840168,1325.3726213031562,3841.1207484640468,4878.855285206971,3523.7083451365547,7415.707707027361,2576.6826965608316,6779.253764923097,3852.2167538647145,4856.026203251482,5584.438455943265,4313.133041287041,6739.354793439799,2621.8556689842785,3946.5514140880005,5996.900720220905,1816.733382195912,5916.091800285894,5821.379574183855,7154.770252343397,1547.9528990331066,5452.7555623578055,7659.2196024234745,3069.7943209838995,3717.4283235221897,4402.036212557206,6029.819768603702,4941.566199209517
1130.2461133792938,5987.517265312309,962.2000219294325,4864.108055516241,4598.20099502512,3062.765971160709,5075.012625478384,4006.2540549186338,3664.669152300927,5798.100225121069,2710.4813580168748,1011.8429354104323,4863.79695807545,4950.4252390153315,4927.5701825030355,413.02567910119103,3164.2209757505875,1704.7334557897902,1231.6546800532203,2040.5635393608798,4484.899248101901,4038.2029853454615,5114.765270690142,5351.396155864374,4587.428583319963,4425.483416166532,1159.8090604168426,5923.176006880514,6632.428405667792,1389.2141152554564,4073.9190068161633,4608.2242793754085,2734.4798823705028,2612.914921701432,4268.35250832098,5359.19408450655,1598.0157555330923,4172.752999556167,0.0,3010.874387428675,4210.997585679313,5827.024860788222,3186.662996905227,3078.270967575467,2866.2423661546836,7125.018066042008,3139.210553984711,3122.6712124797896,1157.8544791073703,5769.143681133968,3307.2421482975815,4453.936205342977,5949.934073038793,3004.8823446011993,4251.184164661066,4349.668051715672,4661.759432269538,611.3440534404504,4907.050570682659,5416.798758370112,3931.639987383509,2788.4380010123946,4900.16292926919,4584.853944205855,3889.525383634487,838.5913721103977,5079.488780680985,3331.9609685018822,5562.5332590884345,2168.3675117804637,4423.37240908382,4230.624048517901,4009.913423410784,3055.499054544936,1560.4689045392736,710.8050202333973,2857.2128989244047,4309.6482853393045,1601.7757118738562,5638.277444395672,1443.0921815216793,5747.002820840268,2298.906374793241,304.78830412763557,6232.478395414219,1565.9217380188575,3307.474373589159,6807.22348564883,2685.955656927344,1817.6687888427311,5640.05573450653,5440.654496701753,3785.1251368917774,1472.2209354240958,4439.777243503215,3390.4859767074686,959.2969534247463,5716.949998256413,4540.122994460062,4739.427882891035
4002.600868402069,3430.0748820200706,3522.9469870534526,5863.987455765913,1964.8062880436842,2056.334604747486,2135.1664541334944,1992.3870756582414,2446.806642230644,2802.4179667410426,2092.6878224802185,2938.968597969362,2019.108372053863,2191.757298830781,4972.037961814551,3423.66749516027,578.8255493065247,1470.1133202488163,1852.0401946710008,4361.029142685588,1908.683490128471,1030.325469465353,3059.761381360318,2781.926903134948,1588.9203012955059,3889.4017043659805,3102.1561169014362,4458.537517655425,4662.945999614943,1973.0277055371016,4156.025975246064,3222.7543208989728,4015.356976574436,3124.90709111167,4621.7793933583625,2568.3899813447338,2011.445577103691,5513.261466521699,3010.874387428675,0.0,1717.472032804319,4092.2583208035635,269.3969159455989,854.5268747581904,2031.0285352860014,5199.378782390161,744.3624608166374,1677.3652313220277,2967.9086749259986,2883.919231935943,4054.1620290247406,2911.464870531843,4158.414278562684,280.8280507534815,4919.860254988652,5214.254865801057,2133.6348157376888,3264.025007018941,5047.632142730392,2522.8909397851503,2431.147217160861,1599.6937596977743,4620.007588787057,5130.263816871214,893.3412657461877,3734.2870711615087,3615.943399211055,3660.648555563071,4909.500122545369,3032.5888333410776,5716.455528383475,1881.3011991502053,5454.752596004698,4195.58102895046,1879.0704965721748,3071.3541505682792,2130.0659890871925,1933.3039586764419,3535.6517336911165,2786.3084151667413,1937.8208271594667,4098.207102741393,1064.1467887566073,2720.1996519639874,3587.6155928445014,3741.524476669102,2000.899154985328,4818.195113703159,3709.2241457105283,3794.8254153002877,3299.0524391385475,2443.7364810635786,4284.5070539034,2271.3658314743134,2205.8810495865364,2851.1662571803836,2404.2537159967123,4380.193308705222,1699.0339788494523,2705.076787138768
5316.225664510678,4088.8254579429044,4397.612592157931,7581.402766425551,415.5674038624784,3741.191772209091,2389.0651903642142,3389.449277084553,4050.8235255909385,2587.2934809568856,2002.5199929733537,3746.2077772693015,899.2526264988054,2848.2548915574603,6645.5788303361505,4596.753001623864,2173.2123953320806,3028.4865085468023,2984.7590108858035,4935.530240290298,281.8348041708123,1342.4282100946775,4221.667142997538,1149.2924922616526,1786.5446960392565,5517.734215043344,4619.619840453541,5771.9670577419265,5685.185819255163,2866.9262755704062,5852.509469221301,4686.013527238904,5699.327079622645,4836.156749220708,6328.400707424032,3060.5743014409895,3625.8695350943067,7217.797840923227,4210.997585679313,1717.472032804319,0.0,5308.877295132842,1449.4180085599876,2494.3916949799604,3735.559627136609,6205.357319284844,2357.3905450141265,3335.8196941742817,4494.201531908866,1712.751402091091,5769.91103952262,4354.798715661609,5337.554665483531,1504.2762447386453,6635.920850736241,6931.726358531833,456.2996654228448,4248.788501894864,6730.008469283973,1423.2606661413076,3957.6730094791815,3304.5335740780424,6259.499615271575,6841.023635768333,1616.238740416774,5027.761681387951,5007.298426619388,5376.9816662987605,6462.800196091164,4715.542659002037,7425.306610661744,3095.2552329113346,7151.34059868113,5895.40686119898,3471.5048186250588,4002.9386331768815,3837.148647142694,248.1314964550047,5099.841138548533,3099.2189784970014,3501.7329204255434,5358.1342896968345,1917.2127155373241,3906.7404897497354,4108.707420056094,5269.996980366972,3641.692304571049,5813.426033615805,5405.966436629532,4312.314474708216,4203.365195974411,2309.1099587265217,6000.23124937706,2973.4297519659012,555.0060004360313,4535.8890106545805,3873.50943759235,5753.039749450459,2386.311000527802,3941.2460771347432
6216.55203313163,1891.5027403598972,6718.652723792248,4744.194314434643,5276.001919404693,2767.994071087581,3223.8991018611296,2113.103817698506,2162.360916347223,3738.832073032032,6165.33587215206,6361.267210998764,4892.236921113695,2598.29109000897,3052.126821953668,6151.4825542274775,3522.0632314437516,4332.014151638127,5255.930024751567,7772.464507733245,5323.45648575519,3966.7615879058076,1087.333360828224,5863.737336707026,3624.8455217099945,2117.9231909852156,5025.582175846795,582.2316517306489,874.6562114802595,5591.263307305515,2969.994005514826,1241.6263487317751,4439.248853324287,3648.460320356794,3391.8688828529325,2616.9513788349223,4232.934540565446,5020.49616748833,5827.024860788222,4092.2583208035635,5308.877295132842,0.0,4240.746650899697,3321.461393298137,2961.9723132115873,1307.146267962771,3384.2087481526614,2801.6289448622565,4926.825903766541,5184.599951001427,3819.4771097552084,1376.70842339146,150.5152818819406,4363.643525149597,3892.7208643442445,4258.480528531273,5516.710076559942,6367.5951842180575,3211.9224459063453,4969.5511788961385,1915.8748503607953,3115.4567484466866,2496.4474053254157,3798.7905509043267,3709.990126854383,6088.315066237128,801.641518927257,3319.5530080708154,2008.0898097557786,4042.557815583223,5060.687821274891,2249.4376873098754,5129.033954746059,4307.219936052605,4295.834020976369,6304.632748428175,2970.582070920108,5555.545977613721,5045.517544493627,2837.040776203437,4411.876791934811,172.35950107261235,5036.182384173254,5671.9949054621875,2184.6606707031187,5322.79799928609,2548.1863594770693,1043.6864358958587,4125.526256018255,7348.407503436714,1363.7607179677818,3670.3374761469827,3530.9286867975684,5966.966515300803,5861.628985667807,2580.531116734305,4868.273868018725,766.2241584549524,2959.1151570651996,1395.497843617467
4205.989007556725,3461.802014835626,3642.708226520483,6132.508379198271,1696.6810948510627,2310.7529595439228,2061.076693171799,2163.940716592994,2677.9392860528033,2675.667301868451,2006.2715478110135,3038.5907978530113,1770.3146558691196,2196.451532666496,5225.528335118852,3597.7987995461895,782.6321956097895,1706.2306661527334,1995.377786999244,4435.891699761165,1639.367256236381,865.6497339894463,3188.5510793476396,2514.2305879312266,1472.910057980459,4130.293273772456,3339.531065549473,4629.13082927022,4775.440016905876,2067.8022789159513,4415.720118557901,3421.3792217624746,4282.122854943094,3394.2788505096337,4884.845062879784,2552.344761348866,2263.738686649367,5782.351688624447,3186.662996905227,269.3969159455989,1449.4180085599876,4240.746650899697,0.0,1085.7101506336762,2292.5056394750704,5311.487045950503,962.0354592986683,1921.9335689437862,3206.4744368046972,2647.82568141428,4323.373799871693,3103.5733503253955,4299.490506521558,200.6603619776465,5186.799251500872,5482.552982953197,1864.2435567556618,3401.349461035135,5303.541277086849,2287.2862619936745,2641.22428262236,1860.9368420365588,4864.503338599019,5394.862105117516,807.6520808826036,3932.746398472828,3799.8251712868314,3927.7318414226047,5133.791606944909,3298.8481596099573,5985.787021984411,2003.3040489523798,5723.174204065869,4464.197900663679,2126.136483481952,3196.36106680863,2392.621297875826,1667.847238754497,3782.692168625145,2743.430545526895,2179.082375601712,4255.838339397891,1092.5661203789914,2890.2810515159254,3596.224621437599,3982.6931885955014,2241.063886577533,4926.309495408099,3977.457475795436,3854.1261153854325,3376.6970116652456,2318.3420120016804,4551.238365927783,2336.1724951060446,1944.3594866140365,3106.512805678579,2628.7160232145657,4563.195843828862,1689.1665683436906,2846.5048015480315
3907.4327077262637,2957.055129127795,3777.581460420543,5146.244979002846,2673.3560210499463,1249.7496413322149,2072.8354642964305,1209.778335257331,1593.8005436026176,2861.6379566166297,2850.582394259987,3278.686082649877,2592.682946140928,1873.1398777437848,4152.2795065194005,3480.409328818235,322.5688053516646,1374.1691632637517,2126.6387981124108,4732.547114865842,2644.5598573322177,1433.8483576728047,2343.4057063385335,3469.4422577276023,1733.5623022184695,3044.946632790302,2842.8695429676327,3648.7656801785724,3960.14355882069,2383.392482160041,3361.6725411812495,2381.99638040636,3446.4560798520265,2485.6438160388147,3845.901166824233,2282.525405136162,1705.3340913879601,4868.956256456716,3078.270967575467,854.5268747581904,2494.3916949799604,3321.461393298137,1085.7101506336762,0.0,1265.9750576982156,4492.991327555952,143.15736763785492,842.1867561556639,2706.3961203203417,3362.3783144854474,3370.37618845879,2079.389899116806,3401.136758210408,1133.5645602337786,4178.928433612737,4494.093889083538,2871.8551879682236,3468.026957887294,4235.633111273096,3011.655837366879,1582.5657942483783,848.498138050992,3780.5404610973287,4364.510322131682,1143.870392489027,3671.1688851176536,2791.0108765624686,2929.097867862049,4055.0633606404967,2494.5769350928026,5055.618007888847,1235.205260351493,4834.178267595848,3580.5543111469487,1634.5144447706784,3325.3357693629973,1371.4610426935212,2726.5105415138232,3189.793248611734,2570.292298687641,1732.6620880566988,3311.005474895504,1715.0474078255095,2826.5725960387076,3176.4752373694027,3433.4677454809444,1156.264250405157,4123.556557515491,3112.4995404160304,4221.59624927124,2703.502208748127,2522.1569874861084,3543.906554442992,2739.6949709507808,3014.271760413948,2042.3544069646675,2267.84347615262,3553.7602333092195,1492.2335022177328,1968.2755353925934
3361.578354394406,3357.731554455329,3760.4903389272254,3880.696677041636,3935.215460308368,200.5453551095115,3064.0160799514415,1328.8991462424826,801.4808031949359,3880.873776153123,3691.4618336969165,3439.8358071617313,3853.5076111226253,2652.077724484711,2956.7297807620157,3200.668936863199,1585.394518988886,1462.9553555611326,2398.3646326163584,4822.756478664976,3900.8618602002557,2686.9939236405057,2302.9570415520134,4734.813597024069,2887.585501470909,1958.938406894152,2170.935890040284,3095.5224693458454,3769.1596296443854,2777.681451877627,2125.724391684397,1758.550842657954,2290.0745188314286,1290.7281185447227,2592.9860654284275,3032.9328623050665,1270.9971857907474,3629.871260801545,2866.2423661546836,2031.0285352860014,3735.559627136609,2961.9723132115873,2292.5056394750704,1265.9750576982156,0.0,4258.803816454217,1409.0156076115693,519.6931898129899,2052.94055754106,4594.350327518789,2119.1900226152443,1587.6975239714272,3083.784283497145,2283.001266439421,2913.489755977357,3228.585181838014,4128.286646449105,3407.640962321148,3024.321566164716,4250.85430711757,1072.9470154154865,431.5689732522485,2651.3262392463134,3106.253000817544,2384.861692259952,3193.67070673011,2231.0624169529633,1663.555166323017,3074.22598775578,1436.470160531363,3807.0759264390827,1716.0415952050812,3610.1435284999397,2375.788147980581,1341.5715288936328,3355.1730967276485,106.59831998676148,3959.4178666814146,2343.6097846213647,3363.634477895153,1455.6901958016342,2887.047094841718,2538.6497716552003,2712.0804736985588,3653.5140568785287,2619.55516601197,486.09822262275355,3944.255924999416,1937.789625985236,4429.566791292463,2905.669296438258,3576.719014263911,2278.1554955485367,3155.1984628934197,4236.392073281343,842.730561739634,1908.8472183624335,2916.2407691327544,2455.94470453734,1948.8507179363428
7522.579454107747,2239.728645739925,8006.328356426309,5728.474150322491,6101.884947530967,4062.524077905877,3909.0158844624816,3293.490785272824,3462.7046761225542,4203.016564136287,7291.8362424119205,7628.370001064775,5649.766223821035,3363.44031475586,4016.0383798188486,7454.427163390357,4651.708829553393,5595.843333304105,6506.859368399012,9051.978789453387,6172.1532314420065,4891.941438750877,2150.5913290611493,6579.642239475107,4434.759101820076,3294.592851223046,6332.42764658626,1438.4765916899726,536.4594213489031,6825.783049846369,4124.936610273302,2548.275367051214,5689.475605575087,4939.4805047196005,4484.532089996123,3228.5507080894668,5528.319866744054,6115.5533480667145,7125.018066042008,5199.378782390161,6205.357319284844,1307.146267962771,5311.487045950503,4492.991327555952,4258.803816454217,0.0,4535.215151975041,4062.511569404449,6233.959174280338,5756.7800943403245,5035.703612015009,2671.195914299436,1176.6132917968416,5457.0519818012535,4973.301954397099,5319.95517811015,6341.9330615711315,7657.610956620348,4176.0370233885615,5608.903837386142,3198.571707937466,4385.627310684869,3499.545441457933,4821.311553741886,4678.481854337152,7395.456846314026,2097.5482723668124,4561.675532611344,2821.661234487585,5342.175229627909,6122.495477977016,3318.0802470062413,6246.716945929677,5532.8535432677045,5584.699094390762,7586.139839538551,4271.723071123056,6444.38251474825,6344.219544999526,3332.7733188961415,5701.464766274891,1415.1666802468885,6198.159728727552,6962.590532173208,2389.4304790660885,6620.247476901827,3829.706831959073,392.0076828634867,5389.295013881222,8611.252678963032,2002.0637793099895,4243.22647630503,4697.723995417888,7197.143255157979,6743.12956260474,3881.24631070034,6167.385223060499,1721.8702176613083,3821.4988480293955,2525.2069344194347
3994.654712500193,2936.679137121385,3812.0290411406886,5289.374278750276,2531.6890910680563,1390.3005371116706,1975.875712910101,1271.8480859776453,1716.5378010475035,2755.0253418253706,2781.213954610468,3296.8086369361804,2449.8699922528544,1814.136885513605,4288.260006136988,3544.713200170078,184.43282972670582,1441.1436458160576,2147.3530512521684,4749.611317317029,2504.2108621887255,1292.5428521639042,2384.761979521017,3326.7470895403217,1610.3270033257224,3173.6475534668307,2947.73946200033,3728.30457451212,4000.6368518297186,2383.531104443573,3501.6547829626206,2479.1494937288476,3583.708462246615,2626.2072142268207,3987.284532813403,2221.5941241156097,1808.6491412203195,5010.84358428259,3139.210553984711,744.3624608166374,2357.3905450141265,3384.2087481526614,962.0354592986683,143.15736763785492,1409.0156076115693,4535.215151975041,0.0,978.519273740175,2810.956449790355,3223.143891846127,3513.1112535194497,2170.204549497121,3458.937033646175,1025.1659966312773,4321.775889854771,4637.2245604358,2731.4095805428015,3509.5383794966538,4372.986557276388,2871.574846982227,1686.9901864071412,991.4127437878735,3911.165160753634,4506.392255849572,1005.626979953303,3753.331559034586,2877.9198312845688,3072.2193597256364,4172.296924786873,2628.0923826916737,5198.060980653555,1245.7641038932693,4975.097965831526,3720.694633413766,1728.491050490282,3358.110048855754,1514.5562609837245,2590.988909815131,3306.021516664705,2499.7095488816294,1822.3248319248682,3380.284066176836,1663.1180220501487,2880.186706882038,3144.1267637692354,3546.057055075256,1287.4180926715296,4161.802182564664,3251.2445211046493,4227.489138382262,2710.9898341943303,2411.6528880748997,3686.83487804119,2732.0218888014056,2880.562740177342,2181.45383936241,2353.159774143906,3641.8872283382143,1408.4247788313019,2015.3556765613362
3741.1793239540125,2935.952046529541,3959.790708291159,4353.2948351670375,3503.450659662271,429.8556944487301,2544.925006153422,901.5442991633851,796.6383860598231,3361.7792912326945,3533.136633034873,3565.9988508312786,3383.7061741885923,2147.3449156225465,3310.1644689744644,3487.6880196303396,1162.607944611596,1533.5945938601244,2454.4024565838827,4992.743939476268,3480.3125077189547,2213.2909500842857,1993.8854816623748,4289.438684052961,2376.3837247694237,2212.3346034424812,2573.3573595684297,3029.635499688535,3549.8044775695744,2796.294429608048,2527.495423456193,1698.5324726436643,2809.517386131113,1810.3885023938924,3020.0453847781823,2535.734422440962,1545.040993794663,4135.816261105539,3122.6712124797896,1677.3652313220277,3335.8196941742817,2801.6289448622565,1921.9335689437862,842.1867561556639,519.6931898129899,4062.511569404449,978.519273740175,0.0,2446.542380610849,4098.698132373497,2621.073841260105,1446.9962303658572,2906.9873494520066,1948.7852849531678,3374.1988175649935,3702.6669570527138,3707.208984175562,3617.952776882114,3394.488445634924,3759.82070313918,901.1656389748781,334.24472495463567,2943.158835723618,3542.905907761311,1904.811152662909,3548.8669848868667,2151.4505662557067,2143.2387718726072,3255.872407946141,1938.4403826439957,4307.068405216012,1232.6520681863146,4121.965089857506,2893.341789340658,1562.2502471806492,3530.5661057395596,621.3422287033131,3568.620319828098,2802.307924236914,2863.0386188993325,1679.579516230476,2754.9034546132466,2368.547732686213,2928.708157665594,3216.3360783731855,3072.3186116238007,329.6759059515876,3722.3683489038267,2457.480072124696,4550.317191513686,2531.851670736262,3057.0381177330783,2743.5908385362422,3174.052080276724,3856.3023631469823,1205.7216164355682,2191.5166909745403,2891.268449156875,1936.555949305106,1616.8803960482046
1309.0579735741273,5381.683637665261,2109.585959259779,3768.289151178423,4832.063860989111,2251.849185114536,4778.660198476765,3343.7412072492984,2798.9370429470177,5565.854951198243,3428.5843250312514,2109.89843031199,4975.813853105138,4515.3191730048275,3772.789733667117,1327.9802222058884,2901.2110790483684,1500.2439665394427,1721.0834510679604,3173.60550405497,4742.896529935479,3963.6656733445616,4354.587350356517,5637.085509485997,4405.0295698832715,3337.4024598732467,136.94215305741335,4949.995661598301,5769.755137758967,2073.4729064774397,2927.2637362166392,3686.187422669932,1618.4024444976594,1484.336040178571,3110.4995177046717,4920.525176915671,1002.3220049450174,3131.6212148023264,1157.8544791073703,2967.9086749259986,4494.201531908866,4926.825903766541,3206.4744368046972,2706.3961203203417,2052.94055754106,6233.959174280338,2810.956449790355,2446.542380610849,0.0,5851.397604004448,2151.7116618982664,3587.777989515516,5060.351630326197,3068.242674940331,3104.0704124706967,3223.349150545904,4948.647266234784,1766.9894444964862,3749.9362402048923,5490.405186347634,3111.48720914292,2133.5687863195317,3766.116119521675,3433.877824169782,3740.9069697457057,1161.5476458953376,4145.729016772924,2185.3616228571873,4454.885000881616,1030.1550068256715,3377.6226034631222,3664.1027618784105,2992.2631089683605,1930.1329422410258,1099.9518177506686,1853.4209324511257,2009.3845362291906,4646.799656585702,622.1634852576933,5231.846759775748,1030.5349340551243,4827.010688180108,2645.9476608054815,1214.4734724620378,5662.4267702577845,778.4946063711682,2535.923773144611,5944.916241059919,1533.7583628528323,2974.8229697462675,4954.064822076614,5222.145684459024,2627.3297031177867,2321.696731499616,4839.653425074568,2382.9053837341085,638.5980832487676,4722.61446316815,4189.722457040323,4001.584656241324
6831.05487835261,3517.215081609454,6060.002819519558,8445.307495186305,1300.9237349368325,4527.904311669582,1969.0004172627798,3756.938507911994,4622.399516637435,1569.296670615534,3714.459574307546,5413.234303364671,906.2499516270326,2607.757824996792,7232.468169726085,6171.280741522379,3071.954052914854,4351.958138347495,4540.842034093787,6643.745404538692,1442.2483181730522,1935.8912425291353,4163.84374543546,1054.440786635266,1765.2872525016994,6027.366562428819,5985.2533898201,5733.794189703446,5296.124485637115,4492.148646277079,6558.248301433089,4957.879533237672,6805.303077023461,5847.215144852633,7072.196142666434,2579.183875219834,4889.619211024515,8222.47436863971,5769.143681133968,2883.919231935943,1712.751402091091,5184.599951001427,2647.82568141428,3362.3783144854474,4594.350327518789,5756.7800943403245,3223.143891846127,4098.698132373497,5851.397604004448,0.0,6713.523478900479,4634.02961163791,5164.36311446552,2801.22686093076,7459.522203632682,7796.804170675316,1384.468098192948,5882.0490404413495,7345.9841253161585,361.0287162539844,4409.057014770505,4201.476368960082,6760.157395152867,7600.472050338189,2218.7395512085227,6551.217662614026,5142.746766165334,6241.612786142056,6762.121730251312,5840.9194519398225,8401.383611049076,3327.3381936139285,8194.076575627665,6942.588157755939,4761.995847143296,5646.486299176595,4700.830817957609,1760.751880423814,6417.227852395846,2425.7397062267414,4821.662076743351,5284.026359352308,3489.047278971295,5465.587128545752,3396.964572594922,6625.440898606522,4330.754661001821,5383.103528789409,6474.377408686954,6021.44560569146,3864.712336267733,1526.182258877687,6835.1758110089595,4643.604198168164,1872.8741294451686,5261.3181199522605,5275.929620138805,5799.11961129308,2388.7377912414327,4015.3275291588607
3045.8064479813884,4994.349775563683,4246.061644845609,1822.6136219336229,6008.030881312279,2196.6975183852696,5112.4386528373125,3205.9855983488137,2300.875229766708,5922.2923471258155,5275.875171434688,4251.008133017861,5962.970424721223,4619.742500363846,1685.2924322185154,3419.591838240494,3681.650723480434,2940.5727226792064,3628.886406450469,5287.11271288451,5960.4337093554705,4801.443457064241,3733.296341477596,6818.7199165336015,4996.663204124229,1745.4571841408772,2151.4528460649562,3605.7991970570133,4687.59207471608,4030.7660358131684,985.6306268871718,2715.1873969236453,737.3955572696381,947.8750658995098,981.1125930136656,4956.574729025076,2363.4118633534868,1516.13692027897,3307.2421482975815,4054.1620290247406,5769.91103952262,3819.4771097552084,4323.373799871693,3370.37618845879,2119.1900226152443,5035.703612015009,3513.1112535194497,2621.073841260105,2151.7116618982664,6713.523478900479,0.0,2823.733298620286,3969.7475407335414,4271.540938431001,975.1307759398222,1186.7069240010358,6186.422357215033,3912.2997671324983,1633.8270420166882,6369.752196480174,2630.9054818265517,2522.0138690423573,1839.1060510247908,1288.6488731566867,4502.27150493004,3065.1096147984663,3042.360575004219,544.1388326447578,2625.412501919079,1233.8842224005462,1687.891846281627,3661.107536673841,1519.669830533593,501.8171057477019,2534.7336454014257,4004.904799303599,2012.6942092906215,5977.943682647069,1814.8071588036566,5292.492124395558,2574.862889760346,3670.038926006372,4250.70896595815,3354.355452201362,5324.94631452534,2011.73838651948,2431.7291320352683,4849.24440896569,625.2388918165599,5124.885416832752,4430.055134617627,5641.46998287902,501.1736670835767,4346.17437038932,6234.556236461502,1576.537425596361,2598.214510525642,3329.1883327658106,4515.893081299535,3507.928906204486
4890.227889546458,2178.899835543158,5341.971265453419,4163.480878978189,4410.996708151685,1392.1928329944096,2723.30391304129,965.3778382731816,793.6473677931532,3447.1517645003682,4919.358350771572,4989.878976015049,4132.2416954196915,2108.0935918533132,2680.2397567269977,4784.7352475623975,2333.3755875051493,2965.3364800727086,3895.9345297168434,6396.4180857367355,4428.1145268714545,3046.4212667958454,909.598372288012,5107.3823645414495,2897.4025721963462,1474.3070801498573,3693.671333868242,1587.9717383032983,2186.91925869155,4243.00533958891,2209.660562216966,333.6896696303312,3325.9078091396336,2422.4847758854953,2721.388912603452,2340.061190765105,2857.9283034521704,4227.373796596179,4453.936205342977,2911.464870531843,4354.798715661609,1376.70842339146,3103.5733503253955,2079.389899116806,1587.6975239714272,2671.195914299436,2170.204549497121,1446.9962303658572,3587.777989515516,4634.02961163791,2823.733298620286,0.0,1496.2043806342103,3191.779800106675,3197.8472687512763,3572.3432053330203,4642.364690638275,4991.126376243543,2814.7182255625517,4351.2497197201865,546.9584830898962,1748.562654350424,2162.339558085408,3224.1150590500015,2747.6841072263023,4745.987466542764,714.9714018931104,2282.100713974955,2144.9241859207978,2768.4759116690902,4327.060125521368,1320.5522379326767,4288.053608718646,3263.711533018811,2919.1363222112464,4928.409999415633,1601.9249853501256,4601.8571984581395,3764.848091661601,2658.0754190391217,3035.2269328615284,1313.8080223491559,3764.999932835325,4295.572768174461,2512.871712408734,4045.277062440223,1175.1205176882925,2362.250384031718,2982.5103674188626,5978.362972522328,1606.514927546271,3252.9670814015326,2679.6951660315763,4620.953718342134,4906.717584481096,1342.1542490209533,3496.1927811013225,1474.8269243735003,2246.1045904231623,732.6628363619926
6352.661710285619,1817.85078775487,6836.293223122675,4887.619518338349,5293.073868851067,2888.3401636026183,3211.6021230477786,2191.358827592597,2286.452858892569,3698.899416268169,6238.311233595596,6470.789025498514,4897.750721915112,2593.878988990042,3192.129131285418,6277.921333464206,3592.0585411287498,4439.661775160919,5359.718598056898,7886.806457919772,5344.286940439576,3997.05712060023,1121.8337294135888,5865.242173697178,3634.237001431388,2268.0031970438226,5160.382259714196,668.2715986999592,727.5363184673326,5690.253100163209,3119.924479079902,1378.581531012584,4588.013394059459,3792.14231981897,3539.849513588113,2588.956446493838,4354.127521242344,5169.291920395771,5949.934073038793,4158.414278562684,5337.554665483531,150.5152818819406,4299.490506521558,3401.136758210408,3083.784283497145,1176.6132917968416,3458.937033646175,2906.9873494520066,5060.351630326197,5164.36311446552,3969.7475407335414,1496.2043806342103,0.0,4427.359084879834,4040.4974837459063,4405.614063788157,5534.169863418541,6486.281275021381,3352.255634967745,4957.971410199539,2029.2976659241,3224.6583940606797,2637.9198894136266,3943.593659547596,3747.3204366817904,6221.602457530214,947.2464488716756,3469.0582251879255,2130.5202911939136,4183.333978897334,5208.208189425611,2300.353153767917,5278.562076522923,4457.181888336283,4413.619834561423,6419.564517291263,3095.417849036863,5583.40202696134,5186.440025143354,2794.9910070683595,4530.042049596119,314.69863574219664,5116.072907198352,5790.874210286129,2099.850005400624,5464.1406926019035,2661.709483400659,898.3057134678595,4273.271053743256,7456.694754990377,1317.1108784062185,3644.4777146122055,3681.237558044034,6064.8962099406945,5888.7915320504435,2721.4070415022447,4991.825499796442,883.359028458984,2973.8518983804493,1453.9864597873673
4037.077069030142,3641.2778575896955,3445.268237762773,6087.776702364337,1788.6606378611907,2318.5773739437723,2260.7607182426445,2268.9645364121493,2723.6361954861004,2874.8412309115433,1842.103259141843,2839.0179381560797,1911.5796798187619,2382.663089511398,5232.758123022026,3414.88187766151,858.5417592289847,1571.202855127561,1804.6300248818316,4235.2394221579725,1717.8353740335542,1062.3779875002115,3323.5896553723355,2605.671017117856,1673.3958505855692,4161.005335065674,3199.700295377834,4735.873803089457,4920.632079910568,1868.286704270252,4408.501631390193,3503.507575477039,4197.796377337162,3334.12740019364,4867.213274504621,2743.9692262447115,2147.1680609072037,5713.562077830694,3004.8823446011993,280.8280507534815,1504.2762447386453,4363.643525149597,200.6603619776465,1133.5645602337786,2283.001266439421,5457.0519818012535,1025.1659966312773,1948.7852849531678,3068.242674940331,2801.22686093076,4271.540938431001,3191.779800106675,4427.359084879834,0.0,5153.063705182869,5440.009102244223,1937.9616807114635,3207.2931756827284,5305.345333372843,2442.1014115961684,2711.8204030490297,1853.4359450539423,4888.992304731109,5371.458833957494,1006.4894113307901,3761.190230888355,3895.445239062667,3894.2119256974192,5187.6010817857805,3213.6750757873765,5921.661773895906,2140.968583846573,5647.541814634929,4391.181431198329,2002.161083657856,2999.990076493754,2379.612754947326,1706.5105553028382,3654.2009827524535,2940.0529746922925,2047.1918529852057,4372.306903529303,892.9056014434,2706.6150635147587,3782.652157774093,3846.2679970194486,2274.3203046635713,5073.932741979243,3901.919186083177,3653.8922684125487,3538.4707129476146,2517.809129083657,4519.0137528104515,2135.557504708548,1966.8502601329365,3111.105573230519,2477.8205457510435,4659.680815912179,1878.1231619318794,2973.4025624104447
3873.6026052513444,5354.653452662086,5174.37797925142,991.4142510318276,6847.870391173084,2945.303363819931,5740.967309427393,3796.5250378319647,2879.395776015691,6530.143804656219,6240.282521272415,5211.706301991028,6757.173782194224,5193.014232061858,1065.475548877589,4332.441712131625,4498.879259851836,3892.4816256596514,4602.785321998409,6194.79967591915,6810.623166810069,5587.047898789664,4073.344844843977,7648.239263599237,5709.006341443492,1805.7287109308534,3091.3779064908904,3545.4119992251963,4713.857317865275,5005.33043276865,988.4812182682077,2996.9048803860965,1546.9645545687206,1892.4533079347027,501.47918432273923,5488.631056522656,3327.721520434214,1142.3479969396367,4251.184164661066,4919.860254988652,6635.920850736241,3892.7208643442445,5186.799251500872,4178.928433612737,2913.489755977357,4973.301954397099,4321.775889854771,3374.1988175649935,3104.0704124706967,7459.522203632682,975.1307759398222,3197.8472687512763,4040.4974837459063,5153.063705182869,0.0,375.9772038209232,7037.8848802174225,4849.457966033936,940.1469494552435,7127.052940755035,3161.6799812333948,3339.3874232381304,1486.5782474922066,347.5612436060726,5279.008301544904,3933.132019958776,3200.277205051619,1259.273832827872,2256.529920659595,2208.812160824908,1168.514763646998,4258.256472320214,1285.001758747824,1223.0566367997847,3497.9054435626185,4955.423618461696,2808.786992094808,6852.883784853279,2702.750429192455,5818.6996628930765,3542.9557099489684,3726.2985995425815,5195.209464267057,4314.724687981146,5690.789714712362,2857.611196790949,3128.776300417785,4858.354230165808,1571.5596154040734,6065.566507548161,4762.121937701827,6278.927572591518,636.013030414472,5321.245217073913,7119.78588474485,2200.0877463103607,3571.7353906196636,3261.206695461206,5168.284462591045,3926.979599543904
3876.5527355305,5730.566892141911,5249.163017033954,652.1548139897455,7155.203508227702,3272.839054237773,6098.814478153028,4155.990846288764,3236.9423941618115,6891.537592991059,6454.6024337058125,5331.472991126561,7080.547581584068,5557.095810944778,1350.9070869208583,4396.350546241849,4811.818234925338,4126.675646757449,4791.303106369394,6244.074582328513,7113.649837636163,5911.800943606356,4449.210226296123,7960.118604412123,6052.2270259646575,2179.8764241041285,3195.237549691885,3898.2595706813827,5072.679182334026,5188.4479821111245,1363.7213578770409,3372.8719647986936,1615.2775344890429,2133.3960053778105,873.2518803838901,5857.022668975936,3545.096277812494,815.0029449179924,4349.668051715672,5214.254865801057,6931.726358531833,4258.480528531273,5482.552982953197,4494.093889083538,3228.585181838014,5319.95517811015,4637.2245604358,3702.6669570527138,3223.349150545904,7796.804170675316,1186.7069240010358,3572.3432053330203,4405.614063788157,5440.009102244223,375.9772038209232,0.0,7340.515814381575,4936.0722068787645,1206.0373361886438,7461.227212673529,3525.8448882605426,3649.158729211159,1822.140612098858,530.13359297445,5605.899267643061,3963.220686528824,3573.4101015858787,1565.0421234791093,2567.9411362305405,2399.7576020875526,804.587493141672,4617.9954566346205,987.5685063680395,1295.0363140163292,3716.9409331161023,5059.279298234187,3122.7599611830556,7144.46145543945,2766.281237674326,6187.86497769279,3752.5813135878884,4091.0983967450597,5437.354234635536,4437.65960640347,6066.697734886171,2888.6881026715228,3468.6446812847526,5214.816259293227,1718.5764065365263,6151.697886377792,5138.099141107341,6636.051998265008,962.2671702235302,5490.476534735122,7406.097675214998,2546.130041161685,3733.111427250197,3614.7310594952974,5521.768193622855,4300.7236349629575
5769.788893911198,4169.7002218750695,4823.719407034887,7991.490126718795,241.3325010851212,4121.545788556764,2454.0228228411,3681.444940014994,4394.494676169263,2503.911286703464,2366.7836798822577,4171.706810722201,754.2664491080059,2981.2676949180527,7009.0644535405,5044.96018003086,2549.301682806882,3478.273048414256,3437.6340855543367,5321.755667712019,227.4391748336245,1596.0038656435015,4431.949163210245,693.2059956304475,1911.4202515629572,5861.650469145784,5074.50451617387,6003.622622167802,5832.57450574384,3309.4255039497416,6233.029729916583,4975.701364328148,6135.65127990933,5258.499430485469,6717.037382349454,3139.6720790248146,4072.5003959447326,7645.4863934413615,4661.759432269538,2133.6348157376888,456.2996654228448,5516.710076559942,1864.2435567556618,2871.8551879682236,4128.286646449105,6341.9330615711315,2731.4095805428015,3707.208984175562,4948.647266234784,1384.468098192948,6186.422357215033,4642.364690638275,5534.169863418541,1937.9616807114635,7037.8848802174225,7340.515814381575,0.0,4685.590469936206,7098.866367746121,1156.231790136389,4276.267155088069,3699.439581467442,6605.774535357531,7233.811371469537,1897.554714804556,5480.908013430257,5270.9037013068255,5780.712013336247,6771.2246645918485,5151.5089355062755,7849.878984512946,3350.4852595676352,7583.340431617981,6325.503023830515,3919.980278391207,4437.096175509947,4231.578054770821,390.0813174121518,5552.9038644731645,3129.347895400094,3952.5723029213527,5578.062690706873,2371.276652886584,4357.836476061143,4152.791353541977,5724.908492365097,4003.1206397775472,5951.5613292413445,5837.346094417394,4697.558968128979,4345.569280453137,2272.839806256701,6401.8724179767905,3399.896180439191,510.19214303338714,4912.287431419704,4329.107303637091,6003.425618569618,2560.4535569224845,4177.601747338417
1410.6970958005122,6415.831000487778,358.27235231873533,5433.885682503544,4653.061112780381,3599.809420955643,5382.698250241787,4479.553520991238,4209.101607547744,6065.620732022403,2532.3667399774467,600.4855700222945,4977.869769387001,5320.278547911659,5538.4495192255745,600.6197655122583,3507.0634410305443,2125.2257834244347,1411.9862737640194,1439.5536710112617,4529.270606222596,4266.6949807081355,5610.07288989127,5361.518370416444,4852.650585535291,5026.5393926177485,1761.1830545068278,6487.956414593427,7156.318389684042,1390.0772143625693,4685.219833315935,5162.144323246301,3321.8014169438247,3223.252354353441,4876.8212600218385,5724.745030043259,2138.3971026282748,4720.204453350935,611.3440534404504,3264.025007018941,4248.788501894864,6367.5951842180575,3401.349461035135,3468.026957887294,3407.640962321148,7657.610956620348,3509.5383794966538,3617.952776882114,1766.9894444964862,5882.0490404413495,3912.2997671324983,4991.126376243543,6486.281275021381,3207.2931756827284,4849.457966033936,4936.0722068787645,4685.590469936206,0.0,5516.91296237307,5540.0360445427605,4459.04703833207,3286.119289741777,5510.073653274065,5185.496563787214,4157.072527662946,1158.1405914589989,5634.634609595994,3943.2895685847116,6166.972671717785,2779.6030132322853,4971.427909958768,4664.881304787186,4548.346703618029,3645.088254289874,2072.92234859027,261.14810350067654,3407.9798285601696,4313.94012562124,2173.107882588897,5986.378159109729,1956.2830855093546,6294.682706651781,2399.107524177272,695.6395043785252,6644.002231165941,2098.398730974883,3828.61476737501,7330.311741029845,3289.2665766521573,1216.5700086472625,6103.115787675423,5706.960433579333,4393.080485255079,1307.7870398753766,4403.982663695442,3975.712647078131,1528.028454707896,6289.0952080738125,4881.138725459255,5230.163320648409
4674.469304965004,4857.546533205832,5857.855320613168,1553.3750849543712,6890.578231726929,2992.8517502276995,5507.778586090403,3593.1182919053754,2734.7756336601,6256.206070622994,6610.293334282829,5814.0662793543215,6725.642927225396,4911.774391924878,161.1280337185311,5043.8800294459825,4556.955733769311,4251.951478355792,5065.707540513764,6910.163950115945,6872.463635796992,5564.9947201125,3603.0096162754,7662.360504765683,5580.893137957043,1342.699327570399,3764.14129129633,2786.157999493927,3975.6014483106833,5473.856761236085,918.6542251233601,2545.2699791621326,2338.7773592392246,2346.364115810886,653.1798449439489,5154.597758297441,3753.156600560254,2020.4427680669403,4907.050570682659,5047.632142730392,6730.008469283973,3211.9224459063453,5303.541277086849,4235.633111273096,3024.321566164716,4176.0370233885615,4372.986557276388,3394.488445634924,3749.9362402048923,7345.9841253161585,1633.8270420166882,2814.7182255625517,3352.255634967745,5305.345333372843,940.1469494552435,1206.0373361886438,7098.866367746121,5516.91296237307,0.0,7034.411823894945,2938.89708015405,3452.0889333116843,717.6609497422861,676.8525429138906,5251.469782208596,4698.931219486513,2623.399063508448,1609.2414077412377,1376.9698791600345,2756.2121727272743,1979.3050427756204,4038.369230027512,2190.9312005704332,2035.8286157046723,3912.610138519426,5591.054973806107,2931.2827994843833,6961.442991630758,3448.5756928230535,5470.287223744837,3980.790351979115,3040.0585162429034,5500.10388365929,4924.8541217270595,5190.460342803709,3641.6625697772993,3096.272072541753,4105.958263406973,2254.0963115006866,6720.914005432595,4257.30388979375,6044.435316649522,1134.8760773445713,5817.484188759433,7246.032896848455,2197.0295403787823,4121.595920945793,2509.432982140985,4979.020560501634,3538.15468442181
6474.37237220883,3373.560533052431,5724.6352962658675,8110.8041533752985,1026.5242062270127,4189.545317524086,1746.4228755925642,3454.2291772214535,4304.4411717641115,1491.704808278434,3421.920587992801,5080.088630781553,564.1231464423344,2374.374282185519,6923.898415740153,5820.222255543941,2717.7292481960003,3991.0378546685065,4190.181472950902,6331.436645877221,1168.6671034152532,1581.2129934379489,3927.489298168233,1015.7289982037529,1459.610393273835,5723.709090757932,5624.291282748875,5507.618914124778,5132.628501154646,4151.043440168387,6234.963249489927,4678.634043631645,6451.409119695091,5497.269176326188,6746.465094481553,2394.199669018856,4528.887300927237,7876.375461334293,5416.798758370112,2522.8909397851503,1423.2606661413076,4969.5511788961385,2287.2862619936745,3011.655837366879,4250.85430711757,5608.903837386142,2871.574846982227,3759.82070313918,5490.405186347634,361.0287162539844,6369.752196480174,4351.2497197201865,4957.971410199539,2442.1014115961684,7127.052940755035,7461.227212673529,1156.231790136389,5540.0360445427605,7034.411823894945,0.0,4102.7945640284015,3853.6935536238475,6460.349791012867,7274.3529580302875,1869.5104297042576,6195.289290194768,4884.596352644914,5902.9876560416415,6488.762966404998,5484.970055705045,8057.577226337207,3035.7059070776277,7845.339117186075,6592.170268452188,4401.01140714109,5306.929370814822,4357.4265038680805,1506.7850378577555,6056.354311280095,2281.756425421653,4460.640610748752,5060.939250981975,3143.4712445265027,5113.675935280314,3285.1101803618403,6264.412210590871,3999.518423019576,5228.821699253188,6122.101957888974,5710.852784582788,3676.2140884627493,1368.5999346737526,6500.428894901782,4312.831733280698,1663.833175977988,4931.611082185009,4915.683592035802,5559.352118510573,2107.3281840579552,3755.91541854619
4419.917588715201,2415.35893705801,4807.963485399821,4150.071512147351,4052.4013522489354,872.9773411635606,2590.2923284776175,654.4813512492163,349.46939009446885,3369.88686336411,4399.053541148369,4446.008922037494,3825.5914671440028,2031.4202771630005,2823.4695747671863,4272.214289458103,1860.1180433136497,2419.338822755093,3349.082389567626,5857.623535846256,4055.860170831583,2692.5246719066477,1253.300164814878,4785.884275677902,2645.267337056503,1621.315521086503,3224.0522460729444,2129.100717973201,2700.848141055694,3696.421537580907,2199.503933994436,808.7267649793716,3036.452136857092,2073.453827129266,2722.390494198986,2339.3566479519536,2333.626658706358,4106.412896210511,3931.639987383509,2431.147217160861,3957.6730094791815,1915.8748503607953,2641.22428262236,1582.5657942483783,1072.9470154154865,3198.571707937466,1686.9901864071412,901.1656389748781,3111.48720914292,4409.057014770505,2630.9054818265517,546.9584830898962,2029.2976659241,2711.8204030490297,3161.6799812333948,3525.8448882605426,4276.267155088069,4459.04703833207,2938.89708015405,4102.7945640284015,0.0,1202.2400282393696,2361.1833685821607,3246.4461557784994,2382.7869001419326,4261.146488045324,1251.4344586773211,2090.3138731274307,2506.4195374445994,2365.7254423055947,4234.5292117028785,1107.2641791031622,4140.149647418677,3023.1456294145014,2386.1545194703967,4390.271351269759,1103.4039698138663,4201.763645156757,3341.2589741389393,2673.464450346778,2502.9910585665302,1859.522665151732,3239.4074178025216,3764.1150228442807,2734.7640329827364,3621.57306288759,632.5164174470099,2875.5935451927135,2681.510326712355,5433.867433273102,1902.0593808241108,3129.278498448165,2583.730695670313,4074.5214977255914,4502.706513498742,1058.794756302183,2977.3869582492966,1998.791127012775,2042.336927643429,932.9525730979038
3420.18849397588,3256.853632703963,3629.2628687937445,4301.246523009347,3508.5407473056375,484.61557891797065,2760.2307808197847,1229.9514107386517,1033.862715296378,3573.839421432502,3318.881644012784,3246.2139799048987,3441.1746852692613,2411.6369724836286,3381.451631964739,3153.918819124075,1163.0513987790914,1217.1655366682874,2148.11842658197,4666.740305595867,3472.066284238393,2280.1955027209838,2327.578238172887,4311.104839533597,2524.8335812336227,2350.318879062371,2262.8692505589006,3318.3138285564555,3876.167998425894,2502.685643136389,2556.4966913102,1977.872306541805,2627.711950092894,1648.4958883539866,3024.3484838159766,2809.269996952233,1213.281380321152,4023.140085483601,2788.4380010123946,1599.6937596977743,3304.5335740780424,3115.4567484466866,1860.9368420365588,848.498138050992,431.5689732522485,4385.627310684869,991.4127437878735,334.24472495463567,2133.5687863195317,4201.476368960082,2522.0138690423573,1748.562654350424,3224.6583940606797,1853.4359450539423,3339.3874232381304,3649.158729211159,3699.439581467442,3286.119289741777,3452.0889333116843,3853.6935536238475,1202.2400282393696,0.0,3059.1537987401025,3536.6790265742234,1984.2153320577386,3222.6828548530802,2440.6973072829,2084.998807307573,3439.6728562909875,1708.7018512967672,4207.870765625057,1530.9572822897444,3992.6696679354777,2743.9819063224522,1228.006652294685,3202.5062471903157,532.6819471786142,3527.9395448156424,2519.4265209418195,3130.4630774639395,1345.3459910688402,3061.761889613234,2156.9270396907264,2595.844734660569,3531.185150247011,2784.1382720924616,578.3522450522692,4049.281836403216,2285.2395142938517,4232.951754136704,2863.366980191327,3254.980356551634,2703.508769895152,2881.6387161691523,3804.8633837367934,1261.0577101227361,1858.5441944974027,3165.7574764978444,2152.0566579337547,1951.0513216737788
4833.151845851008,4151.701967837407,5862.169107798666,2253.2213837281947,6388.752897734112,2578.4572434640063,4880.993748745946,3006.1368634445107,2211.3530732458808,5608.640383393555,6327.717474955484,5738.717178918996,6184.606076610538,4270.32764552417,560.426599391035,5091.511132543756,4095.2754873903177,4006.874828613068,4881.733040574525,6935.9220695631375,6381.735054117258,5040.309289792543,2908.9632424755737,7139.122935796526,5001.027426340412,744.7055144585681,3805.8438325539582,2087.994410567471,3273.368221820607,5286.396989322407,868.4699897693648,1871.607508579991,2576.0526720012926,2287.468798880107,1023.7573652785121,4491.678998428316,3577.5634340176275,2625.968393551796,4900.16292926919,4620.007588787057,6259.499615271575,2496.4474053254157,4864.503338599019,3780.5404610973287,2651.3262392463134,3499.545441457933,3911.165160753634,2943.158835723618,3766.116119521675,6760.157395152867,1839.1060510247908,2162.339558085408,2637.9198894136266,4888.992304731109,1486.5782474922066,1822.140612098858,6605.774535357531,5510.073653274065,717.6609497422861,6460.349791012867,2361.1833685821607,3059.1537987401025,0.0,1323.6394780105343,4727.78740178162,4814.365036516654,1912.7096363138867,1589.9691633852526,799.6170633328178,2736.907037428382,2623.2349391459393,3434.3785371205076,2771.0123146983665,2319.6450114724453,3722.2397589701286,5551.255345983735,2572.0129145468923,6497.519074510208,3577.0243096284657,4800.712829691962,3806.5025174420944,2324.897401927664,5185.271714147774,4873.380761022578,4483.234054039673,3805.861021480422,2624.3211018168113,3408.6745205626485,2395.126029296162,6685.145742408987,3551.8592656404617,5413.391725088903,1372.6466778810927,5647.332255935452,6790.4090830468385,1810.389229528833,4036.867637982945,1807.3419761063478,4376.460337341697,2870.5251609865745
4221.004354650798,5347.424156032604,5512.821764456837,954.6329467612147,7037.847510264626,3118.565616048506,5836.475800579061,3893.5824060117175,2988.2342650123664,6613.00104075003,6519.491531553132,5538.050937855302,6923.651458290776,5269.309192000409,825.1275305436124,4673.552132165961,4686.474003728603,4162.754366608363,4900.29340294895,6537.40536264786,7006.372418240769,5753.5618346051515,4071.902960439259,7830.807477144358,5840.969114800128,1776.4482029006642,3425.4886029214863,3410.983888011346,4593.886943338179,5305.001972069096,1048.2158371451937,2994.6437138873466,1891.882301220929,2171.056867345947,528.416435370816,5546.328127870005,3611.813185071453,1343.7062847307814,4584.853944205855,5130.263816871214,6841.023635768333,3798.7905509043267,5394.862105117516,4364.510322131682,3106.253000817544,4821.311553741886,4506.392255849572,3542.905907761311,3433.877824169782,7600.472050338189,1288.6488731566867,3224.1150590500015,3943.593659547596,5371.458833957494,347.5612436060726,530.13359297445,7233.811371469537,5185.496563787214,676.8525429138906,7274.3529580302875,3246.4461557784994,3536.6790265742234,1323.6394780105343,0.0,5442.748802361633,4278.938766045852,3148.865568532896,1490.9620842959077,2046.3544873322899,2514.3459221962676,1308.5331654795764,4352.403568713958,1517.190596053772,1568.8070660999074,3780.2190259383115,5286.888550026091,3003.998599120844,7062.709313198441,3045.66335003411,5871.9458638094575,3831.094526743108,3629.0439770399585,5455.851726523824,4641.103441551049,5683.155847075197,3203.9280734404756,3278.1227063923334,4731.21572922024,1900.1526884542718,6400.90754485526,4749.69278269237,6375.453330859931,876.1045229023757,5627.47186110326,7335.2858357199,2345.687128602193,3884.9570033360724,3129.408690318348,5277.38152953612,3956.7776636329963
4848.112360604899,2708.9848567480035,4415.595402672895,6257.098451075946,1670.477964293154,2334.018770396031,1254.910128999682,1784.6669015603445,2522.772473208989,1911.5920400257996,2760.3756010141083,3826.140000779506,1480.9979025633356,1427.2803203397013,5152.750917614784,4302.52695691195,863.9892523943802,2278.4658304661934,2745.114444748707,5236.670256364439,1680.9868038155444,313.5565311869613,2626.0697897376986,2413.0929499240183,698.3773255669172,3983.139489677458,3877.537320954113,4159.588269508655,4147.766291055946,2857.0146021922956,4415.390406604721,3080.4952530127357,4589.334138543412,3628.536899606369,4917.40979054634,1760.0955772926084,2747.4188840744696,6007.149413544164,3889.525383634487,893.3412657461877,1616.238740416774,3709.990126854383,807.6520808826036,1143.870392489027,2384.861692259952,4678.481854337152,1005.626979953303,1904.811152662909,3740.9069697457057,2218.7395512085227,4502.27150493004,2747.6841072263023,3747.3204366817904,1006.4894113307901,5279.008301544904,5605.899267643061,1897.554714804556,4157.072527662946,5251.469782208596,1869.5104297042576,2382.7869001419326,1984.2153320577386,4727.78740178162,5442.748802361633,0.0,4587.793421361188,3391.6244340252356,4043.294066306457,4873.695502462582,3631.4792093277915,6189.739725270926,1479.970814419325,5976.012346611493,4723.85419826565,2641.3149476510753,3964.4479762171177,2491.4505896832475,1864.356541100709,4269.841578293041,1937.6651313464868,2719.0634081609796,3751.5554574150974,1899.3701662482752,3603.2961961295937,2817.8787817164884,4497.63785225278,2167.4811860526033,4287.818260576118,4256.339448615559,4659.24071495453,2695.7563217644506,1553.1686062659137,4648.035337149342,3138.728396602038,2171.086517096912,3097.7502028402805,3221.984481349499,4136.900156288159,915.506598101838,2330.22417661177
291.92865064087147,6478.38696590108,1376.9312720949436,4404.69329434593,5408.202424913106,3393.9950231315897,5723.879471962787,4450.379106454864,3955.081256579692,6477.88374511962,3542.35906187628,1728.5801884396335,5649.244448373074,5532.928219137675,4746.110367081343,561.4532344879667,3807.295952867599,2322.873601849442,2043.2849958057736,2287.0587293222266,5298.676751266584,4764.023233447229,5495.741931906556,6172.462318870323,5279.359391088373,4450.5700083648835,1069.17950661851,6106.188818033798,6929.843630783381,2227.380329998674,3952.5990868940903,4847.734973226672,2387.447039921305,2583.2013702140994,4046.031293607601,5942.313253918881,2017.8533066945179,3650.516952206221,838.5913721103977,3734.2870711615087,5027.761681387951,6088.315066237128,3932.746398472828,3671.1688851176536,3193.67070673011,7395.456846314026,3753.331559034586,3548.8669848868667,1161.5476458953376,6551.217662614026,3065.1096147984663,4745.987466542764,6221.602457530214,3761.190230888355,3933.132019958776,3963.220686528824,5480.908013430257,1158.1405914589989,4698.931219486513,6195.289290194768,4261.146488045324,3222.6828548530802,4814.365036516654,4278.938766045852,4587.793421361188,0.0,5306.901768753027,3225.9021658174943,5540.089911048827,2131.3723807070883,3900.6708346706214,4735.905947074541,3465.4907581166626,2710.17979387955,2048.052173461409,1382.0153398964137,3157.773995414175,5134.674383488207,1250.7935968915897,6239.1381772463565,1942.5384614892441,5988.412344762174,3110.7976503464506,1132.872647132501,6746.270523172711,1076.7308423269023,3670.358719750019,7105.067958957536,2448.8516950689364,2285.4436806285557,6076.728826998454,6124.091441848742,3565.0630999520895,2298.0105863840135,5272.115210534477,3539.2605733356227,1404.2784785390684,5874.758592824899,5160.84402192868,5135.74235090673
5427.743433750438,2240.9451757829775,5989.0033588139695,4103.354383432414,5035.228904922794,2045.856341373949,3184.663639027676,1639.537329648825,1432.6251248006233,3830.8960044617497,5633.938830429116,5664.444812226172,4717.74869262872,2545.983420517895,2470.6093048770376,5391.154988855078,3037.137432420864,3652.0331868871344,4587.530000521522,7053.699181814107,5062.453024405165,3679.274606360471,1037.86816552489,5697.655374391119,3456.930157764979,1395.5174731034363,4240.842567442111,878.3745926112617,1674.7822959038588,4942.405512619639,2241.1627908106097,472.65379498846715,3645.0750407602036,2847.2699109403025,2700.164484369425,2687.8940601775953,3496.2998206933,4305.788661840825,5079.488780680985,3615.943399211055,5007.298426619388,801.641518927257,3799.8251712868314,2791.0108765624686,2231.0624169529633,2097.5482723668124,2877.9198312845688,2151.4505662557067,4145.729016772924,5142.746766165334,3042.360575004219,714.9714018931104,947.2464488716756,3895.445239062667,3200.277205051619,3573.4101015858787,5270.9037013068255,5634.634609595994,2623.399063508448,4884.596352644914,1251.4344586773211,2440.6973072829,1912.7096363138867,3148.865568532896,3391.6244340252356,5306.901768753027,0.0,2531.4449302364847,1651.5777197325594,3244.8988471724356,4366.081740662674,1920.4196272195302,4400.015759740185,3523.569669504067,3572.633443406418,5586.232787149584,2226.6560603892103,5255.300887304551,4247.333552665837,2971.0041056896907,3686.589202601912,683.0847049861388,4479.971098050188,4939.76955641951,2571.2120494142446,4523.938602353484,1862.4960700933036,1845.0283719609843,3327.3339642091837,6654.29531970208,1642.2927809827331,3688.955767808148,2785.480812398822,5321.080342331339,5561.694078527962,1783.6980436705087,4120.488072050931,764.250002648348,2786.4942803022223,1128.7260735825141
3254.0816338120653,4450.6008360944925,4291.345756354876,2217.1747734813325,5592.793373194651,1713.737800661467,4596.253165597061,2676.1269167967353,1764.5622875971255,5402.308923933637,5044.464825844364,4212.953103023105,5516.166105753162,4090.5141509873797,1607.9504173652242,3506.1304389798447,3247.1591023046594,2682.74352526383,3463.278168083673,5358.936874183629,5553.571822831232,4348.094352952912,3191.6638089614016,6396.069840219383,4507.685227245243,1310.1614732333567,2218.930760308893,3146.1175091094424,4192.247647961771,3871.155419815252,742.1883320034069,2184.612709711495,1128.5325321411872,737.7936522104266,1026.329217876018,4421.421821904126,2154.984642545742,2029.5581898563535,3331.9609685018822,3660.648555563071,5376.9816662987605,3319.5530080708154,3927.7318414226047,2929.097867862049,1663.555166323017,4561.675532611344,3072.2193597256364,2143.2387718726072,2185.3616228571873,6241.612786142056,544.1388326447578,2282.100713974955,3469.0582251879255,3894.2119256974192,1259.273832827872,1565.0421234791093,5780.712013336247,3943.2895685847116,1609.2414077412377,5902.9876560416415,2090.3138731274307,2084.998807307573,1589.9691633852526,1490.9620842959077,4043.294066306457,3225.9021658174943,2531.4449302364847,0.0,2322.867277872974,1164.167669898542,2179.564593406674,3134.139437688438,2051.419664868697,994.7108183110305,2318.598970114927,4001.606055621293,1557.7201434224316,5593.6164301635845,1996.12466748773,4757.011747400357,2380.498651487331,3175.865117367865,3967.3448038990764,3329.4153179615487,4780.980919906395,2236.6858260068625,1927.230147516638,4357.131878985647,854.9720768165471,5135.0824743153835,3887.862539399252,5128.539238822007,624.9345308254292,4210.744046919143,5860.782425279154,1041.598167898735,2515.2675278645806,2876.7978524588757,4005.0657725791475,2963.792971491261
5576.568871607881,3828.6918112673943,6523.060489628622,2917.2553425706496,6543.188956937817,2957.899417726201,4819.405630628117,3092.164957738995,2465.669706089808,5481.850707258088,6757.556811172068,6349.332447957423,6276.851738277478,4184.573180280757,1222.1911390842267,5782.502513695778,4351.327436416271,4508.559570954119,5419.98904143726,7603.083957023755,6553.415759025976,5178.239957534799,2687.595749484844,7250.948497861849,5039.716217549755,1152.1498286351477,4506.994585958585,1496.2526924881374,2674.381684174494,5816.216818244657,1642.0202312873616,1813.2237157753038,3359.487123557404,2971.618482393895,1815.9729212752598,4339.371397815241,4147.194258792443,3381.6000660634013,5562.5332590884345,4909.500122545369,6462.800196091164,2008.0898097557786,5133.791606944909,4055.0633606404967,3074.22598775578,2821.661234487585,4172.296924786873,3255.872407946141,4454.885000881616,6762.121730251312,2625.412501919079,2144.9241859207978,2130.5202911939136,5187.6010817857805,2256.529920659595,2567.9411362305405,6771.2246645918485,6166.972671717785,1376.9698791600345,6488.762966404998,2506.4195374445994,3439.6728562909875,799.6170633328178,2046.3544873322899,4873.695502462582,5540.089911048827,1651.5777197325594,2322.867277872974,0.0,3427.359978572429,3354.135744266323,3465.136215759634,3539.08619735222,3112.692587882716,4276.82777891757,6187.284090331719,3014.037630134202,6707.471792741658,4318.698391575406,4621.247377228793,4371.826657427762,1839.1267164023802,5596.591325621159,5508.625958734356,4145.382719356561,4558.395874619163,2926.1996970336795,2788.6679147266714,3157.1279427392546,7315.423150889496,3245.2276462222185,5332.252710967289,2169.56852687925,6187.225075649341,7008.914003380838,2280.166637880881,4661.9313917179215,1247.5804588662807,4381.435862262963,2755.955978895526
2208.846503196182,4757.09247232908,3128.779696990186,3008.686650927444,4994.55052019869,1604.0015667651328,4467.143707915607,2754.4796935110994,2022.5318526225983,5281.831787919982,4056.455226123666,3058.073691480472,5025.549957588821,4084.8330105801147,2766.796200293762,2357.7583720445145,2770.267995999846,1759.3855817602919,2395.806108366034,4199.640073798706,4930.3313790464435,3905.096163372421,3613.931543200148,5812.513590831853,4219.076129407717,2320.8531730844156,1080.2714762965834,4004.3928517069853,4906.28938447377,2796.9834632560846,1905.722271578154,2807.240348187166,984.1447687510206,455.86631990639574,2134.132477201216,4468.77101346142,1158.102663442667,2521.4542528469556,2168.3675117804637,3032.5888333410776,4715.542659002037,4042.557815583223,3298.8481596099573,2494.5769350928026,1436.470160531363,5342.175229627909,2628.0923826916737,1938.4403826439957,1030.1550068256715,5840.9194519398225,1233.8842224005462,2768.4759116690902,4183.333978897334,3213.6750757873765,2208.812160824908,2399.7576020875526,5151.5089355062755,2779.6030132322853,2756.2121727272743,5484.970055705045,2365.7254423055947,1708.7018512967672,2736.907037428382,2514.3459221962676,3631.4792093277915,2131.3723807070883,3244.8988471724356,1164.167669898542,3427.359978572429,0.0,2743.578907961825,3152.468625553155,2439.8893399334734,1198.2110495651423,1330.1301765981402,2838.7484287227708,1352.5137244201997,4906.223003994111,1003.1293851004465,4798.587412829738,1356.2244611759513,3927.036993955749,3070.866677002113,2169.165349362284,5063.625232263937,1281.5512336481129,1899.2191383218526,5079.699293596226,708.9464330293231,3971.59917290076,4266.18135030908,4963.585575500236,1662.2068695637736,3113.6378946833233,5143.3299994556055,1462.0372964138091,1374.8152433418097,3762.5114788759115,3858.2427612108604,3296.3358149936726
3758.6255991456505,6498.137133910687,5253.24400740352,625.5660945048091,7677.906044931913,3880.783493859971,6774.276513342292,4844.892136612744,3926.2272239321555,7577.821942210901,6753.651059144602,5432.023444151176,7647.3157649457635,6256.89981629401,2132.0106192533376,4394.465846403292,5364.5742146612165,4502.4375273037385,5052.672382833168,6178.713144260138,7625.139006452867,6487.987356535538,5216.805588028943,8491.734722025412,6680.740098631363,2970.6104463279935,3318.163623148955,4702.577350147151,5877.187272639949,5431.343351177589,2135.550439365458,4145.571475850465,1798.47872045821,2591.7863757451155,1669.9696347257336,6573.821620879746,3897.3135496226114,251.2377079281694,4423.37240908382,5716.455528383475,7425.306610661744,5060.687821274891,5985.787021984411,5055.618007888847,3807.0759264390827,6122.495477977016,5198.060980653555,4307.068405216012,3377.6226034631222,8401.383611049076,1687.891846281627,4327.060125521368,5208.208189425611,5921.661773895906,1168.514763646998,804.587493141672,7849.878984512946,4971.427909958768,1979.3050427756204,8057.577226337207,4234.5292117028785,4207.870765625057,2623.2349391459393,1308.5331654795764,6189.739725270926,3900.6708346706214,4366.081740662674,2179.564593406674,3354.135744266323,2743.578907961825,0.0,5305.479052942344,445.79163233286505,1545.3700243401256,4068.247887813377,5129.742638069964,3700.5705097771074,7625.996520944656,2826.4484655328497,6907.5185476146935,4082.416164789303,4893.843771152692,5811.653481763774,4562.177009506427,6833.840828792912,2873.088051975435,4105.612369138737,6019.3955923159765,2035.7341251096616,6167.2111428623075,5910.040481183864,7307.495320943354,1654.5603339165366,5697.942636647108,7872.7692726651785,3212.2857441133724,3959.0254364216958,4419.15813903508,6184.538746268229,5048.473444812897
4943.510721668255,1756.8933037555244,4985.8606746792475,5248.756651481567,3114.9406000506656,1555.7592503501298,1484.363331763824,462.0256243738001,1381.9709128588775,2274.402498369407,3973.8117764364483,4507.280068307493,2814.108750338196,959.9283224043353,3918.107703310489,4618.350847413501,1341.6689580168425,2541.6081497321725,3355.4357319842975,5960.632990072866,3142.562726294099,1760.3956603221336,1185.3153050981834,3791.347365149493,1578.4423729971904,2706.7604036672687,3793.7781824472813,2680.7744940238817,2781.654111982473,3618.5295873900213,3304.6639534893707,1652.0181522092905,3967.350383642589,2966.9807193529246,3827.1956148621402,1321.1589537568902,2718.073141865391,5163.513824272091,4230.624048517901,1881.3011991502053,3095.2552329113346,2249.4376873098754,2003.3040489523798,1235.205260351493,1716.0415952050812,3318.0802470062413,1245.7641038932693,1232.6520681863146,3664.1027618784105,3327.3381936139285,3661.107536673841,1320.5522379326767,2300.353153767917,2140.968583846573,4258.256472320214,4617.9954566346205,3350.4852595676352,4664.881304787186,4038.369230027512,3035.7059070776277,1107.2641791031622,1530.9572822897444,3434.3785371205076,4352.403568713958,1479.970814419325,4735.905947074541,1920.4196272195302,3134.139437688438,3465.136215759634,3152.468625553155,5305.479052942344,0.0,5180.634643440511,4005.968405960411,2699.376721468124,4537.53788653329,1801.9846254466208,3343.36885608902,4034.9554716166317,1655.0679955497296,2811.815860050049,2279.6056907254815,2894.632390969361,4001.07883386931,2011.131675435749,4304.740444270478,1270.1523325510996,2937.4880176213483,3609.5973975126362,5456.023120033583,1468.4056772656527,2023.23873086816,3665.9539914712514,3973.1779867321575,3650.257622287638,2094.1649734746297,3346.2759209616884,2658.475822453535,942.5158240905033,856.3355063671014
3317.725867807797,6466.953004396197,4824.152798893605,1042.248635307334,7419.5518759356355,3703.521253512392,6630.292095539457,4724.849953310474,3815.9287747215617,7441.16609459438,6395.49524761054,5020.806830957153,7416.244132567508,6138.950667822149,2331.667173373807,3966.662268974887,5135.258010660224,4186.590830298203,4688.362790550769,5739.406789285544,7360.494457244364,6267.628901798271,5191.605522251859,8236.323456203138,6497.329835530362,3013.6506264537365,2924.4573038300623,4813.01465914088,5967.953044142104,5058.998220124711,2161.400182423421,4137.045335892392,1464.1420216649065,2349.2230067569144,1762.5895507428831,6472.78142568865,3577.285536270483,218.12002156840168,4009.913423410784,5454.752596004698,7151.34059868113,5129.033954746059,5723.174204065869,4834.178267595848,3610.1435284999397,6246.716945929677,4975.097965831526,4121.965089857506,2992.2631089683605,8194.076575627665,1519.669830533593,4288.053608718646,5278.562076522923,5647.541814634929,1285.001758747824,987.5685063680395,7583.340431617981,4548.346703618029,2190.9312005704332,7845.339117186075,4140.149647418677,3992.6696679354777,2771.0123146983665,1517.190596053772,5976.012346611493,3465.4907581166626,4400.015759740185,2051.419664868697,3539.08619735222,2439.8893399334734,445.79163233286505,5180.634643440511,0.0,1259.8546805822484,3745.9484722078064,4713.002884441829,3504.763579062359,7344.9153135214565,2421.901207019188,6808.413671287387,3751.0263081270164,4966.6285931867305,5486.670245690459,4159.967812520308,6800.73271879413,2451.0554050796154,3947.549471950035,6117.235217038903,1746.0080495284087,5738.254770478303,5889.022504127658,7157.783056555221,1620.2742300684781,5313.525540073463,7583.219155055786,3092.364328923745,3590.4120698159422,4528.486468066124,6031.797463122,4994.0107936760605
2656.853151281418,5417.640274800275,3963.0857964856123,1849.3409046287272,6160.2943730105135,2485.8488023138093,5425.922775393141,3561.065294113125,2681.658339289515,6241.204723506032,5228.161939466107,4036.783870947886,6158.024990057201,4965.369536039085,2110.00843412248,3115.5032372189885,3878.6455257299554,2957.2136204667395,3539.494986451033,4974.306397358731,6102.219518654668,5012.745380804615,4171.598086670503,6976.8366098386605,5260.718609816154,2245.831994005785,1900.2018411210952,4105.128549306343,5177.752143732259,3928.6782541944053,1480.133777093476,3178.4159024536107,325.1737530982474,1095.6700638901293,1391.4525967509635,5318.073874784461,2353.066967333696,1325.3726213031562,3055.499054544936,4195.58102895046,5895.40686119898,4307.219936052605,4464.197900663679,3580.5543111469487,2375.788147980581,5532.8535432677045,3720.694633413766,2893.341789340658,1930.1329422410258,6942.588157755939,501.8171057477019,3263.711533018811,4457.181888336283,4391.181431198329,1223.0566367997847,1295.0363140163292,6325.503023830515,3645.088254289874,2035.8286157046723,6592.170268452188,3023.1456294145014,2743.9819063224522,2319.6450114724453,1568.8070660999074,4723.85419826565,2710.17979387955,3523.569669504067,994.7108183110305,3112.692587882716,1198.2110495651423,1545.3700243401256,4005.968405960411,1259.8546805822484,0.0,2524.398055982653,3764.66016675131,2272.261373602297,6091.636509629658,1483.4702642331595,5654.112584025543,2542.066638423155,4160.270797941043,4267.339770818583,3143.792095985038,5744.719868682893,1635.2808971932009,2747.1920972665894,5340.783692720947,491.3820599543696,4861.478438752763,4864.958866056834,5946.223052276631,950.4570977298239,4217.042480027442,6334.036351517411,1965.672793581119,2460.8197333663024,3829.353168950208,4821.439018919559,3925.5701950531975
2275.49428575969,4452.0229127947,2422.850959024306,4335.319199277027,3786.055668968432,1529.806638820083,3703.950521693425,2449.8138850798437,2141.7912074523038,4480.51749129774,2742.416281625567,2108.48760654693,3895.7585672351415,3485.854846700591,3889.5707972511564,1929.4123819611505,1807.3852659424888,445.9693229595509,1160.6657857096502,3481.3574221962617,3706.489223684456,2864.6904796513354,3554.5696026697806,4599.760655583071,3309.1654397574325,3125.76554596486,1236.3986963229136,4435.510638446604,5084.582913822233,1567.3996078297967,3002.3370734745954,3100.113756983927,2282.0936554166656,1609.2051837450688,3344.0141280574753,3894.986096673517,172.23733451839084,3841.1207484640468,1560.4689045392736,1879.0704965721748,3471.5048186250588,4295.834020976369,2126.136483481952,1634.5144447706784,1341.5715288936328,5584.699094390762,1728.491050490282,1562.2502471806492,1099.9518177506686,4761.995847143296,2534.7336454014257,2919.1363222112464,4413.619834561423,2002.161083657856,3497.9054435626185,3716.9409331161023,3919.980278391207,2072.92234859027,3912.610138519426,4401.01140714109,2386.1545194703967,1228.006652294685,3722.2397589701286,3780.2190259383115,2641.3149476510753,2048.052173461409,3572.633443406418,2318.598970114927,4276.82777891757,1330.1301765981402,4068.247887813377,2699.376721468124,3745.9484722078064,2524.398055982653,0.0,2013.6123954775906,1352.8244565981206,3644.0116394723555,1656.89552000873,4194.517492437598,117.61084867052031,4225.961841624224,1743.4774063385507,1378.0192805127947,4710.065658150107,1865.4622583247294,1756.2958716267028,5258.824205735062,2038.175772081005,3096.002704175983,4084.8603660210956,4133.443704973494,2905.9790895799647,1925.1048002862076,3862.6877814305676,2004.7203285256521,647.5779166123564,4249.844682660532,3126.6121264302997,3178.959116713047
1646.5744208950896,6280.926205142838,455.18740282437534,5574.724680266192,4409.141130819585,3542.6112863147996,5199.681275167738,4374.375473735307,4155.167539554211,5868.00739870239,2271.2641866066574,348.94688163243404,4743.840426977387,5161.140854429086,5605.353626960568,820.7747532679109,3344.4248028707416,2012.5455547266502,1226.7381711596,1468.1923351523124,4283.934341097445,4061.882880693878,5515.083599976069,5110.541336374553,4656.993269092194,5040.438954181669,1865.9802749236123,6447.6724303899,7078.646209543743,1156.8893184777876,4741.097503453077,5113.6882023762455,3444.3494074190558,3271.9494308960525,4957.897861068237,5562.834225480119,2098.184299027376,4878.855285206971,710.8050202333973,3071.3541505682792,4002.9386331768815,6304.632748428175,3196.36106680863,3325.3357693629973,3355.1730967276485,7586.139839538551,3358.110048855754,3530.5661057395596,1853.4209324511257,5646.486299176595,4004.904799303599,4928.409999415633,6419.564517291263,2999.990076493754,4955.423618461696,5059.279298234187,4437.096175509947,261.14810350067654,5591.054973806107,5306.929370814822,4390.271351269759,3202.5062471903157,5551.255345983735,5286.888550026091,3964.4479762171177,1382.0153398964137,5586.232787149584,4001.606055621293,6187.284090331719,2838.7484287227708,5129.742638069964,4537.53788653329,4713.002884441829,3764.66016675131,2013.6123954775906,0.0,3363.5899244308903,4063.4149262251085,2311.74718597774,5816.9256613162925,1899.865150087237,6238.079204038772,2172.385627491123,678.9827699684286,6500.520556299165,2263.3413309505486,3757.878427736586,7251.78640795949,3386.7759511023164,1134.3466918336742,5987.366280146305,5509.6356604851835,4476.557478866656,1050.171698152259,4148.940399782576,3965.8404073624797,1525.8290622114262,6257.236679807868,4711.709181098935,5133.208302102107
3318.3474909908095,3423.9748029354714,3762.521449794672,3774.894821810271,4039.3794271588304,254.27882208316146,3163.2839639313124,1403.9080797502374,809.0224067910599,3980.060085479238,3762.0396666682027,3458.723910953287,3959.8020308379055,2743.4466459291684,2866.4017033550963,3182.9545892684364,1690.33737297381,1505.1603588631347,2435.461348952391,4829.545197439714,4004.1745882122823,2793.480350804172,2346.0996826362684,4839.78341148651,2992.6770195570725,1889.3373255183942,2124.042374357207,3084.0999292644524,3788.001908661214,2820.231536778674,2029.127135398371,1754.2052158299496,2191.0215393192734,1190.0912493964486,2492.2303310669336,3121.21809111539,1269.7061644900366,3523.7083451365547,2857.2128989244047,2130.0659890871925,3837.148647142694,2970.582070920108,2392.621297875826,1371.4610426935212,106.59831998676148,4271.723071123056,1514.5562609837245,621.3422287033131,2009.3845362291906,4700.830817957609,2012.6942092906215,1601.9249853501256,3095.417849036863,2379.612754947326,2808.786992094808,3122.7599611830556,4231.578054770821,3407.9798285601696,2931.2827994843833,4357.4265038680805,1103.4039698138663,532.6819471786142,2572.0129145468923,3003.998599120844,2491.4505896832475,3157.773995414175,2226.6560603892103,1557.7201434224316,3014.037630134202,1352.5137244201997,3700.5705097771074,1801.9846254466208,3504.763579062359,2272.261373602297,1352.8244565981206,3363.5899244308903,0.0,4060.0727405705434,2276.717883481614,3452.9637499581427,1464.4653414215716,2890.0629979946807,2613.7871818396,2713.2143507922483,3723.3829985142547,2554.25860038094,551.0348343226588,3963.2823896821938,1837.6034059393774,4447.547794464833,2961.1385054063244,3677.7588725957826,2173.2451039885027,3196.409674288482,4335.864684212482,761.6383694707083,1898.0628046748084,2897.152486706904,2555.7737534408247,1998.9309066060785
5424.792678167987,4316.323836872877,4444.433964089579,7793.045153572896,485.5277113677447,3970.315741818527,2609.8237027425816,3636.4809591526805,4290.449925005301,2762.972800684979,1976.7312764149306,3792.4990948180857,1031.131579083872,3084.3289215322025,6878.778063429361,4687.27952732894,2406.583452143723,3198.8768690477914,3093.0475891626697,4931.953051087267,349.25828052173654,1589.6643170572206,4468.261116782008,1047.7854103698905,2018.2510517408382,5756.560118935352,4769.771403209278,6019.831562884546,5925.624941147473,2945.3666528541066,6080.028440952065,4932.856324186322,5888.75353253717,5040.315091411052,6552.248880929508,3286.2832444160986,3801.9063339840454,7415.707707027361,4309.6482853393045,1933.3039586764419,248.1314964550047,5555.545977613721,1667.847238754497,2726.5105415138232,3959.4178666814146,6444.38251474825,2590.988909815131,3568.620319828098,4646.799656585702,1760.751880423814,5977.943682647069,4601.8571984581395,5583.40202696134,1706.5105553028382,6852.883784853279,7144.46145543945,390.0813174121518,4313.94012562124,6961.442991630758,1506.7850378577555,4201.763645156757,3527.9395448156424,6497.519074510208,7062.709313198441,1864.356541100709,5134.674383488207,5255.300887304551,5593.6164301635845,6707.471792741658,4906.223003994111,7625.996520944656,3343.36885608902,7344.9153135214565,6091.636509629658,3644.0116394723555,4063.4149262251085,4060.0727405705434,0.0,5257.627213616899,3312.881238869422,3668.437696527638,5605.503979369741,2034.468417577673,4006.853490600948,4327.584262505931,5419.399304126612,3877.214238703479,6052.558186349388,5601.2098719948,4307.748614940872,4442.337235159437,2500.2924733608666,6217.684274455402,3021.9777376766033,306.9347870297533,4765.779599500799,4019.7804678785633,6001.1708202466625,2627.9119790314517,4189.080312029956
1257.957192137316,5700.344661533546,2482.8905882076238,3263.6755972254655,5429.8371956360725,2530.569519656198,5245.617926835503,3671.1682664330433,3004.724884442001,6046.910146996563,4041.3579542289995,2606.6216855571884,5552.598128933968,4930.84075448001,3495.400883275622,1632.233594082048,3414.5356361181825,2083.436343022268,2337.8857787137504,3492.049319473595,5344.3454737277225,4508.787620725775,4594.191684730732,6238.854188514507,4914.736249123649,3260.7845588011487,521.3549867259352,4996.60592419074,5909.373750994939,2679.21645464117,2711.2431877212707,3810.2683672762473,1158.3063180385402,1417.2627134363624,2795.9003506800805,5328.45725354206,1528.7497041690635,2576.6826965608316,1601.7757118738562,3535.6517336911165,5099.841138548533,5045.517544493627,3782.692168625145,3189.793248611734,2343.6097846213647,6344.219544999526,3306.021516664705,2802.307924236914,622.1634852576933,6417.227852395846,1814.8071588036566,3764.848091661601,5186.440025143354,3654.2009827524535,2702.750429192455,2766.281237674326,5552.9038644731645,2173.107882588897,3448.5756928230535,6056.354311280095,3341.2589741389393,2519.4265209418195,3577.0243096284657,3045.66335003411,4269.841578293041,1250.7935968915897,4247.333552665837,1996.12466748773,4318.698391575406,1003.1293851004465,2826.4484655328497,4034.9554716166317,2421.901207019188,1483.4702642331595,1656.89552000873,2311.74718597774,2276.717883481614,5257.627213616899,0.0,5649.743393126806,1607.1169339534692,4929.058909370936,3265.6722268314065,1738.081700545173,5997.08251401296,280.6836944836661,2826.539808583633,6082.817326473811,1198.4266709870074,3386.838077288314,5231.734122333148,5711.120691462404,2314.3858436745154,2906.2142682362564,5455.359948851038,2465.075526747406,1260.652642463022,4749.241939873456,4645.177466729985,4264.0750821271895
6469.8635704572625,1093.4946898682228,6272.007509836862,6799.480407291795,2899.7223424329777,3209.410182160734,726.3597606159083,2093.054414916392,2992.493649337455,904.3141179092582,4668.423326877073,5713.421277563295,2391.9582944744247,718.9343858023477,5332.560723532362,6044.3881863932265,2481.189411091583,3940.105933277682,4590.7539048853405,7145.671265590098,2996.169100298913,1988.6338145113593,1933.6773077256191,3271.880629323906,1367.7247524447303,4132.151118384709,5365.801889383915,3409.8953633696738,2871.3750604447337,4754.810755728559,4839.220828218629,2929.6513202144038,5621.968880362465,4622.0162554466415,5359.224001280129,336.1643540249319,4246.721690794088,6779.253764923097,5638.277444395672,2786.3084151667413,3099.2189784970014,2837.040776203437,2743.430545526895,2570.292298687641,3363.634477895153,3332.7733188961415,2499.7095488816294,2863.0386188993325,5231.846759775748,2425.7397062267414,5292.492124395558,2658.0754190391217,2794.9910070683595,2940.0529746922925,5818.6996628930765,6187.86497769279,3129.347895400094,5986.378159109729,5470.287223744837,2281.756425421653,2673.464450346778,3130.4630774639395,4800.712829691962,5871.9458638094575,1937.6651313464868,6239.1381772463565,2971.0041056896907,4757.011747400357,4621.247377228793,4798.587412829738,6907.5185476146935,1655.0679955497296,6808.413671287387,5654.112584025543,4194.517492437598,5816.9256613162925,3452.9637499581427,3312.881238869422,5649.743393126806,0.0,4297.2462033842085,2958.519105876621,3830.5706486906097,5375.195973760398,1024.4433916327448,5912.780396062499,2925.2188628982954,2957.487187382221,5264.071152421574,6580.801871648925,1477.8987434547066,913.1691942208737,5255.00102186755,5057.371020164528,3587.354007666932,3716.4028251658883,4834.893707311567,3521.5097842972127,1105.4209526818272,1932.4008426830082
2174.799742562519,4565.518480005749,2306.80345299074,4364.909781228587,3824.5190152348578,1645.0980235210911,3798.154045245927,2566.1197285093695,2256.510649964896,4570.086344616478,2702.0600098239865,2001.3047178670718,3949.338709376673,3590.393167181138,3961.5833047916585,1813.558491234843,1894.2359737427123,476.3996673655434,1085.1923930216244,3367.1135427062745,3741.480882548246,2935.113555392704,3672.0972378668025,4635.69852214367,3392.4793243835697,3220.0253703528483,1165.5352222494178,4548.160505670177,5201.780830068487,1493.3033688370226,3074.2336696329703,3213.989869035993,2289.513063017549,1661.450941748507,3403.7098062721207,3999.8040914131034,229.37116483333307,3852.2167538647145,1443.0921815216793,1937.8208271594667,3501.7329204255434,4411.876791934811,2179.082375601712,1732.6620880566988,1455.6901958016342,5701.464766274891,1822.3248319248682,1679.579516230476,1030.5349340551243,4821.662076743351,2574.862889760346,3035.2269328615284,4530.042049596119,2047.1918529852057,3542.9557099489684,3752.5813135878884,3952.5723029213527,1956.2830855093546,3980.790351979115,4460.640610748752,2502.9910585665302,1345.3459910688402,3806.5025174420944,3831.094526743108,2719.0634081609796,1942.5384614892441,3686.589202601912,2380.498651487331,4371.826657427762,1356.2244611759513,4082.416164789303,2811.815860050049,3751.0263081270164,2542.066638423155,117.61084867052031,1899.865150087237,1464.4653414215716,3668.437696527638,1607.1169339534692,4297.2462033842085,0.0,4341.229991561033,1736.20555355004,1261.129954687462,4821.998330800209,1804.0676233359434,1873.4673917172936,5376.057847982107,2060.086679368856,2987.351730247043,4201.058698048029,4221.4612837701125,2959.0943223731474,1843.9965138849911,3880.387256453665,2104.5047547080994,538.8516123841515,4360.709317585041,3224.737663565209,3296.357633342899
6110.6729632004535,2038.5345268974474,6647.360225072582,4573.563802176592,5337.975007201139,2696.171761960651,3318.2685231200016,2109.020242004804,2085.5816738627145,3857.1630730692477,6160.2598517677,6303.477610103965,4966.688299435148,2686.7039760662137,2880.17940960854,6064.870891951535,3524.082372653909,4278.819306521485,5207.855378345774,7706.271209826514,5381.335377327918,4015.8419850194555,1148.2011682488398,5941.490813156072,3696.988829195593,1958.4485832426137,4923.039822319234,452.23015855756444,1017.5976515131114,5550.204232461451,2809.450018242005,1143.1266338708938,4298.837090633349,3525.6101830508715,3225.8092841245284,2727.0106916196714,4157.181498560052,4856.026203251482,5747.002820840268,4098.207102741393,5358.1342896968345,172.35950107261235,4255.838339397891,3311.005474895504,2887.047094841718,1415.1666802468885,3380.284066176836,2754.9034546132466,4827.010688180108,5284.026359352308,3670.038926006372,1313.8080223491559,314.69863574219664,4372.306903529303,3726.2985995425815,4091.0983967450597,5578.062690706873,6294.682706651781,3040.0585162429034,5060.939250981975,1859.522665151732,3061.761889613234,2324.897401927664,3629.0439770399585,3751.5554574150974,5988.412344762174,683.0847049861388,3175.865117367865,1839.1267164023802,3927.036993955749,4893.843771152692,2279.6056907254815,4966.6285931867305,4160.270797941043,4225.961841624224,6238.079204038772,2890.0629979946807,5605.503979369741,4929.058909370936,2958.519105876621,4341.229991561033,0.0,5022.798211466294,5599.127084307428,2338.0425903163095,5205.178734024991,2488.8825242033827,1181.2673904451099,3989.431783143309,7292.114664072761,1494.432663875492,3776.472673257017,3372.7462415930436,5927.220350143649,5912.117616100427,2466.4378571608086,4787.717306963309,602.8536691519763,3027.174663385811,1423.4470049949175
3399.0368831491073,4492.786657961849,2603.9178901493806,6065.616774894124,2299.5587543972433,2639.4018001018712,3153.5813498903117,2924.7498590664122,3162.7202124697965,3750.075939392161,1164.8681804032592,1976.7787233418412,2583.16262534998,3254.450606620571,5451.652162543938,2692.102234309834,1553.0331176974303,1313.4241183410631,1068.777210091046,3348.1314734535144,2188.076780906009,1935.0254829216071,4047.836050794177,3063.8215224110236,2559.786359011236,4496.9028860238905,2762.42866128521,5348.429816319926,5663.31320287568,1016.8350281781209,4582.213678624885,4048.1049466618324,4023.9002641002417,3306.6003015298056,4986.085226375598,3626.011989214184,1914.3649443126042,5584.438455943265,2298.906374793241,1064.1467887566073,1917.2127155373241,5036.182384173254,1092.5661203789914,1715.0474078255095,2538.6497716552003,6198.159728727552,1663.1180220501487,2368.547732686213,2645.9476608054815,3489.047278971295,4250.70896595815,3764.999932835325,5116.072907198352,892.9056014434,5195.209464267057,5437.354234635536,2371.276652886584,2399.107524177272,5500.10388365929,3143.4712445265027,3239.4074178025216,2156.9270396907264,5185.271714147774,5455.851726523824,1899.3701662482752,3110.7976503464506,4479.971098050188,3967.3448038990764,5596.591325621159,3070.866677002113,5811.653481763774,2894.632390969361,5486.670245690459,4267.339770818583,1743.4774063385507,2172.385627491123,2613.7871818396,2034.468417577673,3265.6722268314065,3830.5706486906097,1736.20555355004,5022.798211466294,0.0,1994.1427807436457,4651.5011867604635,3407.4269512793667,2692.5979231890524,5823.75191827983,3779.756160190893,2762.105807150769,4341.252044731911,3395.4781904132446,4580.994740869389,1248.6111528294148,2202.428568690935,3375.264887748071,2009.537405306256,5236.384890310967,2757.1553299678276,3677.834687078254
1424.6888998374345,5756.544297741137,1049.3490596555562,4975.9240337875935,4293.495897030414,2904.173617895631,4799.615771223359,3798.387233652856,3513.5551964961355,5513.856648423134,2439.9290083647925,897.0322833371159,4560.045731990963,4694.145777022375,4935.455068370697,708.5348692054613,2895.9201868361292,1461.111242617755,926.9649686897559,2122.441153378345,4180.393770972778,3745.1105215034704,4922.266106709084,5047.828260104043,4301.631086443839,4362.396140871436,1250.0020515255164,5794.724140178892,6462.3581885044105,1098.1510274247346,4067.3031760768704,4467.209670930166,2829.4694727828396,2597.1451416062605,4296.612188217712,5101.77240399148,1443.5083956475626,4313.133041287041,304.78830412763557,2720.1996519639874,3906.7404897497354,5671.9949054621875,2890.2810515159254,2826.5725960387076,2712.0804736985588,6962.590532173208,2880.186706882038,2928.708157665594,1214.4734724620378,5465.587128545752,3354.355452201362,4295.572768174461,5790.874210286129,2706.6150635147587,4314.724687981146,4437.65960640347,4357.836476061143,695.6395043785252,4924.8541217270595,5113.675935280314,3764.1150228442807,2595.844734660569,4873.380761022578,4641.103441551049,3603.2961961295937,1132.872647132501,4939.76955641951,3329.4153179615487,5508.625958734356,2169.165349362284,4562.177009506427,4001.07883386931,4159.967812520308,3143.792095985038,1378.0192805127947,678.9827699684286,2713.2143507922483,4006.853490600948,1738.081700545173,5375.195973760398,1261.129954687462,5599.127084307428,1994.1427807436457,0.0,5993.909765257565,1746.1307601932335,3134.2075414933834,6636.502300400414,2743.168669469853,1811.8074852963823,5427.238272278545,5155.886380345091,3817.7032786686027,1218.3098580451524,4139.92101393372,3294.086865165064,848.4273019375321,5598.223398101311,4273.678913607104,4543.552696130639
6950.580878079904,336.1620765672418,6953.505299764286,6634.985235129389,3922.0053835492117,3469.106637246108,1719.7902119997082,2327.0820840385077,3083.560317737437,1829.489249788039,5578.246044244554,6438.292685170892,3416.3836343146536,1400.021509150842,5039.563758554107,6624.4828104305625,3176.5047341184622,4533.094959426508,5290.996068735641,7888.923123579542,4015.900790309691,2928.406814702152,1617.6762685596275,4286.159469726366,2342.7874927039375,3906.7313773603632,5789.676279572114,2763.5068222231694,1983.0269184950562,5506.957612144478,4704.036837766579,2694.3424543606184,5770.640723144701,4804.14501473103,5202.276715310807,1069.2234188517386,4728.476384719395,6739.354793439799,6232.478395414219,3587.6155928445014,4108.707420056094,2184.6606707031187,3596.224621437599,3176.4752373694027,3653.5140568785287,2389.4304790660885,3144.1267637692354,3216.3360783731855,5662.4267702577845,3396.964572594922,5324.94631452534,2512.871712408734,2099.850005400624,3782.652157774093,5690.789714712362,6066.697734886171,4152.791353541977,6644.002231165941,5190.460342803709,3285.1101803618403,2734.7640329827364,3531.185150247011,4483.234054039673,5683.155847075197,2817.8787817164884,6746.270523172711,2571.2120494142446,4780.980919906395,4145.382719356561,5063.625232263937,6833.840828792912,2011.131675435749,6800.73271879413,5744.719868682893,4710.065658150107,6500.520556299165,3723.3829985142547,4327.584262505931,5997.08251401296,1024.4433916327448,4821.998330800209,2338.0425903163095,4651.5011867604635,5993.909765257565,0.0,6272.456729603243,3172.3719875405536,2037.268979720154,5416.185725761719,7351.954790374734,934.34671719068,1922.7183026959517,5191.407941906031,5836.415871373458,4606.251967994804,3781.7681044618535,5357.207331965509,2938.9837752830485,1908.1684183614404,1819.2664649825224
1034.1580074674278,5977.067126992385,2385.00575745238,3348.3228011495544,5610.067062209685,2807.8252872748335,5496.606951904511,3945.8438436704505,3285.3364586760363,6294.131540168905,4120.566472134263,2577.5610522856678,5752.6337536631,5193.873314315628,3697.030354115719,1525.5029049847792,3648.006527474972,2276.8598995302723,2435.742651352355,3355.8777327204575,5520.126939665881,4728.779406727808,4874.599311584287,6414.084538017877,5151.168605893327,3516.52090752849,650.4059915352872,5267.239799432432,6187.617251555643,2751.7118797186963,2937.7273482503438,4088.695183197813,1314.3514738946353,1687.1937537728145,2988.677153031086,5593.223396465584,1750.2539025558547,2621.8556689842785,1565.9217380188575,3741.524476669102,5269.996980366972,5322.79799928609,3982.6931885955014,3433.4677454809444,2619.55516601197,6620.247476901827,3546.057055075256,3072.3186116238007,778.4946063711682,6625.440898606522,2011.73838651948,4045.277062440223,5464.1406926019035,3846.2679970194486,2857.611196790949,2888.6881026715228,5724.908492365097,2098.398730974883,3641.6625697772993,6264.412210590871,3621.57306288759,2784.1382720924616,3805.861021480422,3203.9280734404756,4497.63785225278,1076.7308423269023,4523.938602353484,2236.6858260068625,4558.395874619163,1281.5512336481129,2873.088051975435,4304.740444270478,2451.0554050796154,1635.2808971932009,1865.4622583247294,2263.3413309505486,2554.25860038094,5419.399304126612,280.6836944836661,5912.780396062499,1804.0676233359434,5205.178734024991,3407.4269512793667,1746.1307601932335,6272.456729603243,0.0,3103.4041245878693,6360.900389533624,1412.552091761575,3297.661834174784,5510.990050016421,5955.580775340135,2512.8694081487797,2948.0736557252094,5606.890990287666,2742.7730360075366,1400.2428209599932,5017.709544994011,4898.8423558168315,4543.69815723767
3843.6035890942244,2873.8068953348275,4176.657355300527,4115.499342015377,3794.3422379533713,296.79486892633423,2683.556399784807,855.3301129137213,470.1338569609721,3496.673724798755,3857.4630701031992,3814.806257742718,3648.1575398210257,2224.121835814082,3006.261992345976,3655.377610251778,1471.7460257099387,1791.6885473591665,2725.435734090973,5225.1326688772215,3777.001043610393,2479.7681296060723,1826.254198999964,4570.432451120681,2584.023788904816,1889.3561741418687,2655.316393698499,2739.9794457772855,3328.314463571013,3080.945675336714,2247.923816193289,1399.7492714375671,2698.0254463358942,1696.9358223730796,2751.5376795095867,2591.120555153889,1710.590699365865,3946.5514140880005,3307.474373589159,2000.899154985328,3641.692304571049,2548.1863594770693,2241.063886577533,1156.264250405157,486.09822262275355,3829.706831959073,1287.4180926715296,329.6759059515876,2535.923773144611,4330.754661001821,2431.7291320352683,1175.1205176882925,2661.709483400659,2274.3203046635713,3128.776300417785,3468.6446812847526,4003.1206397775472,3828.61476737501,3096.272072541753,3999.518423019576,632.5164174470099,578.3522450522692,2624.3211018168113,3278.1227063923334,2167.4811860526033,3670.358719750019,1862.4960700933036,1927.230147516638,2926.1996970336795,1899.2191383218526,4105.612369138737,1270.1523325510996,3947.549471950035,2747.1920972665894,1756.2958716267028,3757.878427736586,551.0348343226588,3877.214238703479,2826.539808583633,2925.2188628982954,1873.4673917172936,2488.8825242033827,2692.5979231890524,3134.2075414933834,3172.3719875405536,3103.4041245878693,0.0,3502.6192513514798,2340.6030319857746,4803.245245070254,2420.015187790564,3210.2774642628638,2506.396153389364,3459.8564522731285,4167.875112183186,932.7028462425744,2357.4978001875206,2588.991380658692,2084.394136872391,1466.3567325129309
7241.748604757003,1867.0704291172303,7676.599857558032,5657.782020211189,5711.372788413744,3745.916370216105,3522.096827037553,2930.9675068012953,3155.8515391229994,3835.8701468245763,6910.882572664652,7284.835750981418,5261.796458490293,2972.249186562425,3944.8745466635564,7144.662624680049,4274.581672238934,5253.16028604839,6156.70326987114,8715.095431423915,5781.011488504758,4500.14218175826,1780.432786512594,6195.082299279405,4043.6458938190913,3125.62629301489,6047.430383092806,1320.8499870643905,175.3359023645757,6468.872955182379,3971.0387432717152,2272.86355729859,5479.71282798816,4690.380105626516,4362.171461895211,2843.5966151592243,5209.215986483666,5996.900720220905,6807.22348564883,4818.195113703159,5813.426033615805,1043.6864358958587,4926.309495408099,4123.556557515491,3944.255924999416,392.0076828634867,4161.802182564664,3722.3683489038267,5944.916241059919,5383.103528789409,4849.24440896569,2362.250384031718,898.3057134678595,5073.932741979243,4858.354230165808,5214.816259293227,5951.5613292413445,7330.311741029845,4105.958263406973,5228.821699253188,2875.5935451927135,4049.281836403216,3408.6745205626485,4731.21572922024,4287.818260576118,7105.067958957536,1845.0283719609843,4357.131878985647,2788.6679147266714,5079.699293596226,6019.3955923159765,2937.4880176213483,6117.235217038903,5340.783692720947,5258.824205735062,7251.78640795949,3963.2823896821938,6052.558186349388,6082.817326473811,2957.487187382221,5376.057847982107,1181.2673904451099,5823.75191827983,6636.502300400414,2037.268979720154,6360.900389533624,3502.6192513514798,0.0,5168.294382905544,8264.679795836013,1610.2217585739545,3865.368646098325,4539.432890811473,6838.346044918318,6351.460213819968,3618.1913904586363,5852.222471554632,1601.835112654546,3429.493267406425,2159.472146615464
2444.304752818887,5095.136352484495,3621.5672164626467,2310.064930209971,5674.007448961096,2065.322364474854,5000.845996431503,3176.627038560869,2333.2425349890223,5817.576210749026,4754.504667871197,3640.162225841041,5680.446475010569,4564.66187434075,2297.383655358634,2794.4624411018663,3405.3622489726413,2468.261860136603,3076.7258694061456,4661.974641645426,5614.494204407464,4541.271136342445,3878.3795382517683,6491.062370911252,4809.082068571611,2164.247772084564,1528.0835590192708,3986.482980322505,5000.1812746776495,3471.5154004856445,1526.6563992680208,2941.481499748894,358.1795525389464,647.617618792139,1603.183238887557,4929.092927863503,1866.3701163917087,1816.733382195912,2685.955656927344,3709.2241457105283,5405.966436629532,4125.526256018255,3977.457475795436,3112.4995404160304,1937.789625985236,5389.295013881222,3251.2445211046493,2457.480072124696,1533.7583628528323,6474.377408686954,625.2388918165599,2982.5103674188626,4273.271053743256,3901.919186083177,1571.5596154040734,1718.5764065365263,5837.346094417394,3289.2665766521573,2254.0963115006866,6122.101957888974,2681.510326712355,2285.2395142938517,2395.126029296162,1900.1526884542718,4256.339448615559,2448.8516950689364,3327.3339642091837,854.9720768165471,3157.1279427392546,708.9464330293231,2035.7341251096616,3609.5973975126362,1746.0080495284087,491.3820599543696,2038.175772081005,3386.7759511023164,1837.6034059393774,5601.2098719948,1198.4266709870074,5264.071152421574,2060.086679368856,3989.431783143309,3779.756160190893,2743.168669469853,5416.185725761719,1412.552091761575,2340.6030319857746,5168.294382905544,0.0,4503.1318250543145,4561.880207550391,5514.445568287441,1119.2666410690524,3771.964146361548,5842.885912243795,1646.142058332148,2014.904532321569,3721.326054537011,4393.3472347076095,3604.5888181906403
2484.2210879790873,7160.983276323999,914.110824707814,6642.65072975849,4727.578027603669,4609.396214778786,5914.134991596995,5349.01698976784,5222.129508895102,6501.382580503934,2335.997150163502,989.9438476302583,5152.471510148212,5972.3020233194,6737.460781629975,1772.9164978734898,4177.528736082734,3017.0410676329884,2111.3765811171634,624.2064488885068,4589.701755808105,4691.483335673271,6502.5618458051595,5316.412095295943,5320.82841122959,6166.526602527714,2975.5536798683365,7524.0883821414545,8093.757878530467,1845.9627775039237,5875.0359686576385,6183.403185937336,4537.973147319627,4406.211450772762,6084.680304788165,6358.862951948642,3198.1178367335065,5916.091800285894,1817.6687888427311,3794.8254153002877,4312.314474708216,7348.407503436714,3854.1261153854325,4221.59624927124,4429.566791292463,8611.252678963032,4227.489138382262,4550.317191513686,2974.8229697462675,6021.44560569146,5124.885416832752,5978.362972522328,7456.694754990377,3653.8922684125487,6065.566507548161,6151.697886377792,4697.558968128979,1216.5700086472625,6720.914005432595,5710.852784582788,5433.867433273102,4232.951754136704,6685.145742408987,6400.90754485526,4659.24071495453,2285.4436806285557,6654.29531970208,5135.0824743153835,7315.423150889496,3971.59917290076,6167.2111428623075,5456.023120033583,5738.254770478303,4861.478438752763,3096.002704175983,1134.3466918336742,4447.547794464833,4307.748614940872,3386.838077288314,6580.801871648925,2987.351730247043,7292.114664072761,2762.105807150769,1811.8074852963823,7351.954790374734,3297.661834174784,4803.245245070254,8264.679795836013,4503.1318250543145,0.0,6923.026771168013,6149.754045997287,5601.994396356087,1523.4676325600094,4312.771420782001,5079.328609173953,2654.202419446,7344.3719391562,5490.869817870572,6119.108427178914
6259.52531303972,600.2522098226714,6431.688496152857,5702.089462764504,4104.907581516787,2710.35163989472,1939.705423017887,1635.1145576955764,2249.3987902481854,2381.9430038615537,5380.126831594679,5969.43883269441,3667.261719679685,1364.3351230910976,4107.063916431907,6014.202038043369,2793.2667241550707,3978.8188349801753,4818.831463463004,7421.431144476987,4172.257853074879,2895.4440967128,697.8316414050022,4615.704840227547,2435.390186348997,2973.452495752538,5074.792873736326,1942.1177126603318,1487.0151030978127,5086.888344520744,3777.009374763319,1765.4588820431359,4911.669997015373,3970.255052155969,4271.575255454362,1285.88143994149,4076.516942992387,5821.379574183855,5640.05573450653,3299.0524391385475,4203.365195974411,1363.7607179677818,3376.6970116652456,2703.502208748127,2905.669296438258,2002.0637793099895,2710.9898341943303,2531.851670736262,4954.064822076614,3864.712336267733,4430.055134617627,1606.514927546271,1317.1108784062185,3538.4707129476146,4762.121937701827,5138.099141107341,4345.569280453137,6103.115787675423,4257.30388979375,3676.2140884627493,1902.0593808241108,2863.366980191327,3551.8592656404617,4749.69278269237,2695.7563217644506,6076.728826998454,1642.2927809827331,3887.862539399252,3245.2276462222185,4266.18135030908,5910.040481183864,1468.4056772656527,5889.022504127658,4864.958866056834,4084.8603660210956,5987.366280146305,2961.1385054063244,4442.337235159437,5231.734122333148,1477.8987434547066,4201.058698048029,1494.432663875492,4341.252044731911,5427.238272278545,934.34671719068,5510.990050016421,2420.015187790564,1610.2217585739545,4561.880207550391,6923.026771168013,0.0,2339.55024188347,4274.104113665224,5441.22564101738,4741.35496148738,2916.4525639567664,4721.5471266153845,2077.412551669023,1821.2237154937884,969.8516802094023
6378.110064119308,2005.659139332504,5958.44137366174,7270.006804554793,2054.7814216351576,3460.713612948203,538.9892647725007,2483.571722581211,3399.653222681543,358.68813275601906,4066.056019502929,5356.820699258937,1521.0351380573034,1149.7125979361103,5918.129201315058,5853.522519751335,2327.240185913134,3803.2472141079656,4295.201864772599,6742.814826483818,2165.4209060078824,1460.459695260366,2678.795153681035,2363.5030261197044,855.0605670851629,4704.061327044324,5358.9963458604825,4228.079908751963,3773.878836526949,4386.063450171463,5327.860375908232,3560.3218979255234,5865.634973012386,4867.424236773388,5850.430857251883,1055.6951809234524,4219.863358371335,7154.770252343397,5440.654496701753,2443.7364810635786,2309.1099587265217,3670.3374761469827,2318.3420120016804,2522.1569874861084,3576.719014263911,4243.22647630503,2411.6528880748997,3057.0381177330783,5222.145684459024,1526.182258877687,5641.46998287902,3252.9670814015326,3644.4777146122055,2517.809129083657,6278.927572591518,6636.051998265008,2272.839806256701,5706.960433579333,6044.435316649522,1368.5999346737526,3129.278498448165,3254.980356551634,5413.391725088903,6375.453330859931,1553.1686062659137,6124.091441848742,3688.955767808148,5128.539238822007,5332.252710967289,4963.585575500236,7307.495320943354,2023.23873086816,7157.783056555221,5946.223052276631,4133.443704973494,5509.6356604851835,3677.7588725957826,2500.2924733608666,5711.120691462404,913.1691942208737,4221.4612837701125,3776.472673257017,3395.4781904132446,5155.886380345091,1922.7183026959517,5955.580775340135,3210.2774642628638,3865.368646098325,5514.445568287441,6149.754045997287,2339.55024188347,0.0,5679.833421625409,4644.0625456720545,2754.364862821554,4098.050993370019,4740.9979737562635,4309.5145063903665,1126.0548481996784,2578.23590096019
3546.893266993102,4856.528191338027,4730.7438242087255,1610.3758185193915,6212.038098607252,2314.05192114827,5143.52022151804,3204.0930024944655,2283.996612730413,5940.356376365057,5643.865679602323,4712.041946448482,6124.868887906255,4611.408774143754,1184.1844711450153,3911.1628230199003,3863.517993745338,3286.650041914563,4032.89490775113,5778.227987504214,6174.612457325966,4955.167223106098,3577.7040649785445,7012.962298236745,5089.9749290707705,1414.6905582879247,2635.3695378305106,3259.521300196242,4384.209671077901,4438.904146549799,573.5221317194305,2517.612491414237,1226.9285208898682,1297.7090563990062,484.8245616096607,4921.955134989753,2738.3009523545797,1547.9528990331066,3785.1251368917774,4284.5070539034,6000.23124937706,3530.9286867975684,4551.238365927783,3543.906554442992,2278.1554955485367,4697.723995417888,3686.83487804119,2743.5908385362422,2627.3297031177867,6835.1758110089595,501.1736670835767,2679.6951660315763,3681.237558044034,4519.0137528104515,636.013030414472,962.2671702235302,6401.8724179767905,4393.080485255079,1134.8760773445713,6500.428894901782,2583.730695670313,2703.508769895152,1372.6466778810927,876.1045229023757,4648.035337149342,3565.0630999520895,2785.480812398822,624.9345308254292,2169.56852687925,1662.2068695637736,1654.5603339165366,3665.9539914712514,1620.2742300684781,950.4570977298239,2905.9790895799647,4476.557478866656,2173.2451039885027,6217.684274455402,2314.3858436745154,5255.00102186755,2959.0943223731474,3372.7462415930436,4580.994740869389,3817.7032786686027,5191.407941906031,2512.8694081487797,2506.396153389364,4539.432890811473,1119.2666410690524,5601.994396356087,4274.104113665224,5679.833421625409,0.0,4767.147342303256,6485.477136280183,1585.160731888095,3037.020095191996,2977.281046769014,4562.945699382034,3396.514858961314
2585.275390060022,5653.579980176278,1424.3501882788514,6066.266613381331,3384.143171788836,3312.057566806018,4393.474323189109,3907.6866676079594,3909.371819963534,4998.443636650312,1247.0944601633032,772.7844418419666,3748.767989303286,4451.9248166483,5802.723419760759,1771.7143183510143,2668.9459443669894,1692.3211355915873,767.6710857261722,2100.0490040472864,3255.2143093974632,3183.623428701642,5061.6862413995,4067.3754483579464,3807.186236612283,5039.984403607614,2391.7941668203807,6199.222219076358,6670.711204774496,379.0918528167019,4915.781073984581,4859.511021186597,3920.128355541946,3479.0668616243925,5225.951906148486,4836.482141019132,2073.353243000575,5452.7555623578055,1472.2209354240958,2271.3658314743134,2973.4297519659012,5966.966515300803,2336.1724951060446,2739.6949709507808,3155.1984628934197,7197.143255157979,2732.0218888014056,3174.052080276724,2321.696731499616,4643.604198168164,4346.17437038932,4620.953718342134,6064.8962099406945,2135.557504708548,5321.245217073913,5490.476534735122,3399.896180439191,1307.7870398753766,5817.484188759433,4312.831733280698,4074.5214977255914,2881.6387161691523,5647.332255935452,5627.47186110326,3138.728396602038,2298.0105863840135,5321.080342331339,4210.744046919143,6187.225075649341,3113.6378946833233,5697.942636647108,3973.1779867321575,5313.525540073463,4217.042480027442,1925.1048002862076,1050.171698152259,3196.409674288482,3021.9777376766033,2906.2142682362564,5057.371020164528,1843.9965138849911,5927.220350143649,1248.6111528294148,1218.3098580451524,5836.415871373458,2948.0736557252094,3459.8564522731285,6838.346044918318,3771.964146361548,1523.4676325600094,5441.22564101738,4644.0625456720545,4767.147342303256,0.0,3099.8594025671555,3907.2905044059617,1757.7457944540786,6045.979159919508,3968.039349611846,4679.973391963035
5563.515969839396,4603.886551857028,4511.790084792731,8053.081707815028,701.127659774595,4253.408682228525,2892.5290259013823,3941.3605159494095,4585.847025153477,3000.143228537264,1978.632103945046,3862.322301186813,1250.2357793364417,3381.0792212979864,7165.575165426708,4806.400341161981,2696.1719120569815,3416.718460666316,3240.5778895055123,4935.698951717781,591.6150699517383,1896.29741971928,4774.308939198321,1005.2670174739648,2312.1572557925206,6050.5978957008865,4959.460602684933,6326.72996720312,6225.851016567935,3059.26762180297,6360.075485745825,5237.389184234641,6123.216142028631,5293.125487660858,6827.649384180253,3572.844009597536,4024.171387441768,7659.2196024234745,4439.777243503215,2205.8810495865364,555.0060004360313,5861.628985667807,1944.3594866140365,3014.271760413948,4236.392073281343,6743.12956260474,2880.562740177342,3856.3023631469823,4839.653425074568,1872.8741294451686,6234.556236461502,4906.717584481096,5888.7915320504435,1966.8502601329365,7119.78588474485,7406.097675214998,510.19214303338714,4403.982663695442,7246.032896848455,1663.833175977988,4502.706513498742,3804.8633837367934,6790.4090830468385,7335.2858357199,2171.086517096912,5272.115210534477,5561.694078527962,5860.782425279154,7008.914003380838,5143.3299994556055,7872.7692726651785,3650.257622287638,7583.219155055786,6334.036351517411,3862.6877814305676,4148.940399782576,4335.864684212482,306.9347870297533,5455.359948851038,3587.354007666932,3880.387256453665,5912.117616100427,2202.428568690935,4139.92101393372,4606.251967994804,5606.890990287666,4167.875112183186,6351.460213819968,5842.885912243795,4312.771420782001,4741.35496148738,2754.364862821554,6485.477136280183,3099.8594025671555,0.0,5049.269366174575,4206.963321362453,6307.961146215233,2929.934503145079,4495.969594741717
3648.8211306844023,3456.903983881097,4333.953811466038,3189.385186647734,4709.170954690432,795.8740535599836,3563.2509951510565,1635.046977417468,724.3393181348087,4365.53629789846,4521.343571304552,4099.982829092092,4578.74755428971,3049.2724888684515,2121.6525628040517,3667.3871225052035,2364.6079461783934,2230.370492982948,3140.313653767247,5413.913134013973,4685.245343322482,3409.1796298512927,2232.3775021236884,5493.643442030981,3508.918647771846,1138.395106790696,2470.214320281744,2567.261102183609,3445.06268681268,3536.0552424170355,1321.8802104835372,1346.9722871555302,1995.249460280343,1084.4122012685027,1819.693180077345,3380.62216431532,1884.9877345388745,3069.7943209838995,3390.4859767074686,2851.1662571803836,4535.8890106545805,2580.531116734305,3106.512805678579,2042.3544069646675,842.730561739634,3881.24631070034,2181.45383936241,1205.7216164355682,2382.9053837341085,5261.3181199522605,1576.537425596361,1342.1542490209533,2721.4070415022447,3111.105573230519,2200.0877463103607,2546.130041161685,4912.287431419704,3975.712647078131,2197.0295403787823,4931.611082185009,1058.794756302183,1261.0577101227361,1810.389229528833,2345.687128602193,3097.7502028402805,3539.2605733356227,1783.6980436705087,1041.598167898735,2280.166637880881,1462.0372964138091,3212.2857441133724,2094.1649734746297,3092.364328923745,1965.672793581119,2004.7203285256521,3965.8404073624797,761.6383694707083,4765.779599500799,2465.075526747406,3716.4028251658883,2104.5047547080994,2466.4378571608086,3375.264887748071,3294.086865165064,3781.7681044618535,2742.7730360075366,932.7028462425744,3618.1913904586363,1646.142058332148,5079.328609173953,2916.4525639567664,4098.050993370019,1585.160731888095,3907.2905044059617,5049.269366174575,0.0,2448.3606138393907,2341.429888284934,2978.6888698091643,1964.2454700227763
1641.6091202564025,5097.501157876573,1886.1008105138496,4310.115644356657,4220.425701165702,2106.4045935408517,4327.433079194292,3086.926001368027,2705.9495098386437,5091.983824468514,2808.04755024501,1702.9556536709933,4389.382271987028,4128.915101773104,4122.955093259324,1298.7566923704378,2415.7547072519596,943.7336877472375,1098.6836074944415,2965.555326792775,4126.951486318321,3421.7499446647175,4174.812113912193,5019.795108190174,3904.561702724264,3514.6139037659595,752.9425606412483,4966.442462391465,5677.247167577698,1472.5451772237755,3245.8281809097657,3649.06177823081,2168.979860360395,1777.8145742962063,3507.3764949574484,4538.394848809433,648.4819698357079,3717.4283235221897,959.2969534247463,2404.2537159967123,3873.50943759235,4868.273868018725,2628.7160232145657,2267.84347615262,1908.8472183624335,6167.385223060499,2353.159774143906,2191.5166909745403,638.5980832487676,5275.929620138805,2598.214510525642,3496.1927811013225,4991.825499796442,2477.8205457510435,3571.7353906196636,3733.111427250197,4329.107303637091,1528.028454707896,4121.595920945793,4915.683592035802,2977.3869582492966,1858.5441944974027,4036.867637982945,3884.9570033360724,3221.984481349499,1404.2784785390684,4120.488072050931,2515.2675278645806,4661.9313917179215,1374.8152433418097,3959.0254364216958,3346.2759209616884,3590.4120698159422,2460.8197333663024,647.5779166123564,1525.8290622114262,1898.0628046748084,4019.7804678785633,1260.652642463022,4834.893707311567,538.8516123841515,4787.717306963309,2009.537405306256,848.4273019375321,5357.207331965509,1400.2428209599932,2357.4978001875206,5852.222471554632,2014.904532321569,2654.202419446,4721.5471266153845,4740.9979737562635,3037.020095191996,1757.7457944540786,4206.963321362453,2448.3606138393907,0.0,4763.481509248671,3758.8824460343267,3803.420487766899
5970.357478015282,2635.4919952693845,6646.113221243,4058.653272931059,5765.85529338727,2742.845448846143,3830.303512772976,2401.026560496989,2137.2527512453926,4412.193865934837,6393.070601526703,6355.101663779109,5426.675414946798,3191.4828618089123,2348.3316504337704,6006.235487460094,3801.387191435253,4364.154153117532,5302.3254899888025,7719.810858029684,5798.614697110768,4418.398123390987,1635.335362563288,6406.115258505111,4158.287403333373,1583.733083613839,4805.9350755091355,284.5320560095124,1466.624411981814,5666.888597638125,2404.051271282291,1192.8141773826296,4003.9767987690684,3331.980163665143,2768.112471657537,3272.1067905412256,4159.15974828955,4402.036212557206,5716.949998256413,4380.193308705222,5753.039749450459,766.2241584549524,4563.195843828862,3553.7602333092195,2916.2407691327544,1721.8702176613083,3641.8872283382143,2891.268449156875,4722.61446316815,5799.11961129308,3329.1883327658106,1474.8269243735003,883.359028458984,4659.680815912179,3261.206695461206,3614.7310594952974,6003.425618569618,6289.0952080738125,2509.432982140985,5559.352118510573,1998.791127012775,3165.7574764978444,1807.3419761063478,3129.408690318348,4136.900156288159,5874.758592824899,764.250002648348,2876.7978524588757,1247.5804588662807,3762.5114788759115,4419.15813903508,2658.475822453535,4528.486468066124,3829.353168950208,4249.844682660532,6257.236679807868,2897.152486706904,6001.1708202466625,4749.241939873456,3521.5097842972127,4360.709317585041,602.8536691519763,5236.384890310967,5598.223398101311,2938.9837752830485,5017.709544994011,2588.991380658692,1601.835112654546,3721.326054537011,7344.3719391562,2077.412551669023,4309.5145063903665,2977.281046769014,6045.979159919508,6307.961146215233,2341.429888284934,4763.481509248671,0.0,3484.84168819661,1828.8660174876122
5399.350695224936,1793.8317372133874,5166.827068402619,6159.689840268339,2319.291353436433,2335.6077888020923,609.1941968026282,1388.2727940909165,2291.0574651136535,1425.611143385881,3673.1538712275587,4611.8644315397,1943.0299038967466,511.9478477237695,4859.924326942139,4948.017224253975,1377.8862452049516,2848.5484967404013,3485.77073518268,6048.7648331119635,2373.35355930169,1077.351588313676,1878.973499020409,2921.6439832322144,673.4554558231749,3649.1658833355327,4325.490174766323,3461.2224052103325,3299.248848404739,3657.2437804581746,4229.252146111059,2571.9539575027384,4746.009808283164,3745.864931032752,4750.227861085508,869.3963280144447,3192.5116665573833,6029.819768603702,4540.122994460062,1699.0339788494523,2386.311000527802,2959.1151570651996,1689.1665683436906,1492.2335022177328,2455.94470453734,3821.4988480293955,1408.4247788313019,1936.555949305106,4189.722457040323,2388.7377912414327,4515.893081299535,2246.1045904231623,2973.8518983804493,1878.1231619318794,5168.284462591045,5521.768193622855,2560.4535569224845,4881.138725459255,4979.020560501634,2107.3281840579552,2042.336927643429,2152.0566579337547,4376.460337341697,5277.38152953612,915.506598101838,5160.84402192868,2786.4942803022223,4005.0657725791475,4381.435862262963,3858.2427612108604,6184.538746268229,942.5158240905033,6031.797463122,4821.439018919559,3126.6121264302997,4711.709181098935,2555.7737534408247,2627.9119790314517,4645.177466729985,1105.4209526818272,3224.737663565209,3027.174663385811,2757.1553299678276,4273.678913607104,1908.1684183614404,4898.8423558168315,2084.394136872391,3429.493267406425,4393.3472347076095,5490.869817870572,1821.2237154937884,1126.0548481996784,4562.945699382034,3968.039349611846,2929.934503145079,2978.6888698091643,3758.8824460343267,3484.84168819661,0.0,1661.320939161967
5309.759185875382,1492.7228481684072,5568.439841899344,4895.446913524953,3939.228146977654,1750.95795598438,2063.591179691365,772.4722180382931,1281.3548162304614,2746.484875601539,4788.894055999151,5145.876468653809,3599.7047454846906,1429.1613970944647,3400.1664516893866,5101.559384345535,2141.7649680609215,3122.3055196857335,4008.074418887204,6587.16078513725,3975.3640961954666,2600.614412870928,383.4596507652404,4579.604340183222,2333.7965387651084,2202.18866559112,4119.705194390734,1830.780317836086,1993.8059008544437,4311.8847893321545,2939.584836483036,999.0156988756478,3957.097212553919,3004.6238642340904,3453.1520590939804,1621.2049589206792,3155.1299123847493,4941.566199209517,4739.427882891035,2705.076787138768,3941.2460771347432,1395.497843617467,2846.5048015480315,1968.2755353925934,1948.8507179363428,2525.2069344194347,2015.3556765613362,1616.8803960482046,4001.584656241324,4015.3275291588607,3507.928906204486,732.6628363619926,1453.9864597873673,2973.4025624104447,3926.979599543904,4300.7236349629575,4177.601747338417,5230.163320648409,3538.15468442181,3755.91541854619,932.9525730979038,1951.0513216737788,2870.5251609865745,3956.7776636329963,2330.22417661177,5135.74235090673,1128.7260735825141,2963.792971491261,2755.955978895526,3296.3358149936726,5048.473444812897,856.3355063671014,4994.0107936760605,3925.5701950531975,3178.959116713047,5133.208302102107,1998.9309066060785,4189.080312029956,4264.0750821271895,1932.4008426830082,3296.357633342899,1423.4470049949175,3677.834687078254,4543.552696130639,1819.2664649825224,4543.69815723767,1466.3567325129309,2159.472146615464,3604.5888181906403,6119.108427178914,969.8516802094023,2578.23590096019,3396.514858961314,4679.973391963035,4495.969594741717,1964.2454700227763,3803.420487766899,1828.8660174876122,1661.320939161967,0.0
