0,100,7
1,1,1,1,1,1,1,1,1,1,1,1,1,1,1,1,1,1,1,1,1,1,1,1,1,1,1,1,1,1,1,1,1,1,1,1,1,1,1,1,1,1,1,1,1,1,1,1,1,1,1,1,1,1,1,1,1,1,1,1,1,1,1,1,1,1,1,1,1,1,1,1,1,1,1,1,1,1,1,1,1,1,1,1,1,1,1,1,1,1,1,1,1,1,1,1,1,1,1,1
distances
0.0,1084.0769488647932,5555.8714658178515,305.90154724191905,2673.8868645154002,5279.254241511106,5458.990642162707,2041.7049707364677,1386.0578479966123,4091.3450249271327,5492.0535388193375,5900.624195923005,1602.7333970813738,2523.499982350307,2126.15716823804,1911.317768504233,6091.087448797628,3256.7858920564618,5745.883592032213,3857.016912766264,1911.4273630501891,6126.156175567189,5511.627747230848,6140.400177428585,819.4364611182491,4726.019130014288,1332.7286035292404,5733.503513358739,3245.65606325316,5375.6212324430935,3146.223374496001,5707.025111860732,4043.898984851748,4140.439884764179,6440.809839287371,2917.207034549656,4670.738402760852,5829.6769221276745,2992.4182699042926,1331.0542662964574,1958.7415994798803,3964.0229840806924,2114.633625970466,1999.0065070834564,3677.883561048936,5097.947682349438,2114.2914432258385,3126.207968809017,955.9998848582568,3773.4534463965497,5088.771933416647,4190.194586061249,5914.806427655938,3395.1976839561194,162.3849227761001,1340.8849969482842,3002.0843399095234,1443.0834648366667,4446.287655344963,5296.622578139583,4687.208780647604,743.8953406024265,2847.7687689222594,443.6784799976217,4675.086283664613,5632.514116141122,4820.861318711626,2043.2886147081622,6360.129130851668,5450.693209036994,3776.800600593312,746.9364950891074,3801.2012010159365,2648.6359977552597,1719.0383247435177,2581.0127914018562,5031.837269433601,4832.950732759543,4921.524910738643,6837.922953164141,1035.74751089684,5228.8633701981535,5676.0779874583295,1079.0159887026698,4653.535750275053,2362.679521904103,2053.5977497806134,4507.994049960803,3308.7404885185547,3742.5829840389642,3221.4127692192756,4657.919510075287,3463.9189427866236,1347.5661624888776,2502.9715636746655,2351.242087429748,5493.887591337304,1668.9969939128111,4741.577354931267,5951.482552465898
1084.0769488647932,0.0,4706.380271316907,1362.324487273498,2687.1201164920035,4789.4581477475085,4394.0908375863155,1752.9006218978873,941.5068108394119,3853.101183266279,4812.8838816445605,4855.443391176135,520.778217536026,1869.2461975165284,1968.807489230473,1584.311286747652,5007.312823788824,2978.717366147047,4836.336191412359,3525.346239906798,2265.924784539195,5048.263916244079,5178.34613532902,5079.813847473645,268.646416127221,4481.588477703525,2141.2988982449415,4687.700294462627,2821.3773959993373,4492.549695284517,2693.1201700089437,4937.15949407359,3432.3594926139363,3518.9805588837803,5388.4380633880355,2936.327353613353,4379.918728721458,4947.07698342688,1955.726644183435,640.9400321855395,1916.6430047937984,2882.707553134726,2061.7821233934974,1763.843594660819,2735.467174803237,4311.473697726105,1530.0733430218302,2700.2134819411963,1904.5024014101425,3138.5481520400476,4589.5112639383515,3575.4895254503267,4844.766321210963,2330.4946630501,924.1485297964823,1972.5424845830319,1921.5387191128887,1017.6088842207497,3453.851428261066,4871.2663879818765,3827.901332777531,776.9397776057034,2297.9753784200993,1439.2221678660317,3591.0948711635288,4637.960397830171,4149.620733074531,1466.0343333087394,5276.115049066311,4377.596957063315,2757.812966023984,1552.5392607737813,2789.4574429478216,2120.33015306697,770.4509323435208,2726.189825379003,4579.665246706247,3976.272758352098,4196.80845056681,5773.43851029497,1263.0548815158427,4172.010209848006,4640.249947349496,1183.3347630522817,3851.696150539915,1854.061324860912,2074.3138719345247,3424.2685120291026,2723.032321873907,3018.514220905709,3132.9855442279013,4367.11320434907,2379.8588326554163,299.69348445536826,2400.500112119972,1273.6032643146768,4478.214830317322,1059.5904520568313,3750.0526473041677,4979.259333244053
5555.8714658178515,4706.380271316907,0.0,5859.568090365193,7071.851892628196,7832.165452981697,2397.064837875062,3790.327994448633,4187.182055998999,7683.207442937161,1143.2924437295121,2101.496345882381,4296.253273824182,3071.3982587442156,6333.62087824816,3836.5824897839743,3401.439080714073,6931.358260588541,6048.261111344484,7247.750368476139,6920.459870931267,2999.081550119136,8566.364378363787,4568.2330725936035,4880.1221865003545,8186.673534202032,6818.313335882416,2066.365082697634,2864.9955915597843,325.23540003203817,6419.292470095595,6901.619530660902,1915.5842821995593,6536.329349915058,4896.268820280398,7289.28960633099,8006.107454527075,6293.489955475022,4214.307019022225,4235.325572012735,4157.638883728359,3464.457291864485,6498.749802515711,3878.490182967723,2026.281630456388,609.40510566043,5542.644480652624,2925.8812375915054,5847.362520271511,2037.0558147151983,7651.14147002498,6592.8044004901285,2646.661659031052,2904.4683760361377,5440.219105309822,5334.984510229997,3710.677506114079,5480.6626643025575,1645.9684897451707,8077.712741807856,5780.653729414779,4827.689043602228,5988.836752429306,5994.948764379893,3223.3214794906817,5247.519206215448,1285.7081040286707,3551.6829916687384,3698.227847165315,3954.338778306305,4373.885269784405,5474.907403800086,4439.153590752408,3078.5066270527986,3936.745770370497,7221.22468590647,7775.752157056576,730.1078563952037,6608.535814682402,4869.593935652746,5956.200530304533,2202.9034227121715,4770.381212051716,4670.502028057048,935.9267641482425,3327.023083752801,6566.728546400635,3270.4138951858977,6150.339486930538,1891.837968369649,7329.061278311841,7995.706700129576,3339.878055960277,4634.607213456821,6720.29037497287,3716.8640611152296,1577.5634470984044,3891.467307523603,4874.387264189212,5644.947551678846
305.90154724191905,1362.324487273498,5859.568090365193,0.0,2602.329293041332,5312.149141868101,5750.620693162174,2308.280930828178,1683.4644560673087,4062.83352384675,5782.2600776036525,6198.137907462288,1883.097577595224,2820.6456637984497,2124.318118555929,2185.5525737810567,6366.331310984765,3253.066626738684,5915.373074234625,3858.2589355433365,1768.7094644412348,6410.49585810622,5496.840397930614,6382.415069543817,1104.4237471609345,4692.239101965074,1071.8305915068854,6030.837469351168,3513.690852075777,5680.733779514403,3194.542714459145,5826.106458717177,4330.287030409416,4223.202191420273,6676.708279946339,2837.41960579203,4650.676750635331,5988.520182694302,3228.344109978674,1636.9324861499329,2189.4190372105563,4228.635239507541,2083.450448678826,2259.3565586867867,3983.4975073371143,5398.152898607912,2229.8397237337485,3395.4854981801936,897.6171850415968,4063.2002536287814,5125.924347639359,4270.371791762399,6204.217951452463,3686.1708474893017,446.5045378044886,1422.8027376484768,3267.031854087897,1562.7113186798128,4750.067438154537,5310.233384420783,4842.747964827923,1039.068055336608,2930.318956504564,170.43167124099904,4946.433582446246,5838.291917455481,5111.443882941199,2338.8394494631307,6631.101470433777,5703.892382545887,4000.2184283417573,821.824015972398,4021.1573333322835,2934.0709345225446,2021.505271168987,2474.621921705415,5055.408637867368,5137.307376531796,5030.030990047079,7082.328496321814,1023.4107448654228,5523.209476339006,5902.851680660967,1331.7978678662164,4955.1868877156385,2648.9934373437018,2004.1023717178223,4777.8678833857475,3392.192696817945,4040.251458150222,3164.9793162003443,4637.9794108927435,3738.0317437085787,1609.045001359502,2469.847187814056,2635.2997186331577,5795.95144293575,1970.4596944431519,4948.575055456671,6146.318969314316
2673.8868645154002,2687.1201164920035,7071.851892628196,2602.329293041332,0.0,2951.2470360098628,6023.48660694452,4410.4084715076,3600.5025287674775,1514.5602978448896,7378.2308500524705,6602.284199945651,2895.960692960455,4530.45040695183,748.0828270091487,4246.2543781704835,6223.545730967838,900.1841008649288,4478.373489853766,1440.4082318221458,969.2334104564286,6448.443265988777,2955.9948111661156,5713.297881611722,2682.9729597463333,2119.485386123953,1980.5267813703,6443.26713079048,5508.339271489366,6806.971195159048,1253.1716009266252,3968.4839356899256,6069.22142745682,2279.564600139685,5899.970925406751,251.46855107150054,2110.6757976233584,4446.520322568648,3071.844893096818,3326.3401009003874,4485.162986714864,4191.290558938141,625.3386405692518,4405.795980887222,5048.302043411626,6782.010533875629,1540.7839421054466,5387.272173323063,3485.8078400114086,5770.5292317230305,2795.455664288919,2299.2169388609245,6378.132936831279,4247.161228667096,2622.28550024001,4007.2855845762974,3477.6107680800046,1689.635379322119,5563.191274136186,2865.313270556293,3407.898720232161,3158.017289503336,1413.5605144701094,2464.86364337685,4896.321957572336,4780.800375049035,6735.275616153061,4151.702733198513,6387.100993654007,5264.245902878207,3458.384643097121,3404.076262109884,3432.940426599477,4803.545400290185,3360.1884763067983,326.59917414469976,2662.9481058340207,6361.749491923822,3168.5973729498987,6387.9224386200085,1647.1183269058117,5893.175623207914,5084.321377358536,3613.976573588711,6320.6992110395495,4540.750942477796,633.8220292826684,4728.177798159667,1667.10732115542,5598.384567537496,574.8694721143229,2098.598195034009,3962.8253775164003,2601.571617200072,360.2199652989822,3358.3760597308037,6412.381129436552,3746.7094826530115,4023.2160665235215,4939.0395004472275
5279.254241511106,4789.4581477475085,7832.165452981697,5312.149141868101,2951.2470360098628,0.0,5961.955759976839,6464.420825017892,5695.421038309284,1535.1523357911421,8512.355436883554,6565.853185968523,4682.554533101457,6234.883175760793,3196.583444780536,6296.6612686144235,5641.985352284512,2101.880205196528,2692.5755040603776,1513.2080477878774,3910.904778606863,6029.0522761264065,867.3917826795456,4612.927590249167,4928.512931814321,1236.582726136832,4906.6202806999445,6446.912246692985,7293.237912405778,7515.106824866962,2136.9649021362047,1675.9991364436917,7520.892188173554,1361.046824511559,4618.436227800271,2817.344861376577,1069.4006047398702,2508.0930686880424,3760.3304338661515,5359.607034078618,6695.563712134326,4375.1518276029,3275.3190487892925,6497.701943440696,6048.971354662295,7765.47314371024,3266.297629977556,7186.564625416653,6205.144856514149,7236.057682845335,202.0300395089796,1300.1917682442077,6128.284679524035,5022.986967043614,5173.1945339801405,6589.01010294642,4275.201954973005,3886.811912848884,6186.77401497113,335.14424115744566,2187.4159812027065,5501.045795881815,2493.710458333124,5211.853167873784,4788.855952048881,3443.4074679247583,7977.175937959812,6028.553354267091,5651.407134919674,4575.243599799359,3458.4574139585698,6020.5545710933475,3393.5498211003182,6587.400372073341,5145.942146488824,3239.1209771184836,297.69792531692275,7244.851383704844,1343.375446964846,5106.565533267344,4289.211431533774,5969.0929802968385,3969.5112909606387,5951.4534283320245,7355.4761183135515,6394.959972644708,3387.5015307782514,4680.918339657828,2071.6345467444294,6948.52085911275,2422.9512976801657,1074.5213099799369,4527.6236577044465,4552.919289489986,2918.786070935826,4677.288730357577,6645.201807310068,5703.436475409277,3196.860353052976,3337.7884336316165
5458.990642162707,4394.0908375863155,2397.064837875062,5750.620693162174,6023.48660694452,5961.955759976839,0.0,4413.751370189535,4362.212079696379,6192.7634877317905,3473.1601663272027,610.7117680772161,3876.285030946512,3599.4201828452874,5373.19704461785,4363.496545111959,1058.4253967096593,5604.315778955537,3801.922491230588,5750.085287049664,6202.189596315563,785.7612151207261,6777.776330226087,2172.3245375277147,4646.451153807818,6580.121794331546,6457.771726782003,485.4900044789794,4084.8381680512143,2094.9447488716733,5050.848195895517,4763.841171695064,3467.4686561226476,4814.318118139889,2499.468728636748,6189.1919522789085,6376.030370200961,4055.1929798893666,2958.3151254295076,4221.127532789551,4856.376705874556,1836.0313417640784,5571.045950485869,4510.513551299675,2150.7721676370093,2705.873538722754,4533.807650243888,4073.3238597480804,6097.027266647329,3368.58092661732,5805.4946802801405,4861.669168286649,474.3470949631717,2064.472519743724,5305.598006197323,5815.574172134425,2631.4553650499192,4766.028846648434,1388.7431466203534,6251.267204379766,3786.2264452354143,4877.6989676520625,4691.264225297165,5833.307843502605,1198.815009516064,2951.736738914398,3302.3199095027117,3936.387150338747,1384.3225641706488,1610.5479600912238,2682.0454950417975,5698.779242945633,2730.5828719072056,3841.434482065912,3768.870308371595,6258.911442952361,5972.510822971609,2224.771796753321,4643.1199419542245,2502.7566877307513,5426.8612233571075,284.84422382067027,2431.8878876011127,4948.75558375881,2561.688955773515,3950.021328320266,5679.790000447904,1341.296273047085,4685.6621555244465,3019.563570674743,6105.488117249677,6367.80969718788,2118.65341500303,4183.959277715906,5665.918075680234,3123.921033894583,832.927455584218,4074.1862404472877,2788.5101315650622,3323.4507275712695
2041.7049707364677,1752.9006218978873,3790.327994448633,2308.280930828178,4410.4084715076,6464.420825017892,4413.751370189535,0.0,813.7340802233862,5603.447770740618,3526.337902119421,4691.390141412884,1783.7140538129984,821.9549616493592,3711.888472085335,169.6787906192167,5296.696308233086,4729.233723276531,6065.139483318171,5265.692153489891,3846.9230410717864,5181.259180191819,6906.784098087692,5769.865146150731,1727.5962771631573,6229.3840254141505,3372.8741896734014,4537.774985607483,1205.4277211786691,3679.593517270759,4417.057219306651,6383.581371470172,2064.990102580881,5144.39621101369,6119.189980702429,4661.613188104307,6121.728350459942,6224.025060181072,3083.045623244813,1123.9910813204879,443.1702954000868,3526.7507924618094,3788.31897692433,97.52456898648681,2290.1278711757564,3255.431328422395,3253.0698075688447,1087.3622824877639,2078.978413513955,1826.0698420827166,6262.6284822107245,5203.706713142566,4887.1372758139305,2610.6551855243156,1987.5028731060995,1547.1725884932814,2753.8485956929435,2768.4987304141932,3115.7969012984463,6573.068248922416,5191.977540453156,1329.0986963337223,4000.869435450875,2471.638433719018,4051.144350153053,5657.794913153092,2863.775186573136,547.2649949430349,5613.799962442018,4998.269882463331,3836.343903408557,1732.8392121469321,3889.855130777623,711.9019141602301,1343.5148397725272,4411.571251652863,6274.10924731543,3116.042120365673,5715.709760345517,6402.040786150695,2843.288243140502,4138.775178328246,5498.157508916692,980.5540259353385,2854.687357892979,485.9953052911106,3783.111091581901,3924.199087478106,4395.160619319845,1898.7574761037804,4878.928125428884,6108.990931167766,2975.6400180293986,1933.4178671526236,4141.933501105251,2031.5579727029697,4166.0307099497,763.2546044407464,4831.9275023858745,6051.241193319599
1386.0578479966123,941.5068108394119,4187.182055998999,1683.4644560673087,3600.5025287674775,5695.421038309284,4362.212079696379,813.7340802233862,0.0,4794.497269480191,4110.484656871621,4732.358448723533,1057.1104326062627,1137.5165705135905,2898.394264677772,646.9018478726123,5134.527309662789,3920.1117355989995,5491.956243153618,4463.2511300622555,3072.9478795192736,5089.8809747624755,6111.440103478393,5431.74492233076,921.256530352431,5422.408489793074,2701.560929015668,4569.268010827118,1941.7980436247742,4021.9698665934834,3622.6114191243314,5716.979342142142,2670.8774215740414,4395.385379417031,5766.441284977243,3851.4454954488187,5318.617769486542,5630.817135871577,2504.74402868876,339.260836279403,1003.6756379558088,3165.704549126624,2977.2740131445744,822.3878312967672,2392.8761814111913,3715.5252102276204,2457.1351046332393,1819.6714858440796,1754.1806991538813,2394.1166599681396,5494.2691687743145,4453.645541048142,4833.5661018243045,2370.2127409601862,1292.1140249939242,1480.498558111422,2278.2314197370292,1955.1701437266267,3202.540970190077,5791.239383579736,4554.426679259311,644.5275734528351,3215.2875526496846,1829.7106105884611,3787.4084436239514,5172.491042095675,3439.137935062943,657.9873906428605,5433.670969011374,4681.087508064018,3299.31483102977,1356.9287779043523,3344.9831545217085,1285.8980332732453,729.3484963458827,3610.8304941972838,5495.633075594658,3470.7491238892508,5014.853352681413,6097.937207609964,2059.60299609415,4106.391845801007,5082.291253277797,588.1292311159172,3275.198175002087,1000.8979353600447,2975.619727063423,3639.172053142995,3623.8177406587383,2356.923331409191,4065.31625073991,5305.836986264185,2613.1465932804076,1143.5597889056785,3328.700085454531,1522.563687278138,4268.600067605889,305.24004764283484,4310.532105771861,5546.5395549381055
4091.3450249271327,3853.101183266279,7683.207442937161,4062.83352384675,1514.5602978448896,1535.1523357911421,6192.7634877317905,5603.447770740618,4794.497269480191,0.0,8178.9314005589995,6801.04886181683,3900.42843145878,5554.450891480273,1971.302558416135,5434.116164668179,6132.5313411914985,874.3863565140982,3697.1907064106117,444.2079352881935,2481.156725889157,6447.2766292520755,1443.6944884098573,5338.607500512188,3924.6397050585424,636.9547575589654,3493.995434242724,6658.224263385921,6592.973071642262,7387.060256698398,1280.5654045651083,2908.696042326355,7002.711520418715,1511.7720328945102,5439.123808922628,1335.1251032206687,596.3373839706846,3588.180040366982,3470.5124610704106,4480.775825618818,5753.366404755133,4404.992702806669,1980.8977437629133,5616.8843088789,5730.2685595083585,7498.656596185746,2375.908913973345,6476.655755891694,4957.944541493481,6705.016859553001,1422.0712109191297,1488.9486906811128,6461.73463096497,4778.861305277335,4014.0247332951253,5431.713466789002,3973.217912309618,2849.7995357738764,6068.6958304295495,1384.1083636688277,2803.1653079588436,4462.833963662327,1726.0900288655284,3938.20868186451,4997.0655533307745,4242.238175332096,7578.217976559529,5251.796275495842,6221.98275532165,5081.854582278599,3512.1652587920744,4836.345876639098,3462.306562383666,5873.64152228113,4386.631833804268,1762.9592110290016,1237.4905749091583,7019.830971072238,2225.567964455141,5942.303821972165,3057.948482163328,6128.7196343631185,4675.078390284488,4925.943530695414,7053.585534896418,5639.395521420803,2060.7144721780355,4851.662332377429,1540.8456127548923,6472.166509329777,945.1164029393417,584.1691588778033,4365.53738002551,3680.74195577101,1593.2309934645382,4132.767708657843,6743.25472764258,4875.467234778836,3691.367601621518,4275.76035100776
5492.0535388193375,4812.8838816445605,1143.2924437295121,5782.2600776036525,7378.2308500524705,8512.355436883554,3473.1601663272027,3526.337902119421,4110.484656871621,8178.9314005589995,0.0,3232.9305450519664,4494.254618277207,2982.205149219618,6630.148477263839,3619.336291002813,4506.169032646023,7372.604586225685,6963.6930070026065,7758.987917538538,7078.473085412772,4120.688091967408,9191.239411153263,5624.0931847298725,4933.768473216392,8726.978944174954,6811.800277387542,3185.232285290509,2391.6272136873677,1395.0803043627989,6898.595434578042,7740.846272593779,1461.4651211701914,7174.740372105461,5963.329050326923,7612.102916921184,8561.991957807073,7200.481746497382,4777.984842413483,4247.4813024403065,3807.491209710274,4238.902655769533,6772.599303183749,3598.134355790512,2471.171022297728,798.9960800767425,5903.111839724536,2488.7360573787255,5595.171257836976,1719.0653184006717,8322.280694907196,7233.819108686434,3763.557928219785,3489.528137292061,5402.5813870561,4998.965239626397,4258.319517058813,5712.392004698295,2450.170922776817,8730.81522272302,6569.858882919936,4748.2587563232055,6454.520236214696,5935.0593960984925,4145.0963747716405,6205.529824542704,671.3505988766228,3452.9726754461876,4812.341379978149,4964.519383556882,5095.733582273704,5258.939630132485,5163.355382256484,2851.9178279615635,4060.2517618089896,7481.859069230454,8422.894160310516,1339.1004745145153,7362.499597421584,5970.236910477255,6073.00241077912,3249.58933496065,5763.57865986793,4490.792009520147,1158.0000661701195,3134.8727832869076,6818.671274790274,4159.493298589145,6684.141444957012,1795.007441760619,7708.508396258579,8550.747328698351,3989.439729101068,4812.28921521234,7043.1456439998465,4063.99653122945,2682.391708780804,3848.1144941433336,5733.794061242957,6614.7826734201935
5900.624195923005,4855.443391176135,2101.496345882381,6198.137907462288,6602.284199945651,6565.853185968523,610.7117680772161,4691.390141412884,4732.358448723533,6801.04886181683,3232.9305450519664,0.0,4344.826513800522,3869.440933157399,5939.265187467722,4660.733308403732,1339.9784044423996,6203.676312910112,4348.699886505506,6358.058668449121,6745.42953956744,906.3397824524749,7385.063194898266,2594.3357137550643,5099.019302102905,7190.776992396927,6953.231504914315,167.88399646482122,4212.06666320703,1840.5773628122781,5650.998100286798,5336.337578376859,3483.1595986174684,5424.918325658553,2888.529876992966,6773.435065383737,6986.739427572564,4603.057214263146,3531.1094062049397,4624.544984018428,5128.607351208806,2427.977780829141,6134.850254692856,4788.912447732783,2401.60687965412,2522.9663322216566,5098.445330702488,4218.08675437111,6483.486600979832,3435.733419785942,6411.158437293919,5472.165018738836,575.6221941030417,2535.2433947108516,5751.651364480032,6152.1700119717925,3172.5618792871483,5295.861229342117,1576.4596028560327,6857.336129224672,4385.966110711299,5283.299401911082,5284.937547248501,6290.789704568498,1809.3603878235533,3484.785617577788,3179.135953139784,4250.749613065912,1612.1431750126908,2138.005166531176,3289.2847127656796,6084.869768504171,3338.768319731245,4068.6086320442523,4188.940092781108,6830.3566984341305,6580.046747329459,2118.502997780508,5242.457057556218,2796.8434214816175,5937.792664918252,712.8022474599812,2944.90288466445,5311.534166827885,2484.223586692631,4212.960156910696,6239.731786023499,1949.536275331649,5290.058383639447,3114.192027209948,6699.376083886992,6978.515365570817,2663.5625487418165,4664.458266568692,6243.499507745636,3600.807599567769,601.15655352828,4434.88348810586,3383.395750395304,3836.828618274473
1602.7333970813738,520.778217536026,4296.253273824182,1883.097577595224,2895.960692960455,4682.554533101457,3876.285030946512,1783.7140538129984,1057.1104326062627,3900.42843145878,4494.254618277207,4344.826513800522,0.0,1661.434719868945,2150.341414968795,1617.3116627935387,4488.573841052411,3035.7954547238523,4466.950089885155,3533.865574073949,2625.1759309754843,4527.503901318695,5150.165659153207,4592.027891198505,783.4477820978246,4511.2012370313305,2623.799881363859,4176.97070993573,2692.5448362476714,4065.6531790078943,2668.240086798225,4660.544825194261,3175.1591436211506,3361.1635265535656,4907.636114495959,3136.270323655472,4387.874846164712,4595.615915633071,1512.7602294921026,721.6815907877935,2053.223498533221,2373.7727018145606,2282.085623412277,1822.1323221308598,2291.4617845406024,3939.585263520514,1524.531481617221,2576.39857936636,2383.6629552881427,2876.0194336648697,4480.63942190989,3420.343968805038,4325.3483348511945,1814.4665021413314,1443.8142998339504,2361.6485524592777,1416.4877969717913,1218.187454797085,2972.8694321340454,4798.6848904851,3505.040651715754,1182.8498882351896,2238.2368234119012,1957.954569479333,3075.0037525429134,4206.863444986657,3844.1324031653753,1361.2643394976599,4759.606786560839,3878.0053373900864,2320.3420004529503,2012.4150725831887,2358.5577030721547,1973.2236151092961,486.23888389658845,2987.6953911836463,4497.3374294425585,3568.4413978426214,3959.1181534055027,5281.152877330194,1670.433043735965,3657.2193739353397,4175.478840563438,1494.155403180004,3476.691389326352,1743.6663546461518,2324.5086244606623,2909.4136972761366,2616.3758379533324,2706.042512953926,3276.5750308279225,4375.3438072933195,1862.6190554088078,340.7698827434725,2574.227903841461,753.4765264936923,3981.543054475488,1021.2174782337012,3327.061874198464,4563.522519528308
2523.499982350307,1869.2461975165284,3071.3982587442156,2820.6456637984497,4530.45040695183,6234.883175760793,3599.4201828452874,821.9549616493592,1137.5165705135905,5554.450891480273,2982.205149219618,3869.440933157399,1661.434719868945,0.0,3792.7149014736133,806.2589466281906,4503.4205923366735,4694.212973611231,5522.4887127534275,5176.925361000001,4125.325111230993,4371.4898104003405,6764.488287940855,5046.934633907298,1961.1559657814062,6157.889973124316,3832.7399679666505,3715.9840339572233,1058.5694356602216,2927.941076368341,4304.712134833292,5953.863138677021,1566.6404214078605,4881.61916259923,5401.943163194611,4775.6811349645195,6026.218748606541,5701.639473089999,2618.564841918756,1270.7062707785774,1260.7181955873407,2849.755932148927,3907.896990860045,919.4790014263511,1468.3331321917383,2581.9567917643394,3181.1812445379464,952.2836670703746,2784.978759891177,1277.3925715644345,6033.466162131433,4942.364243469415,4071.8759699708444,1890.2265723412627,2425.669660463477,2329.905036370581,2201.826403534121,2840.8574656714122,2293.9008211614123,6381.906477301904,4737.780555314271,1781.5842595195995,3864.8503234336254,2967.107976274709,3307.2770531942133,5036.74759172395,2311.7094582157165,483.74504736482817,4824.534106572572,4270.588705881192,3296.811085063868,2406.184471342544,3356.755136704046,368.7691576216753,1178.625684682376,4590.211822718642,6075.057486702903,2368.1313773059555,5348.623444695372,5657.681517214008,3111.30604210788,3322.5305512783475,4825.845335172377,1599.9925517532886,2148.286231562731,351.5390088980169,3932.741356454808,3193.068224546416,4204.608291386964,1219.646585154896,4933.923958343602,6013.869724966945,2318.262023134141,1930.0707804495148,4221.636578807086,1582.2478092072051,3346.0879974525483,865.9385255524783,4254.410106161488,5442.624404938853
2126.15716823804,1968.807489230473,6333.62087824816,2124.318118555929,748.0828270091487,3196.583444780536,5373.19704461785,3711.888472085335,2898.394264677772,1971.302558416135,6630.148477263839,5939.265187467722,2150.341414968795,3792.7149014736133,0.0,3545.235164028756,5648.913749365447,1131.719295097508,4240.946563627629,1735.1175356514036,981.3302141934694,5842.404572191316,3385.4770039740333,5252.243431719915,1993.8030217822422,2607.975023447311,1807.3859805268494,5777.500646117228,4783.6676629032245,6072.584324244579,1130.61689231543,3908.155353061211,5325.075169910468,2220.8951372570477,5471.12677412697,985.9291615060381,2545.3868075294563,4250.919838759842,2415.840452879494,2609.7264947285184,3818.9082941391775,3556.810711186357,204.59442662252562,3713.93269404226,4308.329875951469,6036.370645117312,840.9306589939506,4663.281209193479,3021.446422132453,5026.101418229043,3014.796679339587,2258.2280012622728,5747.806187843325,3533.551101589589,2043.6179184683717,3464.100449990589,2783.529290738648,955.8460760315965,4843.774641584908,3186.0088934891564,3139.652127515085,2507.1457210692797,1030.162203483024,2017.0167502618815,4281.293674759652,4414.681903374353,5987.485152772573,3425.865690176718,5835.531558474686,4737.834262996121,2902.3970253740267,2872.911244433771,2887.3402453948856,4074.036935775742,2618.598087001707,900.6254884079176,2934.2136588000876,5620.63817507345,3092.409359083787,5943.907071758188,1102.7365730132472,5227.139256096589,4652.28033944828,2969.654415984796,5574.7026125663415,3816.123054368792,338.7213551136097,4109.400576473898,1438.6455185694633,4850.836000420958,1167.286072897728,2532.545530554189,3281.4425249725155,1862.665303221435,431.8258494555416,2617.3348952805027,5720.3854374687035,3025.659287851162,3594.9191924482802,4626.448558638473
1911.317768504233,1584.311286747652,3836.5824897839743,2185.5525737810567,4246.2543781704835,6296.6612686144235,4363.496545111959,169.6787906192167,646.9018478726123,5434.116164668179,3619.336291002813,4660.733308403732,1617.3116627935387,806.2589466281906,3545.235164028756,0.0,5226.695831572753,4559.9424913130215,5923.663709326265,5096.021928999227,3694.3178439518438,5124.861363482919,6737.223385949512,5667.829126144947,1564.3064451347125,6059.866766190245,3244.025904007088,4504.764408211932,1336.6869728713598,3712.5190336450796,4247.479907865957,6228.3262852902135,2158.976274743425,4978.428919421267,6014.949825284414,4497.337034572571,5952.063498082409,6079.540920842296,2936.9335359488473,954.3509977246316,528.8980755202274,3416.01340490227,3623.535545024638,211.27488547861049,2260.5357890203823,3315.52769203878,3083.421246823405,1216.2799625024657,2013.28311865495,1907.4865175790885,6094.910526573873,5037.642211377562,4837.650196846399,2516.3774854693397,1849.060032177701,1524.7793105748126,2621.575077739716,2600.5079332609234,3088.952558722293,6404.258236647394,5040.259755766958,1186.5489796253673,3831.656331092991,2346.2894776478456,3959.230869797946,5530.157907275072,2952.6169612819745,441.8247121789364,5540.889707144513,4898.830967487856,3697.9352659907395,1652.045456113118,3750.355042188006,774.3453939534991,1183.703185946967,4251.12178198508,6105.535121819298,3149.709749766318,5555.590273986105,6306.931988282496,2687.4193067842984,4091.563570323697,5382.085456125813,871.6654833524157,2903.210627736127,509.5868989338323,3620.013610631872,3828.060141187179,4226.970011814374,1950.3216510601521,4712.061700202683,5939.326822986255,2862.4460418718813,1763.785211447528,3975.5985638477136,1890.2681592813758,4146.87728135883,598.8598617523137,4697.493630933947,5920.759629315989
6091.087448797628,5007.312823788824,3401.439080714073,6366.331310984765,6223.545730967838,5641.985352284512,1058.4253967096593,5296.696308233086,5134.527309662789,6132.5313411914985,4506.169032646023,1339.9784044423996,4488.573841052411,4503.4205923366735,5648.913749365447,5226.695831572753,0.0,5669.247304785531,3192.8373896841354,5703.38952970819,6555.074605842179,462.7960614568799,6494.921082153731,1287.8912444399177,5272.012389842232,6430.71204134511,6952.825882642611,1339.902564463924,5085.046882831269,3115.0069449221137,5120.111717125418,4243.792996757617,4513.678513778424,4659.853816538239,1556.5461631962607,6355.198132035382,6217.617523065004,3444.78245640679,3289.7989707118886,4945.80149830399,5738.900091508215,2165.123245789948,5852.929856151105,5391.307184526031,3109.216013974262,3752.2696481878806,4836.538457597334,5063.96792046563,6818.174413883015,4400.592005624016,5510.4825429728935,4697.681090422912,765.8807826940168,2764.8605078160817,5931.459690690396,6612.313875231649,3110.788555792566,5192.872222349111,2411.6172396325665,5955.799833031497,3469.5921583321574,5585.364016037808,4825.21429369194,6426.962017601551,1426.5314914466483,2318.569908639591,4359.367985867905,4788.179671246266,331.88035604416257,1070.3092704456972,2765.17487696565,6425.466398713481,2792.1604947182027,4778.405262579242,4477.47522854979,6493.139073532924,5704.168345303371,3281.11962381456,4298.636768165112,1468.22150263133,5896.287784788748,1326.1516657532045,1756.4332528134964,5721.179527472984,3620.072343463318,4854.367033015221,5976.340765619377,1599.495053547212,4717.321675625057,4044.608182395175,6207.623401698029,6211.158092620088,2628.300656830569,4760.330619201254,5879.018248284658,3746.4392420538466,1826.273721425679,4865.6350409016495,2475.825756255274,2617.3628970599398
3256.7858920564618,2978.717366147047,6931.358260588541,3253.066626738684,900.1841008649288,2101.880205196528,5604.315778955537,4729.233723276531,3920.1117355989995,874.3863565140982,7372.604586225685,6203.676312910112,3035.7954547238523,4694.212973611231,1131.719295097508,4559.9424913130215,5669.247304785531,0.0,3641.040042348477,606.005169764252,1823.422181192551,5940.922206451285,2255.985071320508,5026.573563737927,3052.907659713933,1505.4888211119337,2807.2666976055198,6052.838127791376,5727.291227626023,6644.338772678964,554.4387382831399,3075.191819868965,6162.139885768661,1402.5997881434319,5180.370728624063,856.2737731753792,1422.1917718061086,3590.1736958517754,2751.024474966553,3606.849482083776,4880.551877629927,3777.7426381417245,1181.4761994339965,4742.498491535026,4946.640052664435,6713.553679071168,1513.1125269787442,5610.258306641594,4150.660211371801,5863.4101912402475,1932.3372249907623,1416.0910970573186,5914.6263447188285,4034.1557756478614,3169.9679539561603,4592.588158321297,3229.612694812801,1977.213069058821,5344.354500398061,2063.3628105827624,2604.912119394817,3596.0404877103374,946.020812471375,3140.178825013156,4428.630822295419,4021.784670221542,6759.483555877328,4382.193181558522,5798.366388191247,4657.594378725997,2940.8246891271842,4003.708277391099,2901.631441113947,5008.334272379291,3521.902971125837,1220.197770937974,1826.14000725711,6250.364251857088,2283.282278301349,5677.763642994045,2233.764678651044,5510.673279348178,4377.496947451249,4058.7923005862226,6262.12286129121,4770.649186068181,1287.4571051938005,4270.9196623420585,954.1127990022982,5642.61216612767,561.6870942339696,1409.2959150618437,3661.289596568127,2808.629401576684,816.9297151713849,3310.9970096895286,6089.601708013753,4003.135580560818,3333.0107795374734,4140.021170637658
5745.883592032213,4836.336191412359,6048.261111344484,5915.373074234625,4478.373489853766,2692.5755040603776,3801.922491230588,6065.139483318171,5491.956243153618,3697.1907064106117,6963.6930070026065,4348.699886505506,4466.950089885155,5522.4887127534275,4240.946563627629,5923.663709326265,3192.8373896841354,3641.040042348477,0.0,3366.110563276257,5211.028951729207,3632.7014741364314,3555.3467191510313,2004.3347700521488,5075.709661357415,3754.6169124588464,6000.19058782719,4269.3336890566425,6484.841994581904,5723.967725447096,3229.2492168112385,1086.8004036445695,6360.185563318731,2256.916945734822,1948.918825458875,4490.910781254623,3542.0880586230487,254.5025577651425,2992.587213768381,5174.1327316284605,6430.357654971923,2815.7890177683767,4419.898587492704,6133.40901876216,4724.0481477073245,6166.269370002011,3729.390225310969,6407.747766301979,6683.338165763124,6126.6164230662425,2619.0985034293767,2258.019642625812,3822.9079287088516,3763.1173495138314,5594.265866426085,6805.704673054217,3327.469682522292,4366.697541571892,4513.990336057444,3027.286025430864,1103.0868806331623,5608.265022559918,3210.8170007924778,5888.984805620915,2829.0434305248837,875.166300586351,6573.666231544845,5529.242706694742,3122.2678529134873,2211.6921337674917,2232.5504825174726,6369.552158062056,2176.672898900522,5887.891302261787,4777.659155134447,4803.377156043964,2847.241853778495,5624.779226864287,1479.4690781554036,2424.0940840520198,5041.07985983182,3906.276031980971,1436.4668320800172,5960.213832084299,5847.417635751443,5800.731004662258,4562.951485947774,2804.2544980270604,2833.7564834207255,5775.066973822988,4187.964940594895,3540.158498023076,3255.182248029901,4537.535705417644,4235.215398031722,4033.872079670351,4602.486994426057,5356.374608332114,1287.5288460442357,650.6333151084415
3857.016912766264,3525.346239906798,7247.750368476139,3858.2589355433365,1440.4082318221458,1513.2080477878774,5750.085287049664,5265.692153489891,4463.2511300622555,444.2079352881935,7758.987917538538,6358.058668449121,3533.865574073949,5176.925361000001,1735.1175356514036,5096.021928999227,5703.38952970819,606.005169764252,3366.110563276257,0.0,2397.6977881843245,6012.354886747539,1665.1117426533267,4938.137014996648,3618.219336346679,982.2196905428034,3395.493599730384,6214.830265171367,6222.970729425056,6950.082251232428,874.5270556386463,2662.115092107402,6603.076145860504,1128.4036557708416,5052.313880336811,1324.7905265788254,856.1789478607842,3277.8129444031733,3033.6781990834165,4141.769650112497,5438.149168516804,3960.784770224835,1786.8335664633123,5284.283382001859,5304.054196798992,7071.4797872941,2016.018575390862,6108.192289511849,4755.770303229751,6306.487609640489,1355.0680968578665,1116.047138045701,6022.30968956305,4344.1560804671835,3766.5019092016937,5189.880190297267,3539.5642495828492,2543.707138805488,5629.593382811587,1458.138236820158,2419.71996651782,4171.519477264969,1320.1321226945433,3746.1151391170565,4555.079415778829,3862.0083886944108,7164.386453574165,4892.547138500047,5799.5840993772135,4657.681906949529,3068.9059472888707,4603.865808651355,3019.5050621769124,5503.84381288659,4018.7232948318306,1737.1110899608582,1229.670471859839,6588.595124891802,1921.6619127916335,5555.068452855645,2837.8225265907663,5684.803821135871,4276.338075583126,4632.847829460084,6628.756921123975,5277.281002433924,1889.715858864766,4408.85868507361,1099.8757383472916,6065.399377817177,940.1161463329944,843.4804258457928,3925.2866400624807,3333.853558226576,1416.4136910355674,3725.465763982807,6299.1137532361645,4526.067107059395,3275.6838290024266,3921.0188891578937
1911.4273630501891,2265.924784539195,6920.459870931267,1768.7094644412348,969.2334104564286,3910.904778606863,6202.189596315563,3846.9230410717864,3072.9478795192736,2481.156725889157,7078.473085412772,6745.42953956744,2625.1759309754843,4125.325111230993,981.3302141934694,3694.3178439518438,6555.074605842179,1823.422181192551,5211.028951729207,2397.6977881843245,0.0,6720.398296710174,3918.8116628807256,6216.966029733153,2170.0080771160738,3074.6453387254282,1013.1318250899042,6580.283233324991,5014.647758336471,6684.459004170794,2027.9887822145372,4819.876957301918,5691.83813047771,3118.6078068562906,6443.477479072617,1156.9410279893264,3076.347714227376,5211.571880544007,3276.7047741977,2859.4894713226345,3840.746027911765,4423.044405528956,792.2086298797811,3823.952541056047,4906.566103333879,6558.978762004418,1722.3471609652336,4892.543038185765,2609.7762087815117,5400.324410590997,3749.3114054506063,3148.166221556289,6600.116194209993,4259.519876732118,1904.226396087398,3191.0590095227008,3573.839856346252,1466.965466661707,5531.533174469806,3833.6182412098624,4112.478263824017,2526.9592464820244,2004.9666982077283,1611.8049016559044,5160.595075807829,5395.640147705368,6415.541381615819,3691.907184386005,6757.218786965019,5678.405561281529,3839.808942029929,2590.3866646585793,3830.3837729658367,4345.066408296426,3022.6722980832706,744.0526128258674,3625.6508711617557,6193.323345489077,4006.498503634564,6912.035715511893,1016.332283069863,6033.5286720277545,5625.334483093606,2950.8611178408582,6096.775512501096,4065.387057976399,649.1431480474857,4986.4665085434,2386.584411336209,5283.715983438644,1536.6825937779083,3064.4226924960926,4085.3254130589157,2289.2950068359473,1030.3310668736533,3249.6436531349095,6473.969974287262,3279.594827858008,4570.877302173401,5606.7780531803655
6126.156175567189,5048.263916244079,2999.081550119136,6410.49585810622,6448.443265988777,6029.0522761264065,785.7612151207261,5181.259180191819,5089.8809747624755,6447.2766292520755,4120.688091967408,906.3397824524749,4527.503901318695,4371.4898104003405,5842.404572191316,5124.861363482919,462.7960614568799,5940.922206451285,3632.7014741364314,6012.354886747539,6720.398296710174,0.0,6874.709549786449,1750.5410495926683,5307.805993350737,6773.49948628425,7056.84969695919,935.4559356853748,4870.080223014402,2725.6164423669375,5387.852551952865,4671.347645014766,4234.9365659387395,4997.545098545284,2015.7709993243284,6593.238944656109,6562.446510732488,3885.8897638100852,3443.809053310738,4927.836738749571,5624.37176721854,2297.5098674312594,6044.786297343274,5277.534830803677,2932.3845434679947,3386.8135173256883,5015.312666411338,4859.052912361111,6806.88663613792,4146.544445213388,5890.800062615689,5038.3936201103825,361.3251809879846,2744.399801889842,5969.274292187369,6555.924811151589,3199.789765906817,5321.539815840995,2173.3283732655314,6337.512128458138,3845.6441299511844,5578.837140018518,5068.41868327006,6482.376568258666,1561.8077326524544,2757.542763364696,4018.197824553938,4693.094639615528,706.1212382955213,1460.3630920815558,3006.1269487488385,6410.299836546806,3041.2878357901286,4621.567986169737,4466.448204431011,6705.878783195831,6078.09661460535,2941.666282321127,4686.923257425601,1892.3609391955333,6008.926348836787,1070.5586484261385,2197.715933812421,5677.948467918673,3293.882957318308,4722.7721185067785,6162.800046973454,1734.980029328868,4995.8602806037325,3800.788389848875,6468.256781967226,6555.454492599884,2695.9926852905223,4818.268303927979,6097.733196778292,3775.455321913504,1442.2211177936617,4808.790253390764,2840.036307685696,3069.526142688803
5511.627747230848,5178.34613532902,8566.364378363787,5496.840397930614,2955.9948111661156,867.3917826795456,6777.776330226087,6906.784098087692,6111.440103478393,1443.6944884098573,9191.239411153263,7385.063194898266,5150.165659153207,6764.488287940855,3385.4770039740333,6737.223385949512,6494.921082153731,2255.985071320508,3555.3467191510313,1665.1117426533267,3918.8116628807256,6874.709549786449,0.0,5479.6008790014985,5280.055563446753,856.3359145849245,4931.8672614647685,7261.218552651062,7819.826451487334,8253.953490435115,2489.7795338804594,2517.7531159388923,8127.196596345507,2030.0791752759294,5485.407744622272,2764.6549593837203,848.4311310471817,3364.326844673241,4413.583496493524,5784.937050529158,7094.284914022695,5134.0700887491785,3413.5172697664793,6929.61658235728,6720.1265217557475,8463.478376787229,3654.763019920854,7708.125961428627,6393.5963638008925,7835.771540530326,984.4770504120447,1973.600859108548,6962.335295012802,5709.813735278761,5425.951924604014,6848.477336192184,4933.280896125519,4207.194636975571,6921.495690579169,540.3082754400491,3029.092362327864,5835.949559785879,2911.957366850689,5375.987637938168,5593.050738541355,4310.506228370397,8630.932884417825,6511.184875454927,6511.692460994836,5426.055519248674,4209.823651217353,6258.378498834742,4147.612532005612,7103.88151407975,5629.672414108125,3189.4891996965594,805.5751096713453,7953.695343914676,2200.0423869080346,5972.66352079355,4483.9759805534195,6770.896400816142,4834.459496314764,6296.815730073812,8040.1153548762595,6890.350990776885,3499.809847814735,5476.338032538258,2563.4494709217497,7568.29559722696,2382.885587444349,860.9149781093365,5234.4730996639,4973.651396304529,3028.569828007437,5250.502386813094,7437.099765702016,6158.0244778679635,4036.0808443461583,4202.345673378738
6140.400177428585,5079.813847473645,4568.2330725936035,6382.415069543817,5713.297881611722,4612.927590249167,2172.3245375277147,5769.865146150731,5431.74492233076,5338.607500512188,5624.0931847298725,2594.3357137550643,4592.027891198505,5046.934633907298,5252.243431719915,5667.829126144947,1287.8912444399177,5026.573563737927,2004.3347700521488,4938.137014996648,6216.966029733153,1750.5410495926683,5479.6008790014985,0.0,5347.654264841828,5539.262527571155,6784.35130957485,2562.957517880076,5807.971166442288,4262.06590295176,4507.865184451282,3087.5134259105657,5398.875012332106,3827.286720387303,361.33102824418546,5800.8917030940165,5322.886217596615,2245.5798348224,3154.9025950773816,5180.4245394740565,6196.311411776525,2266.777745550939,5454.659325164129,5857.2246400565,3831.8803676802067,4840.080506493771,4517.158201928398,5763.582903694888,6975.379162529446,5233.584341387937,4507.027834310545,3853.169698592056,2022.536426145398,3163.1372562321726,5978.084164521272,6895.6218668677,3183.71023241202,5007.6248411247825,3310.862055949175,4940.73651532856,2545.5483078749453,5764.757323407204,4304.255771715477,6409.90862839604,1748.8211273254901,1171.1051130867802,5384.760454084192,5228.672480279195,1142.2112510411548,776.9769822414298,2418.0687872748776,6602.927847132436,2413.1152881335775,5371.693002085096,4715.8793570293965,6013.515001233886,4719.634309839269,4328.601110190219,3292.917315257399,703.9437013000406,5731.924965913108,2375.5233203858465,664.1760252297574,5994.087986722,4631.198188452421,5383.203105104803,5590.695956331465,1853.9066332102589,4085.260493110934,4866.513586983704,5586.0554093195315,5318.3053356783685,2821.6674150376043,4797.206390208784,5397.468664407141,3924.3230149721358,3002.2167798799937,5205.439534917776,1695.6668370891728,1380.8266813344096
819.4364611182491,268.646416127221,4880.1221865003545,1104.4237471609345,2682.9729597463333,4928.512931814321,4646.451153807818,1727.5962771631573,921.256530352431,3924.6397050585424,4933.768473216392,5099.019302102905,783.4477820978246,1961.1559657814062,1993.8030217822422,1564.3064451347125,5272.012389842232,3052.907659713933,5075.709661357415,3618.219336346679,2170.0080771160738,5307.805993350737,5280.055563446753,5347.654264841828,0.0,4558.307464459698,1941.499115342832,4931.480056255424,2855.595793388483,4676.9519752061815,2809.7695982242035,5144.6205322543465,3527.065988873046,3685.5583729372684,5655.38162692183,2934.2553080384805,4467.725497266478,5180.584908880657,2218.7153905106893,690.9676338382285,1829.850253786085,3150.81302633241,2061.813679623113,1723.6204708484984,2936.397601331945,4464.061156121632,1662.7574049391571,2733.504591560987,1641.6600591185131,3238.471387692656,4730.192972203671,3740.6469296506725,5099.804661313412,2581.979918471288,661.4734869070716,1749.310120598689,2189.900616281022,1076.054464109043,3675.3083843542986,4994.671862404176,4054.227799692809,576.8051029593963,2435.623919967325,1191.9522664926644,3857.440551672184,4894.993958232533,4265.916298524855,1521.952664399915,5542.320980700595,4646.233193015607,3018.217983645317,1298.5289168632326,3048.4293526183283,2175.8752518195984,955.4320692487772,2689.6772671891326,4708.622362577508,4150.76659759339,4391.705712267728,6041.6632188963495,1153.7376261407962,4420.491501642096,4904.69564503497,1023.3599495006631,4007.8341202991423,1898.0767936005645,2055.727518841444,3691.096643842315,2874.9497678603016,3145.7322577384107,3160.4085350588775,4454.852145627507,2645.54123787213,556.5419745293253,2420.9460400731778,1532.4132083798418,4709.68246607773,1109.586752157757,4005.861215696445,5232.059663907896
4726.019130014288,4481.588477703525,8186.673534202032,4692.239101965074,2119.485386123953,1236.582726136832,6580.121794331546,6229.3840254141505,5422.408489793074,636.9547575589654,8726.978944174954,7190.776992396927,4511.2012370313305,6157.889973124316,2607.975023447311,6059.866766190245,6430.71204134511,1505.4888211119337,3754.6169124588464,982.2196905428034,3074.6453387254282,6773.49948628425,856.3359145849245,5539.262527571155,4558.307464459698,0.0,4086.6160006699924,7054.710219433538,7202.216491314671,7884.095538301017,1856.7177734513127,2836.1334895388827,7583.964108099273,1776.4589474820407,5600.528472657022,1917.9666728379311,216.4062957171071,3607.464317745222,3976.433973999317,5105.7670288191775,6385.983365334583,4837.060922091947,2613.2853862052652,6244.660914831565,6265.362993100161,8029.797738222364,2989.1240771592275,7086.946229945448,5585.706847873061,7287.674679572422,1204.9734850676175,1735.135298105021,6817.214585976666,5289.367256907956,4650.125201857903,6066.700670236665,4489.460462532775,3482.700245577848,6556.643830221221,976.5160332964325,2998.845195440572,5098.786316522492,2301.8944321623444,4564.784054484944,5381.4598363182085,4399.801765962188,8138.267243568068,5867.546815921029,6490.976799049045,5365.009482320138,3922.447352039923,5470.312662021888,3866.9147448551284,6482.90230625173,4996.754389015534,2339.919817970907,973.1796547821988,7539.352443262087,2285.1420236195386,6100.9070351142045,3691.674468227664,6537.956748965,4876.930078969351,5561.832041985537,7591.0738201530485,6253.581055072047,2688.2874877596337,5246.309616448595,2044.9454681298962,7043.877850264369,1544.6193360676284,221.1283947325626,4850.790067229977,4301.939556959163,2224.9296581880967,4704.648670504738,7174.84411658992,5496.1970807398275,3958.097402372256,4372.745873557827
1332.7286035292404,2141.2988982449415,6818.313335882416,1071.8305915068854,1980.5267813703,4906.6202806999445,6457.771726782003,3372.8741896734014,2701.560929015668,3493.995434242724,6811.800277387542,6953.231504914315,2623.799881363859,3832.7399679666505,1807.3859805268494,3244.025904007088,6952.825882642611,2807.2666976055198,6000.19058782719,3395.493599730384,1013.1318250899042,7056.84969695919,4931.8672614647685,6784.35130957485,1941.499115342832,4086.6160006699924,0.0,6785.445029460043,4577.665378119396,6618.278622059515,2932.72601453085,5715.265028993144,5370.127040450533,4026.855849362503,7044.248435830327,2168.671904560254,4089.3918521181117,6028.748097634283,3682.5689582491186,2589.8226922028857,3260.366979538653,4787.7475024091445,1670.2846619094603,3327.2780088343984,4873.9337951265825,6387.277983877405,2306.8124425373207,4458.487598993407,1740.7221802562292,5095.5646733590775,4739.542985252481,4062.7921167337618,6889.71564869734,4418.254508504688,1409.6082970988782,2394.461301512722,3857.1746816244918,1780.4046960284059,5592.292394463116,4840.5929727244165,4897.8448265869965,2069.6520621469203,2811.346528318414,903.945486411653,5528.531717407977,6078.727812556835,6140.486831525087,3358.8278071072655,7188.526318145952,6173.294584865443,4366.703816283972,1831.664605268388,4371.555789960595,3977.1101158554816,2895.1938592588235,1749.175608858356,4625.158689145487,6089.751414430149,4899.616028832056,7487.826213943938,1060.1036086496451,6255.0791809304055,6237.916944594245,2401.236892626173,5935.450610622331,3690.788219998541,1540.5626796962856,5354.476558442012,3241.592085455695,5046.041129033829,2549.7794300531177,4077.44744363738,4362.381435114197,2293.3379656845177,1993.474911812286,3354.158019270112,6604.960205189809,2968.3082463593637,5213.922253991327,6333.29117712655
5733.503513358739,4687.700294462627,2066.365082697634,6030.837469351168,6443.26713079048,6446.912246692985,485.4900044789794,4537.774985607483,4569.268010827118,6658.224263385921,3185.232285290509,167.88399646482122,4176.97070993573,3715.9840339572233,5777.500646117228,4504.764408211932,1339.902564463924,6052.838127791376,4269.3336890566425,6214.830265171367,6580.283233324991,935.4559356853748,7261.218552651062,2562.957517880076,4931.480056255424,7054.710219433538,6785.445029460043,0.0,4080.467242570267,1790.1631539639063,5500.765952129394,5242.856418239202,3371.532206862927,5292.241846692288,2869.378897254596,6615.974400402483,6851.710472435478,4523.263111148079,3371.5669006424887,4459.070066339057,4975.979867283428,2275.462614633121,5972.635791566232,4635.27736180792,2247.659003834211,2455.9252179602295,4936.5967387183855,4083.476981567791,6319.629148329829,3313.6613247755117,6289.872222148873,5340.218187138986,580.2974862956071,2367.4033677449224,5584.361766416821,5992.66934723834,3008.090929863158,5129.695094499867,1425.967368999024,6735.440564272912,4271.716127224397,5117.86728359509,5131.346188625359,6123.209473548002,1674.828340221767,3411.4949143904646,3098.8171437871256,4092.587458921922,1631.8650615038612,2064.6677307559685,3146.0841800125118,5920.955981469969,3196.821245661696,3921.025999771998,4022.441908221671,6669.535324458593,6455.8188375580985,2028.7750146593385,5128.609939936942,2807.074427201744,5770.475966229475,550.4818940283141,2879.8479654106745,5149.283138684548,2389.7250705252686,4060.7600819984423,6076.845539072472,1809.2416900549792,5143.072718679467,2986.1217370705103,6545.582825970657,6843.344042911258,2499.925032792183,4496.580235308828,6084.224353859497,3432.936535630392,511.38391744461387,4272.430332265349,3273.562712952663,3772.8751394209958
3245.65606325316,2821.3773959993373,2864.9955915597843,3513.690852075777,5508.339271489366,7293.237912405778,4084.8381680512143,1205.4277211786691,1941.7980436247742,6592.973071642262,2391.6272136873677,4212.06666320703,2692.5448362476714,1058.5694356602216,4783.6676629032245,1336.6869728713598,5085.046882831269,5727.291227626023,6484.841994581904,6222.970729425056,5014.647758336471,4870.080223014402,7819.826451487334,5807.971166442288,2855.595793388483,7202.216491314671,4577.665378119396,4080.467242570267,0.0,2833.686187879138,5353.0241455839705,6973.812124648684,971.382236033272,5939.181135613395,6168.732316500774,5757.174725562009,7074.732859021392,6676.248480486627,3648.167909843103,2184.309124663906,1422.8496685992516,3726.6423011418733,4883.015562095312,1258.1263052054828,1991.10115308138,2274.9683391080416,4217.070051569217,122.15055235650806,3221.9354848328358,837.0582987785257,7091.869272697079,5999.962937604615,4534.651639709935,2748.875082120866,3185.7445499419755,2609.0247682390827,3201.474208352458,3827.8634034444067,2696.965557273025,7440.169832852608,5753.272446461057,2522.871184407559,4915.697994569744,3676.99078670657,4062.6849865901486,5937.445658595708,1757.7862121958976,1357.8020125040323,5415.943725073221,5035.37835490383,4282.842848057117,2906.0994910215995,4345.693903196703,719.3961377467912,2206.3584956731306,5539.968204044496,7133.463722077866,2294.4583277290094,6390.107840606526,6366.620368949684,4001.2371712080503,3800.0465558942824,5669.6218524029455,2184.425242566108,1960.378799339556,967.7624613183754,4893.986476913478,3977.2467282976045,5261.721782613939,1102.5570331270847,5939.756102884781,7062.303625773109,3234.98022510803,2931.7441534692275,5215.250495859235,2631.1535632845525,3628.7090539212427,1762.0279436359685,5202.300291662622,6351.699510956891
5375.6212324430935,4492.549695284517,325.23540003203817,5680.733779514403,6806.971195159048,7515.106824866962,2094.9447488716733,3679.593517270759,4021.9698665934834,7387.060256698398,1395.0803043627989,1840.5773628122781,4065.6531790078943,2927.941076368341,6072.584324244579,3712.5190336450796,3115.0069449221137,6644.338772678964,5723.967725447096,6950.082251232428,6684.459004170794,2725.6164423669375,8253.953490435115,4262.06590295176,4676.9519752061815,7884.095538301017,6618.278622059515,1790.1631539639063,2833.686187879138,0.0,6127.570302363246,6576.539304360159,1921.9348915548624,6224.241446162336,4593.795105263186,7020.993026453808,7701.791798723722,5968.935363885338,3916.6208926433,4047.765781908953,4065.2988735334084,3144.4559653887673,6241.407987342599,3770.843257946026,1778.170857378165,710.9967190114169,5272.764457476267,2882.3131882632047,5712.785036149181,1996.6962316699555,7334.971419887743,6280.3864663713175,2368.790637772153,2611.5449974886515,5254.44420903334,5226.655883618893,3417.911701940382,5235.424325244517,1332.6432631803602,7762.897671726776,5457.395291496209,4656.666609356633,5700.135561738335,5811.180361051101,2898.3690195039007,4925.519907099555,1402.5630786602787,3401.1018909190298,3418.450399690041,3637.618820245602,4056.660741070789,5333.344300943359,4121.605489788658,2971.7079808544445,3726.325423496987,6964.3239937740545,7461.6990104037295,563.5531373597344,6286.788662426152,4581.507402421173,5732.5587862484235,1890.7031387335774,4451.842349110085,4526.296066159724,873.7915449012996,3205.2877247726137,6313.313331051216,2945.2058026231375,5851.426133147798,1797.9873038753642,7051.076046170826,7691.503872402653,3034.077717688359,4405.677244160766,6453.369797160628,3460.408576079998,1289.0750245385257,3721.6570235524123,4549.247220504509,5324.199011739982
3146.223374496001,2693.1201700089437,6419.292470095595,3194.542714459145,1253.1716009266252,2136.9649021362047,5050.848195895517,4417.057219306651,3622.6114191243314,1280.5654045651083,6898.595434578042,5650.998100286798,2668.240086798225,4304.712134833292,1130.61689231543,4247.479907865957,5120.111717125418,554.4387382831399,3229.2492168112385,874.5270556386463,2027.9887822145372,5387.852551952865,2489.7795338804594,4507.865184451282,2809.7695982242035,1856.7177734513127,2932.72601453085,5500.765952129394,5353.0241455839705,6127.570302363246,0.0,2794.034884883508,5729.552557882683,1095.8587173340366,4675.901110144225,1300.1461544953324,1721.7719507588681,3206.8978601516137,2219.0115708977273,3295.2304535690673,4609.722002261308,3226.3349244232218,1265.5468957521884,4439.97756619614,4453.2919441847735,6221.97013380111,1165.4766773852666,5238.938365497346,4080.8947642302664,5432.6976374074975,1944.0066367175805,1130.2400281426949,5360.199101292507,3516.1161849347354,3037.2179703353536,4452.050766397437,2709.666054772986,1753.065738665268,4818.5879604614465,2185.140719259288,2154.727124858505,3376.680502426162,446.70144962603416,3105.515183535576,3874.218605653532,3537.782394668445,6297.98243804514,4029.0436921563655,5254.359537389975,4115.622213520211,2386.542402489635,3885.1389510020103,2347.7516444504945,4634.333800435398,3151.473372209894,1576.0025447812577,1902.6857109275818,5748.035662330567,1979.3841139349374,5169.492179714754,2178.1992213629132,4959.603090039061,3866.003495518595,3832.4236225617074,5775.2447551390405,4411.699699890055,1401.9286748451225,3716.7043004001544,423.60079025067915,5194.381554304323,1089.9014486530423,1709.3715727661438,3125.9752378816115,2483.872400286295,1014.0567154774925,2854.3420382014488,5544.170520431799,3669.8714152510847,2812.1988007863165,3686.5982146565684
5707.025111860732,4937.15949407359,6901.619530660902,5826.106458717177,3968.4839356899256,1675.9991364436917,4763.841171695064,6383.581371470172,5716.979342142142,2908.696042326355,7740.846272593779,5336.337578376859,4660.544825194261,5953.863138677021,3908.155353061211,6228.3262852902135,4243.792996757617,3075.191819868965,1086.8004036445695,2662.115092107402,4819.876957301918,4671.347645014766,2517.7531159388923,3087.5134259105657,5144.6205322543465,2836.1334895388827,5715.265028993144,5242.856418239202,6973.812124648684,6576.539304360159,2794.034884883508,0.0,6984.23833055044,1701.5200857236446,3033.514429477796,3924.697602287978,2634.8957580811425,864.0901464922512,3335.9149083782095,5382.118174528036,6702.972654947206,3505.423958124466,4057.2016763944575,6439.3515285482745,5381.747043082292,6953.586944661366,3597.6409117738526,6883.766839558847,6662.807831636449,6727.185303276921,1642.5189594570897,1674.4408862070943,4834.711535695278,4365.2141570000895,5569.327180712047,6892.873758765208,3774.3193597602467,4268.568074832589,5304.460277011602,2008.8852495264632,1221.9260795796938,5710.778132149505,2925.251394893779,5769.165344236547,3692.9580947237946,1934.5957386492912,7292.917997707434,5874.984740319672,4193.75013297037,3222.203004265404,2721.6613119043664,6394.210493953495,2655.1242653423965,6322.425327407829,5046.8110886469685,4292.700258013014,1877.6973159085042,6413.096680170196,815.8323785803063,3501.808100536921,4863.421802229373,4834.422584850956,2494.5946090168636,6112.091246236839,6596.663207932401,6191.270011794349,4195.16563680065,3632.1965949800956,2477.5526807672522,6394.557606374737,3572.3635282890796,2635.497835676782,3840.4947347086672,4651.385398191167,3794.929582602686,4386.874760014241,5532.628388111839,5635.724346854182,2027.6115092122552,1733.5791435192682
4043.898984851748,3432.3594926139363,1915.5842821995593,4330.287030409416,6069.22142745682,7520.892188173554,3467.4686561226476,2064.990102580881,2670.8774215740414,7002.711520418715,1461.4651211701914,3483.1595986174684,3175.1591436211506,1566.6404214078605,5325.075169910468,2158.976274743425,4513.678513778424,6162.139885768661,6360.185563318731,6603.076145860504,5691.83813047771,4234.9365659387395,8127.196596345507,5398.875012332106,3527.065988873046,7583.964108099273,5370.127040450533,3371.532206862927,971.382236033272,1921.9348915548624,5729.552557882683,6984.23833055044,0.0,6160.929708119465,5758.527093246328,6310.916948873991,7436.042133266862,6574.239118149643,3768.630527479445,2836.1707126026454,2358.6166571106883,3544.415375865109,5451.071854325899,2137.6493152481767,1639.1099541412711,1314.5258800514355,4657.74197415883,1052.22560950587,4136.792864862586,299.556133245507,7323.310030352259,6221.61031472753,3881.862328571301,2620.9077956898823,3960.8529760449323,3553.0085715866203,3265.900955178678,4382.569853858121,2112.1768246328243,7704.393589480551,5769.130812933002,3301.486409541162,5283.142595874731,4485.618842571668,3706.8032607717396,5713.110912867875,801.5207903261157,2018.242360850896,4844.450971001462,4651.480714790614,4263.630998180894,3797.745274675093,4330.653954958766,1396.2373485600503,2710.566041438577,6143.969752894377,7394.563179215659,1422.378450940537,6488.885767747957,5888.417525387275,4677.937495316713,3189.9704458043184,5367.630671271823,3030.636513316138,1058.8615519873222,1681.4904662501058,5483.390101451929,3659.6159546057565,5571.097735515776,589.7455621070835,6445.218472996862,7424.137303226079,3144.882770350113,3470.657210323716,5749.325906335194,2882.1469812485275,2883.2345207535586,2423.7863097272,5076.757719985069,6132.666492791289
4140.439884764179,3518.9805588837803,6536.329349915058,4223.202191420273,2279.564600139685,1361.046824511559,4814.318118139889,5144.39621101369,4395.385379417031,1511.7720328945102,7174.740372105461,5424.918325658553,3361.1635265535656,4881.61916259923,2220.8951372570477,4978.428919421267,4659.853816538239,1402.5997881434319,2256.916945734822,1128.4036557708416,3118.6078068562906,4997.545098545284,2030.0791752759294,3827.286720387303,3685.5583729372684,1776.4589474820407,4026.855849362503,5292.241846692288,5939.181135613395,6224.241446162336,1095.8587173340366,1701.5200857236446,6160.929708119465,0.0,3929.352964600788,2258.85501064411,1567.088321021186,2191.525851879918,2406.524537228948,4056.7387393880817,5399.016290682313,3113.8713560033275,2361.3560662240247,5183.035735683867,4705.84233839129,6439.00140765088,2040.8377836663064,5833.846988566722,5091.423743035833,5875.475899274884,1162.4828969791338,60.919235886540456,5042.009882944896,3687.3058436816714,4016.29491063754,5400.300471515358,2924.1365509380717,2702.3916477278053,4891.681135189108,1556.2211168301242,1293.7474080708334,4262.362910503985,1293.941654613917,4148.858929107256,3617.4162420834296,2735.5506278409466,6628.162409410621,4691.611144781076,4731.526372752242,3598.0088677511617,2189.4819547957004,4860.7168266627095,2129.311422171262,5236.998949945761,3812.8176407776186,2605.6997794669287,1248.198273984145,5926.060017120734,891.2667086888184,4432.458760585258,3226.5816148489107,4784.172685989711,3163.5517404950087,4698.46210061569,6020.42466393277,5051.825465275004,2497.6693004339068,3488.4000915491333,832.0443372897865,5590.1063920472925,1936.3124386474929,1559.6308583668122,3205.7605718272225,3262.7416140505215,2093.5887651804974,3318.023975982844,5435.796933182108,4381.2416153054155,2195.395644904353,2795.2208571009196
6440.809839287371,5388.4380633880355,4896.268820280398,6676.708279946339,5899.970925406751,4618.436227800271,2499.468728636748,6119.189980702429,5766.441284977243,5439.123808922628,5963.329050326923,2888.529876992966,4907.636114495959,5401.943163194611,5471.12677412697,6014.949825284414,1556.5461631962607,5180.370728624063,1948.918825458875,5052.313880336811,6443.477479072617,2015.7709993243284,5485.407744622272,361.33102824418546,5655.38162692183,5600.528472657022,7044.248435830327,2869.378897254596,6168.732316500774,4593.795105263186,4675.901110144225,3033.514429477796,5758.527093246328,3929.352964600788,0.0,5974.819426940784,5384.3774158983315,2172.922408404175,3449.180146183438,5509.247350133138,6543.704625093343,2605.8713796496177,5671.689699013161,6205.860463039836,4193.205135538326,5182.919283471527,4759.9324209325705,6123.891664877164,7288.693552565508,5594.447785202844,4526.464331812414,3950.213037500636,2313.134162724895,3515.702957354617,6278.731448545319,7224.928081201362,3507.0142085040093,5273.8089487172365,3667.215187430375,4950.577015817955,2636.0569051317916,6084.753861453148,4500.361882651883,6698.699250195518,2108.30633436415,1201.5882945876267,5735.690994512954,5576.713367304886,1353.7497910075554,1135.2773599720026,2688.947579356094,6919.987106745575,2677.566354055862,5728.679531145201,5047.085891010376,6206.424645857306,4746.272483791886,4675.629222915777,3327.0518675022186,503.18052007207115,5997.580166247883,2713.836474913144,819.096115758096,6324.47758866683,4982.4620000290015,5736.836701474603,5809.823095701022,2209.8656401150274,4252.30481990473,5227.422590265015,5741.839247993626,5380.6083492364505,3161.6698884591037,5102.289814542487,5593.998164884308,4253.294398736584,3323.7681843794403,5545.0476315199485,1880.5808158332366,1299.9357499542043
2917.207034549656,2936.327353613353,7289.28960633099,2837.41960579203,251.46855107150054,2817.344861376577,6189.1919522789085,4661.613188104307,3851.4454954488187,1335.1251032206687,7612.102916921184,6773.435065383737,3136.270323655472,4775.6811349645195,985.9291615060381,4497.337034572571,6355.198132035382,856.2737731753792,4490.910781254623,1324.7905265788254,1156.9410279893264,6593.238944656109,2764.6549593837203,5800.8917030940165,2934.2553080384805,1917.9666728379311,2168.671904560254,6615.974400402483,5757.174725562009,7020.993026453808,1300.1461544953324,3924.697602287978,6310.916948873991,2258.85501064411,5974.819426940784,0.0,1926.4387341675315,4444.896650418095,3248.470629737169,3575.9946807706524,4736.320045109388,4353.8468269944915,875.010572133274,4657.1901967473905,5268.304823460769,7008.472510175809,1748.4565530684483,5636.214830842149,3715.6283888495896,6011.9817476402895,2671.9045295303877,2272.0600330363195,6533.97159936604,4448.697808316159,2868.769453947981,4247.45255856225,3670.1928623967433,1935.0846912362774,5766.828481842771,2708.2270324306273,3439.6345325214425,3408.878832761293,1530.120675825603,2696.476953169264,5048.295550449181,4836.938063011041,6971.601732756971,4400.147063656168,6508.809265908012,5378.598240640027,3592.4840300627643,3643.710445053777,3563.2522096681564,5051.315558492163,3603.4693797457194,427.92942217379675,2524.175878489651,6582.379136697081,3138.108410216097,6467.164368881079,1894.1449072140704,6066.7222272869885,5163.196206857241,3864.3557368143524,6547.874621497422,4789.479836903063,884.627553512776,4882.241699043586,1723.2892312481968,5835.548630529952,395.4310115114903,1914.7907247409578,4147.694611208737,2845.9585646338915,570.6551190570358,3580.795268655414,6598.8736889187385,3995.876597370344,4106.107788826421,4975.308547185793
4670.738402760852,4379.918728721458,8006.107454527075,4650.676750635331,2110.6757976233584,1069.4006047398702,6376.030370200961,6121.728350459942,5318.617769486542,596.3373839706846,8561.991957807073,6986.739427572564,4387.874846164712,6026.218748606541,2545.3868075294563,5952.063498082409,6217.617523065004,1422.1917718061086,3542.0880586230487,856.1789478607842,3076.347714227376,6562.446510732488,848.4311310471817,5322.886217596615,4467.725497266478,216.4062957171071,4089.3918521181117,6851.710472435478,7074.732859021392,7701.791798723722,1721.7719507588681,2634.8957580811425,7436.042133266862,1567.088321021186,5384.3774158983315,1926.4387341675315,0.0,3397.6776193001306,3800.9367416627706,4997.77141881269,6290.921400406144,4641.77699552499,2567.2500596942245,6139.934895021038,6096.719755321627,7858.491266975932,2871.995567248146,6960.498154800416,5546.96190051401,7140.770963428038,1016.3855454668766,1524.374463146113,6609.027244521315,5113.16482186483,4588.501177973042,6009.471856615687,4316.290168191314,3391.9097407168724,6372.607093997558,844.4001557987777,2782.8039338022,5016.099414717077,2162.3008741324597,4528.582841068274,5177.697613318491,4183.563783411697,7978.905490114857,5747.449372353009,6276.225975835558,5151.317296573468,3724.4784385571356,5416.993322861032,3668.0697178816004,6355.940014283488,4872.1030415983605,2353.450110744861,790.5964110948138,7364.2256748660275,2070.613616430164,5884.861255430242,3640.4374768252783,6337.20138412888,4660.599342328624,5478.417865898968,7422.401321569253,6131.523918802732,2651.846301264272,5044.158387431644,1878.100020472019,6890.986431083215,1539.6957100946922,12.89883114859606,4667.732773790826,4190.032136127359,2181.364945209535,4554.348124153005,6977.656080278319,5382.11727566624,3744.1669208799967,4158.378573372199
5829.6769221276745,4947.07698342688,6293.489955475022,5988.520182694302,4446.520322568648,2508.0930686880424,4055.1929798893666,6224.025060181072,5630.817135871577,3588.180040366982,7200.481746497382,4603.057214263146,4595.615915633071,5701.639473089999,4250.919838759842,6079.540920842296,3444.78245640679,3590.1736958517754,254.5025577651425,3277.8129444031733,5211.571880544007,3885.8897638100852,3364.326844673241,2245.5798348224,5180.584908880657,3607.464317745222,6028.748097634283,4523.263111148079,6676.248480486627,5968.935363885338,3206.8978601516137,864.0901464922512,6574.239118149643,2191.525851879918,2172.922408404175,4444.896650418095,3397.6776193001306,0.0,3142.9729790656806,5308.525507861669,6581.037077479582,3031.9391950294776,4423.743092612975,6290.007614549445,4940.97164740398,6403.827689942321,3782.5703419799083,6596.730567343871,6773.623276112202,6336.5679511642575,2448.1491619280473,2185.917549051885,4077.348975952389,3968.070049228592,5680.634022851762,6919.324168431842,3501.3003513440544,4431.617875941584,4750.323049551577,2843.2102692643048,1146.4181481222286,5722.100719657597,3223.7913522262884,5955.213793653843,3071.987112878079,1128.5025402474723,6802.353787026517,5692.156854525356,3369.436981869819,2466.173263146366,2405.1317610596716,6468.881592629439,2346.2671863555947,6068.411108817611,4923.100619198941,4772.800002589675,2679.8262642986765,5862.034445976329,1362.9107606167765,2637.9394465205223,5091.197077397908,4157.314114650948,1688.8380867771186,6085.3689575183525,6079.655106110215,5972.855470656645,4566.316134172491,3042.317685476321,2825.569370838026,5987.608961582744,4127.785576597335,3396.5228147480475,3454.9522812345754,4649.740121974237,4219.273856018355,4192.9868969450645,4854.035831418017,5505.769383921743,1497.596936730641,874.4044034530017
2992.4182699042926,1955.726644183435,4214.307019022225,3228.344109978674,3071.844893096818,3760.3304338661515,2958.3151254295076,3083.045623244813,2504.74402868876,3470.5124610704106,4777.984842413483,3531.1094062049397,1512.7602294921026,2618.564841918756,2415.840452879494,2936.9335359488473,3289.7989707118886,2751.024474966553,2992.587213768381,3033.6781990834165,3276.7047741977,3443.809053310738,4413.583496493524,3154.9025950773816,2218.7153905106893,3976.433973999317,3682.5689582491186,3371.5669006424887,3648.167909843103,3916.6208926433,2219.0115708977273,3335.9149083782095,3768.630527479445,2406.524537228948,3449.180146183438,3248.470629737169,3800.9367416627706,3142.9729790656806,0.0,2195.4580772415125,3438.8306860690304,1147.0933964595035,2614.9598213406643,3147.6143661301644,2306.8269598617494,4059.7229417935655,1578.6797533334616,3554.343330615375,3859.9016580467433,3489.2880031784416,3565.130872410156,2466.5468492972113,3334.0280222627107,1312.9505153302616,2830.548340909584,3874.3439696787377,519.7041595840849,1908.393793531094,2600.582029509933,3961.135030884077,2123.5984139485977,2691.25909687659,1806.2998463300603,3255.314709565267,1884.137445337256,2694.198479240162,4222.182027253799,2556.8305551406797,3511.3251755046836,2498.4705302590623,807.6810757180092,3505.284567164412,846.4243019254585,2986.9174524710247,1785.618098936612,3300.9404107788737,3651.9156677374135,3563.385875996312,2746.7186689823184,3856.1694494513595,2622.482221259088,2821.3736228335656,2686.8448282050085,2999.1066818312747,3629.223540752622,2858.5982923195065,2727.2112124544005,1709.8544724405647,1936.1501370536844,3191.109205781745,3204.261855861658,3790.168933541749,911.1393144876363,1662.3682249591993,2712.6690161656284,1057.267977066363,3355.9539631396915,2364.1244114625183,1815.4388038251245,3052.7056127220985
1331.0542662964574,640.9400321855395,4235.325572012735,1636.9324861499329,3326.3401009003874,5359.607034078618,4221.127532789551,1123.9910813204879,339.260836279403,4480.775825618818,4247.4813024403065,4624.544984018428,721.6815907877935,1270.7062707785774,2609.7264947285184,954.3509977246316,4945.80149830399,3606.849482083776,5174.1327316284605,4141.769650112497,2859.4894713226345,4927.836738749571,5784.937050529158,5180.4245394740565,690.9676338382285,5105.7670288191775,2589.8226922028857,4459.070066339057,2184.309124663906,4047.765781908953,3295.2304535690673,5382.118174528036,2836.1707126026454,4056.7387393880817,5509.247350133138,3575.9946807706524,4997.77141881269,5308.525507861669,2195.4580772415125,0.0,1342.6522452314298,2921.4894082453898,2701.1121644805867,1144.809762895128,2350.4351195214904,3797.5962796813983,2130.3220697697334,2062.755149222757,1879.070395500126,2548.0963075245013,5158.297505024792,4115.086562122478,4687.773860220009,2186.582410767314,1206.681275840891,1715.6810005350644,2005.4202726032267,1657.4178528654143,3132.604087731643,5458.755155674964,4224.819809723723,658.8191637073105,2883.5099921604224,1763.5590285536236,3571.7141231914125,4877.379090022119,3578.51749635516,835.6772131403367,5236.7764925238125,4440.127429833067,2996.6858949506204,1482.7066394921148,3039.9074554244244,1491.4764816533311,470.7265285970188,3356.622617960202,5162.070656311186,3509.3195486625323,4676.720916771601,5855.443100589827,1843.6993610415448,3975.3630212318976,4807.689916386559,816.773174663566,3345.790223001137,1218.9802338024188,2709.7416339263787,3417.198296022635,3288.0044315475006,2464.443510267581,3773.4198293252502,4985.030864646076,2376.256344599631,811.7859491842663,3041.43526501979,1256.1968696128008,4190.066159344504,423.78820152524275,4008.0289550377497,5245.341197386496
1958.7415994798803,1916.6430047937984,4157.638883728359,2189.4190372105563,4485.162986714864,6695.563712134326,4856.376705874556,443.1702954000868,1003.6756379558088,5753.366404755133,3807.491209710274,5128.607351208806,2053.223498533221,1260.7181955873407,3818.9082941391775,528.8980755202274,5738.900091508215,4880.551877629927,6430.357654971923,5438.149168516804,3840.746027911765,5624.37176721854,7094.284914022695,6196.311411776525,1829.850253786085,6385.983365334583,3260.366979538653,4975.979867283428,1422.8496685992516,4065.2988735334084,4609.722002261308,6702.972654947206,2358.6166571106883,5399.016290682313,6543.704625093343,4736.320045109388,6290.921400406144,6581.037077479582,3438.8306860690304,1342.6522452314298,0.0,3944.8402464937667,3873.257078092287,347.6272235786491,2728.597187619492,3603.4008930349396,3445.830522201723,1319.7089571038002,1800.980525978557,2149.820742714378,6494.685906415644,5457.235230980978,5329.611854849189,3042.4668402367183,1939.516425538077,1194.5200180323477,3141.759314907016,2903.575905409397,3552.3187450188084,6785.689886838404,5526.550376813822,1329.5087598090504,4210.163412345179,2358.9073511238207,4484.7608855772905,6052.365259051209,3159.291272878302,968.121166303578,6055.426518578274,5426.795701351305,4210.520656411152,1502.5595709232293,4261.46287870257,1099.8082027890136,1661.68857352995,4454.049159065154,6492.091777027494,3502.7045400518728,6011.881928649132,6833.818421218404,2867.460175418309,4580.981282547333,5909.898224740761,889.9387564799052,3222.7276234986102,915.8812787135679,3851.78470581171,4355.05497268232,4624.415443076563,2270.234616647583,4982.515974238317,6278.077449159177,3391.090519830605,2142.756383040312,4242.18082138527,2402.4617500722047,4597.920020215337,1075.4276945425015,5213.982097987296,6440.598647995775
3964.0229840806924,2882.707553134726,3464.457291864485,4228.635239507541,4191.290558938141,4375.1518276029,1836.0313417640784,3526.7507924618094,3165.704549126624,4404.992702806669,4238.902655769533,2427.977780829141,2373.7727018145606,2849.755932148927,3556.810711186357,3416.01340490227,2165.123245789948,3777.7426381417245,2815.7890177683767,3960.784770224835,4423.044405528956,2297.5098674312594,5134.0700887491785,2266.777745550939,3150.81302633241,4837.060922091947,4787.7475024091445,2275.462614633121,3726.6423011418733,3144.4559653887673,3226.3349244232218,3505.423958124466,3544.415375865109,3113.8713560033275,2605.8713796496177,4353.8468269944915,4641.77699552499,3031.9391950294776,1147.0933964595035,2921.4894082453898,3944.8402464937667,0.0,3757.5073232829495,3610.9021752146646,1909.0717390863028,3457.5473837557165,2723.3861216349765,3661.6440032789915,4748.662027134064,3313.6250890144465,4198.2769946187445,3167.313005787871,2191.3663184232805,978.1360564814081,3802.4805154826236,4634.063266621313,962.0230390848235,3032.4097920441095,1826.7107527709475,4631.501345713504,2333.7669951432595,3523.9173004941526,2857.0819474423547,4279.681757932592,742.7384656290534,2210.939416472781,3791.3015150412402,2981.0471332744805,2409.7770497745223,1518.6404999926744,924.699124244205,4366.965198967356,986.4585290365729,3197.120445107597,2453.92782589077,4433.565837348082,4334.559492557116,2920.4951394489603,3146.9528553947225,2934.385289212206,3731.7762276525905,1733.3110489441874,1977.4970646463676,3731.8012121253187,3091.479257805234,3169.5847181397435,3872.120769100055,568.0014293872866,2876.4082809396164,2959.8875042207264,4271.5511077772435,4632.508770644692,555.8435667883545,2619.810778801591,3834.9981619567952,1669.1428970717272,2340.027922879982,2939.3904496629907,1534.7455146143934,2626.217209998061
2114.633625970466,2061.7821233934974,6498.749802515711,2083.450448678826,625.3386405692518,3275.3190487892925,5571.045950485869,3788.31897692433,2977.2740131445744,1980.8977437629133,6772.599303183749,6134.850254692856,2282.085623412277,3907.896990860045,204.59442662252562,3623.535545024638,5852.929856151105,1181.4761994339965,4419.898587492704,1786.8335664633123,792.2086298797811,6044.786297343274,3413.5172697664793,5454.659325164129,2061.813679623113,2613.2853862052652,1670.2846619094603,5972.635791566232,4883.015562095312,6241.407987342599,1265.5468957521884,4057.2016763944575,5451.071854325899,2361.3560662240247,5671.689699013161,875.010572133274,2567.2500596942245,4423.743092612975,2614.9598213406643,2701.1121644805867,3873.257078092287,3757.5073232829495,0.0,3785.4018460825264,4472.539499207693,6190.717327203771,1037.2458536957379,4761.937931599276,2980.0854142675175,5152.812955233383,3099.1128834119613,2395.4773793104373,5948.06135177883,3716.4296941236485,2046.2128312812429,3455.461694249265,2974.2720614841205,1068.6041890662793,5022.878387068913,3244.7631575172013,3320.6132109905543,2550.3699732111418,1212.7815896796915,1963.7878900904752,4483.421967633651,4609.397433424243,6125.573012291095,3526.486935581783,6040.044297036653,4942.327827731888,3106.9907737605204,2857.4601548152864,3091.872346534378,4178.635601945926,2740.704495792277,722.9280530626821,3004.804767523507,5782.721477596859,3241.6221609931654,6145.572177680448,1079.0989909262266,5422.433518096556,4852.70878200722,3009.858220462386,5728.353617863077,3915.449857312695,143.1212257528562,4311.294263427283,1601.9412978049477,4987.723593020868,1117.0927607625072,2554.546662244595,3474.834982758893,1980.972759232191,388.5024308508251,2782.1293694866167,5909.445538284704,3121.371976539323,3794.3501314459627,4815.611042993921
1999.0065070834564,1763.843594660819,3878.490182967723,2259.3565586867867,4405.795980887222,6497.701943440696,4510.513551299675,97.52456898648681,822.3878312967672,5616.8843088789,3598.134355790512,4788.912447732783,1822.1323221308598,919.4790014263511,3713.93269404226,211.27488547861049,5391.307184526031,4742.498491535026,6133.40901876216,5284.283382001859,3823.952541056047,5277.534830803677,6929.61658235728,5857.2246400565,1723.6204708484984,6244.660914831565,3327.2780088343984,4635.27736180792,1258.1263052054828,3770.843257946026,4439.97756619614,6439.3515285482745,2137.6493152481767,5183.035735683867,6205.860463039836,4657.1901967473905,6139.934895021038,6290.007614549445,3147.6143661301644,1144.809762895128,347.6272235786491,3610.9021752146646,3785.4018460825264,0.0,2387.63502955791,3339.9218865647144,3274.8824783665136,1142.5160912831818,2000.8882169589085,1904.4670424200044,6296.07115727459,5242.097476986573,4983.974259672094,2699.850787222323,1951.7070933019124,1457.0367689063307,2827.84436928838,2775.6477613755314,3213.3192929799243,6601.852618786638,5251.534396126335,1299.353985064886,4027.523683046072,2424.3521500939173,4141.235505897364,5734.630310377209,2937.88535699336,629.8648646892443,5707.971322364014,5086.3713717722185,3906.663264232534,1661.6074324418507,3959.437127671179,800.4304660399927,1394.0059584840374,4399.757013435401,6304.102570602812,3207.306134276085,5765.202047089156,6491.467176907313,2825.3687950738395,4235.733207055657,5580.406014913699,927.8751291472361,2942.6325187780412,582.475706289112,3776.513530869709,4013.143340184101,4427.0429302621405,1986.6541592557066,4881.215522436702,6127.167211599337,3058.7492831825884,1956.5345721762749,4142.870744748139,2099.6547865696875,4263.388187613227,807.406784715115,4904.856620961819,6126.545852045833
3677.883561048936,2735.467174803237,2026.281630456388,3983.4975073371143,5048.302043411626,6048.971354662295,2150.7721676370093,2290.1278711757564,2392.8761814111913,5730.2685595083585,2471.171022297728,2401.60687965412,2291.4617845406024,1468.3331321917383,4308.329875951469,2260.5357890203823,3109.216013974262,4946.640052664435,4724.0481477073245,5304.054196798992,4906.566103333879,2932.3845434679947,6720.1265217557475,3831.8803676802067,2936.397601331945,6265.362993100161,4873.9337951265825,2247.659003834211,1991.10115308138,1778.170857378165,4453.2919441847735,5381.747043082292,1639.1099541412711,4705.84233839129,4193.205135538326,5268.304823460769,6096.719755321627,4940.97164740398,2306.8269598617494,2350.4351195214904,2728.597187619492,1909.0717390863028,4472.539499207693,2387.63502955791,0.0,1768.6803131628958,3525.088935162346,1960.6184042656032,4142.7388656347875,1426.1853678186437,5857.176305482106,4765.188088795342,2618.7505231789455,1033.2646460849226,3544.982140554872,3764.12877708096,1787.188242691855,3457.997327984075,828.6027411425813,6262.057791173761,4178.062192620162,2993.2512186403605,4013.680850094213,4101.62691164433,2100.67045277478,4076.4200601661505,1934.1824930238615,1859.3351449682225,3438.102903834322,3065.924318095931,2676.7526623526505,3747.68945878524,2744.61348048227,1690.9745611430708,1981.0189646606116,5194.957700348484,5953.670718474863,1314.1727432133873,4935.5391360463345,4376.756702440861,3961.1883448183835,1869.1955339455524,3747.1964304211488,2952.7888071397865,1325.7626914172833,1814.0435942030172,4540.669280775468,2036.7458684725495,4220.580922760752,1062.7632815730888,5321.34124520548,6085.628640658416,1551.8682317677624,2632.0987825613615,4698.434506724341,1691.0475859788812,1891.5087239650786,2088.209182012186,3443.5660677247065,4495.8954492559105
5097.947682349438,4311.473697726105,609.40510566043,5398.152898607912,6782.010533875629,7765.47314371024,2705.873538722754,3255.431328422395,3715.5252102276204,7498.656596185746,798.9960800767425,2522.9663322216566,3939.585263520514,2581.9567917643394,6036.370645117312,3315.52769203878,3752.2696481878806,6713.553679071168,6166.269370002011,7071.4797872941,6558.978762004418,3386.8135173256883,8463.478376787229,4840.080506493771,4464.061156121632,8029.797738222364,6387.277983877405,2455.9252179602295,2274.9683391080416,710.9967190114169,6221.97013380111,6953.586944661366,1314.5258800514355,6439.00140765088,5182.919283471527,7008.472510175809,7858.491266975932,6403.827689942321,4059.7229417935655,3797.5962796813983,3603.4008930349396,3457.5473837557165,6190.717327203771,3339.9218865647144,1768.6803131628958,0.0,5275.482800624982,2342.456725185121,5328.35215270134,1460.1247937933254,7577.966303640906,6497.342687240146,3026.2434588360534,2753.8491571509503,4991.4488182732075,4790.682370802828,3542.485538227926,5147.727400042955,1654.4851664687112,7992.893407914434,5791.101031948933,4359.917955887014,5782.185446057312,5540.503065056187,3346.1949113697783,5406.559341629851,694.8044203155301,3065.70182352035,4066.0606406850357,4170.471759283115,4329.605070947927,4965.203138558985,4396.845495507547,2545.7339359094462,3542.7657609027724,6908.9691404382465,7686.49570981608,542.0212339244652,6593.179221592645,5208.47064224586,5572.767856751705,2470.803888315704,4966.580012690524,4167.663918129675,463.042310105675,2807.8165211275827,6248.148290568335,3362.035246461583,5984.917429791159,1368.1982990232084,7078.171655866012,7847.550831858307,3237.9238367941894,4271.058487338823,6437.81937778624,3430.3224679037103,1945.3827729518941,3429.176516969927,4941.395390578354,5816.004414610601
2114.2914432258385,1530.0733430218302,5542.644480652624,2229.8397237337485,1540.7839421054466,3266.297629977556,4533.807650243888,3253.0698075688447,2457.1351046332393,2375.908913973345,5903.111839724536,5098.445330702488,1524.531481617221,3181.1812445379464,840.9306589939506,3083.421246823405,4836.538457597334,1513.1125269787442,3729.390225310969,2016.018575390862,1722.3471609652336,5015.312666411338,3654.763019920854,4517.158201928398,1662.7574049391571,2989.1240771592275,2306.8124425373207,4936.5967387183855,4217.070051569217,5272.764457476267,1165.4766773852666,3597.6409117738526,4657.74197415883,2040.8377836663064,4759.9324209325705,1748.4565530684483,2871.995567248146,3782.5703419799083,1578.6797533334616,2130.3220697697334,3445.830522201723,2723.3861216349765,1037.2458536957379,3274.8824783665136,3525.088935162346,5275.482800624982,0.0,4100.775763913579,3069.9739550662316,4358.470881531733,3067.645783724875,2093.514751403725,4912.609664705919,2706.6462799658543,1982.8958074213076,3359.67969905064,1945.1599933259986,671.7303646382231,4022.4207127829136,3341.332448296039,2637.353450019545,2237.070065159337,772.8805507638291,2181.095719518288,3453.51200585795,3771.9689871881237,5276.445595022847,2878.4262654196996,5035.229061588559,3958.40125734115,2120.9306086150013,2822.9099722821484,2114.5731045582224,3497.7547359940777,2010.7529519175148,1737.2220108903757,3050.871372372981,4839.111550877185,2807.522793810408,5217.059294787151,1311.7890477775,4386.25352434193,3946.890781420864,2685.252626837557,4817.229972989248,3264.799616382757,1148.7675480418134,3280.5222473563567,1217.462923049405,4149.861610419316,1805.7170150964964,2859.338124771186,2440.852565842107,1319.6880994162975,1183.1777603597864,1845.6603225710303,4882.690262597454,2510.1378864062426,2911.013184204599,4030.7230839724034
3126.207968809017,2700.2134819411963,2925.8812375915054,3395.4854981801936,5387.272173323063,7186.564625416653,4073.3238597480804,1087.3622824877639,1819.6714858440796,6476.655755891694,2488.7360573787255,4218.08675437111,2576.39857936636,952.2836670703746,4663.281209193479,1216.2799625024657,5063.96792046563,5610.258306641594,6407.747766301979,6108.192289511849,4892.543038185765,4859.052912361111,7708.125961428627,5763.582903694888,2733.504591560987,7086.946229945448,4458.487598993407,4083.476981567791,122.15055235650806,2882.3131882632047,5238.938365497346,6883.766839558847,1052.22560950587,5833.846988566722,6123.891664877164,5636.214830842149,6960.498154800416,6596.730567343871,3554.343330615375,2062.755149222757,1319.7089571038002,3661.6440032789915,4761.937931599276,1142.5160912831818,1960.6184042656032,2342.456725185121,4100.775763913579,0.0,3115.494941292314,889.523541287694,6985.067045655182,5894.58274839738,4527.221879013773,2683.5209394018148,3065.212478185484,2510.255263686942,3114.2344736800087,3707.5328066769684,2688.19302461263,7331.131763162424,5664.101557575836,2402.072289246308,4802.431291250922,3558.3659806650016,4016.170398602131,5871.367498003341,1847.023255572328,1237.5347779084836,5394.191299892599,4989.424713155717,4199.6053504858055,2795.207596676318,4261.9055135584595,604.672973427786,2090.3891011818823,5418.149886402276,7024.7733244647825,2336.3884854450043,6293.343806505569,6330.277656361371,3879.092752225705,3788.4991036801102,5612.627562436154,2067.3094665204335,2011.3245839190151,847.1600635358113,4772.4842305596985,3926.489500551988,5151.430000732709,1123.0359016901461,5820.047690048596,6948.047893470008,3162.5785622123285,2812.7010814148025,5094.921398779082,2530.6249531568283,3639.5322687682005,1640.7332095014717,5127.257137796777,6284.448886149446
955.9998848582568,1904.5024014101425,5847.362520271511,897.6171850415968,3485.8078400114086,6205.144856514149,6097.027266647329,2078.978413513955,1754.1806991538813,4957.944541493481,5595.171257836976,6483.486600979832,2383.6629552881427,2784.978759891177,3021.446422132453,2013.28311865495,6818.174413883015,4150.660211371801,6683.338165763124,4755.770303229751,2609.7762087815117,6806.88663613792,6393.5963638008925,6975.379162529446,1641.6600591185131,5585.706847873061,1740.7221802562292,6319.629148329829,3221.9354848328358,5712.785036149181,4080.8947642302664,6662.807831636449,4136.792864862586,5091.423743035833,7288.693552565508,3715.6283888495896,5546.96190051401,6773.623276112202,3859.9016580467433,1879.070395500126,1800.980525978557,4748.662027134064,2980.0854142675175,2000.8882169589085,4142.7388656347875,5328.35215270134,3069.9739550662316,3115.494941292314,0.0,3904.753416905733,6017.601507785307,5140.393712801579,6565.120133745689,4064.6063193310615,1095.9060726038524,693.1963502111071,3798.0069239243103,2398.469274914315,4956.253623031211,6207.015624382542,5633.892787135818,1232.9305230226885,3797.6890805314747,1021.6455257397255,5428.4847657380415,6534.254948833571,4937.821159737664,2317.933073826982,7104.067272722366,6259.6195358731675,4659.79341463385,398.7619918510289,4689.519933355438,2783.464351390188,2342.629413117235,3337.681896860904,5950.546439587712,5152.16797899001,5877.386968920798,7664.74564113187,1919.4036371633767,5847.4025958010625,6544.670353020082,1194.1620993001745,4915.500859182612,2522.3222995810825,2897.674257854564,5268.5903907968595,4259.389204386587,3963.5689366843358,4053.0983114434816,5534.286937172756,4219.755622289636,2198.185981768149,3365.6733874386864,3086.424112355591,6022.620447809824,2056.5137567429497,5644.207443154619,6865.907145770689
3773.4534463965497,3138.5481520400476,2037.0558147151983,4063.2002536287814,5770.5292317230305,7236.057682845335,3368.58092661732,1826.0698420827166,2394.1166599681396,6705.016859553001,1719.0653184006717,3435.733419785942,2876.0194336648697,1277.3925715644345,5026.101418229043,1907.4865175790885,4400.592005624016,5863.4101912402475,6126.6164230662425,6306.487609640489,5400.324410590997,4146.544445213388,7835.771540530326,5233.584341387937,3238.471387692656,7287.674679572422,5095.5646733590775,3313.6613247755117,837.0582987785257,1996.6962316699555,5432.6976374074975,6727.185303276921,299.556133245507,5875.475899274884,5594.447785202844,6011.9817476402895,7140.770963428038,6336.5679511642575,3489.2880031784416,2548.0963075245013,2149.820742714378,3313.6250890144465,5152.812955233383,1904.4670424200044,1426.1853678186437,1460.1247937933254,4358.470881531733,889.523541287694,3904.753416905733,0.0,7037.958613792568,5936.23065904055,3799.867379451289,2372.1105111189486,3685.9735476290384,3342.0380824941235,2991.3055401018464,4084.418865490291,1988.9750743247137,7416.265441698537,5509.298162983195,3029.826563375534,4986.423055042261,4216.266549436479,3519.687773342545,5499.745573008356,1048.5794713706734,1738.0755849806987,4732.394727912921,4476.499955693957,4005.5250998998868,3556.0834106058305,4072.1030578565906,1135.3946993979669,2412.6614629957926,5846.915082579701,7106.512259540611,1459.285553496985,6218.084656364932,5745.971088003925,4387.52421706194,3086.5824532621837,5172.419959670426,2777.0251816737273,1123.7090326672649,1416.534223030633,5185.963412119488,3461.829188218275,5277.873029314745,367.2888071803985,6145.665559592793,7128.832057105147,2893.4126265795553,3172.7819703233627,5450.104548014652,2587.9737154239024,2842.0838829858635,2139.455879682495,4840.4747804703,5918.99462256387
5088.771933416647,4589.5112639383515,7651.14147002498,5125.924347639359,2795.455664288919,202.0300395089796,5805.4946802801405,6262.6284822107245,5494.2691687743145,1422.0712109191297,8322.280694907196,6411.158437293919,4480.63942190989,6033.466162131433,3014.796679339587,6094.910526573873,5510.4825429728935,1932.3372249907623,2619.0985034293767,1355.0680968578665,3749.3114054506063,5890.800062615689,984.4770504120447,4507.027834310545,4730.192972203671,1204.9734850676175,4739.542985252481,6289.872222148873,7091.869272697079,7334.971419887743,1944.0066367175805,1642.5189594570897,7323.310030352259,1162.4828969791338,4526.464331812414,2671.9045295303877,1016.3855454668766,2448.1491619280473,3565.130872410156,5158.297505024792,6494.685906415644,4198.2769946187445,3099.1128834119613,6296.07115727459,5857.176305482106,7577.966303640906,3067.645783724875,6985.067045655182,6017.601507785307,7037.958613792568,0.0,1101.7419378647614,5981.719718565307,4832.754414739694,4981.161401076059,6395.358246868271,4080.9258026723546,3691.381257167566,6005.3226277136855,447.22922890727966,2045.1983534271194,5303.255289535004,2294.8453310251657,5027.795481632482,4626.88837073578,3341.3239294650853,7783.945190437366,5826.526215797969,5529.241362371967,4441.579355052097,3278.8318901409084,5828.934770736845,3214.5075616053546,6385.742319289121,4943.913044332597,3089.8261603839464,235.25196800452073,7058.943610975371,1218.3247491945654,5018.841669474143,4103.659038274988,5806.631495493837,3857.4991690731445,5752.898392341464,7165.8971952872025,6193.0064165430995,3214.0140889661643,4515.487302497595,1870.4553563731477,6751.829593272405,2279.7148575174924,1019.2209194679042,4340.103074979325,4351.972132273137,2748.1084289076002,4476.990488880896,6479.284203193823,5501.5581284153495,3053.1286026831563,3257.734958900893
4190.194586061249,3575.4895254503267,6592.8044004901285,4270.371791762399,2299.2169388609245,1300.1917682442077,4861.669168286649,5203.706713142566,4453.645541048142,1488.9486906811128,7233.819108686434,5472.165018738836,3420.343968805038,4942.364243469415,2258.2280012622728,5037.642211377562,4697.681090422912,1416.0910970573186,2258.019642625812,1116.047138045701,3148.166221556289,5038.3936201103825,1973.600859108548,3853.169698592056,3740.6469296506725,1735.135298105021,4062.7921167337618,5340.218187138986,5999.962937604615,6280.3864663713175,1130.2400281426949,1674.4408862070943,6221.61031472753,60.919235886540456,3950.213037500636,2272.0600330363195,1524.374463146113,2185.917549051885,2466.5468492972113,4115.086562122478,5457.235230980978,3167.313005787871,2395.4773793104373,5242.097476986573,4765.188088795342,6497.342687240146,2093.514751403725,5894.58274839738,5140.393712801579,5936.23065904055,1101.7419378647614,0.0,5085.966259097774,3746.037758747234,4066.9344443951886,5453.185689427786,2983.9644425369747,2753.44250080985,4947.901309880786,1497.0045640989208,1314.2167156177095,4317.4444772982315,1342.7287113076866,4194.5961273736475,3665.427666316715,2754.2009533877513,6687.984581919205,4751.672586829294,4765.9794304735515,3634.3308417265753,2242.7141384993765,4911.944483601682,2182.1167935571184,5297.643336180532,3872.6426472356056,2624.850609269221,1189.374410436007,5983.885604061628,869.392858292498,4453.390375156888,3271.3053209326094,4833.692697825649,3189.1350693205204,4754.405570466302,6079.293025766812,5112.17199326881,2530.8555559622523,3537.6283679398834,881.4845222265673,5650.632882634033,1943.0929227064773,1517.2174283434133,3263.420695423898,3320.231785119828,2121.1843385988404,3378.9356459624973,5486.987536151418,4440.591065718729,2229.89931563378,2804.9855751680793
5914.806427655938,4844.766321210963,2646.661659031052,6204.217951452463,6378.132936831279,6128.284679524035,474.3470949631717,4887.1372758139305,4833.5661018243045,6461.73463096497,3763.557928219785,575.6221941030417,4325.3483348511945,4071.8759699708444,5747.806187843325,4837.650196846399,765.8807826940168,5914.6263447188285,3822.9079287088516,6022.30968956305,6600.116194209993,361.3251809879846,6962.335295012802,2022.536426145398,5099.804661313412,6817.214585976666,6889.71564869734,580.2974862956071,4534.651639709935,2368.790637772153,5360.199101292507,4834.711535695278,3881.862328571301,5042.009882944896,2313.134162724895,6533.97159936604,6609.027244521315,4077.348975952389,3334.0280222627107,4687.773860220009,5329.611854849189,2191.3663184232805,5948.06135177883,4983.974259672094,2618.7505231789455,3026.2434588360534,4912.609664705919,4527.221879013773,6565.120133745689,3799.867379451289,5981.719718565307,5085.966259097774,0.0,2520.0737359555583,5760.189184614079,6289.070070208552,3043.976408622446,5178.3945894963435,1839.0399719247544,6428.931974834545,3941.001215064517,5343.228134577263,5019.988915722524,6283.302714522435,1488.0514288333588,2951.9419426718073,3656.933553296532,4410.7326011613995,1051.5757038064353,1614.689917868444,2974.48354325688,6167.153546776665,3016.3356608608733,4309.700199383364,4232.772826305825,6624.337098827324,6160.417267030294,2580.62140172033,4792.684919758965,2229.2573746054986,5851.152490590635,749.9635155979261,2402.3302701945463,5420.530892203457,2933.692384858372,4422.174039196671,6061.23523428946,1651.8575936496463,4980.336424285613,3457.7685992608017,6429.814629146396,6601.455679240755,2532.541142894228,4627.251980664658,6023.321169616975,3571.931784476994,1082.6848108484758,4546.6425573438255,2931.7018540371737,3289.93889084919
3395.1976839561194,2330.4946630501,2904.4683760361377,3686.1708474893017,4247.161228667096,5022.986967043614,2064.472519743724,2610.6551855243156,2370.2127409601862,4778.861305277335,3489.528137292061,2535.2433947108516,1814.4665021413314,1890.2265723412627,3533.551101589589,2516.3774854693397,2764.8605078160817,4034.1557756478614,3763.1173495138314,4344.1560804671835,4259.519876732118,2744.399801889842,5709.813735278761,3163.1372562321726,2581.979918471288,5289.367256907956,4418.254508504688,2367.4033677449224,2748.875082120866,2611.5449974886515,3516.1161849347354,4365.2141570000895,2620.9077956898823,3687.3058436816714,3515.702957354617,4448.697808316159,5113.16482186483,3968.070049228592,1312.9505153302616,2186.582410767314,3042.4668402367183,978.1360564814081,3716.4296941236485,2699.850787222323,1033.2646460849226,2753.8491571509503,2706.6462799658543,2683.5209394018148,4064.6063193310615,2372.1105111189486,4832.754414739694,3746.037758747234,2520.0737359555583,0.0,3241.3058823048464,3849.433448716836,806.5012522401934,2794.6770828305007,1319.0856652727302,5242.710771181736,3154.2866032681623,2834.8648122894674,3089.1799408920806,3769.6070372931445,1443.0129545419893,3188.5964158786237,2967.339810495758,2074.8560615919837,3063.7343918448614,2389.1365256228037,1649.249135032364,3669.1236870998227,1716.8796717731848,2228.6987763522457,1722.5604711231472,4434.052457293778,4935.40809897135,2251.2625064332237,3902.8422742562884,3791.6218295441863,3410.224554447111,1842.8954015182198,2941.528869317111,2956.409500214237,2333.543995534046,2221.4977042045302,3805.3132977305563,1313.603422925276,3248.349141041492,2031.256998659943,4453.367183507778,5102.46603513409,524.7629251738354,2129.7466983657937,3888.556628172592,1065.9922257371295,2215.3016144816497,2106.5230812960485,2475.589128820855,3602.9662431692313
162.3849227761001,924.1485297964823,5440.219105309822,446.5045378044886,2622.28550024001,5173.1945339801405,5305.598006197323,1987.5028731060995,1292.1140249939242,4014.0247332951253,5402.5813870561,5751.651364480032,1443.8142998339504,2425.669660463477,2043.6179184683717,1849.060032177701,5931.459690690396,3169.9679539561603,5594.265866426085,3766.5019092016937,1904.226396087398,5969.274292187369,5425.951924604014,5978.084164521272,661.4734869070716,4650.125201857903,1409.6082970988782,5584.361766416821,3185.7445499419755,5254.44420903334,3037.2179703353536,5569.327180712047,3960.8529760449323,4016.29491063754,6278.731448545319,2868.769453947981,4588.501177973042,5680.634022851762,2830.548340909584,1206.681275840891,1939.516425538077,3802.4805154826236,2046.2128312812429,1951.7070933019124,3544.982140554872,4991.4488182732075,1982.8958074213076,3065.212478185484,1095.9060726038524,3685.9735476290384,4981.161401076059,4066.9344443951886,5760.189184614079,3241.3058823048464,0.0,1423.426086147082,2840.491530035779,1314.3447673308551,4306.341696250311,5198.628778228062,4539.476317213804,664.157342876671,2726.0683528528775,557.4835835304929,4514.581321739592,5473.746517599989,4731.238644544259,1949.7390383661605,6199.6364691443805,5288.399990175951,3615.953993865658,848.334746086119,3640.7587615336447,2569.1795872710027,1576.926681858101,2548.4123720710904,4929.897734557178,4715.221620191357,4787.691749267281,6675.55457957015,975.2666557911225,5077.260548319044,5514.688873382614,1050.2923286138007,4543.905876211016,2282.8087785204434,1994.7573064212597,4347.221278018983,3185.6368437932474,3642.0724965624995,3159.89016292149,4575.644745227169,3303.855099798567,1185.347598048775,2433.001883442962,2193.8839943853004,5350.497365818714,1563.994365669199,4582.76688406731,5794.514481262861
1340.8849969482842,1972.5424845830319,5334.984510229997,1422.8027376484768,4007.2855845762974,6589.01010294642,5815.574172134425,1547.1725884932814,1480.498558111422,5431.713466789002,4998.965239626397,6152.1700119717925,2361.6485524592777,2329.905036370581,3464.100449990589,1524.7793105748126,6612.313875231649,4592.588158321297,6805.704673054217,5189.880190297267,3191.0590095227008,6555.924811151589,6848.477336192184,6895.6218668677,1749.310120598689,6066.700670236665,2394.461301512722,5992.66934723834,2609.0247682390827,5226.655883618893,4452.050766397437,6892.873758765208,3553.0085715866203,5400.300471515358,7224.928081201362,4247.45255856225,6009.471856615687,6919.324168431842,3874.3439696787377,1715.6810005350644,1194.5200180323477,4634.063266621313,3455.461694249265,1457.0367689063307,3764.12877708096,4790.682370802828,3359.67969905064,2510.255263686942,693.1963502111071,3342.0380824941235,6395.358246868271,5453.185689427786,6289.070070208552,3849.433448716836,1423.426086147082,0.0,3720.1392739983544,2707.9863206334703,4591.422512597594,6620.523648384998,5799.570387138775,1197.5458119157697,4121.555229615393,1580.2152145736352,5267.147883653543,6568.183628093386,4353.382251757018,1904.8153103713232,6913.1678397904525,6152.179481402099,4681.787739456478,604.1061784297525,4720.18913917737,2257.465946204726,2180.2899882024867,3894.6373759790526,6349.535755909403,4663.116082695347,6133.9440537717655,7568.435797453527,2376.430994486059,5552.583531142687,6519.036287567818,902.3484980743306,4399.059677753076,2024.3070012194296,3392.2673010163867,5117.600983566519,4575.6639751433895,3443.233741302643,4559.990846114058,5996.633669794829,4085.1370366068504,2269.61203789987,3843.835980689733,2971.777067909368,5655.525742443845,1748.364051756098,5688.515930324534,6924.489472570306
3002.0843399095234,1921.5387191128887,3710.677506114079,3267.031854087897,3477.6107680800046,4275.201954973005,2631.4553650499192,2753.8485956929435,2278.2314197370292,3973.217912309618,4258.319517058813,3172.5618792871483,1416.4877969717913,2201.826403534121,2783.529290738648,2621.575077739716,3110.788555792566,3229.612694812801,3327.469682522292,3539.5642495828492,3573.839856346252,3199.789765906817,4933.280896125519,3183.71023241202,2189.900616281022,4489.460462532775,3857.1746816244918,3008.090929863158,3201.474208352458,3417.911701940382,2709.666054772986,3774.3193597602467,3265.900955178678,2924.1365509380717,3507.0142085040093,3670.1928623967433,4316.290168191314,3501.3003513440544,519.7041595840849,2005.4202726032267,3141.759314907016,962.0230390848235,2974.2720614841205,2827.84436928838,1787.188242691855,3542.485538227926,1945.1599933259986,3114.2344736800087,3798.0069239243103,2991.3055401018464,4080.9258026723546,2983.9644425369747,3043.976408622446,806.5012522401934,2840.491530035779,3720.1392739983544,0.0,2135.5395810672767,2115.97150001152,4479.51138919771,2552.803748698673,2581.3832602765515,2284.029169989954,3320.2133786244826,1684.9832119332823,2911.221060411078,3704.0267664950807,2211.0598454248134,3366.5532467724315,2461.83190893692,1096.3083737434465,3421.22453713199,1155.2740930692592,2569.6191997619026,1550.4949355509032,3682.191220565548,4170.481670355236,3050.352885613893,3228.079097858198,3868.172956921265,2810.2882492835142,2460.160868599043,2804.6483082156665,2822.0667115179963,3110.1777906020097,2473.283776594388,3073.6179505413484,1513.9520381584093,2445.928083558468,2684.2140084464204,3657.9930721614273,4305.40526481422,512.8693355797361,1658.0328675345972,3117.5464740301786,755.7163733392309,2937.5342829665838,2087.162414571516,2078.5282297224153,3299.2630736284127
1443.0834648366667,1017.6088842207497,5480.6626643025575,1562.7113186798128,1689.635379322119,3886.811912848884,4766.028846648434,2768.4987304141932,1955.1701437266267,2849.7995357738764,5712.392004698295,5295.861229342117,1218.187454797085,2840.8574656714122,955.8460760315965,2600.5079332609234,5192.872222349111,1977.213069058821,4366.697541571892,2543.707138805488,1466.965466661707,5321.539815840995,4207.194636975571,5007.6248411247825,1076.054464109043,3482.700245577848,1780.4046960284059,5129.695094499867,3827.8634034444067,5235.424325244517,1753.065738665268,4268.568074832589,4382.569853858121,2702.3916477278053,5273.8089487172365,1935.0846912362774,3391.9097407168724,4431.617875941584,1908.393793531094,1657.4178528654143,2903.575905409397,3032.4097920441095,1068.6041890662793,2775.6477613755314,3457.997327984075,5147.727400042955,671.7303646382231,3707.5328066769684,2398.469274914315,4084.418865490291,3691.381257167566,2753.44250080985,5178.3945894963435,2794.6770828305007,1314.3447673308551,2707.9863206334703,2135.5395810672767,0.0,4065.3723725634286,3935.694675919996,3285.2124440019097,1629.5311255060453,1415.0034378728556,1523.6258106044277,3775.1482486517,4348.666052411935,5061.901467417259,2470.0669286464686,5419.4424783330805,4393.339060612213,2589.6065862290743,2158.5238331148903,2596.9971386095135,3118.4020798607735,1672.1136921328045,1769.5079609668333,3655.711506633148,4757.7662206966415,3479.2222679702427,5711.460413797683,724.3127302760872,4586.049574114196,4473.448703840025,2089.6622353904468,4684.715218143041,2860.387626186353,1106.3218616465103,3600.398304612005,1872.6372170554023,3923.729274632616,2116.1600697796944,3379.0319024781347,2648.269779787739,912.4181913848495,1387.3918206408027,1785.7811670644307,5009.89952288237,2070.9102639238135,3469.0857292159844,4632.065900228213
4446.287655344963,3453.851428261066,1645.9684897451707,4750.067438154537,5563.191274136186,6186.77401497113,1388.7431466203534,3115.7969012984463,3202.540970190077,6068.6958304295495,2450.170922776817,1576.4596028560327,2972.8694321340454,2293.9008211614123,4843.774641584908,3088.952558722293,2411.6172396325665,5344.354500398061,4513.990336057444,5629.593382811587,5531.533174469806,2173.3283732655314,6921.495690579169,3310.862055949175,3675.3083843542986,6556.643830221221,5592.292394463116,1425.967368999024,2696.965557273025,1332.6432631803602,4818.5879604614465,5304.460277011602,2112.1768246328243,4891.681135189108,3667.215187430375,5766.828481842771,6372.607093997558,4750.323049551577,2600.582029509933,3132.604087731643,3552.3187450188084,1826.7107527709475,5022.878387068913,3213.3192929799243,828.6027411425813,1654.4851664687112,4022.4207127829136,2688.19302461263,4956.253623031211,1988.9750743247137,6005.3226277136855,4947.901309880786,1839.0399719247544,1319.0856652727302,4306.341696250311,4591.422512597594,2115.97150001152,4065.3723725634286,0.0,6431.771597846196,4156.0027613928505,3785.396745898242,4398.372404705405,4858.803620957118,1706.0173926077075,3769.022498292363,2096.9168046589257,2686.707399110108,2743.4264138921244,2588.666510936664,2729.0660731805306,4559.451032765349,2794.677199999313,2495.618035716604,2729.5947985039834,5743.230781293487,6129.986061064087,1112.465388498896,4973.640800368478,3777.5836972991083,4632.428993216626,1104.2997575282718,3355.0984884932964,3770.851178276995,1348.9620611570213,2636.577252435058,5106.549852435498,1710.3978918734088,4529.861382727401,1634.3192310124118,5771.397959349538,6362.427614177233,1706.1132652766644,3310.161195805425,5205.260749134956,2283.433909178893,1067.0894638637383,2899.7621206914546,3287.8648968119114,4182.744808339735
5296.622578139583,4871.2663879818765,8077.712741807856,5310.233384420783,2865.313270556293,335.14424115744566,6251.267204379766,6573.068248922416,5791.239383579736,1384.1083636688277,8730.81522272302,6857.336129224672,4798.6848904851,6381.906477301904,3186.0088934891564,6404.258236647394,5955.799833031497,2063.3628105827624,3027.286025430864,1458.138236820158,3833.6182412098624,6337.512128458138,540.3082754400491,4940.73651532856,4994.671862404176,976.5160332964325,4840.5929727244165,6735.440564272912,7440.169832852608,7762.897671726776,2185.140719259288,2008.8852495264632,7704.393589480551,1556.2211168301242,4950.577015817955,2708.2270324306273,844.4001557987777,2843.2102692643048,3961.135030884077,5458.755155674964,6785.689886838404,4631.501345713504,3244.7631575172013,6601.852618786638,6262.057791173761,7992.893407914434,3341.332448296039,7331.131763162424,6207.015624382542,7416.265441698537,447.22922890727966,1497.0045640989208,6428.931974834545,5242.710771181736,5198.628778228062,6620.523648384998,4479.51138919771,3935.694675919996,6431.771597846196,0.0,2492.061259711326,5561.6751410592115,2576.035387813801,5201.364975862105,5070.8796737577,3772.3518078574,8183.3029221057195,6154.227053339029,5971.430291536693,4887.338335903091,3709.552182836629,6042.045564724747,3646.0166679801396,6728.987493461478,5270.423721828919,3135.3175346956486,309.87482670426806,7477.365512776074,1659.8250716882787,5439.682686669233,4287.634424085733,6250.2008537603015,4294.607965075393,6017.518508921929,7576.119757332377,6526.865313867983,3347.449553919222,4957.801174590607,2183.884022229202,7137.840495973273,2313.3204478335897,852.4183654251001,4756.819199643602,4647.89693390215,2873.622876803774,4841.660283238902,6920.922099652618,5816.134168369914,3500.2585358377455,3671.9114078049324
4687.208780647604,3827.901332777531,5780.653729414779,4842.747964827923,3407.898720232161,2187.4159812027065,3786.2264452354143,5191.977540453156,4554.426679259311,2803.1653079588436,6569.858882919936,4385.966110711299,3505.040651715754,4737.780555314271,3139.652127515085,5040.259755766958,3469.5921583321574,2604.912119394817,1103.0868806331623,2419.71996651782,4112.478263824017,3845.6441299511844,3029.092362327864,2545.5483078749453,4054.227799692809,2998.845195440572,4897.8448265869965,4271.716127224397,5753.272446461057,5457.395291496209,2154.727124858505,1221.9260795796938,5769.130812933002,1293.7474080708334,2636.0569051317916,3439.6345325214425,2782.8039338022,1146.4181481222286,2123.5984139485977,4224.819809723723,5526.550376813822,2333.7669951432595,3320.6132109905543,5251.534396126335,4178.062192620162,5791.101031948933,2637.353450019545,5664.101557575836,5633.892787135818,5509.298162983195,2045.1983534271194,1314.2167156177095,3941.001215064517,3154.2866032681623,4539.476317213804,5799.570387138775,2552.803748698673,3285.2124440019097,4156.0027613928505,2492.061259711326,0.0,4604.731092999242,2109.5712528883682,4808.799073341389,2634.4609901346043,1442.295160179427,6100.098093222599,4674.719146690204,3504.150986614589,2399.4730408558453,1505.8374318345254,5335.574030597644,1438.6067734766857,5106.524860586209,3865.1845692418106,3730.169480594682,2234.764837241941,5254.242199146229,856.9048566982218,3139.2249423195212,3947.3497152896143,3810.732588183537,1881.6144813327196,4982.899694609957,5418.020589851242,4982.162956151174,3463.7305644273197,2543.884987095525,1747.117893146882,5179.7760630307175,3163.063329637426,2777.716939538657,2629.8461084375253,3533.3840152755824,3149.0497032406456,3179.2382883749056,4498.23879045855,4453.43171831454,1009.444656145645,1535.938949813436
743.8953406024265,776.9397776057034,4827.689043602228,1039.068055336608,3158.017289503336,5501.045795881815,4877.6989676520625,1329.0986963337223,644.5275734528351,4462.833963662327,4748.2587563232055,5283.299401911082,1182.8498882351896,1781.5842595195995,2507.1457210692797,1186.5489796253673,5585.364016037808,3596.0404877103374,5608.265022559918,4171.519477264969,2526.9592464820244,5578.837140018518,5835.949559785879,5764.757323407204,576.8051029593963,5098.786316522492,2069.6520621469203,5117.86728359509,2522.871184407559,4656.666609356633,3376.680502426162,5710.778132149505,3301.486409541162,4262.362910503985,6084.753861453148,3408.878832761293,5016.099414717077,5722.100719657597,2691.25909687659,658.8191637073105,1329.5087598090504,3523.9173004941526,2550.3699732111418,1299.353985064886,2993.2512186403605,4359.917955887014,2237.070065159337,2402.072289246308,1232.9305230226885,3029.826563375534,5303.255289535004,4317.4444772982315,5343.228134577263,2834.8648122894674,664.157342876671,1197.5458119157697,2581.3832602765515,1629.5311255060453,3785.396745898242,5561.6751410592115,4604.731092999242,0.0,3009.597435280173,1187.3291449219128,4196.850402802202,5384.574593372907,4077.0342012031247,1300.133747320636,5871.236853710638,5039.084368034335,3498.64514328161,843.8422562268377,3534.5733165892875,1907.4926335210314,1112.3927747252767,3125.029927481975,5277.983473860921,4108.591704104096,4963.747080400954,6449.0665302554435,1539.5938718626414,4633.367998211453,5357.952986382113,463.1641691430804,3918.6495738876674,1621.2051219031478,2524.268857877465,4037.9643066446242,3450.997675503129,3001.1834114668827,3664.1541243262404,5003.204621387576,2990.069539481983,1072.4337512317486,2924.5645214660594,1857.139039747159,4845.480451290667,936.2979461197166,4500.977345075733,5734.959084644632
2847.7687689222594,2297.9753784200993,5988.836752429306,2930.318956504564,1413.5605144701094,2493.710458333124,4691.264225297165,4000.869435450875,3215.2875526496846,1726.0900288655284,6454.520236214696,5284.937547248501,2238.2368234119012,3864.8503234336254,1030.162203483024,3831.656331092991,4825.21429369194,946.020812471375,3210.8170007924778,1320.1321226945433,2004.9666982077283,5068.41868327006,2911.957366850689,4304.255771715477,2435.623919967325,2301.8944321623444,2811.346528318414,5131.346188625359,4915.697994569744,5700.135561738335,446.70144962603416,2925.251394893779,5283.142595874731,1293.941654613917,4500.361882651883,1530.120675825603,2162.3008741324597,3223.7913522262884,1806.2998463300603,2883.5099921604224,4210.163412345179,2857.0819474423547,1212.7815896796915,4027.523683046072,4013.680850094213,5782.185446057312,772.8805507638291,4802.431291250922,3797.6890805314747,4986.423055042261,2294.8453310251657,1342.7287113076866,5019.988915722524,3089.1799408920806,2726.0683528528775,4121.555229615393,2284.029169989954,1415.0034378728556,4398.372404705405,2576.035387813801,2109.5712528883682,3009.597435280173,0.0,2859.5621579122912,3532.064562362642,3409.0285435425735,5852.129308969599,3599.3709265655016,4979.850864871859,3852.754653930743,2064.0956482210318,3572.529159690792,2033.6118102199348,4197.766187692687,2718.6804573619897,1709.2644997825819,2282.0999518044773,5312.348361445624,2115.54635442384,4983.912754675587,1942.7102411960461,4585.873519337946,3682.3583317227567,3458.0854503596347,5333.9389198925965,3979.548766207545,1355.8236362539928,3369.093094631997,462.0385443932145,4747.708243079496,1414.4698712584868,2150.045380384563,2717.196032226788,2072.1679767649143,1093.9665501289335,2407.698038316682,5152.419527718313,3247.9795004274574,2620.107616425325,3604.5018834825155
443.6784799976217,1439.2221678660317,5994.948764379893,170.43167124099904,2464.86364337685,5211.853167873784,5833.307843502605,2471.638433719018,1829.7106105884611,3938.20868186451,5935.0593960984925,6290.789704568498,1957.954569479333,2967.107976274709,2017.0167502618815,2346.2894776478456,6426.962017601551,3140.178825013156,5888.984805620915,3746.1151391170565,1611.8049016559044,6482.376568258666,5375.987637938168,6409.90862839604,1191.9522664926644,4564.784054484944,903.945486411653,6123.209473548002,3676.99078670657,5811.180361051101,3105.515183535576,5769.165344236547,4485.618842571668,4148.858929107256,6698.699250195518,2696.476953169264,4528.582841068274,5955.213793653843,3255.314709565267,1763.5590285536236,2358.9073511238207,4279.681757932592,1963.7878900904752,2424.3521500939173,4101.62691164433,5540.503065056187,2181.095719518288,3558.3659806650016,1021.6455257397255,4216.266549436479,5027.795481632482,4194.5961273736475,6283.302714522435,3769.6070372931445,557.4835835304929,1580.2152145736352,3320.2133786244826,1523.6258106044277,4858.803620957118,5201.364975862105,4808.799073341389,1187.3291449219128,2859.5621579122912,0.0,5003.740005587221,5837.161949374027,5263.938359474681,2486.959688966631,6686.740716194774,5742.107522472302,4015.1828187933115,983.2165214666605,4033.3713100821747,3089.8055796758476,2129.4826119698655,2325.9982398628335,4951.19923427143,5270.803034371328,4968.145804752514,7111.48046512356,927.3173889127713,5610.436182027293,5917.890159332463,1497.5787601835839,5095.153919076145,2804.149310188029,1877.5007731633561,4833.744550298144,3320.253837012014,4186.0660261277535,3031.480792531927,4515.9487142824155,3799.963637514575,1667.0721990729735,2347.4186122217316,2711.3985647222726,5899.023873588325,2111.3283346758267,4949.399701835567,6136.960839279733
4675.086283664613,3591.0948711635288,3223.3214794906817,4946.433582446246,4896.321957572336,4788.855952048881,1198.815009516064,4051.144350153053,3787.4084436239514,4997.0655533307745,4145.0963747716405,1809.3603878235533,3075.0037525429134,3307.2770531942133,4281.293674759652,3959.230869797946,1426.5314914466483,4428.630822295419,2829.0434305248837,4555.079415778829,5160.595075807829,1561.8077326524544,5593.050738541355,1748.8211273254901,3857.440551672184,5381.4598363182085,5528.531717407977,1674.828340221767,4062.6849865901486,2898.3690195039007,3874.218605653532,3692.9580947237946,3706.8032607717396,3617.4162420834296,2108.30633436415,5048.295550449181,5177.697613318491,3071.987112878079,1884.137445337256,3571.7141231914125,4484.7608855772905,742.7384656290534,4483.421967633651,4141.235505897364,2100.67045277478,3346.1949113697783,3453.51200585795,4016.170398602131,5428.4847657380415,3519.687773342545,4626.88837073578,3665.427666316715,1488.0514288333588,1443.0129545419893,4514.581321739592,5267.147883653543,1684.9832119332823,3775.1482486517,1706.0173926077075,5070.8796737577,2634.4609901346043,4196.850402802202,3532.064562362642,5003.740005587221,0.0,2063.263013487617,3797.8499390830334,3517.5853676380048,1685.055570384846,973.3066951506088,1491.8849418118677,5040.299469694733,1537.2887300139814,3626.0185196286575,3100.994087535802,5148.565780105466,4787.482207758061,2806.8981687335936,3488.157082278549,2352.2869312437206,4473.54855845178,1180.2647632124747,1664.4191529930192,4367.185111048649,3054.0828750453056,3647.95159519339,4601.047370272665,174.7991646919399,3499.258965436111,3152.867697533311,4941.845075869539,5169.420005644831,1212.7993440816995,3338.3706977674005,4543.309385445042,2343.394357409781,1863.778824967437,3536.9828668955975,1669.8077117416842,2476.7591833492816
5632.514116141122,4637.960397830171,5247.519206215448,5838.291917455481,4780.800375049035,3443.4074679247583,2951.736738914398,5657.794913153092,5172.491042095675,4242.238175332096,6205.529824542704,3484.785617577788,4206.863444986657,5036.74759172395,4414.681903374353,5530.157907275072,2318.569908639591,4021.784670221542,875.166300586351,3862.0083886944108,5395.640147705368,2757.542763364696,4310.506228370397,1171.1051130867802,4894.993958232533,4399.801765962188,6078.727812556835,3411.4949143904646,5937.445658595708,4925.519907099555,3537.782394668445,1934.5957386492912,5713.110912867875,2735.5506278409466,1201.5882945876267,4836.938063011041,4183.563783411697,1128.5025402474723,2694.198479240162,4877.379090022119,6052.365259051209,2210.939416472781,4609.397433424243,5734.630310377209,4076.4200601661505,5406.559341629851,3771.9689871881237,5871.367498003341,6534.254948833571,5499.745573008356,3341.3239294650853,2754.2009533877513,2951.9419426718073,3188.5964158786237,5473.746517599989,6568.183628093386,2911.221060411078,4348.666052411935,3769.022498292363,3772.3518078574,1442.295160179427,5384.574593372907,3409.0285435425735,5837.161949374027,2063.263013487617,0.0,5856.744971781254,5111.712609788328,2259.200879680468,1347.3345000173492,1886.5342069936075,6190.498779454286,1850.1505116097992,5392.327078225875,4443.711200122034,5095.4676053788235,3557.0193256166035,4868.693275244396,2132.564401508193,1703.7271826281346,5060.398052090369,3074.491912930818,562.4239610614048,5688.098614047141,5116.096649658703,5341.560684525077,4750.7853835290225,2071.113760609253,3116.5454802741124,5138.7936904729895,4583.068840400502,4179.686744407648,2719.5599894330335,4340.045638979618,4492.945754735193,3659.8586482062396,3764.9783198075665,4996.627702885718,890.9862838731025,419.5565330739109
4820.861318711626,4149.620733074531,1285.7081040286707,5111.443882941199,6735.275616153061,7977.175937959812,3302.3199095027117,2863.775186573136,3439.137935062943,7578.217976559529,671.3505988766228,3179.135953139784,3844.1324031653753,2311.7094582157165,5987.485152772573,2952.6169612819745,4359.367985867905,6759.483555877328,6573.666231544845,7164.386453574165,6415.541381615819,4018.197824553938,8630.932884417825,5384.760454084192,4265.916298524855,8138.267243568068,6140.486831525087,3098.8171437871256,1757.7862121958976,1402.5630786602787,6297.98243804514,7292.917997707434,801.5207903261157,6628.162409410621,5735.690994512954,6971.601732756971,7978.905490114857,6802.353787026517,4222.182027253799,3578.51749635516,3159.291272878302,3791.3015150412402,6125.573012291095,2937.88535699336,1934.1824930238615,694.8044203155301,5276.445595022847,1847.023255572328,4937.821159737664,1048.5794713706734,7783.945190437366,6687.984581919205,3656.933553296532,2967.339810495758,4731.238644544259,4353.382251757018,3704.0267664950807,5061.901467417259,2096.9168046589257,8183.3029221057195,6100.098093222599,4077.0342012031247,5852.129308969599,5263.938359474681,3797.8499390830334,5856.744971781254,0.0,2781.66166033506,4680.693914987605,4680.732580620687,4605.244050445535,4596.510806992844,4673.164549759082,2182.9644915685185,3402.0806387363896,6831.05959113416,7874.095259755053,1078.5908456152408,6868.165107706497,5797.434664479885,5407.848243806865,3048.4112004534427,5451.954363652818,3823.49036027162,753.6912133241307,2465.017261725565,6168.017486446192,3787.2825088208037,6101.626597890435,1138.1804016323604,7079.348489371392,7967.41559474953,3483.214601182362,4157.475599170367,6404.165408941434,3448.847193159622,2588.0395291610216,3177.4923975386637,5315.132318517856,6272.779369848743
2043.2886147081622,1466.0343333087394,3551.6829916687384,2338.8394494631307,4151.702733198513,6028.553354267091,3936.387150338747,547.2649949430349,657.9873906428605,5251.796275495842,3452.9726754461876,4250.749613065912,1361.2643394976599,483.74504736482817,3425.865690176718,441.8247121789364,4788.179671246266,4382.193181558522,5529.242706694742,4892.547138500047,3691.907184386005,4693.094639615528,6511.184875454927,5228.672480279195,1521.952664399915,5867.546815921029,3358.8278071072655,4092.587458921922,1357.8020125040323,3401.1018909190298,4029.0436921563655,5874.984740319672,2018.242360850896,4691.611144781076,5576.713367304886,4400.147063656168,5747.449372353009,5692.156854525356,2556.8305551406797,835.6772131403367,968.121166303578,2981.0471332744805,3526.486935581783,629.8648646892443,1859.3351449682225,3065.70182352035,2878.4262654196996,1237.5347779084836,2317.933073826982,1738.0755849806987,5826.526215797969,4751.672586829294,4410.7326011613995,2074.8560615919837,1949.7390383661605,1904.8153103713232,2211.0598454248134,2470.0669286464686,2686.707399110108,6154.227053339029,4674.719146690204,1300.133747320636,3599.3709265655016,2486.959688966631,3517.5853676380048,5111.712609788328,2781.66166033506,0.0,5101.336113063713,4458.739116379203,3298.0523935756387,1933.500944869694,3352.7298034248147,655.8816311873659,883.8077758885129,4190.238482703341,5851.151146288822,2843.738658114877,5225.670228755063,5865.858061385478,2675.583649536863,3667.0642850176487,4951.248590721435,1126.1808946132944,2631.1012160059518,390.631073957257,3540.2728780956986,3387.033069142668,3970.386978717566,1702.5003587106814,4582.770787395874,5734.877902106722,2429.118899986577,1577.5635119655246,3857.457332041406,1500.445388382063,3750.798015538827,412.60824783079664,4289.587761794948,5506.272181340294
6360.129130851668,5276.115049066311,3698.227847165315,6631.101470433777,6387.100993654007,5651.407134919674,1384.3225641706488,5613.799962442018,5433.670969011374,6221.98275532165,4812.341379978149,1612.1431750126908,4759.606786560839,4824.534106572572,5835.531558474686,5540.889707144513,331.88035604416257,5798.366388191247,3122.2678529134873,5799.5840993772135,6757.218786965019,706.1212382955213,6511.692460994836,1142.2112510411548,5542.320980700595,6490.976799049045,7188.526318145952,1631.8650615038612,5415.943725073221,3418.450399690041,5254.359537389975,4193.75013297037,4844.450971001462,4731.526372752242,1353.7497910075554,6508.809265908012,6276.225975835558,3369.436981869819,3511.3251755046836,5236.7764925238125,6055.426518578274,2409.7770497745223,6040.044297036653,5707.971322364014,3438.102903834322,4066.0606406850357,5035.229061588559,5394.191299892599,7104.067272722366,4732.394727912921,5529.241362371967,4765.9794304735515,1051.5757038064353,3063.7343918448614,6199.6364691443805,6913.1678397904525,3366.5532467724315,5419.4424783330805,2743.4264138921244,5971.430291536693,3504.150986614589,5871.236853710638,4979.850864871859,6686.740716194774,1685.055570384846,2259.200879680468,4680.693914987605,5101.336113063713,0.0,1143.3230322887755,2935.9821963291943,6713.188565555715,2956.6007218285326,5103.359949663064,4767.133503739223,6664.62656708506,5730.457526722714,3602.111561579541,4311.669593384098,1187.0458160766163,6129.54464749128,1655.5895202193085,1701.7135462306808,6019.038901439331,3944.260710564148,5175.069542169748,6166.620624739291,1853.321422273535,4844.294232026167,4376.488386012923,6344.1672214601185,6270.359219546516,2897.001900241006,5022.589018781947,6047.87715792773,4023.9359805251624,2129.949677824807,5168.789945055419,2536.1836340622103,2516.3100530041997
5450.693209036994,4377.596957063315,3954.338778306305,5703.892382545887,5264.245902878207,4575.243599799359,1610.5479600912238,4998.269882463331,4681.087508064018,5081.854582278599,4964.519383556882,2138.005166531176,3878.0053373900864,4270.588705881192,4737.834262996121,4898.830967487856,1070.3092704456972,4657.594378725997,2211.6921337674917,4657.681906949529,5678.405561281529,1460.3630920815558,5426.055519248674,776.9769822414298,4646.233193015607,5365.009482320138,6173.294584865443,2064.6677307559685,5035.37835490383,3637.618820245602,4115.622213520211,3222.203004265404,4651.480714790614,3598.0088677511617,1135.2773599720026,5378.598240640027,5151.317296573468,2466.173263146366,2498.4705302590623,4440.127429833067,5426.795701351305,1518.6404999926744,4942.327827731888,5086.3713717722185,3065.924318095931,4170.471759283115,3958.40125734115,4989.424713155717,6259.6195358731675,4476.499955693957,4441.579355052097,3634.3308417265753,1614.689917868444,2389.1365256228037,5288.399990175951,6152.179481402099,2461.83190893692,4393.339060612213,2588.666510936664,4887.338335903091,2399.4730408558453,5039.084368034335,3852.754653930743,5742.107522472302,973.3066951506088,1347.3345000173492,4680.732580620687,4458.739116379203,1143.3230322887755,0.0,1838.673816042421,5881.018600175483,1850.65156749427,4594.721646608529,3972.329180120021,5548.261456912966,4634.183794070429,3644.8904363699335,3231.997557521509,1416.8503201344172,5114.041960470895,1755.9848541425408,822.4085103189287,5249.84393033031,3928.0900863144675,4607.687046588235,5072.6211614125095,1077.6071820696072,3703.5050311292944,4109.212789452501,5205.498873644773,5145.043520744406,2068.0103125144224,4103.205299921635,4930.212882190991,3187.072641453439,2433.8315402952608,4447.24203927288,1407.4068714231144,1712.9184436499008
3776.800600593312,2757.812966023984,4373.885269784405,4000.2184283417573,3458.384643097121,3458.4574139585698,2682.0454950417975,3836.343903408557,3299.31483102977,3512.1652587920744,5095.733582273704,3289.2847127656796,2320.3420004529503,3296.811085063868,2902.3970253740267,3697.9352659907395,2765.17487696565,2940.8246891271842,2232.5504825174726,3068.9059472888707,3839.808942029929,3006.1269487488385,4209.823651217353,2418.0687872748776,3018.217983645317,3922.447352039923,4366.703816283972,3146.0841800125118,4282.842848057117,4056.660741070789,2386.542402489635,2721.6613119043664,4263.630998180894,2189.4819547957004,2688.947579356094,3592.4840300627643,3724.4784385571356,2405.1317610596716,807.6810757180092,2996.6858949506204,4210.520656411152,924.699124244205,3106.9907737605204,3906.663264232534,2676.7526623526505,4329.605070947927,2120.9306086150013,4199.6053504858055,4659.79341463385,4005.5250998998868,3278.8318901409084,2242.7141384993765,2974.48354325688,1649.249135032364,3615.953993865658,4681.787739456478,1096.3083737434465,2589.6065862290743,2729.0660731805306,3709.552182836629,1505.8374318345254,3498.64514328161,2064.0956482210318,4015.1828187933115,1491.8849418118677,1886.5342069936075,4605.244050445535,3298.0523935756387,2935.9821963291943,1838.673816042421,0.0,4309.470196598417,67.9205009477989,3663.968001180278,2573.825498073442,3730.330862900234,3411.2853227024266,3800.4077485555417,2267.0962820059053,3121.8636287712825,3313.918217198035,2619.368795686854,1902.9609436940632,3804.150462069817,3938.9654067282695,3569.1106666783253,3235.808316808955,1340.8739054243692,2007.4119848700716,3674.1550006715834,3462.629456083483,3715.46827310825,1125.587974840705,2461.8323235519106,3114.860351412564,1808.345595465922,3253.2296073434472,3141.3330720756117,1011.5123717033811,2248.65916688946
746.9364950891074,1552.5392607737813,5474.907403800086,821.824015972398,3404.076262109884,6020.5545710933475,5698.779242945633,1732.8392121469321,1356.9287779043523,4836.345876639098,5258.939630132485,6084.869768504171,2012.4150725831887,2406.184471342544,2872.911244433771,1652.045456113118,6425.466398713481,4003.708277391099,6369.552158062056,4603.865808651355,2590.3866646585793,6410.299836546806,6258.378498834742,6602.927847132436,1298.5289168632326,5470.312662021888,1831.664605268388,5920.955981469969,2906.0994910215995,5333.344300943359,3885.1389510020103,6394.210493953495,3797.745274675093,4860.7168266627095,6919.987106745575,3643.710445053777,5416.993322861032,6468.881592629439,3505.284567164412,1482.7066394921148,1502.5595709232293,4366.965198967356,2857.4601548152864,1661.6074324418507,3747.68945878524,4965.203138558985,2822.9099722821484,2795.207596676318,398.7619918510289,3556.0834106058305,5828.934770736845,4911.944483601682,6167.153546776665,3669.1236870998227,848.334746086119,604.1061784297525,3421.22453713199,2158.5238331148903,4559.451032765349,6042.045564724747,5335.574030597644,843.8422562268377,3572.529159690792,983.2165214666605,5040.299469694733,6190.498779454286,4596.510806992844,1933.500944869694,6713.188565555715,5881.018600175483,4309.470196598417,0.0,4341.787659367625,2426.162499973363,1948.3276083248936,3290.7994529384496,5775.575951619457,4774.258912640684,5620.53432277795,7289.391966362146,1778.6399390278516,5448.786480891318,6184.406656558493,807.333095224022,4545.877657426341,2157.5676616785395,2791.2535468237206,4881.719936803626,4031.118366524357,3597.793817635746,3958.5301077274885,5404.183760834562,3833.911673119765,1850.804631858533,3245.962580573597,2700.9277205562166,5625.5076716984395,1660.1559421120653,5302.394262719908,6530.197898207527
3801.2012010159365,2789.4574429478216,4439.153590752408,4021.1573333322835,3432.940426599477,3393.5498211003182,2730.5828719072056,3889.855130777623,3344.9831545217085,3462.306562383666,5163.355382256484,3338.768319731245,2358.5577030721547,3356.755136704046,2887.3402453948856,3750.355042188006,2792.1604947182027,2901.631441113947,2176.672898900522,3019.5050621769124,3830.3837729658367,3041.2878357901286,4147.612532005612,2413.1152881335775,3048.4293526183283,3866.9147448551284,4371.555789960595,3196.821245661696,4345.693903196703,4121.605489788658,2347.7516444504945,2655.1242653423965,4330.653954958766,2129.311422171262,2677.566354055862,3563.2522096681564,3668.0697178816004,2346.2671863555947,846.4243019254585,3039.9074554244244,4261.46287870257,986.4585290365729,3091.872346534378,3959.437127671179,2744.61348048227,4396.845495507547,2114.5731045582224,4261.9055135584595,4689.519933355438,4072.1030578565906,3214.5075616053546,2182.1167935571184,3016.3356608608733,1716.8796717731848,3640.7587615336447,4720.18913917737,1155.2740930692592,2596.9971386095135,2794.677199999313,3646.0166679801396,1438.6067734766857,3534.5733165892875,2033.6118102199348,4033.3713100821747,1537.2887300139814,1850.1505116097992,4673.164549759082,3352.7298034248147,2956.6007218285326,1850.65156749427,67.9205009477989,4341.787659367625,0.0,3724.2081285763284,2620.863649417878,3708.0563853696995,3348.347574212092,3867.3477548340543,2199.3669998438186,3116.3388468919743,3321.145876797645,2672.5795978913325,1885.137965385558,3845.347510637367,4006.65868321186,3626.865857570417,3221.9697377258212,1389.3691921318107,1964.0284976723226,3741.2285954730164,3427.068176260869,3659.1547931609834,1193.3543947063667,2492.472392395149,3091.582247422345,1860.1839533336479,3310.327183337774,3190.915604872839,969.0301231994803,2206.3949067936596
2648.6359977552597,2120.33015306697,3078.5066270527986,2934.0709345225446,4803.545400290185,6587.400372073341,3841.434482065912,711.9019141602301,1285.8980332732453,5873.64152228113,2851.9178279615635,4068.6086320442523,1973.2236151092961,368.7691576216753,4074.036935775742,774.3453939534991,4778.405262579242,5008.334272379291,5887.891302261787,5503.84381288659,4345.066408296426,4621.567986169737,7103.88151407975,5371.693002085096,2175.8752518195984,6482.90230625173,3977.1101158554816,3921.025999771998,719.3961377467912,2971.7079808544445,4634.333800435398,6322.425327407829,1396.2373485600503,5236.998949945761,5728.679531145201,5051.315558492163,6355.940014283488,6068.411108817611,2986.9174524710247,1491.4764816533311,1099.8082027890136,3197.120445107597,4178.635601945926,800.4304660399927,1690.9745611430708,2545.7339359094462,3497.7547359940777,604.672973427786,2783.464351390188,1135.3946993979669,6385.742319289121,5297.643336180532,4309.700199383364,2228.6987763522457,2569.1795872710027,2257.465946204726,2569.6191997619026,3118.4020798607735,2495.618035716604,6728.987493461478,5106.524860586209,1907.4926335210314,4197.766187692687,3089.8055796758476,3626.0185196286575,5392.327078225875,2182.9644915685185,655.8816311873659,5103.359949663064,4594.721646608529,3663.968001180278,2426.162499973363,3724.2081285763284,0.0,1487.009735444257,4845.627264332761,6423.028315366669,2408.301671994188,5714.413063947337,5970.307757763413,3328.819918759199,3560.1621625786934,5169.65597741281,1641.8100734570367,2142.8056141061884,286.372642897327,4194.56065374921,3518.9210048907044,4548.232810977578,1186.8572065994288,5226.425747894827,6343.495830862113,2672.7673570711313,2216.9891797052146,4505.11756439241,1947.4878678261387,3521.768386636606,1067.9840285626935,4617.3438990131535,5799.995204155345
1719.0383247435177,770.4509323435208,3936.745770370497,2021.505271168987,3360.1884763067983,5145.942146488824,3768.870308371595,1343.5148397725272,729.3484963458827,4386.631833804268,4060.2517618089896,4188.940092781108,486.23888389658845,1178.625684682376,2618.598087001707,1183.703185946967,4477.47522854979,3521.902971125837,4777.659155134447,4018.7232948318306,3022.6722980832706,4466.448204431011,5629.672414108125,4715.8793570293965,955.4320692487772,4996.754389015534,2895.1938592588235,4022.441908221671,2206.3584956731306,3726.325423496987,3151.473372209894,5046.8110886469685,2710.566041438577,3812.8176407776186,5047.085891010376,3603.4693797457194,4872.1030415983605,4923.100619198941,1785.618098936612,470.7265285970188,1661.68857352995,2453.92782589077,2740.704495792277,1394.0059584840374,1981.0189646606116,3542.7657609027724,2010.7529519175148,2090.3891011818823,2342.629413117235,2412.6614629957926,4943.913044332597,3872.6426472356056,4232.772826305825,1722.5604711231472,1576.926681858101,2180.2899882024867,1550.4949355509032,1672.1136921328045,2729.5947985039834,5270.423721828919,3865.1845692418106,1112.3927747252767,2718.6804573619897,2129.4826119698655,3100.994087535802,4443.711200122034,3402.0806387363896,883.8077758885129,4767.133503739223,3972.329180120021,2573.825498073442,1948.3276083248936,2620.863649417878,1487.009735444257,0.0,3435.1772922358755,4967.3752270063105,3206.6621018280052,4372.311186677591,5388.302797448562,2030.002685754381,3528.4514583682453,4355.131687005802,1278.2836679332956,3082.33164435513,1260.86830917507,2773.590995294187,2946.5651895427327,3086.579212732601,2265.6642999184583,3755.494989928758,4859.601721022516,1906.7792559981872,760.121810293587,3045.9685633120052,795.6841799860043,3774.8492966386093,588.9866566850219,3584.305557499806,4819.37140209644
2581.0127914018562,2726.189825379003,7221.22468590647,2474.621921705415,326.59917414469976,3239.1209771184836,6258.911442952361,4411.571251652863,3610.8304941972838,1762.9592110290016,7481.859069230454,6830.3566984341305,2987.6953911836463,4590.211822718642,900.6254884079176,4251.12178198508,6493.139073532924,1220.197770937974,4803.377156043964,1737.1110899608582,744.0526128258674,6705.878783195831,3189.4891996965594,6013.515001233886,2689.6772671891326,2339.919817970907,1749.175608858356,6669.535324458593,5539.968204044496,6964.3239937740545,1576.0025447812577,4292.700258013014,6143.969752894377,2605.6997794669287,6206.424645857306,427.92942217379675,2353.450110744861,4772.800002589675,3300.9404107788737,3356.622617960202,4454.049159065154,4433.565837348082,722.9280530626821,4399.757013435401,5194.957700348484,6908.9691404382465,1737.2220108903757,5418.149886402276,3337.681896860904,5846.915082579701,3089.8261603839464,2624.850609269221,6624.337098827324,4434.052457293778,2548.4123720710904,3894.6373759790526,3682.191220565548,1769.5079609668333,5743.230781293487,3135.3175346956486,3730.169480594682,3125.029927481975,1709.2644997825819,2325.9982398628335,5148.565780105466,5095.4676053788235,6831.05959113416,4190.238482703341,6664.62656708506,5548.261456912966,3730.330862900234,3290.7994529384496,3708.0563853696995,4845.627264332761,3435.1772922358755,0.0,2947.26470936443,6504.469718705515,3494.2384011863014,6692.0270013242625,1587.3425599740594,6119.0534328234135,5389.414362694058,3571.014923529724,6446.314536232001,4575.59614310365,663.19091348721,4978.553225504173,1986.3183274757348,5692.883947522028,822.0020192463032,2341.8747065545585,4177.261761248868,2675.768509423975,618.2999674074066,3504.84330715326,6619.603123526515,3780.145091534186,4327.4034338786805,5259.519126323433
5031.837269433601,4579.665246706247,7775.752157056576,5055.408637867368,2662.9481058340207,297.69792531692275,5972.510822971609,6274.10924731543,5495.633075594658,1237.4905749091583,8422.894160310516,6580.046747329459,4497.3374294425585,6075.057486702903,2934.2136588000876,6105.535121819298,5704.168345303371,1826.14000725711,2847.241853778495,1229.670471859839,3625.6508711617557,6078.09661460535,805.5751096713453,4719.634309839269,4708.622362577508,973.1796547821988,4625.158689145487,6455.8188375580985,7133.463722077866,7461.6990104037295,1902.6857109275818,1877.6973159085042,7394.563179215659,1248.198273984145,4746.272483791886,2524.175878489651,790.5964110948138,2679.8262642986765,3651.9156677374135,5162.070656311186,6492.091777027494,4334.559492557116,3004.804767523507,6304.102570602812,5953.670718474863,7686.49570981608,3050.871372372981,7024.7733244647825,5950.546439587712,7106.512259540611,235.25196800452073,1189.374410436007,6160.417267030294,4935.40809897135,4929.897734557178,6349.535755909403,4170.481670355236,3655.711506633148,6129.986061064087,309.87482670426806,2234.764837241941,5277.983473860921,2282.0999518044773,4951.19923427143,4787.482207758061,3557.0193256166035,7874.095259755053,5851.151146288822,5730.457526722714,4634.183794070429,3411.2853227024266,5775.575951619457,3348.347574212092,6423.028315366669,4967.3752270063105,2947.26470936443,0.0,7172.077099570528,1426.8246529444323,5240.31619350016,4031.9998789298093,5965.438508647038,4066.924296434592,5731.9386123500135,7268.610545341729,6222.602907480599,3113.555219542605,4671.113619791431,1881.1549665418308,6827.970561117922,2129.2799809607,794.370458257984,4451.431492743542,4352.073994672425,2642.4119800911053,4532.625930685655,6632.4669620295135,5515.953028206911,3238.143432141325,3483.1888979222763
4832.950732759543,3976.272758352098,730.1078563952037,5137.307376531796,6361.749491923822,7244.851383704844,2224.771796753321,3116.042120365673,3470.7491238892508,7019.830971072238,1339.1004745145153,2118.502997780508,3568.4413978426214,2368.1313773059555,5620.63817507345,3149.709749766318,3281.11962381456,6250.364251857088,5624.779226864287,6588.595124891802,6193.323345489077,2941.666282321127,7953.695343914676,4328.601110190219,4150.76659759339,7539.352443262087,6089.751414430149,2028.7750146593385,2294.4583277290094,563.5531373597344,5748.035662330567,6413.096680170196,1422.378450940537,5926.060017120734,4675.629222915777,6582.379136697081,7364.2256748660275,5862.034445976329,3563.385875996312,3509.3195486625323,3502.7045400518728,2920.4951394489603,5782.721477596859,3207.306134276085,1314.1727432133873,542.0212339244652,4839.111550877185,2336.3884854450043,5152.16797899001,1459.285553496985,7058.943610975371,5983.885604061628,2580.62140172033,2251.2625064332237,4715.221620191357,4663.116082695347,3050.352885613893,4757.7662206966415,1112.465388498896,7477.365512776074,5254.242199146229,4108.591704104096,5312.348361445624,5270.803034371328,2806.8981687335936,4868.693275244396,1078.5908456152408,2843.738658114877,3602.111561579541,3644.8904363699335,3800.4077485555417,4774.258912640684,3867.3477548340543,2408.301671994188,3206.6621018280052,6504.469718705515,7172.077099570528,0.0,6060.727776724013,4723.160632688666,5226.612127212999,1974.7320180452334,4434.947158085426,3967.6460566216087,371.4530669478988,2642.109990084819,5847.918727295123,2820.5291572619844,5496.280855311253,1238.2669622601588,6633.595411925573,7353.490068547655,2720.646003438338,3906.2293591452103,6012.408097285231,3003.560505550038,1520.7057937447994,3172.4671016350985,4399.641010734399,5279.328647349491
4921.524910738643,4196.80845056681,6608.535814682402,5030.030990047079,3168.5973729498987,1343.375446964846,4643.1199419542245,5715.709760345517,5014.853352681413,2225.567964455141,7362.499597421584,5242.457057556218,3959.1181534055027,5348.623444695372,3092.409359083787,5555.590273986105,4298.636768165112,2283.282278301349,1479.4690781554036,1921.6619127916335,4006.498503634564,4686.923257425601,2200.0423869080346,3292.917315257399,4391.705712267728,2285.1420236195386,4899.616028832056,5128.609939936942,6390.107840606526,6286.788662426152,1979.3841139349374,815.8323785803063,6488.885767747957,891.2667086888184,3327.0518675022186,3138.108410216097,2070.613616430164,1362.9107606167765,2746.7186689823184,4676.720916771601,6011.881928649132,3146.9528553947225,3241.6221609931654,5765.202047089156,4935.5391360463345,6593.179221592645,2807.522793810408,6293.343806505569,5877.386968920798,6218.084656364932,1218.3247491945654,869.392858292498,4792.684919758965,3902.8422742562884,4787.691749267281,6133.9440537717655,3228.079097858198,3479.2222679702427,4973.640800368478,1659.8250716882787,856.9048566982218,4963.747080400954,2115.54635442384,4968.145804752514,3488.157082278549,2132.564401508193,6868.165107706497,5225.670228755063,4311.669593384098,3231.997557521509,2267.0962820059053,5620.53432277795,2199.3669998438186,5714.413063947337,4372.311186677591,3494.2384011863014,1426.8246529444323,6060.727776724013,0.0,3824.388758901218,4057.0862068558513,4665.97115045614,2640.4473161530796,5378.621183404628,6206.0084932179225,5561.037416543428,3379.8351278103787,3392.8566497747884,1664.0384197923431,5903.096516271185,2799.5547960863346,2067.9798960369512,3384.966452035972,3919.1279507964523,2983.810640926967,3766.9293058927983,5351.612648285842,4957.90243298968,1862.0348676139229,2087.7765007368484
6837.922953164141,5773.43851029497,4869.593935652746,7082.328496321814,6387.9224386200085,5106.565533267344,2502.7566877307513,6402.040786150695,6097.937207609964,5942.303821972165,5970.236910477255,2796.8434214816175,5281.152877330194,5657.681517214008,5943.907071758188,6306.931988282496,1468.22150263133,5677.763642994045,2424.0940840520198,5555.068452855645,6912.035715511893,1892.3609391955333,5972.66352079355,703.9437013000406,6041.6632188963495,6100.9070351142045,7487.826213943938,2807.074427201744,6366.620368949684,4581.507402421173,5169.492179714754,3501.808100536921,5888.417525387275,4432.458760585258,503.18052007207115,6467.164368881079,5884.861255430242,2637.9394465205223,3856.1694494513595,5855.443100589827,6833.818421218404,2934.385289212206,6145.572177680448,6491.467176907313,4376.756702440861,5208.47064224586,5217.059294787151,6330.277656361371,7664.74564113187,5745.971088003925,5018.841669474143,4453.390375156888,2229.2573746054986,3791.6218295441863,6675.55457957015,7568.435797453527,3868.172956921265,5711.460413797683,3777.5836972991083,5439.682686669233,3139.2249423195212,6449.0665302554435,4983.912754675587,7111.48046512356,2352.2869312437206,1703.7271826281346,5797.434664479885,5865.858061385478,1187.0458160766163,1416.8503201344172,3121.8636287712825,7289.391966362146,3116.3388468919743,5970.307757763413,5388.302797448562,6692.0270013242625,5240.31619350016,4723.160632688666,3824.388758901218,0.0,6435.767988859294,2749.074299712723,1304.09657918806,6666.148834229925,5049.8941644182005,5999.702921984888,6282.578356114072,2478.872280521326,4745.946745173717,5381.563614994159,6238.969349291276,5881.205188743291,3484.8389046475304,5493.040051371553,6077.8775277767,4601.011051310353,3293.6232985933593,5863.14773963551,2364.82121669525,1773.6050764882805
1035.74751089684,1263.0548815158427,5956.200530304533,1023.4107448654228,1647.1183269058117,4289.211431533774,5426.8612233571075,2843.288243140502,2059.60299609415,3057.948482163328,6073.00241077912,5937.792664918252,1670.433043735965,3111.30604210788,1102.7365730132472,2687.4193067842984,5896.287784788748,2233.764678651044,5041.07985983182,2837.8225265907663,1016.332283069863,6008.926348836787,4483.9759805534195,5731.924965913108,1153.7376261407962,3691.674468227664,1060.1036086496451,5770.475966229475,4001.2371712080503,5732.5587862484235,2178.1992213629132,4863.421802229373,4677.937495316713,3226.5816148489107,5997.580166247883,1894.1449072140704,3640.4374768252783,5091.197077397908,2622.482221259088,1843.6993610415448,2867.460175418309,3731.7762276525905,1079.0989909262266,2825.3687950738395,3961.1883448183835,5572.767856751705,1311.7890477775,3879.092752225705,1919.4036371633767,4387.52421706194,4103.659038274988,3271.3053209326094,5851.152490590635,3410.224554447111,975.2666557911225,2376.430994486059,2810.2882492835142,724.3127302760872,4632.428993216626,4287.634424085733,3947.3497152896143,1539.5938718626414,1942.7102411960461,927.3173889127713,4473.54855845178,5060.398052090369,5407.848243806865,2675.583649536863,6129.54464749128,5114.041960470895,3313.918217198035,1778.6399390278516,3321.145876797645,3328.819918759199,2030.002685754381,1587.3425599740594,4031.9998789298093,5226.612127212999,4057.0862068558513,6435.767988859294,0.0,5233.494849768842,5195.90899003976,1983.6853992619392,5112.181408507428,3049.5133859788184,1020.2192556078328,4299.193613605347,2401.028049219126,4279.741628005714,2187.1122740842548,3627.659865298427,3319.2971285266103,1329.6779458598237,1467.556369013811,2358.6189692211838,5617.043227601243,2263.3099315129157,4185.258982233955,5333.559015457221
5228.8633701981535,4172.010209848006,2202.9034227121715,5523.209476339006,5893.175623207914,5969.0929802968385,284.84422382067027,4138.775178328246,4106.391845801007,6128.7196343631185,3249.58933496065,712.8022474599812,3657.2193739353397,3322.5305512783475,5227.139256096589,4091.563570323697,1326.1516657532045,5510.673279348178,3906.276031980971,5684.803821135871,6033.5286720277545,1070.5586484261385,6770.896400816142,2375.5233203858465,4420.491501642096,6537.956748965,6255.0791809304055,550.4818940283141,3800.0465558942824,1890.7031387335774,4959.603090039061,4834.422584850956,3189.9704458043184,4784.172685989711,2713.836474913144,6066.7222272869885,6337.20138412888,4157.314114650948,2821.3736228335656,3975.3630212318976,4580.981282547333,1733.3110489441874,5422.433518096556,4235.733207055657,1869.1955339455524,2470.803888315704,4386.25352434193,3788.4991036801102,5847.4025958010625,3086.5824532621837,5806.631495493837,4833.692697825649,749.9635155979261,1842.8954015182198,5077.260548319044,5552.583531142687,2460.160868599043,4586.049574114196,1104.2997575282718,6250.2008537603015,3810.732588183537,4633.367998211453,4585.873519337946,5610.436182027293,1180.2647632124747,3074.491912930818,3048.4112004534427,3667.0642850176487,1655.5895202193085,1755.9848541425408,2619.368795686854,5448.786480891318,2672.5795978913325,3560.1621625786934,3528.4514583682453,6119.0534328234135,5965.438508647038,1974.7320180452334,4665.97115045614,2749.074299712723,5233.494849768842,0.0,2576.459507883056,4691.531665158832,2302.3020697814613,3672.6093236233282,5527.022266186377,1296.3662572691403,4607.095313007752,2736.274750925791,5999.651252897705,6328.547427813432,1950.7907718020401,3971.497484788452,5534.040255428939,2908.2136471230924,698.6714275322846,3815.4714387475105,2830.0350490665305,3460.455263380528
5676.0779874583295,4640.249947349496,4770.381212051716,5902.851680660967,5084.321377358536,3969.5112909606387,2431.8878876011127,5498.157508916692,5082.291253277797,4675.078390284488,5763.57865986793,2944.90288466445,4175.478840563438,4825.845335172377,4652.28033944828,5382.085456125813,1756.4332528134964,4377.496947451249,1436.4668320800172,4276.338075583126,5625.334483093606,2197.715933812421,4834.459496314764,664.1760252297574,4904.69564503497,4876.930078969351,6237.916944594245,2879.8479654106745,5669.6218524029455,4451.842349110085,3866.003495518595,2494.5946090168636,5367.630671271823,3163.5517404950087,819.096115758096,5163.196206857241,4660.599342328624,1688.8380867771186,2686.8448282050085,4807.689916386559,5909.898224740761,1977.4970646463676,4852.70878200722,5580.406014913699,3747.1964304211488,4966.580012690524,3946.890781420864,5612.627562436154,6544.670353020082,5172.419959670426,3857.4991690731445,3189.1350693205204,2402.3302701945463,2941.528869317111,5514.688873382614,6519.036287567818,2804.6483082156665,4473.448703840025,3355.0984884932964,4294.607965075393,1881.6144813327196,5357.952986382113,3682.3583317227567,5917.890159332463,1664.4191529930192,562.4239610614048,5451.954363652818,4951.248590721435,1701.7135462306808,822.4085103189287,1902.9609436940632,6184.406656558493,1885.137965385558,5169.65597741281,4355.131687005802,5389.414362694058,4066.924296434592,4434.947158085426,2640.4473161530796,1304.09657918806,5195.90899003976,2576.459507883056,0.0,5624.37038227258,4703.065850409177,5147.081594420668,4990.958523355308,1710.5971971089511,3442.544265395145,4806.875114925392,4938.182624260266,4655.899379902985,2523.055072134772,4348.749224437068,4776.2028968431605,3559.8914682065797,3256.2396179975763,4880.119458533059,1062.250868280182,893.0317639507566
1079.0159887026698,1183.3347630522817,4670.502028057048,1331.7978678662164,3613.976573588711,5951.4534283320245,4948.75558375881,980.5540259353385,588.1292311159172,4925.943530695414,4490.792009520147,5311.534166827885,1494.155403180004,1599.9925517532886,2969.654415984796,871.6654833524157,5721.179527472984,4058.7923005862226,5960.213832084299,4632.847829460084,2950.8611178408582,5677.948467918673,6296.815730073812,5994.087986722,1023.3599495006631,5561.832041985537,2401.236892626173,5149.283138684548,2184.425242566108,4526.296066159724,3832.4236225617074,6112.091246236839,3030.636513316138,4698.46210061569,6324.47758866683,3864.3557368143524,5478.417865898968,6085.3689575183525,2999.1066818312747,816.773174663566,889.9387564799052,3731.8012121253187,3009.858220462386,927.8751291472361,2952.7888071397865,4167.663918129675,2685.252626837557,2067.3094665204335,1194.1620993001745,2777.0251816737273,5752.898392341464,4754.405570466302,5420.530892203457,2956.409500214237,1050.2923286138007,902.3484980743306,2822.0667115179963,2089.6622353904468,3770.851178276995,6017.518508921929,4982.899694609957,463.1641691430804,3458.0854503596347,1497.5787601835839,4367.185111048649,5688.098614047141,3823.49036027162,1126.1808946132944,6019.038901439331,5249.84393033031,3804.150462069817,807.333095224022,3845.347510637367,1641.8100734570367,1278.2836679332956,3571.014923529724,5731.9386123500135,3967.6460566216087,5378.621183404628,6666.148834229925,1983.6853992619392,4691.531665158832,5624.37038227258,0.0,3743.5836886090847,1365.1215205618144,2980.1966236616,4216.555702770924,3894.228588532779,2799.467465967411,4124.881270895564,5465.524979924985,3182.8226120850654,1461.154244880738,3385.779597855714,2071.2577032144018,4837.919232942403,877.0508504767554,4814.338373785229,6051.741870358484
4653.535750275053,3851.696150539915,935.9267641482425,4955.1868877156385,6320.6992110395495,7355.4761183135515,2561.688955773515,2854.687357892979,3275.198175002087,7053.585534896418,1158.0000661701195,2484.223586692631,3476.691389326352,2148.286231562731,5574.7026125663415,2903.210627736127,3620.072343463318,6262.12286129121,5847.417635751443,6628.756921123975,6096.775512501096,3293.882957318308,8040.1153548762595,4631.198188452421,4007.8341202991423,7591.0738201530485,5935.450610622331,2389.7250705252686,1960.378799339556,873.7915449012996,5775.2447551390405,6596.663207932401,1058.8615519873222,6020.42466393277,4982.4620000290015,6547.874621497422,7422.401321569253,6079.655106110215,3629.223540752622,3345.790223001137,3222.7276234986102,3091.479257805234,5728.353617863077,2942.6325187780412,1325.7626914172833,463.042310105675,4817.229972989248,2011.3245839190151,4915.500859182612,1123.7090326672649,7165.8971952872025,6079.293025766812,2933.692384858372,2333.543995534046,4543.905876211016,4399.059677753076,3110.1777906020097,4684.715218143041,1348.9620611570213,7576.119757332377,5418.020589851242,3918.6495738876674,5333.9389198925965,5095.153919076145,3054.0828750453056,5116.096649658703,753.6912133241307,2631.1012160059518,3944.260710564148,3928.0900863144675,3938.9654067282695,4545.877657426341,4006.65868321186,2142.8056141061884,3082.33164435513,6446.314536232001,7268.610545341729,371.4530669478988,6206.0084932179225,5049.8941644182005,5112.181408507428,2302.3020697814613,4703.065850409177,3743.5836886090847,0.0,2393.6613532145684,5785.346318401345,3050.7513457471423,5546.33242693602,955.9958131006645,6621.037544422249,7411.32396300499,2831.4641155027907,3808.497537847307,5977.247968602608,2971.6164344418676,1884.5517586062742,2984.765604556914,4600.723480041482,5530.715342008663
2362.679521904103,1854.061324860912,3327.023083752801,2648.9934373437018,4540.750942477796,6394.959972644708,3950.021328320266,485.9953052911106,1000.8979353600447,5639.395521420803,3134.8727832869076,4212.960156910696,1743.6663546461518,351.5390088980169,3816.123054368792,509.5868989338323,4854.367033015221,4770.649186068181,5800.731004662258,5277.281002433924,4065.387057976399,4722.7721185067785,6890.350990776885,5383.203105104803,1898.0767936005645,6253.581055072047,3690.788219998541,4060.7600819984423,967.7624613183754,3205.2877247726137,4411.699699890055,6191.270011794349,1681.4904662501058,5051.825465275004,5736.836701474603,4789.479836903063,6131.523918802732,5972.855470656645,2858.5982923195065,1218.9802338024188,915.8812787135679,3169.5847181397435,3915.449857312695,582.475706289112,1814.0435942030172,2807.8165211275827,3264.799616382757,847.1600635358113,2522.3222995810825,1416.534223030633,6193.0064165430995,5112.17199326881,4422.174039196671,2221.4977042045302,2282.8087785204434,2024.3070012194296,2473.283776594388,2860.387626186353,2636.577252435058,6526.865313867983,4982.162956151174,1621.2051219031478,3979.548766207545,2804.149310188029,3647.95159519339,5341.560684525077,2465.017261725565,390.631073957257,5175.069542169748,4607.687046588235,3569.1106666783253,2157.5676616785395,3626.865857570417,286.372642897327,1260.86830917507,4575.59614310365,6222.602907480599,2642.109990084819,5561.037416543428,5999.702921984888,3049.5133859788184,3672.6093236233282,5147.081594420668,1365.1215205618144,2393.6613532145684,0.0,3927.570045247952,3530.173067623881,4343.275728343413,1441.3841398228992,4973.393125027821,6118.988010227264,2629.719888052908,1967.7519211958604,4247.771705222515,1804.395527656284,3682.8502414414033,795.5610218235935,4543.039889307819,5743.697002957329
2053.5977497806134,2074.3138719345247,6566.728546400635,2004.1023717178223,633.8220292826684,3387.5015307782514,5679.790000447904,3783.111091581901,2975.619727063423,2060.7144721780355,6818.671274790274,6239.731786023499,2324.5086244606623,3932.741356454808,338.7213551136097,3620.013610631872,5976.340765619377,1287.4571051938005,4562.951485947774,1889.715858864766,649.1431480474857,6162.800046973454,3499.809847814735,5590.695956331465,2055.727518841444,2688.2874877596337,1540.5626796962856,6076.845539072472,4893.986476913478,6313.313331051216,1401.9286748451225,4195.16563680065,5483.390101451929,2497.6693004339068,5809.823095701022,884.627553512776,2651.846301264272,4566.316134172491,2727.2112124544005,2709.7416339263787,3851.78470581171,3872.120769100055,143.1212257528562,3776.513530869709,4540.669280775468,6248.148290568335,1148.7675480418134,4772.4842305596985,2897.674257854564,5185.963412119488,3214.0140889661643,2530.8555559622523,6061.23523428946,3805.3132977305563,1994.7573064212597,3392.2673010163867,3073.6179505413484,1106.3218616465103,5106.549852435498,3347.449553919222,3463.7305644273197,2524.268857877465,1355.8236362539928,1877.5007731633561,4601.047370272665,4750.7853835290225,6168.017486446192,3540.2728780956986,6166.620624739291,5072.6211614125095,3235.808316808955,2791.2535468237206,3221.9697377258212,4194.56065374921,2773.590995294187,663.19091348721,3113.555219542605,5847.918727295123,3379.8351278103787,6282.578356114072,1020.2192556078328,5527.022266186377,4990.958523355308,2980.1966236616,5785.346318401345,3927.570045247952,0.0,4428.38899387599,1743.7067603613862,5029.837242528828,1167.8625721004162,2639.254539779746,3577.4082787744537,2013.7531392911596,474.3763131059562,2852.9317115747795,6004.988667068241,3132.173379262712,3933.374890874883,4958.280949409181
4507.994049960803,3424.2685120291026,3270.4138951858977,4777.8678833857475,4728.177798159667,4680.918339657828,1341.296273047085,3924.199087478106,3639.172053142995,4851.662332377429,4159.493298589145,1949.536275331649,2909.4136972761366,3193.068224546416,4109.400576473898,3828.060141187179,1599.495053547212,4270.9196623420585,2804.2544980270604,4408.85868507361,4986.4665085434,1734.980029328868,5476.338032538258,1853.9066332102589,3691.096643842315,5246.309616448595,5354.476558442012,1809.2416900549792,3977.2467282976045,2945.2058026231375,3716.7043004001544,3632.1965949800956,3659.6159546057565,3488.4000915491333,2209.8656401150274,4882.241699043586,5044.158387431644,3042.317685476321,1709.8544724405647,3417.198296022635,4355.05497268232,568.0014293872866,4311.294263427283,4013.143340184101,2036.7458684725495,3362.035246461583,3280.5222473563567,3926.489500551988,5268.5903907968595,3461.829188218275,4515.487302497595,3537.6283679398834,1651.8575936496463,1313.603422925276,4347.221278018983,5117.600983566519,1513.9520381584093,3600.398304612005,1710.3978918734088,4957.801174590607,2543.884987095525,4037.9643066446242,3369.093094631997,4833.744550298144,174.7991646919399,2071.113760609253,3787.2825088208037,3387.033069142668,1853.321422273535,1077.6071820696072,1340.8739054243692,4881.719936803626,1389.3691921318107,3518.9210048907044,2946.5651895427327,4978.553225504173,4671.113619791431,2820.5291572619844,3392.8566497747884,2478.872280521326,4299.193613605347,1296.3662572691403,1710.5971971089511,4216.555702770924,3050.7513457471423,3530.173067623881,4428.38899387599,0.0,3346.221300973383,3096.3955396492875,4780.528796788594,5035.664543327922,1049.4365460426852,3169.269345639307,4374.463138051344,2182.305179768632,1964.2849825440298,3393.5215362787962,1604.5851561973893,2488.852452890689
3308.7404885185547,2723.032321873907,6150.339486930538,3392.192696817945,1667.10732115542,2071.6345467444294,4685.6621555244465,4395.160619319845,3623.8177406587383,1540.8456127548923,6684.141444957012,5290.058383639447,2616.3758379533324,4204.608291386964,1438.6455185694633,4226.970011814374,4717.321675625057,954.1127990022982,2833.7564834207255,1099.8757383472916,2386.584411336209,4995.8602806037325,2563.4494709217497,4085.260493110934,2874.9497678603016,2044.9454681298962,3241.592085455695,5143.072718679467,5261.721782613939,5851.426133147798,423.60079025067915,2477.5526807672522,5571.097735515776,832.0443372897865,4252.30481990473,1723.2892312481968,1878.100020472019,2825.569370838026,1936.1501370536844,3288.0044315475006,4624.415443076563,2876.4082809396164,1601.9412978049477,4427.0429302621405,4220.580922760752,5984.917429791159,1217.462923049405,5151.430000732709,4259.389204386587,5277.873029314745,1870.4553563731477,881.4845222265673,4980.336424285613,3248.349141041492,3185.6368437932474,4575.6639751433895,2445.928083558468,1872.6372170554023,4529.861382727401,2183.884022229202,1747.117893146882,3450.997675503129,462.0385443932145,3320.253837012014,3499.258965436111,3116.5454802741124,6101.626597890435,3970.386978717566,4844.294232026167,3703.5050311292944,2007.4119848700716,4031.118366524357,1964.0284976723226,4548.232810977578,3086.579212732601,1986.3183274757348,1881.1549665418308,5496.280855311253,1664.0384197923431,4745.946745173717,2401.028049219126,4607.095313007752,3442.544265395145,3894.228588532779,5546.33242693602,4343.275728343413,1743.7067603613862,3346.221300973383,0.0,5019.381822611226,1505.5351969970677,1866.773410543979,2825.4145844434934,2481.659323836574,1402.4997764855439,2690.2178686532066,5209.648687024491,3635.730650402475,2389.649153530492,3273.2823140871915
3742.5829840389642,3018.514220905709,1891.837968369649,4040.251458150222,5598.384567537496,6948.52085911275,3019.563570674743,1898.7574761037804,2356.923331409191,6472.166509329777,1795.007441760619,3114.192027209948,2706.042512953926,1219.646585154896,4850.836000420958,1950.3216510601521,4044.608182395175,5642.61216612767,5775.066973822988,6065.399377817177,5283.715983438644,3800.788389848875,7568.29559722696,4866.513586983704,3145.7322577384107,7043.877850264369,5046.041129033829,2986.1217370705103,1102.5570331270847,1797.9873038753642,5194.381554304323,6394.557606374737,589.7455621070835,5590.1063920472925,5227.422590265015,5835.548630529952,6890.986431083215,5987.608961582744,3191.109205781745,2464.443510267581,2270.234616647583,2959.8875042207264,4987.723593020868,1986.6541592557066,1062.7632815730888,1368.1982990232084,4149.861610419316,1123.0359016901461,3963.5689366843358,367.2888071803985,6751.829593272405,5650.632882634033,3457.7685992608017,2031.256998659943,3642.0724965624995,3443.233741302643,2684.2140084464204,3923.729274632616,1634.3192310124118,7137.840495973273,5179.7760630307175,3001.1834114668827,4747.708243079496,4186.0660261277535,3152.867697533311,5138.7936904729895,1138.1804016323604,1702.5003587106814,4376.488386012923,4109.212789452501,3674.1550006715834,3597.793817635746,3741.2285954730164,1186.8572065994288,2265.6642999184583,5692.883947522028,6827.970561117922,1238.2669622601588,5903.096516271185,5381.563614994159,4279.741628005714,2736.274750925791,4806.875114925392,2799.467465967411,955.9958131006645,1441.3841398228992,5029.837242528828,3096.3955396492875,5019.381822611226,0.0,5949.374647630203,6879.243966601708,2555.149287891023,3019.706977348133,5268.907008117908,2340.0901804812993,2527.554573280665,2078.352781200535,4490.434284591747,5558.20944872897
3221.4127692192756,3132.9855442279013,7329.061278311841,3164.9793162003443,574.8694721143229,2422.9512976801657,6105.488117249677,4878.928125428884,4065.31625073991,945.1164029393417,7708.508396258579,6699.376083886992,3276.5750308279225,4933.923958343602,1167.286072897728,4712.061700202683,6207.623401698029,561.6870942339696,4187.964940594895,940.1161463329944,1536.6825937779083,6468.256781967226,2382.885587444349,5586.0554093195315,3160.4085350588775,1544.6193360676284,2549.7794300531177,6545.582825970657,5939.756102884781,7051.076046170826,1089.9014486530423,3572.3635282890796,6445.218472996862,1936.3124386474929,5741.839247993626,395.4310115114903,1539.6957100946922,4127.785576597335,3204.261855861658,3773.4198293252502,4982.515974238317,4271.5511077772435,1117.0927607625072,4881.215522436702,5321.34124520548,7078.171655866012,1805.7170150964964,5820.047690048596,4053.0983114434816,6145.665559592793,2279.7148575174924,1943.0929227064773,6429.814629146396,4453.367183507778,3159.89016292149,4559.990846114058,3657.9930721614273,2116.1600697796944,5771.397959349538,2313.3204478335897,3163.063329637426,3664.1541243262404,1414.4698712584868,3031.480792531927,4941.845075869539,4583.068840400502,7079.348489371392,4582.770787395874,6344.1672214601185,5205.498873644773,3462.629456083483,3958.5301077274885,3427.068176260869,5226.425747894827,3755.494989928758,822.0020192463032,2129.2799809607,6633.595411925573,2799.5547960863346,6238.969349291276,2187.1122740842548,5999.651252897705,4938.182624260266,4124.881270895564,6621.037544422249,4973.393125027821,1167.8625721004162,4780.528796788594,1505.5351969970677,5949.374647630203,0.0,1527.796791591408,4114.070347913973,3009.554135478543,740.3351587308277,3650.3112795294596,6558.913913409827,4186.545253586183,3891.5716612237784,4696.926599874114
4657.919510075287,4367.11320434907,7995.706700129576,4637.9794108927435,2098.598195034009,1074.5213099799369,6367.80969718788,6108.990931167766,5305.836986264185,584.1691588778033,8550.747328698351,6978.515365570817,4375.3438072933195,6013.869724966945,2532.545530554189,5939.326822986255,6211.158092620088,1409.2959150618437,3540.158498023076,843.4804258457928,3064.4226924960926,6555.454492599884,860.9149781093365,5318.3053356783685,4454.852145627507,221.1283947325626,4077.44744363738,6843.344042911258,7062.303625773109,7691.503872402653,1709.3715727661438,2635.497835676782,7424.137303226079,1559.6308583668122,5380.6083492364505,1914.7907247409578,12.89883114859606,3396.5228147480475,3790.168933541749,4985.030864646076,6278.077449159177,4632.508770644692,2554.546662244595,6127.167211599337,6085.628640658416,7847.550831858307,2859.338124771186,6948.047893470008,5534.286937172756,7128.832057105147,1019.2209194679042,1517.2174283434133,6601.455679240755,5102.46603513409,4575.644745227169,5996.633669794829,4305.40526481422,3379.0319024781347,6362.427614177233,852.4183654251001,2777.716939538657,5003.204621387576,2150.045380384563,4515.9487142824155,5169.420005644831,4179.686744407648,7967.41559474953,5734.877902106722,6270.359219546516,5145.043520744406,3715.46827310825,5404.183760834562,3659.1547931609834,6343.495830862113,4859.601721022516,2341.8747065545585,794.370458257984,7353.490068547655,2067.9798960369512,5881.205188743291,3627.659865298427,6328.547427813432,4655.899379902985,5465.524979924985,7411.32396300499,6118.988010227264,2639.254539779746,5035.664543327922,1866.773410543979,6879.243966601708,1527.796791591408,0.0,4657.461265979998,4177.329359390399,2168.706729182164,4542.488481813575,6968.607338548069,5369.45367032159,3737.9669282165937,4155.755393811576
3463.9189427866236,2379.8588326554163,3339.878055960277,3738.0317437085787,3962.8253775164003,4527.6236577044465,2118.65341500303,2975.6400180293986,2613.1465932804076,4365.53738002551,3989.439729101068,2663.5625487418165,1862.6190554088078,2318.262023134141,3281.4425249725155,2862.4460418718813,2628.300656830569,3661.289596568127,3255.182248029901,3925.2866400624807,4085.3254130589157,2695.9926852905223,5234.4730996639,2821.6674150376043,2645.54123787213,4850.790067229977,4362.381435114197,2499.925032792183,3234.98022510803,3034.077717688359,3125.9752378816115,3840.4947347086672,3144.882770350113,3205.7605718272225,3161.6698884591037,4147.694611208737,4667.732773790826,3454.9522812345754,911.1393144876363,2376.256344599631,3391.090519830605,555.8435667883545,3474.834982758893,3058.7492831825884,1551.8682317677624,3237.9238367941894,2440.852565842107,3162.5785622123285,4219.755622289636,2893.4126265795553,4340.103074979325,3263.420695423898,2532.541142894228,524.7629251738354,3303.855099798567,4085.1370366068504,512.8693355797361,2648.269779787739,1706.1132652766644,4756.819199643602,2629.8461084375253,2990.069539481983,2717.196032226788,3799.963637514575,1212.7993440816995,2719.5599894330335,3483.214601182362,2429.118899986577,2897.001900241006,2068.0103125144224,1125.587974840705,3833.911673119765,1193.3543947063667,2672.7673570711313,1906.7792559981872,4177.261761248868,4451.431492743542,2720.646003438338,3384.966452035972,3484.8389046475304,3319.2971285266103,1950.7907718020401,2523.055072134772,3182.8226120850654,2831.4641155027907,2629.719888052908,3577.4082787744537,1049.4365460426852,2825.4145844434934,2555.149287891023,4114.070347913973,4657.461265979998,0.0,2132.9052609651935,3602.6621349407715,1133.3432675606273,2451.194475384196,2383.8898517846833,1969.228460809207,3128.035330403095
1347.5661624888776,299.69348445536826,4634.607213456821,1609.045001359502,2601.571617200072,4552.919289489986,4183.959277715906,1933.4178671526236,1143.5597889056785,3680.74195577101,4812.28921521234,4664.458266568692,340.7698827434725,1930.0707804495148,1862.665303221435,1763.785211447528,4760.330619201254,2808.629401576684,4537.535705417644,3333.853558226576,2289.2950068359473,4818.268303927979,4973.651396304529,4797.206390208784,556.5419745293253,4301.939556959163,2293.3379656845177,4496.580235308828,2931.7441534692275,4405.677244160766,2483.872400286295,4651.385398191167,3470.657210323716,3262.7416140505215,5102.289814542487,2845.9585646338915,4190.032136127359,4649.740121974237,1662.3682249591993,811.7859491842663,2142.756383040312,2619.810778801591,1980.972759232191,1956.5345721762749,2632.0987825613615,4271.058487338823,1319.6880994162975,2812.7010814148025,2198.185981768149,3172.7819703233627,4351.972132273137,3320.231785119828,4627.251980664658,2129.7466983657937,1185.347598048775,2269.61203789987,1658.0328675345972,912.4181913848495,3310.161195805425,4647.89693390215,3533.3840152755824,1072.4337512317486,2072.1679767649143,1667.0721990729735,3338.3706977674005,4340.045638979618,4157.475599170367,1577.5635119655246,5022.589018781947,4103.205299921635,2461.8323235519106,1850.804631858533,2492.472392395149,2216.9891797052146,760.121810293587,2675.768509423975,4352.073994672425,3906.2293591452103,3919.1279507964523,5493.040051371553,1329.6779458598237,3971.497484788452,4348.749224437068,1461.154244880738,3808.497537847307,1967.7519211958604,2013.7531392911596,3169.269345639307,2481.659323836574,3019.706977348133,3009.554135478543,4177.329359390399,2132.9052609651935,0.0,2292.008345105445,1063.7672478075267,4312.371205435474,1194.7309999598235,3451.6103803598685,4680.041886824625
2502.9715636746655,2400.500112119972,6720.29037497287,2469.847187814056,360.2199652989822,2918.786070935826,5665.918075680234,4141.933501105251,3328.700085454531,1593.2309934645382,7043.1456439998465,6243.499507745636,2574.227903841461,4221.636578807086,431.8258494555416,3975.5985638477136,5879.018248284658,816.9297151713849,4235.215398031722,1416.4136910355674,1030.3310668736533,6097.733196778292,3028.569828007437,5397.468664407141,2420.9460400731778,2224.9296581880967,1993.474911812286,6084.224353859497,5215.250495859235,6453.369797160628,1014.0567154774925,3794.929582602686,5749.325906335194,2093.5887651804974,5593.998164884308,570.6551190570358,2181.364945209535,4219.273856018355,2712.6690161656284,3041.43526501979,4242.18082138527,3834.9981619567952,388.5024308508251,4142.870744748139,4698.434506724341,6437.81937778624,1183.1777603597864,5094.921398779082,3365.6733874386864,5450.104548014652,2748.1084289076002,2121.1843385988404,6023.321169616975,3888.556628172592,2433.001883442962,3843.835980689733,3117.5464740301786,1387.3918206408027,5205.260749134956,2873.622876803774,3149.0497032406456,2924.5645214660594,1093.9665501289335,2347.4186122217316,4543.309385445042,4492.945754735193,6404.165408941434,3857.457332041406,6047.87715792773,4930.212882190991,3114.860351412564,3245.962580573597,3091.582247422345,4505.11756439241,3045.9685633120052,618.2999674074066,2642.4119800911053,6012.408097285231,2983.810640926967,6077.8775277767,1467.556369013811,5534.040255428939,4776.2028968431605,3385.779597855714,5977.247968602608,4247.771705222515,474.3763131059562,4374.463138051344,1402.4997764855439,5268.907008117908,740.3351587308277,2168.706729182164,3602.6621349407715,2292.008345105445,0.0,3010.3415139616636,6052.161304268914,3457.4824596208728,3713.9601240531642,4669.782384675543
2351.242087429748,1273.6032643146768,3716.8640611152296,2635.2997186331577,3358.3760597308037,4677.288730357577,3123.921033894583,2031.5579727029697,1522.563687278138,4132.767708657843,4063.99653122945,3600.807599567769,753.4765264936923,1582.2478092072051,2617.3348952805027,1890.2681592813758,3746.4392420538466,3310.9970096895286,4033.872079670351,3725.465763982807,3249.6436531349095,3775.455321913504,5250.502386813094,3924.3230149721358,1532.4132083798418,4704.648670504738,3354.158019270112,3432.936535630392,2631.1535632845525,3460.408576079998,2854.3420382014488,4386.874760014241,2882.1469812485275,3318.023975982844,4253.294398736584,3580.795268655414,4554.348124153005,4192.9868969450645,1057.267977066363,1256.1968696128008,2402.4617500722047,1669.1428970717272,2782.1293694866167,2099.6547865696875,1691.0475859788812,3430.3224679037103,1845.6603225710303,2530.6249531568283,3086.424112355591,2587.9737154239024,4476.990488880896,3378.9356459624973,3571.931784476994,1065.9922257371295,2193.8839943853004,2971.777067909368,755.7163733392309,1785.7811670644307,2283.433909178893,4841.660283238902,3179.2382883749056,1857.139039747159,2407.698038316682,2711.3985647222726,2343.394357409781,3659.8586482062396,3448.847193159622,1500.445388382063,4023.9359805251624,3187.072641453439,1808.345595465922,2700.9277205562166,1860.1839533336479,1947.4878678261387,795.6841799860043,3504.84330715326,4532.625930685655,3003.560505550038,3766.9293058927983,4601.011051310353,2358.6189692211838,2908.2136471230924,3559.8914682065797,2071.2577032144018,2971.6164344418676,1804.395527656284,2852.9317115747795,2182.305179768632,2690.2178686532066,2340.0901804812993,3650.3112795294596,4542.488481813575,1133.3432675606273,1063.7672478075267,3010.3415139616636,0.0,3259.0323766800784,1337.3445095400812,2812.1686406536855,4042.0623971340424
5493.887591337304,4478.214830317322,1577.5634470984044,5795.95144293575,6412.381129436552,6645.201807310068,832.927455584218,4166.0307099497,4268.600067605889,6743.25472764258,2682.391708780804,601.15655352828,3981.543054475488,3346.0879974525483,5720.3854374687035,4146.87728135883,1826.273721425679,6089.601708013753,4602.486994426057,6299.1137532361645,6473.969974287262,1442.2211177936617,7437.099765702016,3002.2167798799937,4709.68246607773,7174.84411658992,6604.960205189809,511.38391744461387,3628.7090539212427,1289.0750245385257,5544.170520431799,5532.628388111839,2883.2345207535586,5435.796933182108,3323.7681843794403,6598.8736889187385,6977.656080278319,4854.035831418017,3355.9539631396915,4190.066159344504,4597.920020215337,2340.027922879982,5909.445538284704,4263.388187613227,1891.5087239650786,1945.3827729518941,4882.690262597454,3639.5322687682005,6022.620447809824,2842.0838829858635,6479.284203193823,5486.987536151418,1082.6848108484758,2215.3016144816497,5350.497365818714,5655.525742443845,2937.5342829665838,5009.89952288237,1067.0894638637383,6920.922099652618,4498.23879045855,4845.480451290667,5152.419527718313,5899.023873588325,1863.778824967437,3764.9783198075665,2588.0395291610216,3750.798015538827,2129.949677824807,2433.8315402952608,3253.2296073434472,5625.5076716984395,3310.327183337774,3521.768386636606,3774.8492966386093,6619.603123526515,6632.4669620295135,1520.7057937447994,5351.612648285842,3293.6232985933593,5617.043227601243,698.6714275322846,3256.2396179975763,4837.919232942403,1884.5517586062742,3682.8502414414033,6004.988667068241,1964.2849825440298,5209.648687024491,2527.554573280665,6558.913913409827,6968.607338548069,2451.194475384196,4312.371205435474,6052.161304268914,3259.0323766800784,0.0,3966.2869678292323,3524.551944515643,4145.076609348011
1668.9969939128111,1059.5904520568313,3891.467307523603,1970.4596944431519,3746.7094826530115,5703.436475409277,4074.1862404472877,763.2546044407464,305.24004764283484,4875.467234778836,3848.1144941433336,4434.88348810586,1021.2174782337012,865.9385255524783,3025.659287851162,598.8598617523137,4865.6350409016495,4003.135580560818,5356.374608332114,4526.067107059395,3279.594827858008,4808.790253390764,6158.0244778679635,5205.439534917776,1109.586752157757,5496.1970807398275,2968.3082463593637,4272.430332265349,1762.0279436359685,3721.6570235524123,3669.8714152510847,5635.724346854182,2423.7863097272,4381.2416153054155,5545.0476315199485,3995.876597370344,5382.11727566624,5505.769383921743,2364.1244114625183,423.78820152524275,1075.4276945425015,2939.3904496629907,3121.371976539323,807.406784715115,2088.209182012186,3429.176516969927,2510.1378864062426,1640.7332095014717,2056.5137567429497,2139.455879682495,5501.5581284153495,4440.591065718729,4546.6425573438255,2106.5230812960485,1563.994365669199,1748.364051756098,2087.162414571516,2070.9102639238135,2899.7621206914546,5816.134168369914,4453.43171831454,936.2979461197166,3247.9795004274574,2111.3283346758267,3536.9828668955975,4996.627702885718,3177.4923975386637,412.60824783079664,5168.789945055419,4447.24203927288,3141.3330720756117,1660.1559421120653,3190.915604872839,1067.9840285626935,588.9866566850219,3780.145091534186,5515.953028206911,3172.4671016350985,4957.90243298968,5863.14773963551,2263.3099315129157,3815.4714387475105,4880.119458533059,877.0508504767554,2984.765604556914,795.5610218235935,3132.173379262712,3393.5215362787962,3635.730650402475,2078.352781200535,4186.545253586183,5369.45367032159,2383.8898517846833,1194.7309999598235,3457.4824596208728,1337.3445095400812,3966.2869678292323,0.0,4148.3220880718745,5379.349194922375
4741.577354931267,3750.0526473041677,4874.387264189212,4948.575055456671,4023.2160665235215,3196.860353052976,2788.5101315650622,4831.9275023858745,4310.532105771861,3691.367601621518,5733.794061242957,3383.395750395304,3327.061874198464,4254.410106161488,3594.9191924482802,4697.493630933947,2475.825756255274,3333.0107795374734,1287.5288460442357,3275.6838290024266,4570.877302173401,2840.036307685696,4036.0808443461583,1695.6668370891728,4005.861215696445,3958.097402372256,5213.922253991327,3273.562712952663,5202.300291662622,4549.247220504509,2812.1988007863165,2027.6115092122552,5076.757719985069,2195.395644904353,1880.5808158332366,4106.107788826421,3744.1669208799967,1497.596936730641,1815.4388038251245,4008.0289550377497,5213.982097987296,1534.7455146143934,3794.3501314459627,4904.856620961819,3443.5660677247065,4941.395390578354,2911.013184204599,5127.257137796777,5644.207443154619,4840.4747804703,3053.1286026831563,2229.89931563378,2931.7018540371737,2475.589128820855,4582.76688406731,5688.515930324534,2078.5282297224153,3469.0857292159844,3287.8648968119114,3500.2585358377455,1009.444656145645,4500.977345075733,2620.107616425325,4949.399701835567,1669.8077117416842,890.9862838731025,5315.132318517856,4289.587761794948,2536.1836340622103,1407.4068714231144,1011.5123717033811,5302.394262719908,969.0301231994803,4617.3438990131535,3584.305557499806,4327.4034338786805,3238.143432141325,4399.641010734399,1862.0348676139229,2364.82121669525,4185.258982233955,2830.0350490665305,1062.250868280182,4814.338373785229,4600.723480041482,4543.039889307819,3933.374890874883,1604.5851561973893,2389.649153530492,4490.434284591747,3891.5716612237784,3737.9669282165937,1969.228460809207,3451.6103803598685,3713.9601240531642,2812.1686406536855,3524.551944515643,4148.3220880718745,0.0,1237.4684756716033
5951.482552465898,4979.259333244053,5644.947551678846,6146.318969314316,4939.0395004472275,3337.7884336316165,3323.4507275712695,6051.241193319599,5546.5395549381055,4275.76035100776,6614.7826734201935,3836.828618274473,4563.522519528308,5442.624404938853,4626.448558638473,5920.759629315989,2617.3628970599398,4140.021170637658,650.6333151084415,3921.0188891578937,5606.7780531803655,3069.526142688803,4202.345673378738,1380.8266813344096,5232.059663907896,4372.745873557827,6333.29117712655,3772.8751394209958,6351.699510956891,5324.199011739982,3686.5982146565684,1733.5791435192682,6132.666492791289,2795.2208571009196,1299.9357499542043,4975.308547185793,4158.378573372199,874.4044034530017,3052.7056127220985,5245.341197386496,6440.598647995775,2626.217209998061,4815.611042993921,6126.545852045833,4495.8954492559105,5816.004414610601,4030.7230839724034,6284.448886149446,6865.907145770689,5918.99462256387,3257.734958900893,2804.9855751680793,3289.93889084919,3602.9662431692313,5794.514481262861,6924.489472570306,3299.2630736284127,4632.065900228213,4182.744808339735,3671.9114078049324,1535.938949813436,5734.959084644632,3604.5018834825155,6136.960839279733,2476.7591833492816,419.5565330739109,6272.779369848743,5506.272181340294,2516.3100530041997,1712.9184436499008,2248.65916688946,6530.197898207527,2206.3949067936596,5799.995204155345,4819.37140209644,5259.519126323433,3483.1888979222763,5279.328647349491,2087.7765007368484,1773.6050764882805,5333.559015457221,3460.455263380528,893.0317639507566,6051.741870358484,5530.715342008663,5743.697002957329,4958.280949409181,2488.852452890689,3273.2823140871915,5558.20944872897,4696.926599874114,4155.755393811576,3128.035330403095,4680.041886824625,4669.782384675543,4042.0623971340424,4145.076609348011,5379.349194922375,1237.4684756716033,0.0
