1,100,6
89,132,97,64,183,37,175,92,92,25,21,47,69,175,169,165,97,183,186,22,71,172,69,43,186,73,176,30,92,54,60,24,80,183,51,21,30,78,10,6,31,15,166,80,84,195,49,73,127,49,21,82,96,29,102,178,12,102,153,196,145,175,60,151,169,94,131,76,72,51,52,91,189,68,10,162,147,185,67,42,10,177,19,168,93,1,32,142,57,128,116,193,103,119,114,6,194,119,12,109
distances
0.0,1267.8263297033232,6034.730703469377,3495.4864994665627,3465.7853558708744,2778.847590839411,4505.840470774903,5762.395283825642,5716.715894944054,1952.4712596524944,2226.6839987407284,2529.775371816637,3683.671396843644,3289.160284739556,2035.2407778317045,3679.085671535797,4432.344325982923,663.7750659500557,4308.095687707273,5162.0518439788075,1653.663188756707,1190.497768833273,1974.7162041409892,2202.62294135719,558.7177238722611,3247.9340427791944,887.8854111680176,3758.247296866586,4016.147849975771,1824.305190617239,6817.949985634465,1937.2583840329614,3625.2460626430593,4567.191069158483,4775.504217405425,2586.7261053308293,5169.380918092417,4024.2007024631616,3396.898961526675,1528.6476586218291,1731.4288603107555,4960.843530856925,4226.085054383549,2940.0606923798364,2081.4145988308046,4837.015658726774,561.688727308106,1972.7210920117425,183.3152128575248,2737.0362743160717,3912.446157901985,3434.318742165323,4100.803591829899,2579.2111526685835,3164.057138710994,4998.0016342624385,3508.2806201524136,2478.5270897680343,3185.4612016197907,1595.8134403093622,3282.815326702677,3357.572887210195,4905.919582060024,1973.308925113602,1789.8959193545309,5861.453762744614,1700.039310768136,5457.686407819068,1300.0770829135477,1156.567088458772,4183.379702193192,3313.7051081930936,2031.91148862592,1049.3672157295566,2903.7417677157523,5125.05333979628,4148.592006331908,2560.86763822264,1342.533794033133,1658.386304401059,1914.043638605192,3550.2847196950274,1264.2390261378573,3437.6363045210296,3961.3508985415574,5439.882834533295,3243.091059728358,2609.203298322306,1732.2669450664935,4564.067479105563,2526.420140438443,4346.630445327737,1881.6161610046827,4385.001772887327,3730.706687653963,2045.6097969761981,4555.2917403210295,1498.9973871441543,5977.771852728491,2247.381980052568
1267.8263297033232,0.0,7127.647377610721,4227.994219886541,4200.891933300118,2783.2640061052416,5765.619028959857,6974.397252537383,6930.432316659979,2603.720547575335,3445.4167675665885,3449.5928146523324,4949.980692981843,4162.1104101579285,3151.237514128378,3731.227160062089,5699.71228483421,1672.6559843554205,5191.1409780352715,6384.148691556143,2919.512203140792,2432.877442708942,1948.5297697623205,2052.5594720748045,1282.0505184500337,3091.476315779404,1804.3952555124947,3639.4817545614924,5250.3197457345395,2953.0151229335083,7863.475927925512,2963.7020955597077,4030.6626056292534,5328.413298985918,5659.7958608698955,2995.5086838426955,6157.428127415293,5279.774052477625,4498.834803994919,1791.43727158977,2346.332595801371,6000.37139963486,5490.635766910149,4083.218333864845,2934.7797372118066,5625.762072617807,1098.1893882250004,3091.343662514571,1169.8898716793822,3977.1006473592042,3687.967065959917,4330.709045944902,5041.198706870421,3799.1251379801906,3990.8236201251743,6265.827105097379,3737.660458999988,2993.2523173052086,4327.798583368917,2599.883661025047,4080.787128367884,4464.992949964871,6167.915803034036,3155.5059041925433,3053.935125533121,7033.009616344485,1943.4031486035008,6602.391581522866,33.04985037787625,2173.5492595855744,5371.88156670128,4495.787918866502,2712.539656112883,2310.698890428825,4065.281075933127,6327.873599069596,5133.327943001498,3742.1366102622446,753.8832899288853,2478.434884060907,2358.964345655101,3598.8267706191414,105.841587540059,4700.321836590555,5226.6623466301135,6707.709163180302,4492.294942378672,2862.109013438342,1191.2864273637133,5465.068592837422,2621.2176834479046,5558.165278707804,2517.165805357486,5536.766303686837,4453.430107394187,3085.7891593853265,5766.393901575056,2471.982585560829,7162.655604670659,3008.2404906552933
6034.730703469377,7127.647377610721,0.0,3448.516878289129,3458.943197282806,5696.558591749408,3934.9496251902647,5196.329865905359,5152.650245984293,6876.8634397688165,5034.5587152500275,3740.836840788702,3396.170425764879,6741.682989133203,4002.4464498405223,5530.560950571289,3508.515476290934,5471.033685308928,2365.8204587047594,1796.1404744264855,4660.185177529429,5345.830016852481,7709.662949509855,6066.746291723843,5847.03284699898,6069.083197532886,6263.869039754663,6027.617962752533,2550.2532975665376,5627.330736290964,900.7426498645438,5982.5116590611,4456.5741421842185,2769.1811650227937,2071.276111363475,4831.424204759917,1276.419694778328,2885.1660759160814,2639.48930396109,5631.107756046052,4958.374071282339,1196.997124255944,3087.0345347209836,5427.366187375328,6483.94494342711,2530.9432434703076,6029.922946186709,5643.016008433788,6206.4904654702395,3556.476329454478,6356.745376298315,2991.3228424427875,2300.3598513026177,3588.8480372144486,3403.173986084167,3326.8752318140814,5021.2899626650715,4648.090837590203,5431.86647774676,4527.8021916532525,3393.2205107670206,2677.6498935389222,2797.888345767214,5344.312245835286,4782.544661170453,5779.503012976548,7300.853934271046,776.7604428168314,7152.792345741976,4957.670115241836,5110.379822331212,2801.005640743517,4614.522670165789,5301.581329650617,5308.723190307157,1539.9824332637693,2111.6379117493134,3510.878603240505,6678.692182554081,4701.332532275184,5121.282528070971,5539.825786656472,7170.386476282712,4022.6505822451195,3222.9775959661897,3343.9343919727253,3254.1713323797194,5176.7898433423,6647.110464841246,2117.1853214834546,5543.671050483876,2095.796856095075,6880.11666119071,1719.6762823290317,3340.5663238501943,4041.9510669364863,4891.778487581076,4656.870276773554,1097.9488534321624,4291.609815686067
3495.4864994665627,4227.994219886541,3448.516878289129,0.0,30.237589851044895,2257.465580217116,4670.020332766229,6290.024227004615,6236.475129578646,5098.2032406172275,3902.522649008075,1100.200863055924,3569.394392454972,5781.288888722047,1916.6814767467235,2147.3519431609247,4307.174044323726,2831.7790823173336,1109.8850746347568,3689.9963148089996,2987.0014681566527,3477.5371349120055,5460.187143746998,2712.7388004100208,3077.3954012866143,2622.4879719207484,4126.204793742792,2629.3934318819615,3071.2342776727405,4159.379097117261,3958.0760671379217,4505.389901603745,1110.4027537159657,1100.4442352741005,1531.369128178441,1435.1763260091072,2221.97966852917,3427.1934067843326,1684.5664965830229,2479.458281497997,1882.630619577298,2262.537070024268,3804.1285913476954,4696.832131300841,4933.834903165387,1400.7012883612979,3227.835903786932,4262.976074495962,3676.807682172675,2641.7530967266794,2961.113231159018,651.4408958002251,1161.603847101928,2408.3790735150064,451.59165783371174,4612.226632487284,1625.4385079879214,1309.0773183463991,4854.439847681296,1972.2890916762176,303.36338876832184,1708.2183167645753,4174.743765262367,4010.099556232987,3294.8536310502477,6694.631396766816,5141.913900939999,3256.9093040872353,4244.552423479771,2365.8775729933704,5262.038152621568,2220.9147306675236,1520.1656885685193,3314.098225161862,4584.388298337086,3459.3743566402295,1389.993708021011,2109.4562287454555,3605.957464594944,1839.1628772939061,1905.6249396274181,2133.3352133823228,4300.88109378125,3919.6287886099617,3675.3094517965424,4942.800670560062,2921.5667799023527,1758.5009235837779,3439.3550966134626,1388.5088723101485,2131.407194714797,3003.0895754614107,5059.035849153967,2507.239363267895,235.31036701556502,1692.5086058233203,5354.00357708136,2030.140891836328,3986.78800226473,1253.514087938385
3465.7853558708744,4200.891933300118,3458.943197282806,30.237589851044895,0.0,2244.0560137004154,4652.474107909683,6272.4046505952565,6218.848659795879,5068.055991206095,3874.8577709078563,1070.7832571146225,3550.892051689688,5752.837491254989,1887.9416851523779,2146.5555103404618,4291.028432931202,2802.0963513844413,1125.4990762612827,3685.4092254131024,2958.1650167930115,3447.6664669918405,5430.25714637272,2693.329685836845,3048.5295337503294,2613.7949392982223,4095.9753280411737,2626.906284356562,3058.260187800901,4130.177475799315,3973.9467660614177,4475.966600280324,1115.2631544474152,1127.7452237894872,1550.809933241982,1416.606421742115,2235.9878792670147,3412.31998505445,1670.5187381032276,2454.192584964961,1855.2389910202942,2271.3658542828366,3789.0298002645745,4670.133847003959,4904.069695836408,1426.834627617721,3199.2944593531865,4233.987423628582,3647.1499711665265,2618.6291926229264,2958.546313562963,640.9782214279983,1168.6853534745785,2384.228347022365,425.5196138663883,4599.019734485274,1624.5490338336972,1286.9208894384294,4828.323796580756,1942.052117327699,278.46820955541756,1693.4700857263465,4163.617956712767,3981.472652687696,3266.387606594937,6675.337668600743,5111.793691928499,3260.752428052458,4217.541493426234,2335.7975517379496,5239.504984873763,2204.0702031723035,1492.2993261316578,3284.069317655308,4557.845816589455,3456.4353436365623,1394.3121472217044,2085.0559441571345,3580.487836688738,1809.6691213058807,1880.811782158438,2130.673639916024,4273.540806573045,3897.977381825092,3658.597195506633,4931.285475425753,2901.883116611867,1742.2177005543822,3416.1374161144336,1405.1002512233783,2114.918805484976,2994.301667041082,5028.85622332007,2503.002900201276,265.2087769003885,1662.9608877475139,5333.310611232014,1999.9767654455388,3989.5929294495695,1224.3358398495081
2778.847590839411,2783.2640061052416,5696.558591749408,2257.465580217116,2244.0560137004154,0.0,6058.805391753807,7603.127736853696,7550.988806001503,4729.787663481839,4406.572098283426,2269.074529880409,4975.137087644722,5947.313021800181,2731.403816337123,950.3816785997088,5799.185521106305,2305.079920448963,3365.7543299088243,5679.246300875231,3442.5547847947164,3520.8703591164785,4564.081344279152,738.9671516955269,2220.4566363099734,548.2995796697276,3657.5341736225787,986.8101731726322,4796.022799678188,4312.0570617867525,6210.491545744588,4548.064304013302,1493.3186947711463,3201.109325725224,3765.7037307118303,900.3968998314023,4479.387218620867,5041.314219357588,3509.566989389004,1252.3771800987113,1409.0143211894615,4502.597827847497,5382.021989484806,5255.124560873605,4805.17897086633,3517.49413987202,2248.5608482122516,4456.427372298353,2902.761483781435,3847.7993628400113,1194.2095801876656,2735.363395428475,3396.6979900457736,3578.351515309808,2323.5298292059865,6243.159902025575,1028.4291060666262,1135.025553469172,5477.405780302661,2222.3515218079247,2310.2876796122164,3506.093085519122,5918.269592513168,4321.050824952768,3758.5427843556604,7874.415459216321,4397.104467324491,5436.317294734092,2783.7963813786737,2226.3547763148617,6241.11464943018,3861.7538792700134,1484.7372703572842,3312.133032317694,5175.430388877528,5498.783667454558,3599.909341984184,3329.1161464463808,2030.0802968013359,1794.2066437489855,1087.8403495462921,817.4424086001411,2884.2720213807847,5075.969658050075,5176.4463725681535,6641.115174060754,4321.735841928797,545.2900503860307,1643.5515522100302,3641.122992758278,286.22386554758134,4888.147511033193,4660.109392331901,4543.972506052496,2402.683438745104,2458.711728282313,6483.832209658498,2132.358270815906,6142.5441528839665,1703.7156825494676
4505.840470774903,5765.619028959857,3934.9496251902647,4670.020332766229,4652.474107909683,6058.805391753807,0.0,1620.0517472429701,1566.5173678108388,4143.488676293203,2384.3588221870045,3909.7811844282282,1112.7366598387061,3287.120567925825,3327.9991926852986,6505.747443783613,439.90792498658215,4333.763442450453,4339.581208038053,2150.7124222438483,2904.719448346088,3336.091860096481,5301.15940037743,5948.420933903383,4713.354622462647,6599.100875780655,4137.398779672562,6881.172038098888,1728.6525325819534,3014.319140818702,4804.875199315796,3224.1855022118375,5680.784523275813,4977.334741153944,4527.763614585903,5250.360331152234,4157.410528513753,1310.0700768798595,3007.806020823152,5191.4342940009365,4697.963605908416,3739.7121833002075,954.6862280189238,2144.3137834957824,3626.7780647143272,4993.64287039602,4868.4310379942735,2927.2052621271714,4596.293044603879,2212.9226273832983,7177.666176158166,4041.4027487174553,3995.133602340728,2483.578784517415,4264.7699677854835,775.1672625214514,6036.600157871979,4997.247393842835,2004.850633834351,3881.3682375503877,4389.076583237641,2976.4481621993696,1173.5508166232094,2731.2537237045553,2716.990933066395,2064.254351562811,4879.688967716078,3169.5614885501122,5798.418280091391,4052.442295023213,1243.5203506436874,2450.4486801045236,4574.453001822295,3456.8306971763886,2071.4385605419243,2395.1301396479485,3778.8529935270044,2750.6444462694553,5741.877474382225,4299.100154002696,5012.117380433145,6432.793024523407,5748.108744952987,1071.7736268867604,1003.8814998320273,1127.4651130873187,1780.505629973969,5557.795359482481,5992.555874481356,4354.143747718259,5786.514248766005,2054.3369718488257,4191.034103321637,2696.652784829742,4779.649810181182,3601.0648251476955,957.3420653925114,3997.3797333798548,3079.7416012048807,4388.90241148855
5762.395283825642,6974.397252537383,5196.329865905359,6290.024227004615,6272.4046505952565,7603.127736853696,1620.0517472429701,0.0,53.58138521912297,4917.819458053437,3536.4788148269745,5508.013000972493,2726.5203256201853,3613.04665417816,4878.55448756914,8096.875525495252,2005.5073012265502,5712.311884890828,5929.295206985902,3427.045172946076,4290.369231512016,4573.12437636907,6128.503516897497,7430.960758832265,6061.5586426615555,8148.530573085923,5219.34662983759,8456.837968548114,3310.299392279949,4043.5505155030523,5996.351575787147,4130.908220960858,7294.759940911353,6570.30361090087,6085.340634119425,6823.807162111192,5640.405612008591,2904.715560122368,4625.696645579453,6654.757989790613,6215.628971185861,5225.202792806897,2531.4055787131388,2944.497451322551,4400.28296957298,6567.829008502582,6197.558036676139,3918.045030534999,5818.753652502656,3787.5737944032194,8745.442127701148,5660.919204470242,5589.708792694392,4057.667798405631,5883.13696410512,1908.4313897696197,7637.149382930846,6572.14720343131,2715.0439941719173,5393.0467022194425,6008.436284452887,4595.137924181276,2455.1960416471843,3819.8845486801038,4038.884156195867,606.9034829567219,5741.2343492929285,4483.873906844951,7007.41120123295,5505.266595957184,1623.045055619221,4070.4060875270175,6126.175549802178,4733.29170211598,2936.157574924241,3716.8432655549254,5364.742850606821,4337.939073822038,7069.733846244072,5819.040510294545,6535.353772983143,8019.111108825217,6939.260508113094,2527.345975179695,2620.1168573176274,1859.948540862892,3389.877542708881,7118.577590934302,7372.596938284501,5923.9833880324995,7324.990874842985,3573.9672457953507,4985.59117785183,4223.381913896138,6398.953965560466,5160.368346177335,1208.2801128467688,5498.39290946882,4186.4632402677325,5962.834501241252
5716.715894944054,6930.432316659979,5152.650245984293,6236.475129578646,6218.848659795879,7550.988806001503,1566.5173678108388,53.58138521912297,0.0,4883.845278430204,3491.212644003513,5454.685979374431,2672.9450338819165,3589.0710234234707,4826.053435881641,8043.736792862009,1952.6191073460793,5663.700566668845,5876.864167361706,3381.238846757945,4240.982335518624,4527.168838689915,6094.320414401018,7380.245489743074,6013.780090545463,8096.303737534183,5177.648603261233,8404.03398543396,3257.780057314643,4001.8351413076725,5955.086738165364,4092.31479231498,7241.212063008582,6517.802116114373,6033.87141871129,6770.996294119352,5590.951513150512,2851.8280321037937,4572.3011495085275,6604.391726669761,6163.9685207036055,5175.5740228450995,2478.7254153282083,2905.5787602481196,4365.5706823497885,6515.907823658189,6150.285681527727,3877.0442092163457,5773.941338124678,3734.5171946531455,8692.821138204788,5607.444832478515,5537.111383029332,4004.652826749405,5829.555729986462,1860.4096261339866,7583.820382329805,6519.295748695867,2677.3197910046156,5341.399324904476,5954.862002627433,4541.705674341414,2407.243566666655,3776.4547021158614,3990.6442629029207,641.1444755474391,5705.779077458309,4438.299989100894,6963.452715886065,5454.909745183691,1584.1056517606396,4016.891383746018,6073.775928578531,4686.556169390268,2895.7255217069523,3670.3719548107106,5312.388666383984,4284.738984471515,7022.751393379734,5767.281420208745,6483.605342434794,7966.069571732474,6895.741402874095,2475.3554421555305,2566.7266940447707,1818.839349019038,3336.343994255388,7066.048294068898,7324.375785689043,5872.14245472204,7272.966682187193,3522.90577885529,4951.155631149156,4172.401071688699,6345.49543783021,5107.731828383808,1164.040257139331,5446.988679660808,4145.875655034169,5909.972713034891
1952.4712596524944,2603.720547575335,6876.8634397688165,5098.2032406172275,5068.055991206095,4729.787663481839,4143.488676293203,4917.819458053437,4883.845278430204,0.0,1914.618959261868,4014.384613202502,3771.077261573011,1600.7733331077827,3265.9075596434136,5617.785844883463,4265.981556620235,2483.3284614488675,5673.240600086074,5559.183591891889,2288.774885649089,1653.7404428809257,1210.9040266396007,4145.582963156086,2509.7199576343173,5199.285789635053,1075.0595667785108,5710.586732971666,4441.646400861735,1265.330885578946,7746.968839958632,948.8337868272824,5454.52894879732,6074.451840535078,6109.748256584881,4458.586037492267,6302.523898251319,4259.6771413573115,4425.638637592771,3477.8376835466315,3576.629690197463,5998.625790379159,4295.76963061254,2032.69151838935,524.5474497326245,6297.874073159052,2500.6499935112865,1286.6183770819532,1844.7671917561847,3322.3133099479046,5862.38992122641,4849.046406124095,5391.838019453663,3323.972490702202,4692.906075832437,4838.0783602981255,5410.131349970165,4310.013484279718,2231.146245549135,3137.0805492395316,4833.794148733788,4376.809870470729,4962.565289349955,1565.4469371077387,2104.2823830268117,4821.881369988274,844.8362909108487,6173.966760750336,2631.3898361079077,2801.6416167855946,3316.401915859566,4098.498771710442,3807.396263350191,1791.6365193769072,2084.0755463279156,5629.025503081328,5358.113205979321,3479.9601048668646,3097.1918747594564,3383.0930647867194,3811.1715790955936,5490.804964468598,2522.979293542656,3256.558502103102,4042.5586813513296,5250.784466414994,3656.3145225044577,4528.355760154562,3554.5233525716217,5885.625059072995,4473.095342555756,4872.73781579155,87.2291111097662,5158.328149974176,5327.258230341852,3428.677960027451,3777.1772266442567,3103.886904595913,6509.624316388313,3938.363482201712
2226.6839987407284,3445.4167675665885,5034.5587152500275,3902.522649008075,3874.8577709078563,4406.572098283426,2384.3588221870045,3536.4788148269745,3491.212644003513,1914.618959261868,0.0,2827.9866974273414,1858.9475046326622,1907.4377545314549,2004.6909456993615,5105.488149044712,2420.4900484647733,2250.9412006654015,4180.1061997669385,3646.576485530641,989.2810528201786,1040.935502106158,2975.2531694652466,4072.930064430397,2561.358735294414,4948.973960004639,1754.092032742011,5358.4458970527085,2543.03300722995,664.8434100786437,5921.624815940386,972.0576255397613,4591.361664374633,4692.258438509648,4565.280036497762,3802.140463754594,4608.344085485155,2345.232981268386,2779.7509966874736,3285.496070365326,3008.745721371781,4261.964348105344,2391.6257775872887,853.9432366106074,1464.362845123434,4856.186881871002,2682.56181145505,629.1968942993917,2283.604364150016,1551.464650495783,5599.315446000341,3470.6516051168264,3855.543091226579,1648.857601745524,3453.4805184850834,3002.235620206049,4745.625431029824,3579.3232387324283,1070.8351819010245,2250.627287421887,3603.396904404787,2729.5696344231637,3068.908792558033,361.5421194287048,659.4863387046009,3646.963510665414,2546.359310941211,4305.998375099671,3478.4666170519736,2181.7721197893243,1964.1244588207744,2340.6707066798185,3057.5597534638637,1215.7495794776153,768.9128603769091,3726.048133856701,3761.5454010027584,1894.578774894304,3546.3064724263463,2655.2365285746205,3323.8136263119513,4999.850847490953,3415.777834531104,1385.316867584092,2133.8778537957605,3433.204631997633,1781.5666188795751,4013.507075958382,3877.7114283290866,4342.89538174534,4120.470992413489,2984.1693915785013,1939.3616412546678,3333.6621446626837,4102.213723883485,2269.8602127128893,2328.832699430554,2306.377755145284,4603.684004609895,3028.243756038969
2529.775371816637,3449.5928146523324,3740.836840788702,1100.200863055924,1070.7832571146225,2269.074529880409,3909.7811844282282,5508.013000972493,5454.685979374431,4014.384613202502,2827.9866974273414,0.0,2799.6069265555834,4689.950998563844,825.4062994192619,2597.233039463729,3603.726471418856,1882.1824276336765,1779.272533194395,3430.0821041125237,1891.5448165679286,2381.8499962350693,4453.513320747227,2420.872962509392,2200.480940373036,2775.253005155746,3073.5064203786856,2990.610880476596,2530.493087458845,3059.9136104244844,4428.204253989307,3405.1909241192334,1829.127019341467,2074.5017609462275,2247.931232655705,1388.0746001026023,2708.4446139494894,2797.32521028732,1265.0371595162726,1894.830797142584,1221.7691074474753,2574.2059133497846,3152.2099829767053,3643.497785257046,3835.679403088845,2323.925646074332,2373.0553484832585,3165.1986218551915,2713.0325819188015,1731.1393128942568,3299.8040950074596,905.0207545830093,1594.75864064284,1467.672228326202,678.5380411693952,4007.6026084456025,2129.1369816432666,1139.1309582958402,3815.7912117967094,938.8234573219822,821.0720878948449,1254.3181766111018,3656.9938897036727,2916.934277399647,2205.021031184964,5854.3568499555095,4111.3330431723725,3324.1333097138267,3471.6055188729324,1373.2083027436154,4327.3832717322375,1596.0848337193731,899.2763939635025,2224.4131164929777,3535.3929081380757,3270.6710594281717,1686.500171274524,1174.8405467781574,2944.36590568241,974.7371845400174,1422.8051090859217,2528.5249176470456,3505.7768099638056,3029.0875042416646,2968.0988683199216,4391.958310629553,2131.461593484621,1729.6104041714134,2910.534572865267,2040.0154138959342,2033.2816955348317,2624.667164975399,3978.6907171947914,2338.1556551480912,1320.915847580004,592.822544919641,4478.019103666375,1031.2788982661286,3983.875763880821,592.7317279722762
3683.671396843644,4949.980692981843,3396.170425764879,3569.394392454972,3550.892051689688,4975.137087644722,1112.7366598387061,2726.5203256201853,2672.9450338819165,3771.077261573011,1858.9475046326622,2799.6069265555834,0.0,3360.658045696408,2255.1651113417392,5396.634107640798,827.4207707140304,3403.9390803004976,3323.8993412740406,1818.9941860987349,2030.4686001071282,2594.6815045621684,4817.1416469787355,4908.541048811652,3801.716057829806,5511.013594888694,3493.625176349776,5778.40565189854,864.7597578848128,2521.200102860739,4296.717864594905,2823.5859702431585,4569.1369769947805,3949.845762316422,3566.3983572120765,4150.813250265543,3319.2508172553034,521.9636847185826,1930.631075815626,4172.667744484097,3639.8659405446515,2913.265938748641,551.4872337597669,2051.8301057243993,3300.997930676419,3998.985217229491,3970.1011165310383,2484.578798288354,3801.987856308986,1133.4897339993865,6078.521256147913,2950.2848263040637,2973.55663090263,1399.1516818422513,3157.37665963122,1337.6960474943476,4924.795907706734,3897.3551406370448,2037.9600289507644,2836.9538147054845,3284.3355696192193,1895.041718362158,1241.2410063883644,2216.4263383358807,1936.5263364906764,3129.12877505305,4387.508387762353,2625.885483986116,4981.8811176427125,3059.689659386063,1865.0254510118623,1360.9485010480744,3491.1283898341526,2665.495876601575,1937.9978697710173,1945.6923995547188,2778.3651371245282,1650.3774912195088,4827.5841047324075,3242.61338170942,3947.517726875081,5325.583875620776,4947.570972127838,626.5317591319691,284.0450753313636,1774.4368063433535,668.4129927657001,4465.092989897971,5032.227549442691,3374.704286441258,4707.493430613048,1308.0307433703538,3797.9032986080624,1857.9980518162554,3688.5099208360552,2517.8670625593004,1831.2291586704819,2960.981268553551,2797.984704648151,3291.069690525711
3289.160284739556,4162.1104101579285,6741.682989133203,5781.288888722047,5752.837491254989,5947.313021800181,3287.120567925825,3613.04665417816,3589.0710234234707,1600.7733331077827,1907.4377545314549,4689.950998563844,3360.658045696408,0.0,3865.9798414405886,6755.46489581287,3554.135170632231,3644.3620390374226,6085.551338569908,5152.763235977469,2799.340881976506,2454.6740101416726,2727.7074352204636,5461.683726317462,3803.8339904161166,6460.495505615649,2434.632180892424,6931.751079029382,4191.49404121788,1672.138949345119,7641.684349431151,1399.4770276278207,6381.830300071054,6598.985966438556,6463.536947404648,5493.912120632801,6459.055552678426,3881.9374997566615,4670.476724396879,4718.794905258121,4633.47759997143,6092.104947054425,3775.146261005525,1314.3308459352993,1233.8018691872694,6763.213001592956,3848.445086050858,1544.5809657042905,3236.669424081026,3424.71447625667,7128.128845448994,5374.241725080106,5757.96718403127,3549.4221673283664,5336.701295217486,4056.878004229607,6459.412658382572,5298.213722343975,1336.9115978661414,3987.2247941810356,5486.358632697101,4620.575968622203,4341.877493135429,1773.2852531730477,2486.452082080408,3398.914426383371,2425.1900993598424,5979.11271612277,4191.589872349751,3786.9910112301563,2165.396411025473,4195.460726756598,4769.3018252228485,2659.8259134409527,1433.5924597935773,5303.529819170719,5654.521756445279,3801.679416866709,4570.173633069645,4341.106434634953,4920.156329385175,6637.890380297042,4089.1563102432265,2739.6559426696267,3574.1858296831742,4404.509200733493,3540.3341487958446,5643.837299230019,5002.04143910084,6242.382895722513,5670.312298731085,4646.168919068915,1686.8040121940662,5102.759394942015,5988.44272774567,4109.68234296387,2628.427234654404,4006.4725919113685,6137.65516034267,4805.062759818751
2035.2407778317045,3151.237514128378,4002.4464498405223,1916.6814767467235,1887.9416851523779,2731.403816337123,3327.9991926852986,4878.55448756914,4826.053435881641,3265.9075596434136,2004.6909456993615,825.4062994192619,2255.1651113417392,3865.9798414405886,0.0,3249.8306118173296,3082.426003089125,1479.7055145433496,2413.116843834339,3299.138163952519,1070.5622025543398,1613.3896475594477,3833.3829520698814,2664.9292778447234,1872.2585523126875,3273.6366668622522,2402.110610847469,3583.4801639545876,2232.1296330903365,2247.5028401014315,4783.650577861431,2599.832920555665,2608.1682263358703,2816.221745022931,2860.209484518573,1953.416006046075,3159.933749265165,2389.4626694187964,1363.0278984180773,1962.8658210028007,1387.5861005681775,2930.4048106065484,2699.505707901541,2828.385242462561,3046.444069122064,3032.3240021747347,2057.1068943056894,2347.4894323785575,2210.0906502467265,1122.0075779802025,3867.5560574250244,1584.5529596289928,2150.2206705363988,857.1854353714835,1476.8550732245192,3557.621262902081,2829.666338019732,1705.4596494121456,3008.524172829595,621.88873497194,1625.4840657333436,1325.0563117490517,3296.8089928925215,2093.7303659268064,1380.0774879639914,5176.485690020209,3459.6979477913965,3451.6453738288355,3178.354668695739,985.8579808091023,3591.5205505447134,1372.581319869974,1248.690043375457,1482.386772663936,2722.954589156786,3207.881908869465,2155.5251588719625,657.6243364147956,2806.308068606153,993.8478127560576,1692.4478214001167,3161.758771134351,3185.3876465562234,2355.754537726713,2474.347946078118,3974.3811356503043,1621.3579986668585,2240.0640768390977,2906.4232957539066,2638.2469492426217,2458.533576978358,2462.96921753257,3238.24633985449,2385.7502257009223,2128.8726192247864,289.20351479537743,3787.04318141106,759.0450170747447,4020.715542677696,1102.208344074749
3679.085671535797,3731.227160062089,5530.560950571289,2147.3519431609247,2146.5555103404618,950.3816785997088,6505.747443783613,8096.875525495252,8043.736792862009,5617.785844883463,5105.488149044712,2597.233039463729,5396.634107640798,6755.46489581287,3249.8306118173296,0.0,6199.504191733803,3150.542487869827,3167.2585144812538,5812.940735998002,4118.705825227264,4303.515819300424,5506.793186954909,1680.1020956052046,3121.747483007074,784.3696149137853,4542.72942146514,499.25153605872856,5072.986331415156,5094.366208471963,5921.452727309152,5359.502459090956,1074.0150978086856,2831.9008439698237,3487.443296024324,1308.903328771075,4262.960561965593,5375.267262477746,3702.8435947618686,2155.0597010760516,2124.4003806375576,4373.687755749946,5738.253968554546,5959.368952967504,5654.653168799833,3130.248892929123,3168.3276125964308,5233.063271716864,3814.3832063395253,4309.722758579489,826.2232689400607,2757.3469864447598,3295.308529648324,4040.2970511626986,2389.888406347041,6586.091737292611,522.0087069015228,1547.642491740906,6168.3814024248695,2857.402959498012,2318.281762949879,3712.2883900355855,6201.4073642994945,5066.618798423363,4446.502112278595,8420.769104013065,5327.203393928281,5399.083991048574,3731.0148157766675,2973.6116362030193,6838.5824918983035,4153.4611754348925,2052.1442718936696,4096.751627525887,5869.3527259104985,5594.643452364145,3533.197494890004,3759.364414447208,2977.4612703598686,2451.57065101151,1836.7642215496792,133.0275197092692,3832.827916016319,5593.123378578824,5562.681137552646,6954.50625793449,4728.639122804996,1111.6361216603211,2575.898254786085,3414.504602793354,1160.5784422386105,5081.159509780617,5551.675915369881,4635.8818692375025,2204.5275201843133,2961.07777892797,7033.811379663304,2799.958196213829,6131.972028397472,2147.958187681734
4432.344325982923,5699.71228483421,3508.515476290934,4307.174044323726,4291.028432931202,5799.185521106305,439.90792498658215,2005.5073012265502,1952.6191073460793,4265.981556620235,2420.4900484647733,3603.726471418856,827.4207707140304,3554.135170632231,3082.426003089125,6199.504191733803,0.0,4198.429633437007,3927.245268727814,1736.1396975059351,2793.0976194415402,3295.141816787253,5386.96237291964,5735.021627849889,4590.212642353293,6333.285121714086,4148.089445371447,6590.729747956594,1308.6458523527288,3076.4598913478458,4384.83100402125,3325.8362036265403,5340.944851557634,4567.271367036121,4101.8680445341,4967.41209452578,3718.998126240587,899.2100680497299,2630.3987417002013,4995.6128689145835,4467.263858502428,3301.2081151678394,528.4128705747049,2333.940498121578,3761.8429676004553,4573.914416991315,4753.665803834341,3007.8775840284793,4537.70995262985,1960.9021586955835,6894.084235068281,3669.672919797758,3585.81754711335,2225.9682553120565,3914.643119871976,582.1035764681404,5719.338083192669,4713.933984697813,2232.553142302328,3663.066883716021,4033.3945320839866,2602.3511238482024,798.9617631032165,2779.6350179755614,2649.904523087011,2483.5364281668994,4959.958985492521,2739.467314531422,5732.110580365665,3874.8286285244926,1622.8564735912419,2088.359380727369,4316.055132325003,3392.84214621267,2244.2481543987064,1968.9643511419906,3363.987290680213,2471.014534249647,5619.343794054605,4069.9193936273477,4774.840036645626,6132.251172457388,5690.186708082345,1036.7477991970854,638.3341453447403,1018.6369032000558,1479.753100015337,5285.829699788388,5840.540533041184,3932.2841661004104,5532.852036878087,1616.8349680029191,4305.967318929511,2261.479104476537,4405.628821113395,3343.5948938401616,1386.244512056946,3786.0594172307965,2686.5971699579377,4109.898845583915
663.7750659500557,1672.6559843554205,5471.033685308928,2831.7790823173336,2802.0963513844413,2305.079920448963,4333.763442450453,5712.311884890828,5663.700566668845,2483.3284614488675,2250.9412006654015,1882.1824276336765,3403.9390803004976,3644.3620390374226,1479.7055145433496,3150.542487869827,4198.429633437007,0.0,3661.1899673178664,4728.213915463851,1433.224735287526,1258.95213765814,2635.311520911712,1849.0710317616247,407.1438057615517,2816.540940754279,1415.474337515167,3291.3025354740635,3609.574929165206,2032.8660663550859,6229.228942117957,2246.445419284653,2997.1158681922857,3905.621621812589,4130.095613012367,1978.9626443571387,4553.719038738007,3677.687196462473,2834.563581184941,1079.2860623361164,1101.9772971345644,4366.2225708715305,3924.0531136335294,3059.7499460658546,2506.4740933552457,4177.960198894312,588.5785528967224,2181.101434180676,845.1538721593835,2355.7337783851976,3483.9063726978943,2786.947553330166,3466.7579076445472,2154.3971033607054,2504.9143697629665,4740.519569607217,2926.8099014845498,1846.8597705177833,3296.949548526638,963.4995025556577,2621.486728893549,2799.097363317682,4582.33646083098,2088.5955093722673,1675.0363300313818,5879.074921504062,2343.2779996871905,4931.3427282576895,1700.282853384695,520.129311195783,4198.451027155729,2826.226486054152,1377.9524400011053,1055.989311334637,2998.5706280993286,4661.59563540404,3528.849514331831,2074.729373702749,1423.710109013067,994.9121093292613,1328.4933013455507,3026.7103564783,1705.696532384644,3265.875978230955,3668.217376948236,5178.3648993771185,2881.8365881001996,2049.714586712257,1664.1166863501494,3921.634789651122,2031.7289059763852,3897.3948540491765,2422.7759092654446,3864.4704131523636,3066.980883589104,1437.2562461648931,4522.287230879746,852.988123342875,5491.145611516781,1583.9936545055978
4308.095687707273,5191.1409780352715,2365.8204587047594,1109.8850746347568,1125.4990762612827,3365.7543299088243,4339.581208038053,5929.295206985902,5876.864167361706,5673.240600086074,4180.1061997669385,1779.272533194395,3323.8993412740406,6085.551338569908,2413.116843834339,3167.2585144812538,3927.245268727814,3661.1899673178664,0.0,2918.3541572202985,3412.5672169094337,4019.661886928426,6213.201598215609,3811.2199218382816,3968.8527948772553,3711.0847772049074,4803.820479657936,3663.1968487763525,2619.2879524574996,4581.459379995092,2848.4498037313206,4947.512468602782,2093.5542098605897,642.2373705764869,470.06010761710024,2539.049168833483,1115.482722191608,3030.870573102883,1455.7818036440074,3508.20503089828,2865.5367158996587,1214.0207349485427,3399.2618923469254,4873.2699419844375,5420.021066883412,690.0338146627308,4136.250210657112,4656.939945956144,4491.243163882913,2691.613526166786,3993.0460307469534,874.2734548469376,351.3061484930203,2537.8195934597084,1205.3626722783479,4105.155615053831,2655.856862191372,2392.119913957492,4984.374730657898,2713.412194716092,1137.7487786765585,1502.4470585897527,3602.9503979036404,4372.53529970165,3668.6069014932636,6403.835464649682,5855.980182356238,2281.135373080037,5210.923905277547,3151.778077695192,5160.82725847165,2012.415490499166,2497.840091306087,3895.415253208572,4752.307861610924,2646.971932047826,565.8217285373546,2286.937056110203,4621.786821311104,2720.5620880988913,2949.155540691776,3174.2521683120895,5254.427813780298,3812.567676700441,3344.46543280477,4365.266182161175,2772.046310702619,2867.6989905194023,4498.863758890238,283.17664645411713,3240.316664545766,2398.9527513162907,5648.36388006297,1783.785905380183,977.0573818645456,2296.57134727859,5154.289544908104,2810.437175971205,3021.0186533970623,2187.725114088377
5162.0518439788075,6384.148691556143,1796.1404744264855,3689.9963148089996,3685.4092254131024,5679.246300875231,2150.7124222438483,3427.045172946076,3381.238846757945,5559.183591891889,3646.576485530641,3430.0821041125237,1818.9941860987349,5152.763235977469,3299.138163952519,5812.940735998002,1736.1396975059351,4728.213915463851,2918.3541572202985,0.0,3569.787296817837,4223.856692722896,6547.2498565089145,5837.252729278903,5134.011154741681,6155.597028866737,5157.146944484906,6273.590363634527,1157.3826792725038,4296.307994978944,2654.74197802988,4618.426743596243,4800.3694965004515,3531.9174316764543,2911.701389152741,4780.717758976888,2307.044356499675,1306.1799861313139,2170.7046240191225,5220.848984988265,4579.060719840479,1916.4586704069568,1382.8599210335803,3857.2522003255112,5105.261064722254,3432.2833746002093,5316.751583117646,4275.7634919729835,5309.743136847582,2431.433920792625,6601.295721127861,3057.365911807908,2646.6220617462554,2586.167565425914,3427.792614104447,1535.215137347531,5293.9929604730305,4545.132716313243,3817.190393512485,3915.446510157047,3494.7707184845476,2177.063206112767,1001.7637686885064,3994.0530056978464,3583.318749958061,3998.970705094,6120.422680610221,1057.4469741003566,6413.710248709713,4272.708714036683,3356.5379601608856,1928.8880387311237,4310.078303303665,4242.227054935297,3747.222297022956,302.1358539266733,2390.628203801252,2659.718488427863,6102.623451277655,4227.068980570816,4830.3334960569755,5780.634663817201,6402.479163583509,2419.703751580346,1581.1099719288975,1609.566914460222,1960.436781738447,5134.1410641525035,6197.722370468446,2809.793397578548,5457.572960890399,836.1870204451873,5579.606169292328,1183.132444403415,3696.812729495099,3461.476963741634,3107.6609952000877,4053.840909583157,984.8949649592083,4020.6655694543915
1653.663188756707,2919.512203140792,4660.185177529429,2987.0014681566527,2958.1650167930115,3442.5547847947164,2904.719448346088,4290.369231512016,4240.982335518624,2288.774885649089,989.2810528201786,1891.5448165679286,2030.4686001071282,2799.340881976506,1070.5622025543398,4118.705825227264,2793.0976194415402,1433.224735287526,3412.5672169094337,3569.787296817837,0.0,685.752037758547,3051.8520897268268,3164.3029020654762,1808.6466934285422,3988.556573949152,1614.1363767377281,4382.081116657928,2412.7531399598265,1181.9137026509175,5507.180152509994,1541.3455048369265,3612.90715314551,3863.145158000926,3836.330723995521,2813.749684515841,4015.684240483681,2380.715427019366,2138.7875076547457,2378.8849583081983,2036.1769861875955,3721.512593612979,2572.5030865367294,1841.8691770942912,2007.4653836131272,4060.849669245218,1965.57369482856,1277.3625139266464,1777.3287723553,1148.2859632273662,4631.1149218525115,2627.103691921771,3116.8331035985866,1071.3871458445822,2547.051717913281,3351.3790809427987,3756.45003384472,2590.0516683844353,2050.0597423884997,1262.0522317657853,2695.8952448351915,2090.364906438108,3253.644826272991,1026.073069352276,330.5411184784739,4487.083674779646,2640.707590900969,4002.799360120365,2951.419324569452,1237.8771394532657,2821.123668452874,1859.2043477192065,2068.961488567875,672.6144933533618,1750.6507404105485,3568.129312797113,3071.9399986223684,1193.1993688571076,2837.533265815574,1671.7291732580368,2355.2896658627787,4014.4967561502644,2917.870969741636,1834.5214888885873,2307.6926437342127,3792.7502384519075,1616.812387008771,3032.1245111289536,3096.9569618212327,3611.6243293988923,3156.459663864564,2784.7266596348377,2275.1906028227613,2947.0189511589506,3199.233027090868,1310.8952589020985,3112.5009472965626,1323.1787135183206,4442.536256525545,2043.1206649794324
1190.497768833273,2432.877442708942,5345.830016852481,3477.5371349120055,3447.6664669918405,3520.8703591164785,3336.091860096481,4573.12437636907,4527.168838689915,1653.7404428809257,1040.935502106158,2381.8499962350693,2594.6815045621684,2454.6740101416726,1613.3896475594477,4303.515819300424,3295.141816787253,1258.95213765814,4019.661886928426,4223.856692722896,685.752037758547,0.0,2366.5474000628005,3107.3158366928196,1532.5321409092862,4048.6805202753403,935.9778145372899,4498.308004930298,3067.336081945374,792.6045676502251,6191.0083721088595,1071.5722256875642,3953.828035643432,4426.872676122502,4457.949982543321,3040.0963507147267,4679.484908274948,2995.672842021638,2806.100585799803,2330.5085604015703,2179.7969145757593,4395.989929898611,3145.82359474542,1808.1867539123275,1458.9391343592783,4645.692260545568,1645.1669386284177,935.618339675426,1263.1550180876454,1823.249609123501,4712.002952470319,3197.7163707191103,3741.0535972362118,1757.1163113786745,3058.78857391566,3870.833287145417,4006.2345232941616,2849.144689884492,2048.863676044846,1563.4869362770514,3202.8482969764586,2758.636209065994,3835.0079917164444,831.992819940172,658.5388476840219,4686.289661856168,1955.0239241717738,4686.820895123046,2465.813241048073,1332.3496205669894,3004.2249913262153,2544.9005285621674,2321.817456386483,208.73939049685805,1754.7692494895161,4236.228427502936,3715.6081526676085,1864.9077453978787,2505.612924815004,1891.1720538851032,2471.6666816903125,4187.496700935894,2412.495281465437,2277.273848683113,2878.1970168807065,4311.784211491224,2263.4771406323057,3192.348956583694,2845.1865617004805,4234.12903844368,3238.9921486626054,3454.4785435450312,1629.3886424377092,3632.6435666148145,3702.021623772746,1790.3469822875118,3366.876513281115,1564.9864737773291,5114.191853376054,2386.4965614741623
1974.7162041409892,1948.5297697623205,7709.662949509855,5460.187143746998,5430.25714637272,4564.081344279152,5301.15940037743,6128.503516897497,6094.320414401018,1210.9040266396007,2975.2531694652466,4453.513320747227,4817.1416469787355,2727.7074352204636,3833.3829520698814,5506.793186954909,5386.96237291964,2635.311520911712,6213.201598215609,6547.2498565089145,3051.8520897268268,2366.5474000628005,0.0,3878.4204519739733,2469.6420289588527,4950.341420815841,1449.0012224404775,5492.620902315032,5399.711785070384,2312.497493652263,8546.883463813578,2077.5189960924545,5578.099517093613,6517.424844270934,6673.434688317104,4527.734100576247,6986.454209873918,5274.985438026725,5134.670631509873,3378.857923075932,3696.838114504069,6729.3177890049155,5359.570401242714,3227.257657795547,1729.7865074167387,6776.6014567292505,2373.872695529396,2380.493524991193,1799.1127464658796,4184.696971481328,5579.68508211037,5347.583229130052,5975.297470622362,4122.530936052391,5109.839012668109,5966.3172095413265,5409.154817789744,4440.05535732574,3434.413679171453,3516.30517999007,5235.320485428279,5089.3081009035,6041.729156658795,2613.7269250554846,2972.3888932683417,6027.76641618336,429.66209642927504,7052.891102557163,1965.5187253302884,3097.7961495174272,4523.974469736207,4909.794471609173,4006.226088640655,2411.7046898849367,3268.743051365463,6581.53267292718,5988.850143963363,4210.067612462417,2633.4140929098103,3629.464715015149,3848.525849268782,5374.222522656929,1845.730494500484,4357.273128663843,5097.489909348031,6389.865536693319,4595.750024989718,4502.01886275713,3102.5303978057977,6455.415773868635,4349.770145505392,5804.606569838218,1143.5461349490888,5998.789901680171,5695.465417166625,3917.2076134524705,4982.147325849366,3438.6807665199162,7463.010536554936,4218.345108677572
2202.62294135719,2052.5594720748045,6066.746291723843,2712.7388004100208,2693.329685836845,738.9671516955269,5948.420933903383,7430.960758832265,7380.245489743074,4145.582963156086,4072.930064430397,2420.872962509392,4908.541048811652,5461.683726317462,2664.9292778447234,1680.1020956052046,5735.021627849889,1849.0710317616247,3811.2199218382816,5837.252729278903,3164.3029020654762,3107.3158366928196,3878.4204519739733,0.0,1661.504286184661,1074.3213766508604,3090.3574795379254,1614.2103611716782,4859.1039284792005,3879.981945409798,6652.248555015063,4074.30896492804,2147.679289747424,3744.745858214947,4244.054467339927,1279.0838984902437,4903.675405258488,5050.346067551807,3684.220856403698,788.1143163456682,1281.8086674773263,4871.293688418303,5364.417677762331,4899.575568594692,4276.67774489416,4061.1333968114122,1645.7866089703125,4028.817739961067,2300.881634059866,3777.481576178102,1723.3017697852574,3075.7630385874977,3782.281832953752,3519.1033003430002,2665.820402638745,6221.872811418199,1745.8163125827414,1424.52806826998,5133.237856260511,2072.101068515964,2691.321956426804,3670.832469072921,5952.72204731894,3934.370055275685,3455.1469723508144,7650.525250958001,3741.463416740834,5723.847878149802,2051.637924385782,1929.7851878675508,5984.398243068806,3942.1651110812186,1527.888817270746,2902.5891438060953,4832.65118626205,5688.840765130449,3955.4345528535796,3311.5699078100406,1298.727897174,1671.0828363387614,1007.2041837581885,1548.2201084849014,2154.939895863687,4917.643968976403,5136.885173494245,6639.241745004394,4285.933541373338,992.6622127415749,905.356043819778,4093.549565391141,647.3775738407996,5016.754727060613,4070.9078977477493,4758.739910540394,2895.2079175052345,2430.8520672340383,6270.7730444443605,1951.7654324062614,6399.713913741145,1828.9992341305117
558.7177238722611,1282.0505184500337,5847.03284699898,3077.3954012866143,3048.5295337503294,2220.4566363099734,4713.354622462647,6061.5586426615555,6013.780090545463,2509.7199576343173,2561.358735294414,2200.480940373036,3801.716057829806,3803.8339904161166,1872.2585523126875,3121.747483007074,4590.212642353293,407.1438057615517,3968.8527948772553,5134.011154741681,1808.6466934285422,1532.5321409092862,2469.6420289588527,1661.504286184661,0.0,2694.4847296678076,1440.021675162565,3201.0426804058707,4016.688368847651,2261.562803320748,6591.062945844927,2425.2324957704573,3108.4701081078456,4168.807558966473,4438.908663723776,2059.388481077089,4898.160780044792,4082.939105127335,3216.7851520687545,969.9420433845519,1236.8686461423463,4727.195326314537,4325.420450312432,3338.3002148338905,2615.5106263643816,4452.319283475636,184.85132483160587,2411.7598608329563,696.5760742603777,2761.9055298335243,3360.5194756592323,3097.9276984799053,3794.8559696275693,2561.53541938834,2787.036663064374,5136.823410005545,2963.0632982239854,1973.1207680577998,3580.2774692964795,1320.6475971980567,2892.467873741211,3182.990340283489,4986.3942386872095,2360.6019273143024,2025.1632420091473,6206.0657184341835,2231.0389148672416,5321.650251451142,1308.219842897974,891.5368949970605,4522.89245726504,3228.076653536592,1570.405116018475,1345.9193831983405,3287.220080178691,5064.668563030753,3872.4167196398166,2478.401807496315,1029.7232193555699,1252.92948700715,1380.911139186733,2992.5888999728977,1323.6261093530145,3642.766139052025,4068.2051009585293,5575.662294626262,3287.406150986671,2059.794345576519,1316.6553175577126,4236.122506195495,1967.851016249452,4302.4371239892635,2439.66554570355,4257.830117430709,3310.515164005294,1805.2413368306193,4863.95738724467,1196.0915187133469,5890.184650313944,1825.4559696733304
3247.9340427791944,3091.476315779404,6069.083197532886,2622.4879719207484,2613.7949392982223,548.2995796697276,6599.100875780655,8148.530573085923,8096.303737534183,5199.285789635053,4948.973960004639,2775.253005155746,5511.013594888694,6460.495505615649,3273.6366668622522,784.3696149137853,6333.285121714086,2816.540940754279,3711.0847772049074,6155.597028866737,3988.556573949152,4048.6805202753403,4950.341420815841,1074.3213766508604,2694.4847296678076,0.0,4134.066911497805,548.0075205332496,5305.713462086414,4837.595282177809,6530.48323260913,5062.986237738554,1689.3708612004054,3465.7737930749317,4079.2391293800115,1387.7778804304385,4825.311583988126,5563.176608417263,3993.1160415020495,1743.6115634125624,1956.7892823104378,4884.99337976839,5908.554111094185,5795.788366159085,5301.396456330539,3776.103129833718,2700.61370394305,4983.2630543995965,3358.295236642097,4386.7419350777855,668.119448190217,3158.3300459742954,3781.925021260601,4116.64816701379,2755.1454751471833,6768.743407192947,1130.123328463314,1636.4099372278329,6019.649557434802,2770.5799101018542,2721.289904375864,3993.065640397237,6431.880570816905,4855.825891088868,4303.073550917995,8422.377389304576,4815.373098589246,5857.346038419533,3086.888015802484,2767.3837328513005,6789.294950420845,4371.337038127007,2025.166495933112,3840.1507033974594,5717.585626572199,5963.638179284269,4000.186433968421,3862.271089452422,2344.5108140567404,2342.467573275028,1635.203002980669,683.1050590062994,3196.1024216532855,5621.721104829463,5707.525915017469,7161.874977256863,4854.273144390002,1050.0514948610853,1904.9390295088185,3976.837863211549,832.9999228121211,5378.106399503267,5126.681790490415,5004.087249546814,2734.3570229306188,2998.036054427131,7031.693439288789,2680.457100093378,6575.087141848768,2227.0033017517053
887.8854111680176,1804.3952555124947,6263.869039754663,4126.204793742792,4095.9753280411737,3657.5341736225787,4137.398779672562,5219.34662983759,5177.648603261233,1075.0595667785108,1754.092032742011,3073.5064203786856,3493.625176349776,2434.632180892424,2402.110610847469,4542.72942146514,4148.089445371447,1415.474337515167,4803.820479657936,5157.146944484906,1614.1363767377281,935.9778145372899,1449.0012224404775,3090.3574795379254,1440.021675162565,4134.066911497805,0.0,4640.245827146877,4001.4881575896243,1175.8151060579214,7098.198473395627,1159.8863853296152,4404.576086619233,5148.003057553288,5257.88399429162,3394.334714081833,5543.812426726306,3916.1244211720345,3686.717700094761,2405.170269251015,2515.2378428458815,5281.474460540731,4044.57174753088,2294.159361978588,1208.3995475690149,5392.497523334156,1446.4201552114791,1304.218481536357,806.8607230061458,2758.2778165386103,4799.373613503016,3949.1760310385007,4551.622496749484,2680.605467463088,3745.3094606348623,4729.369113217217,4340.387606235186,3255.671761152374,2536.4169013870733,2154.4465876110744,3879.2044840215635,3641.101443210832,4734.135962424505,1420.1816901741834,1577.240660732851,5244.872556956365,1058.623938747844,5616.179867776316,1836.4446567043617,1777.2726858569006,3602.0806902079526,3466.2557495444566,2765.515833759952,963.086226320884,2287.068258453167,5172.147403321951,4553.661433403674,2761.190583978767,2136.427693737843,2350.566759333162,2740.1870479403415,4415.7618721965755,1751.6092477070904,3113.370541897318,3777.605040408142,5166.28954950117,3196.8556870852026,3454.787818765286,2568.5049181819763,5037.312420468877,3398.9528616443035,4390.454892080433,1010.1157768478819,4556.76675842971,4359.455035133291,2511.4663514751705,4017.2759037200817,2100.3062502882767,6050.151042704637,2923.506373076344
3758.247296866586,3639.4817545614924,6027.617962752533,2629.3934318819615,2626.906284356562,986.8101731726322,6881.172038098888,8456.837968548114,8404.03398543396,5710.586732971666,5358.4458970527085,2990.610880476596,5778.40565189854,6931.751079029382,3583.4801639545876,499.25153605872856,6590.729747956594,3291.3025354740635,3663.1968487763525,6273.590363634527,4382.081116657928,4498.308004930298,5492.620902315032,1614.2103611716782,3201.0426804058707,548.0075205332496,4640.245827146877,0.0,5498.378440281462,5290.565056019632,6420.2587850143545,5532.297266484241,1571.4081527152646,3330.4103781612257,3986.6038705336646,1633.0446426491228,4761.20680190821,5785.425235862443,4143.112454375574,2236.483730485201,2349.7822653892845,4867.181758189229,6142.647730999475,6210.623432035467,5791.92572600383,3627.5475024370116,3219.2748578336705,5433.752064664803,3876.25649651671,4672.544487468578,331.7669279072283,3225.3358800194746,3783.5857575704554,4401.693959834667,2845.8103848058818,6996.562073001639,1009.1263780052525,1885.1262726865275,6428.088567337883,3134.6266317526556,2784.193309327676,4149.5441276846295,6628.209336650812,5289.426700080454,4704.245502861538,8758.717873532405,5349.718346531526,5885.423799400855,3634.8820806628646,3188.538502679401,7150.343457079038,4570.975933826823,2347.9244498716303,4289.665688097501,6126.803174130699,6061.886472981491,4018.488023791286,4130.636262484147,2892.1479165250175,2712.8142320549705,2037.6160754435555,496.3447102941663,3744.094675515698,5938.745626011269,5956.958371830124,7374.387324523508,5113.100284174466,1355.4526747301065,2452.592309575523,3912.291465255113,1261.487100370828,5527.4098768903505,5639.769834817464,5101.349167408167,2696.665156568942,3298.402125958871,7368.249135360177,3059.897831750923,6616.180572493619,2494.4538821032547
4016.147849975771,5250.3197457345395,2550.2532975665376,3071.2342776727405,3058.260187800901,4796.022799678188,1728.6525325819534,3310.299392279949,3257.780057314643,4441.646400861735,2543.03300722995,2530.493087458845,864.7597578848128,4191.49404121788,2232.1296330903365,5072.986331415156,1308.6458523527288,3609.574929165206,2619.2879524574996,1157.3826792725038,2412.7531399598265,3067.336081945374,5399.711785070384,4859.1039284792005,4016.688368847651,5305.713462086414,4001.4881575896243,5498.378440281462,0.0,3176.345626422918,3450.525528692984,3512.154840620926,4145.076387160555,3260.0245260384163,2799.7189519896456,3918.2212506637497,2477.9192128778127,422.5296193759676,1390.1456372747427,4190.438596459445,3579.8109151375584,2065.9889347820813,780.286801142375,2877.2178522711833,4007.346002921759,3266.111155703216,4197.260953109301,3168.5578154101913,4160.269164400303,1279.6563557271927,5815.482082258787,2421.9782493823104,2279.5971072665448,1455.3171587695242,2713.146900279636,1541.2201853755353,4571.617182291842,3669.5828500385433,2885.2020299514556,2853.92791349624,2816.767341031382,1372.232209306428,1129.848324764435,2878.491543689507,2430.385773232925,3790.137781265478,4974.386446022866,1790.3843000322581,5280.45221422749,3177.3301661075457,2699.3630950157485,934.5563711622752,3353.7313842078947,3085.054137849286,2758.8669042449296,1188.0602336060238,2055.4877463614325,1575.4864396296782,5006.602272151044,3204.2761549304705,3857.5757951088926,5020.152797139247,5264.644624841168,1484.4056465602655,767.6652374889721,1883.5265891685735,805.1433157624797,4259.4057559904995,5135.913137577874,2625.673935059721,4550.664472724176,454.836019142064,4457.070433245699,1006.0846123065396,3146.321766600645,2433.668186845939,2599.4510922069685,2990.555990736505,2070.159324224587,3095.606907797565
1824.305190617239,2953.0151229335083,5627.330736290964,4159.379097117261,4130.177475799315,4312.0570617867525,3014.319140818702,4043.5505155030523,4001.8351413076725,1265.330885578946,664.8434100786437,3059.9136104244844,2521.200102860739,1672.138949345119,2247.5028401014315,5094.366208471963,3076.4598913478458,2032.8660663550859,4581.459379995092,4296.307994978944,1181.9137026509175,792.6045676502251,2312.497493652263,3879.981945409798,2261.562803320748,4837.595282177809,1175.8151060579214,5290.565056019632,3176.345626422918,0.0,6504.664464999405,369.1986893598076,4712.959896422206,5044.093047874911,4994.691527753241,3823.943413606561,5115.142654720492,3000.3684276491776,3249.371514353199,3111.0412725197007,2970.0493232365693,4790.905911485426,3056.147909117784,1130.8926244290392,865.0952543234758,5237.345502477472,2346.421525632596,150.20516123289516,1835.9490499085207,2085.372678797006,5502.026323851333,3808.227732085491,4276.026028270876,2120.719208167126,3723.7958293549073,3657.046576773257,4788.630190407483,3626.2698181002747,1376.1442930056428,2317.033999938931,3871.8909654416925,3199.4625343719845,3733.7052335562057,304.77567559764344,914.8772322956778,4080.1166426954023,1884.3339958489314,4915.39476681436,2985.7454933500285,2121.210548801085,2427.432076696071,2873.072309021129,3097.262704337009,1001.0274781068697,1114.1157838115391,4363.698605290242,4212.449324444153,2316.133176478633,3166.5071611711223,2669.5773902908304,3263.978540260644,4979.015862340771,2909.6291024164916,2044.8783938386164,2797.5822339700762,4084.2773172086395,2393.3895795588733,3983.6657273286623,3547.1371935476363,4770.0899904739745,4030.752413977569,3608.5772505502778,1283.30564820116,3912.6569204610823,4375.21701733674,2470.357911494203,2841.8527057242077,2334.3425226889904,5244.403435765216,3137.2810429803703
6817.949985634465,7863.475927925512,900.7426498645438,3958.0760671379217,3973.9467660614177,6210.491545744588,4804.875199315796,5996.351575787147,5955.086738165364,7746.968839958632,5921.624815940386,4428.204253989307,4296.717864594905,7641.684349431151,4783.650577861431,5921.452727309152,4384.83100402125,6229.228942117957,2848.4498037313206,2654.74197802988,5507.180152509994,6191.0083721088595,8546.883463813578,6652.248555015063,6591.062945844927,6530.48323260913,7098.198473395627,6420.2587850143545,3450.525528692984,6504.664464999405,0.0,6862.859941547183,4861.84400355359,3090.1742369675526,2451.5349132182473,5385.632462680404,1749.7747977888469,3784.77763846385,3429.0714442396793,6288.505856105168,5622.682231056633,1863.883119233607,3978.3434904177143,6327.354208442103,7364.55784089398,2799.9176553314915,6771.182442435442,6525.10456188443,6993.660253915255,4424.815988386975,6741.410471323119,3603.478997824325,2881.537578896378,4438.955914654368,3999.60250207755,4164.522956837313,5434.564922392592,5228.447491124779,6332.608694781796,5271.805947582384,3962.0083756379163,3471.469593555444,3650.1916190437178,6225.538025122808,5646.184110517917,6589.698840027972,8143.8465695843015,1673.5933762117966,7887.072136329044,5710.501830077021,5995.8376154599955,3653.8100411359646,5265.387513129589,6135.213031734187,6208.491144915969,2418.618727317309,2745.3383278583356,4337.111105103603,7369.968888177073,5401.985321008008,5752.040337883594,5949.262479048726,7912.749080208786,4923.227184647281,4120.775520166683,4136.4078697885925,4144.324604553678,5716.145665109051,7298.077390776354,2570.1047865163005,6088.711118985036,2996.2642634195336,7747.3773397727955,2592.1720208215347,3809.1460983040542,4792.037511117374,5762.098943080551,5395.00779003293,1812.1970553093834,4943.255337245892
1937.2583840329614,2963.7020955597077,5982.5116590611,4505.389901603745,4475.966600280324,4548.064304013302,3224.1855022118375,4130.908220960858,4092.31479231498,948.8337868272824,972.0576255397613,3405.1909241192334,2823.5859702431585,1399.4770276278207,2599.832920555665,5359.502459090956,3325.8362036265403,2246.445419284653,4947.512468602782,4618.426743596243,1541.3455048369265,1071.5722256875642,2077.5189960924545,4074.30896492804,2425.2324957704573,5062.986237738554,1159.8863853296152,5532.297266484241,3512.154840620926,369.1986893598076,6862.859941547183,0.0,5024.076281841369,5404.344108800346,5362.531255338377,4108.006664655985,5483.57074212415,3315.984802636013,3618.52470900186,3323.1045999522794,3240.6034870013023,5157.63225338614,3346.9448004103674,1186.9818652974438,501.7023239252536,5600.997257836322,2486.0597547655607,343.62643515596926,1914.0990923787099,2448.8298998501305,5730.275457799564,4168.2830704751805,4643.64127038825,2489.280305877986,4073.586591314587,3901.2969654272665,5074.580520131787,3920.1094361463943,1417.5420105820494,2630.2509883526327,4220.913335018382,3568.60562311458,4014.426058247679,638.4646371984901,1283.3115119408842,4113.46276523138,1659.205383977825,5264.396862478455,2995.6128388229686,2398.070468293207,2508.2162009244735,3238.170704646838,3393.213532028304,1271.1290566146297,1208.5670487833927,4696.903382987667,4581.401654365724,2685.0840351188263,3261.2207820626004,2962.2633560412887,3523.1662240134233,5240.981640517548,2908.534955153883,2309.8251480380495,3094.1009696973365,4319.502539249167,2739.192623004815,4247.982915539326,3668.7384087050964,5137.883187699872,4270.845913725407,3949.8812453201676,981.9819888063124,4270.733017458361,4723.787547373823,2813.4078392129713,2948.679948400809,2636.180788256564,5575.29244856133,3453.371238218822
3625.2460626430593,4030.6626056292534,4456.5741421842185,1110.4027537159657,1115.2631544474152,1493.3186947711463,5680.784523275813,7294.759940911353,7241.212063008582,5454.52894879732,4591.361664374633,1829.127019341467,4569.1369769947805,6381.830300071054,2608.1682263358703,1074.0150978086856,5340.944851557634,2997.1158681922857,2093.5542098605897,4800.3694965004515,3612.90715314551,3953.828035643432,5578.099517093613,2147.679289747424,3108.4701081078456,1689.3708612004054,4404.576086619233,1571.4081527152646,4145.076387160555,4712.959896422206,4861.84400355359,5024.076281841369,0.0,1780.8343697873756,2418.8990606145594,1054.9096172341021,3189.9474528821,4480.456133772319,2755.684883430977,2254.7758056766975,1896.8715331856292,3301.902015258781,4853.388972683005,5429.742836908577,5391.558129595283,2088.4791579493917,3212.395158278632,4837.268809982034,3790.1860043739275,3549.371153123466,1900.1715915635093,1751.2634501493483,2232.8863781343643,3291.2379202848583,1432.9511228806796,5680.647965023092,572.7268517906248,1150.256170998878,5615.408079382299,2396.129073544453,1330.64478908723,2772.8962228792475,5261.564055540233,4624.297796102668,3941.5432699496023,7665.452369445916,5325.273877626578,4337.017135286647,4039.154674497128,2659.8490274000515,6156.250275215019,3257.278569786133,1649.0102560496705,3760.8671761030064,5327.142712048364,4568.875627595043,2476.1423345328917,2993.783980720887,3313.3386069582443,2078.4456464512127,1732.541105408469,1088.9568520841403,4121.009041448587,4848.857774670649,4703.4116985189585,6025.955106199928,3905.0239768898987,1182.9972264248975,3017.567832615035,2340.8833947413955,1500.3024868452362,4104.173322122373,5400.580683251849,3617.6412798534902,1137.6403725118932,2328.550030349788,6297.572941809566,2389.444287908383,5072.8268453076535,1576.9725538689631
4567.191069158483,5328.413298985918,2769.1811650227937,1100.4442352741005,1127.7452237894872,3201.109325725224,4977.334741153944,6570.30361090087,6517.802116114373,6074.451840535078,4692.258438509648,2074.5017609462275,3949.845762316422,6598.985966438556,2816.221745022931,2831.9008439698237,4567.271367036121,3905.621621812589,642.2373705764869,3531.9174316764543,3863.145158000926,4426.872676122502,6517.424844270934,3744.745858214947,4168.807558966473,3465.7737930749317,5148.003057553288,3330.4103781612257,3260.0245260384163,5044.093047874911,3090.1742369675526,5404.344108800346,1780.8343697873756,0.0,701.5662590133591,2472.57729889947,1496.6639605285482,3669.8912570017656,2049.4595192689217,3573.6593734418784,2982.9824981065512,1723.8969377645517,4039.6077376929807,5421.213446972919,5860.806558935126,317.14606178384116,4322.831741442176,5131.022642769471,4749.810317366368,3253.054369703187,3651.2499876076686,1236.0610384220513,982.2019878711303,3074.531821418832,1407.6760965907606,4746.736754701802,2352.3089198372736,2384.3712665918865,5545.741443587142,3003.4952854008275,1284.3860774864388,2093.0190197726342,4242.190936204192,4856.494779604731,4142.120736002876,7041.403901889168,6183.216971748283,2816.3361044268136,5344.906775386826,3420.80552386788,5773.216334767389,2618.3808189772544,2619.6285547277503,4283.199479473843,5302.010803690427,3252.383382170066,1208.058798175817,2803.202813002477,4700.660742452278,2921.453315064268,2997.851505547598,2863.2046074315053,5401.277879477873,4420.089304281531,3979.693199468647,5002.553557658828,3378.673273681402,2759.2778762982534,4515.385912412471,729.23567040018,3127.7033215524134,3039.462061420902,6042.4742798827865,2418.0619312672698,877.6281578145727,2648.191852802587,5781.072484184574,3078.978174586173,3549.507512606502,2343.616928892604
4775.504217405425,5659.7958608698955,2071.276111363475,1531.369128178441,1550.809933241982,3765.7037307118303,4527.763614585903,6085.340634119425,6033.87141871129,6109.748256584881,4565.280036497762,2247.931232655705,3566.3983572120765,6463.536947404648,2860.209484518573,3487.443296024324,4101.8680445341,4130.095613012367,470.06010761710024,2911.701389152741,3836.330723995521,4457.949982543321,6673.434688317104,4244.054467339927,4438.908663723776,4079.2391293800115,5257.88399429162,3986.6038705336646,2799.7189519896456,4994.691527753241,2451.5349132182473,5362.531255338377,2418.8990606145594,701.5662590133591,0.0,2966.379626727671,796.1193488648547,3220.915177692204,1796.2828451722182,3967.8249651073315,3330.3396327137566,1041.1438596486078,3574.994965130021,5226.292231736951,5841.384429473976,522.9712009059388,4606.263706421724,5063.900087271964,4958.555623255022,3045.9849744555536,4312.161929717969,1343.3106694301955,719.5283226392135,2916.5018229311977,1671.0443758359618,4218.124961091243,2990.659451185307,2833.5867407095548,5323.514590082195,3180.1175020695377,1595.2329371088726,1845.6831394938838,3693.9619101508074,4774.946402658149,4079.904547985039,6585.269279749311,6312.28437499088,2131.5494281268734,5679.395659861179,3619.568111725624,5425.303524851766,2318.3958919602146,2962.1681317023517,4340.2639500893265,5104.141678214271,2621.785107241629,816.2525665601304,2683.839786589542,5084.819002983882,3190.461805246695,3404.653517686638,3507.8555455441715,5723.590073642677,4093.754922885589,3552.9705229096676,4438.319897505024,3064.529527893148,3284.4722873126816,4952.118332351622,224.74710011477333,3657.57217900235,2514.1079751993548,6087.3191220993995,1868.319834339399,1363.4554903644637,2756.3193445005604,5383.154823550406,3278.730295133773,2858.900506242216,2654.4523478536967
2586.7261053308293,2995.5086838426955,4831.424204759917,1435.1763260091072,1416.606421742115,900.3968998314023,5250.360331152234,6823.807162111192,6770.996294119352,4458.586037492267,3802.140463754594,1388.0746001026023,4150.813250265543,5493.912120632801,1953.416006046075,1308.903328771075,4967.41209452578,1978.9626443571387,2539.049168833483,4780.717758976888,2813.749684515841,3040.0963507147267,4527.734100576247,1279.0838984902437,2059.388481077089,1387.7778804304385,3394.334714081833,1633.0446426491228,3918.2212506637497,3823.943413606561,5385.632462680404,4108.006664655985,1054.9096172341021,2472.57729889947,2966.379626727671,0.0,3640.7677332389662,4181.178069563768,2612.487071142171,1207.6187239232424,882.8480305358332,3634.6246529683085,4530.934946337235,4655.514441217103,4438.229250491911,2787.8434563482933,2158.568582441846,3958.379859878534,2747.064505354215,3040.0732304906733,1927.7820207653149,1850.107272376388,2533.2387031870876,2769.155906490279,1436.1883601714642,5389.392221170212,966.6244075508337,253.497965928723,4862.110278862975,1551.6989303908147,1438.4699349301668,2610.4158412178313,5045.0681933349515,3777.5305906897693,3142.6865005638087,7129.895550473723,4284.601575448177,4544.518235835015,3005.893212934385,1710.0661480007138,5534.482101969975,2984.0179397585725,744.8555601792871,2837.1974341804275,4563.836127430629,4598.520186530988,2723.940961106352,2501.000371988777,2298.903164706378,1157.4993644166718,679.2829827317919,1212.527565042544,3082.6672709343766,4307.017040640656,4336.738254273596,5778.231795319567,3487.9315264394168,355.921689960025,2056.905963321124,2820.304215847113,712.6281389539711,3994.4792158991136,4400.004130710106,3643.599139703625,1616.4770338220085,1666.8547804187979,5740.359678711169,1502.3391337913688,5246.244405554225,861.764520379552
5169.380918092417,6157.428127415293,1276.419694778328,2221.97966852917,2235.9878792670147,4479.387218620867,4157.410528513753,5640.405612008591,5590.951513150512,6302.523898251319,4608.344085485155,2708.4446139494894,3319.2508172553034,6459.055552678426,3159.933749265165,4262.960561965593,3718.998126240587,4553.719038738007,1115.482722191608,2307.044356499675,4015.684240483681,4679.484908274948,6986.454209873918,4903.675405258488,4898.160780044792,4825.311583988126,5543.812426726306,4761.20680190821,2477.9192128778127,5115.142654720492,1749.7747977888469,5483.57074212415,3189.9474528821,1496.6639605285482,796.1193488648547,3640.7677332389662,0.0,2893.800742208247,1877.024260166341,4545.784848167806,3883.8961119248543,417.8581225212691,3209.710579982251,5172.733270201065,5978.534949393538,1278.2706448362176,5074.634744271256,5162.9038124646495,5349.372849340098,3056.944189487273,5089.039059407974,1858.165202802485,1134.6004695966772,2994.4422732482253,2250.4192914837004,3737.1745297371376,3758.189101913979,3479.436474238321,5234.776949007953,3590.264745281328,2212.684026259511,1925.7334526899094,3194.1982064853146,4864.547708216767,4211.646809474888,6175.061451747748,6601.732478956187,1400.942219806727,6179.707685196526,4033.76477602004,5175.6228794088165,2269.3406383099473,3523.2821595126325,4592.380972940507,5049.692502854506,2005.765568356631,1025.7923661272785,2822.8292686753125,5637.480414474625,3682.478881976786,4004.4020340022057,4276.7792445383475,6211.982627819881,3904.8307103014076,3244.5853350248008,3897.5244893101058,2937.472503029092,3975.547396686147,5552.343226849363,850.3687013084382,4347.156695740907,2103.5171745711987,6290.737228764528,1472.9028236312806,2091.0195530955707,3124.287287655378,5067.75139146989,3706.0364397864464,2102.7944506596455,3202.5401533284485
4024.2007024631616,5279.774052477625,2885.1660759160814,3427.1934067843326,3412.31998505445,5041.314219357588,1310.0700768798595,2904.715560122368,2851.8280321037937,4259.6771413573115,2345.232981268386,2797.32521028732,521.9636847185826,3881.9374997566615,2389.4626694187964,5375.267262477746,899.2100680497299,3677.687196462473,3030.870573102883,1306.1799861313139,2380.715427019366,2995.672842021638,5274.985438026725,5050.346067551807,4082.939105127335,5563.176608417263,3916.1244211720345,5785.425235862443,422.5296193759676,3000.3684276491776,3784.77763846385,3315.984802636013,4480.456133772319,3669.8912570017656,3220.915177692204,4181.178069563768,2893.800742208247,0.0,1743.8317701578903,4349.168812714563,3768.9646156927506,2479.809055682312,378.0914900721782,2573.775862097164,3800.4245093311615,3683.647452694815,4258.6052758763635,2974.1705742073714,4155.860716035849,1324.302150556662,6096.806437828661,2783.9403334175468,2687.973226409817,1552.9121568694736,3048.396628626432,1211.3231062821344,4883.24527958406,3929.251461386125,2556.4498879817693,3002.5242920464443,3160.9186436055265,1718.976322272067,911.3711296178959,2696.63979839837,2340.580717435099,3373.732373190559,4846.187168714185,2111.7635188903137,5310.89334316723,3283.3854153804427,2291.47876266157,1225.5182224879402,3574.202012351429,3041.726730071096,2459.920011074344,1423.78555380015,2469.158827092336,1738.8039535821742,5094.695357067977,3380.981950085212,4061.379416291958,5315.502412995878,5285.66700873343,1144.137677551963,353.4250428832115,1599.8884947536187,796.2414950559911,4513.251696064491,5259.819156142634,3044.756593695135,4785.915385572545,817.8092474122559,4282.579201009247,1420.917564818593,3516.745940068603,2621.4441064062385,2178.119758950366,3135.000699218423,2279.953460033779,3338.112508855566
3396.898961526675,4498.834803994919,2639.48930396109,1684.5664965830229,1670.5187381032276,3509.566989389004,3007.806020823152,4625.696645579453,4572.3011495085275,4425.638637592771,2779.7509966874736,1265.0371595162726,1930.631075815626,4670.476724396879,1363.0278984180773,3702.8435947618686,2630.3987417002013,2834.563581184941,1455.7818036440074,2170.7046240191225,2138.7875076547457,2806.100585799803,5134.670631509873,3684.220856403698,3216.7851520687545,3993.1160415020495,3686.717700094761,4143.112454375574,1390.1456372747427,3249.371514353199,3429.0714442396793,3618.52470900186,2755.684883430977,2049.4595192689217,1796.2828451722182,2612.487071142171,1877.024260166341,1743.8317701578903,0.0,3116.4872797521566,2453.464398001324,1594.757095996754,2121.429687009447,3430.8927731437484,4109.697179022926,2145.8040349139524,3400.8114837953012,3305.282136067208,3570.152104286034,1249.7043979537723,4465.896146450899,1040.2321094376002,1109.7967573299175,1135.408998534449,1325.6324388853038,2929.395121879771,3194.566606445387,2374.9084573947257,3533.529714185803,1905.5182046060331,1426.6414363549798,50.231447759346956,2507.483274884401,3010.155898961049,2339.9683512143924,5055.898197164378,4741.21874444388,2115.712360279629,4524.87121675413,2325.359335009753,3726.0024768624353,573.7515980997351,2157.782284682354,2727.9311503747667,3308.9733015846473,2005.6360028345125,984.08089987155,945.805008655061,4094.045120444326,2136.2284975615316,2681.5862552936837,3657.311931964376,4537.888243455649,2371.43907551554,2005.5817381311092,3270.3751924409225,1330.793674593098,2964.7855272476286,4121.259563603948,1578.1032602367943,3286.9944125002703,1386.8319937011117,4413.72962101996,1083.2113396793816,1775.2332427140384,1419.4123556683587,3754.0322491510383,2039.1724147781126,2738.3689437305557,1857.710538048918
1528.6476586218291,1791.43727158977,5631.107756046052,2479.458281497997,2454.192584964961,1252.3771800987113,5191.4342940009365,6654.757989790613,6604.391726669761,3477.8376835466315,3285.496070365326,1894.830797142584,4172.667744484097,4718.794905258121,1962.8658210028007,2155.0597010760516,4995.6128689145835,1079.2860623361164,3508.20503089828,5220.848984988265,2378.8849583081983,2330.5085604015703,3378.857923075932,788.1143163456682,969.9420433845519,1743.6115634125624,2405.170269251015,2236.483730485201,4190.438596459445,3111.0412725197007,6288.505856105168,3323.1045999522794,2254.7758056766975,3573.6593734418784,3967.8249651073315,1207.6187239232424,4545.784848167806,4349.168812714563,3116.4872797521566,0.0,673.259301141098,4452.992501837949,4647.501934783674,4114.872194787221,3559.135498769329,3879.2227616730133,1015.5920419858556,3258.7353509166715,1659.5316418354303,3050.312058037341,2411.731010703308,2687.6796091026176,3411.351637155718,2800.9765785239974,2306.5728248711334,5498.494643760236,2031.3032159333084,1206.2734175915512,4347.408208048217,1346.7403624967953,2372.605989076146,3095.523033310687,5258.367617716547,3153.4252572542446,2667.331945957983,6865.9334583930395,3177.0371805726477,5212.809677877085,1803.1704479746222,1149.4921944249986,5197.617343305295,3298.3511887015607,1023.1192315756748,2124.020558371788,4046.466588589729,5097.483101771009,3546.413400398915,2619.9337350539995,1127.0056674946225,993.7918804785032,576.5066143428015,2025.0277389413707,1876.595955585538,4149.832551567954,4411.2801415827125,5922.971802423847,3569.330563859279,1125.0054584836466,1016.1627329930973,3789.5246445527964,998.21427203632,4388.752404447077,3408.697290750823,4199.577976968757,2696.110773834784,1762.7183305749672,5488.6298508153195,1215.897262925203,5854.794220204242,1345.6051183333834
1731.4288603107555,2346.332595801371,4958.374071282339,1882.630619577298,1855.2389910202942,1409.0143211894615,4697.963605908416,6215.628971185861,6163.9685207036055,3576.629690197463,3008.745721371781,1221.7691074474753,3639.8659405446515,4633.47759997143,1387.5861005681775,2124.4003806375576,4467.263858502428,1101.9772971345644,2865.5367158996587,4579.060719840479,2036.1769861875955,2179.7969145757593,3696.838114504069,1281.8086674773263,1236.8686461423463,1956.7892823104378,2515.2378428458815,2349.7822653892845,3579.8109151375584,2970.0493232365693,5622.682231056633,3240.6034870013023,1896.8715331856292,2982.9824981065512,3330.3396327137566,882.8480305358332,3883.8961119248543,3768.9646156927506,2453.464398001324,673.259301141098,0.0,3782.229677889485,4085.9224008976234,3860.8611394674635,3558.6998793605794,3279.430195568279,1367.1235511869438,3108.6974754396742,1900.3144510911868,2506.5407919531253,2594.9599928756124,2027.9745805687505,2750.8605721439244,2244.330898434765,1660.1742915323682,4944.875860072626,1843.9494899557308,747.5745163507114,4078.715853330556,822.5933747149926,1739.9586060320516,2434.5499302934822,4670.914184559699,2947.3469141399014,2355.689719726476,6472.016765968549,3430.832640380175,4542.262395707672,2363.5104174329335,849.2875839814214,4832.908520252065,2668.914636100975,368.4634645185326,1973.7129641042038,3777.267016997872,4445.20179671272,2878.3878699091265,2030.175249638563,1757.7905740747385,398.8639740187125,322.14027764314125,2010.1584785765024,2418.3087841896863,3689.6914479704124,3861.9207633151927,5359.803039366372,3008.627380007867,1014.9224777888209,1689.3578940559044,3144.4352328267155,1123.820227055911,3751.8039506441437,3518.816486658121,3536.4414086889665,2110.0841269108205,1149.1015791565167,5082.62587809274,724.2784412668934,5190.115838479908,682.0065282048256
4960.843530856925,6000.37139963486,1196.997124255944,2262.537070024268,2271.3658542828366,4502.597827847497,3739.7121833002075,5225.202792806897,5175.5740228450995,5998.625790379159,4261.964348105344,2574.2059133497846,2913.265938748641,6092.104947054425,2930.4048106065484,4373.687755749946,3301.2081151678394,4366.2225708715305,1214.0207349485427,1916.4586704069568,3721.512593612979,4395.989929898611,6729.3177890049155,4871.293688418303,4727.195326314537,4884.99337976839,5281.474460540731,4867.181758189229,2065.9889347820813,4790.905911485426,1863.883119233607,5157.63225338614,3301.902015258781,1723.8969377645517,1041.1438596486078,3634.6246529683085,417.8581225212691,2479.809055682312,1594.757095996754,4452.992501837949,3782.229677889485,0.0,2792.6542864688786,4797.285073353261,5655.923051708271,1560.888449684025,4907.419673825543,4831.190548871883,5137.958247122878,2714.9130790861427,5198.065300029714,1795.5329831893928,1106.1429095826634,2676.2462322635783,2206.600833573893,3323.8646892322495,3858.1760168628903,3451.45552636174,4851.013592725751,3407.9899797406974,2196.695353890703,1640.5822622203375,2782.321957636283,4531.392036497615,3897.7089073214543,5758.006525688036,6335.6987610228125,1092.697561296812,6024.158450169949,3847.1328962993985,4765.125246907263,1923.0832129978153,3432.2645617470985,4322.296863997312,4674.470527536568,1617.8719689845673,915.9958861938193,2531.128227978385,5518.567363003735,3544.993862478467,3933.34654438126,4375.073827374459,6049.083989075122,3505.8585278042806,2831.4185011045256,3493.861602801834,2557.688844723885,3980.6384502982683,5467.587009827004,1005.8776692709703,4346.987300633854,1686.0900685624715,5990.915603968812,1059.924399052121,2170.7410965872923,2928.973740817763,4651.768459472805,3531.160520953982,1826.3323672902477,3108.997627250623
4226.085054383549,5490.635766910149,3087.0345347209836,3804.1285913476954,3789.0298002645745,5382.021989484806,954.6862280189238,2531.4055787131388,2478.7254153282083,4295.76963061254,2391.6257775872887,3152.2099829767053,551.4872337597669,3775.146261005525,2699.505707901541,5738.253968554546,528.4128705747049,3924.0531136335294,3399.2618923469254,1382.8599210335803,2572.5030865367294,3145.82359474542,5359.570401242714,5364.417677762331,4325.420450312432,5908.554111094185,4044.57174753088,6142.647730999475,780.286801142375,3056.147909117784,3978.3434904177143,3346.9448004103674,4853.388972683005,4039.6077376929807,3574.994965130021,4530.934946337235,3209.710579982251,378.0914900721782,2121.429687009447,4647.501934783674,4085.9224008976234,2792.6542864688786,0.0,2490.95344492365,3814.8580733927697,4045.6128372868307,4496.765254885005,3011.7561024465444,4347.525459874962,1598.8381801802207,6451.577524680456,3161.6307440876144,3058.503238913603,1847.5442803792282,3422.268618928678,861.5353796809507,5249.595948743579,4278.191438522825,2438.365405730035,3302.4140694788716,3536.3068330655365,2096.0367844751677,689.7833164842422,2751.71455534345,2487.4985954653316,3011.2151250624725,4929.925315436837,2310.6702904198605,5522.348757123639,3556.7046300745865,2028.2309662466944,1596.3176854263693,3907.1502129897694,3214.0342797207372,2385.335409466979,1567.0818044330042,2835.7360541716503,2060.7756233428227,5346.977428301432,3693.348371667774,4384.658151762005,5676.140969968241,5490.322824989619,1063.0548101490344,267.630543735202,1275.7427009965609,1079.0778410559637,4858.608020422722,5534.467709343871,3404.235623899292,5122.486597987836,1107.087947618436,4325.952090467253,1743.8058927452337,3894.770940143464,2944.21575462482,1862.8008103565446,3431.638318183459,2366.039315511262,3681.6046478888793
2940.0606923798364,4083.218333864845,5427.366187375328,4696.832131300841,4670.133847003959,5255.124560873605,2144.3137834957824,2944.497451322551,2905.5787602481196,2032.69151838935,853.9432366106074,3643.497785257046,2051.8301057243993,1314.3308459352993,2828.385242462561,5959.368952967504,2333.940498121578,3059.7499460658546,4873.2699419844375,3857.2522003255112,1841.8691770942912,1808.1867539123275,3227.257657795547,4899.575568594692,3338.3002148338905,5795.788366159085,2294.159361978588,6210.623432035467,2877.2178522711833,1130.8926244290392,6327.354208442103,1186.9818652974438,5429.742836908577,5421.213446972919,5226.292231736951,4655.514441217103,5172.733270201065,2573.775862097164,3430.8927731437484,4114.872194787221,3860.8611394674635,4797.285073353261,2490.95344492365,0.0,1508.4968232585045,5559.860037206422,3441.1015179474143,992.2823238902323,2962.735167181839,2182.8552740447544,6448.704965155795,4223.46394146002,4535.234162376404,2346.7453568994233,4245.419059782555,2879.32038399498,5596.644930650684,4431.42085546126,245.76967697419477,3103.8390192026714,4394.709072100792,3381.927826953438,3095.4795806919806,977.7031121153295,1512.9752506650593,2951.420555039217,2822.5522536293283,4665.415417881884,4115.893634133905,3028.848523644753,1321.5110563763737,2925.1714640622354,3910.7862761911447,2005.1105436242158,123.09832269369055,3997.2828670445624,4411.166215114774,2624.7874378175843,4281.426084936654,3509.1548880293103,4174.668295868548,5853.790935242991,4038.2923503566453,1437.602994089815,2276.1511543227966,3268.777816505888,2239.8758559109924,4867.068910295086,4644.6710522629055,5008.971943793656,4969.2526923079695,3331.9352771368476,2089.813776214761,3794.765576677959,4886.725520927179,3102.1944111112703,1763.737703692927,3160.3056626779,4841.280526039573,3874.479941930788
2081.4145988308046,2934.7797372118066,6483.94494342711,4933.834903165387,4904.069695836408,4805.17897086633,3626.7780647143272,4400.28296957298,4365.5706823497885,524.5474497326245,1464.362845123434,3835.679403088845,3300.997930676419,1233.8018691872694,3046.444069122064,5654.653168799833,3761.8429676004553,2506.4740933552457,5420.021066883412,5105.261064722254,2007.4653836131272,1458.9391343592783,1729.7865074167387,4276.67774489416,2615.5106263643816,5301.396456330539,1208.3995475690149,5791.92572600383,4007.346002921759,865.0952543234758,7364.55784089398,501.7023239252536,5391.558129595283,5860.806558935126,5841.384429473976,4438.229250491911,5978.534949393538,3800.4245093311615,4109.697179022926,3559.135498769329,3558.6998793605794,5655.923051708271,3814.8580733927697,1508.4968232585045,0.0,6065.958283794078,2643.1003016860705,841.8489650632108,2014.734345428449,2949.483413178654,5969.208562424,4625.817899803017,5121.919744281142,2984.26264776142,4510.192524136635,4330.1792647145685,5402.494019512192,4266.146133908213,1707.0554303340593,3015.7850667356915,4655.694561287284,4059.9444034371945,4472.923764514883,1139.6384775941008,1770.08296022983,4319.8547357999205,1343.7364459242,5764.372017374746,2964.7872103442774,2736.840395487468,2794.338754588641,3737.981237979265,3746.2962889963737,1637.4650271007313,1562.1134355868653,5190.077866429847,5066.836672958484,3171.679700556473,3339.3600751977915,3314.779999422737,3822.182953582547,5531.948898254394,2864.9899989186697,2764.7070728482245,3566.783121519165,4738.701273927699,3238.78834501114,4548.199834334679,3776.3203365736867,5616.637955069296,4535.916906510193,4447.275860335628,586.3016099892615,4772.434818450326,5156.594160208073,3242.963962490641,3253.8087597252847,3005.4695170081163,6066.789846550234,3836.188723424461
4837.015658726774,5625.762072617807,2530.9432434703076,1400.7012883612979,1426.834627617721,3517.49413987202,4993.64287039602,6567.829008502582,6515.907823658189,6297.874073159052,4856.186881871002,2323.925646074332,3998.985217229491,6763.213001592956,3032.3240021747347,3130.248892929123,4573.914416991315,4177.960198894312,690.0338146627308,3432.2833746002093,4060.849669245218,4645.692260545568,6776.6014567292505,4061.1333968114122,4452.319283475636,3776.103129833718,5392.497523334156,3627.5475024370116,3266.111155703216,5237.345502477472,2799.9176553314915,5600.997257836322,2088.4791579493917,317.14606178384116,522.9712009059388,2787.8434563482933,1278.2706448362176,3683.647452694815,2145.8040349139524,3879.2227616730133,3279.430195568279,1560.888449684025,4045.6128372868307,5559.860037206422,6065.958283794078,0.0,4609.503162587591,5318.173455197941,5020.078769128727,3379.5786647998,3945.565480892441,1449.2800260943363,1038.4007386693252,3219.8211138797756,1673.1090099249361,4715.247319662671,2658.1844144876404,2695.1475340192414,5673.232699996097,3260.3201312509173,1560.1389862938495,2192.4736309130376,4197.103957781364,5037.80180289747,4328.373878062061,7056.242196611523,6434.692534463865,2647.4473626112,5642.824276788796,3685.228566530169,5843.919026893682,2700.4454350023443,2913.9559569303724,4509.856653825707,5439.206903700667,3143.5929521941925,1221.096491054249,2961.615056957943,5006.059961241475,3201.2306410730544,3304.2763787160725,3165.9011196694064,5697.046089396328,4498.479936079853,4006.430551626722,4947.203808003264,3459.053460934364,3076.2504208610844,4827.326444081652,644.881321240583,3444.8178055631624,3006.5912816320742,6268.858217407218,2367.289716718467,1184.7070325519303,2883.2445835629346,5826.502902507215,3342.3223818873307,3369.3133850422696,2630.10254648008
561.688727308106,1098.1893882250004,6029.922946186709,3227.835903786932,3199.2944593531865,2248.5608482122516,4868.4310379942735,6197.558036676139,6150.285681527727,2500.6499935112865,2682.56181145505,2373.0553484832585,3970.1011165310383,3848.445086050858,2057.1068943056894,3168.3276125964308,4753.665803834341,588.5785528967224,4136.250210657112,5316.751583117646,1965.57369482856,1645.1669386284177,2373.872695529396,1645.7866089703125,184.85132483160587,2700.61370394305,1446.4201552114791,3219.2748578336705,4197.260953109301,2346.421525632596,6771.182442435442,2486.0597547655607,3212.395158278632,4322.831741442176,4606.263706421724,2158.568582441846,5074.634744271256,4258.6052758763635,3400.8114837953012,1015.5920419858556,1367.1235511869438,4907.419673825543,4496.765254885005,3441.1015179474143,2643.1003016860705,4609.503162587591,0.0,2496.367734653891,657.7014061137465,2939.220284106824,3362.1587706747287,3267.149056118652,3967.813973019652,2741.950029512755,2948.9602845343643,5303.566648098711,3038.1360401394145,2089.7894773495727,3684.724419614037,1502.613467750439,3050.9734341742474,3367.202342191214,5160.421592114833,2464.6423757040284,2168.2610759235154,6329.523542564005,2161.4656608755085,5506.316957130783,1124.0606730902032,1075.8512539496335,4646.558311284278,3412.3537717112504,1712.7997177501516,1468.3230645457425,3395.12734864099,5248.693844400147,4049.090939715975,2662.1650113366377,875.5409515425307,1416.4046903339454,1479.8625411226544,3037.5358523778777,1141.887689996262,3796.941682498165,4238.362002430774,5743.1188240579695,3463.6698117870587,2131.2522382761267,1203.656407658349,4405.187954187199,2008.4804590560498,4485.668477634632,2426.909456191763,4442.657920385948,3459.7661480303836,1987.9729309651073,4996.573456114099,1376.4624197565292,6074.89869909038,1979.72501244491
1972.7210920117425,3091.343662514571,5643.016008433788,4262.976074495962,4233.987423628582,4456.427372298353,2927.2052621271714,3918.045030534999,3877.0442092163457,1286.6183770819532,629.1968942993917,3165.1986218551915,2484.578798288354,1544.5809657042905,2347.4894323785575,5233.063271716864,3007.8775840284793,2181.101434180676,4656.939945956144,4275.7634919729835,1277.3625139266464,935.618339675426,2380.493524991193,4028.817739961067,2411.7598608329563,4983.2630543995965,1304.218481536357,5433.752064664803,3168.5578154101913,150.20516123289516,6525.10456188443,343.62643515596926,4837.268809982034,5131.022642769471,5063.900087271964,3958.379859878534,5162.9038124646495,2974.1705742073714,3305.282136067208,3258.7353509166715,3108.6974754396742,4831.190548871883,3011.7561024465444,992.2823238902323,841.8489650632108,5318.173455197941,2496.367734653891,0.0,1981.4562665547278,2118.168554636293,5647.172367400344,3896.2341865314006,4346.533488166979,2171.6663100324604,3824.264470692371,3586.3141769524323,4921.990452687307,3757.8183711129523,1236.4825530111616,2442.842836815337,3972.9733261135802,3255.175424517856,3683.2096864626105,300.4489577698685,989.855413951957,3943.573412490377,1955.4207730882374,4922.5318993303645,3123.979425340859,2259.451695756739,2298.5735507331497,2909.282131836135,3228.581394907987,1144.3514651522057,983.1587248583007,4353.293323798088,4275.182077988376,2380.8086774682256,3314.567702499528,2802.4813281199577,3404.858911098227,5118.4565854710545,3046.011207551607,1983.4930010375635,2756.9354795243216,4009.4138059165207,2396.987620859566,4123.015428234535,3696.762641153203,4839.600228515677,4174.609270055942,3606.6461494205396,1314.2662602874652,3933.360314200188,4476.357772016218,2578.407157332023,2719.965451939601,2464.6504575458566,5231.7904887960685,3260.573242337151
183.3152128575248,1169.8898716793822,6206.4904654702395,3676.807682172675,3647.1499711665265,2902.761483781435,4596.293044603879,5818.753652502656,5773.941338124678,1844.7671917561847,2283.604364150016,2713.0325819188015,3801.987856308986,3236.669424081026,2210.0906502467265,3814.3832063395253,4537.70995262985,845.1538721593835,4491.243163882913,5309.743136847582,1777.3287723553,1263.1550180876454,1799.1127464658796,2300.881634059866,696.5760742603777,3358.295236642097,806.8607230061458,3876.25649651671,4160.269164400303,1835.9490499085207,6993.660253915255,1914.0990923787099,3790.1860043739275,4749.810317366368,4958.555623255022,2747.064505354215,5349.372849340098,4155.860716035849,3570.152104286034,1659.5316418354303,1900.3144510911868,5137.958247122878,4347.525459874962,2962.735167181839,2014.734345428449,5020.078769128727,657.7014061137465,1981.4562665547278,0.0,2880.624966499631,4019.426744751171,3617.521049064538,4283.035373400738,2731.633519786466,3347.069085586522,5107.379466938109,3659.042107133778,2646.084819627103,3208.502460610557,1778.6841033868266,3465.4652698731516,3530.284503284402,5030.502696156418,2009.5591558608069,1888.4452626541758,5899.595867170903,1537.756906558381,5623.095092963838,1202.7921667619894,1339.8291602607394,4227.3324117274005,3474.761509252109,2207.4131337674416,1144.9534579034207,2933.7521388736986,5278.744935547464,4329.3104755249415,2723.8442012099367,1347.2025163515689,1838.8027832054202,2071.156581065275,3684.5328058934415,1153.2220720576759,3532.403048933119,4081.6337355075107,5549.284756301932,3380.425554422549,2756.332868344641,1765.8201732127202,4746.938705411731,2657.1868806770062,4498.581900012603,1770.1192152860783,4550.252608884478,3911.973762304266,2226.3076581267915,4610.536835535315,1682.305154997154,6135.262100758369,2427.5500039867347
2737.0362743160717,3977.1006473592042,3556.476329454478,2641.7530967266794,2618.6291926229264,3847.7993628400113,2212.9226273832983,3787.5737944032194,3734.5171946531455,3322.3133099479046,1551.464650495783,1731.1393128942568,1133.4897339993865,3424.71447625667,1122.0075779802025,4309.722758579489,1960.9021586955835,2355.7337783851976,2691.613526166786,2431.433920792625,1148.2859632273662,1823.249609123501,4184.696971481328,3777.481576178102,2761.9055298335243,4386.7419350777855,2758.2778165386103,4672.544487468578,1279.6563557271927,2085.372678797006,4424.815988386975,2448.8298998501305,3549.371153123466,3253.054369703187,3045.9849744555536,3040.0732304906733,3056.944189487273,1324.302150556662,1249.7043979537723,3050.312058037341,2506.5407919531253,2714.9130790861427,1598.8381801802207,2182.8552740447544,2949.483413178654,3379.5786647998,2939.220284106824,2118.168554636293,2880.624966499631,0.0,4966.19755375277,2093.1522109722455,2352.4175052275477,270.9499687839069,2199.193742990826,2448.3653106193115,3856.2990142743083,2787.4774470642806,2294.518216882359,1708.05581889176,2340.9271929985352,1200.3389256360056,2233.5802058905338,1817.8995347887078,1227.2030346279303,4123.241046239354,3766.6572208701177,2871.924907114564,4007.605972179526,1961.8544693070385,2622.92814154334,791.8490681746111,2363.062707796812,1819.4169589563576,2061.413930224835,2420.3233063442162,2232.8396070083045,556.5718952031265,3770.616032276556,2109.649437339057,2814.125232814809,4231.560042520725,3988.8186198051167,1299.581269602251,1361.3257752389763,2873.298117041808,528.4567525048762,3344.901127559079,3939.8127169808467,2827.3922174924724,3577.7271931639784,1636.7279408881611,3324.0233220800365,1836.925355376478,2801.6838438546206,1389.110589573415,2748.6190896326466,1835.0807767259182,3294.279901542217,2178.312891213978
3912.446157901985,3687.967065959917,6356.745376298315,2961.113231159018,2958.546313562963,1194.2095801876656,7177.666176158166,8745.442127701148,8692.821138204788,5862.38992122641,5599.315446000341,3299.8040950074596,6078.521256147913,7128.128845448994,3867.5560574250244,826.2232689400607,6894.084235068281,3483.9063726978943,3993.0460307469534,6601.295721127861,4631.1149218525115,4712.002952470319,5579.68508211037,1723.3017697852574,3360.5194756592323,668.119448190217,4799.373613503016,331.7669279072283,5815.482082258787,5502.026323851333,6741.410471323119,5730.275457799564,1900.1715915635093,3651.2499876076686,4312.161929717969,1927.7820207653149,5089.039059407974,6096.806437828661,4465.896146450899,2411.731010703308,2594.9599928756124,5198.065300029714,6451.577524680456,6448.704965155795,5969.208562424,3945.565480892441,3362.1587706747287,5647.172367400344,4019.426744751171,4966.19755375277,0.0,3555.3409874410077,4115.267375133844,4695.252332014116,3173.640743167065,7307.378092650194,1340.4185981673784,2181.1934971368314,6670.10528686954,3396.1321173137535,3114.0236289694394,4471.417688556617,6945.271582593872,5514.976053299324,4949.406177361078,9036.893233112416,5460.469291778226,6217.190442803325,3680.4526085862044,3420.224390124133,7417.309818053982,4886.005543350211,2623.5429975893285,4503.333718548738,6368.227967199745,6391.169164257271,4350.253986870766,4428.77814581968,2954.2669389987427,2970.276420130793,2276.488397928924,827.8778564365639,3793.590711977769,6223.023474458457,6262.019438396051,7688.634741415149,5415.03106582483,1628.3150303629823,2497.0016122670004,4240.717762725669,1479.6154104513105,5851.296093190294,5789.0487724558,5430.389283786661,3027.772768385368,3585.09743709777,7645.831103759289,3314.0157761979654,6947.900448642382,2788.7908782174754
3434.318742165323,4330.709045944902,2991.3228424427875,651.4408958002251,640.9782214279983,2735.363395428475,4041.4027487174553,5660.919204470242,5607.444832478515,4849.046406124095,3470.6516051168264,905.0207545830093,2950.2848263040637,5374.241725080106,1584.5529596289928,2757.3469864447598,3669.672919797758,2786.947553330166,874.2734548469376,3057.365911807908,2627.103691921771,3197.7163707191103,5347.583229130052,3075.7630385874977,3097.9276984799053,3158.3300459742954,3949.1760310385007,3225.3358800194746,2421.9782493823104,3808.227732085491,3603.478997824325,4168.2830704751805,1751.2634501493483,1236.0610384220513,1343.3106694301955,1850.107272376388,1858.165202802485,2783.9403334175468,1040.2321094376002,2687.6796091026176,2027.9745805687505,1795.5329831893928,3161.6307440876144,4223.46394146002,4625.817899803017,1449.2800260943363,3267.149056118652,3896.2341865314006,3617.521049064538,2093.1522109722455,3555.3409874410077,0.0,723.6749254914115,1885.6625690175854,414.0515700441187,3963.1973389668597,2237.2642215341934,1657.5445133600479,4362.146494126143,1840.6023726345675,441.51891093587375,1067.3327105663911,3523.312454952016,3623.8265150833313,2908.1704000450186,6079.387528923042,4996.528008130946,2702.5758901390727,4351.357574344471,2277.840708550534,4689.720367729616,1591.802934476815,1665.5622411432123,3060.5769698048766,4106.530270582819,2837.6037597657996,879.7279911682928,1599.190710334449,3784.547438998882,1854.0730605067859,2149.045801172465,2730.038692944845,4391.349140530048,3337.1669166754305,3041.8501760507534,4291.485842774039,2316.9690494924616,2201.6651218357433,3694.827459191295,1138.2008094905752,2562.1733481169845,2354.0161908946166,4819.651702711515,1878.564171045802,738.5394029149699,1437.72705962467,4755.335015196827,1936.2533747495443,3416.7895229266023,1345.9942081781037
4100.803591829899,5041.198706870421,2300.3598513026177,1161.603847101928,1168.6853534745785,3396.6979900457736,3995.133602340728,5589.708792694392,5537.111383029332,5391.838019453663,3855.543091226579,1594.75864064284,2973.55663090263,5757.96718403127,2150.2206705363988,3295.308529648324,3585.81754711335,3466.7579076445472,351.3061484930203,2646.6220617462554,3116.8331035985866,3741.0535972362118,5975.297470622362,3782.281832953752,3794.8559696275693,3781.925021260601,4551.622496749484,3783.5857575704554,2279.5971072665448,4276.026028270876,2881.537578896378,4643.64127038825,2232.8863781343643,982.2019878711303,719.5283226392135,2533.2387031870876,1134.6004695966772,2687.973226409817,1109.7967573299175,3411.351637155718,2750.8605721439244,1106.1429095826634,3058.503238913603,4535.234162376404,5121.919744281142,1038.4007386693252,3967.813973019652,4346.533488166979,4283.035373400738,2352.4175052275477,4115.267375133844,723.6749254914115,0.0,2208.5555861795733,1119.4186661196068,3779.0842934109046,2775.4535837855406,2358.3639715669415,4642.27308929688,2506.838817710664,1095.0271005198913,1157.3141245297231,3285.51443530918,4058.7368933649786,3361.38900909743,6059.20887544323,5608.153752337573,2104.4718592682584,5062.585607051993,2950.081939511681,4809.532671183449,1662.1703601454333,2389.153550143858,3626.6835906520714,4413.830604021409,2387.8124820550715,256.0939368434948,1968.1130556279027,4506.374505950654,2562.813348609297,2870.5905019114102,3288.7267476324328,5099.151631005397,3461.5732841518748,2997.8646325217887,4051.734677519865,2421.332310998431,2876.851695998422,4417.860847111529,494.79802498595336,3244.7412399518084,2079.736101539087,5370.197332679778,1485.1076315991377,1095.630352632219,2063.900111328065,4804.29508468183,2613.968099674516,2839.979636057977,2069.062409964958
2579.2111526685835,3799.1251379801906,3588.8480372144486,2408.3790735150064,2384.228347022365,3578.351515309808,2483.578784517415,4057.667798405631,4004.652826749405,3323.972490702202,1648.857601745524,1467.672228326202,1399.1516818422513,3549.4221673283664,857.1854353714835,4040.2970511626986,2225.9682553120565,2154.3971033607054,2537.8195934597084,2586.167565425914,1071.3871458445822,1757.1163113786745,4122.530936052391,3519.1033003430002,2561.53541938834,4116.64816701379,2680.605467463088,4401.693959834667,1455.3171587695242,2120.719208167126,4438.955914654368,2489.280305877986,3291.2379202848583,3074.531821418832,2916.5018229311977,2769.155906490279,2994.4422732482253,1552.9121568694736,1135.408998534449,2800.9765785239974,2244.330898434765,2676.2462322635783,1847.5442803792282,2346.7453568994233,2984.26264776142,3219.8211138797756,2741.950029512755,2171.6663100324604,2731.633519786466,270.9499687839069,4695.252332014116,1885.6625690175854,2208.5555861795733,0.0,1961.3268770426816,2702.934873447749,3589.3622381427317,2516.6011354149864,2477.544298196301,1455.0305741371897,2105.7992428092475,1085.1931953366645,2464.231783532142,1875.4461300354644,1221.4676324913407,4388.584184464165,3712.0936476394286,2936.9857178517227,3828.9242097540923,1734.369988892797,2870.0847344850295,787.8425000169768,2093.6757930539293,1723.105272359759,2227.8424419848457,2547.1405012179835,2113.720044636233,300.6559622591907,3557.0845681413025,1848.9539107898281,2549.423547541091,3961.4796075196446,3816.407211632427,1561.594878182238,1617.9801490061616,3123.284747856974,768.5997821102998,3074.2213007085224,3708.0176319845086,2694.3424923674793,3309.1420131086848,1767.4509222323545,3318.570136408149,1876.4860744852333,2577.6787238017077,1119.7412524083409,3010.3695698045117,1585.2002900873438,3407.6792968589343,1907.401832054536
3164.057138710994,3990.8236201251743,3403.173986084167,451.59165783371174,425.5196138663883,2323.5298292059865,4264.7699677854835,5883.13696410512,5829.555729986462,4692.906075832437,3453.4805184850834,678.5380411693952,3157.37665963122,5336.701295217486,1476.8550732245192,2389.888406347041,3914.643119871976,2504.9143697629665,1205.3626722783479,3427.792614104447,2547.051717913281,3058.78857391566,5109.839012668109,2665.820402638745,2787.036663064374,2755.1454751471833,3745.3094606348623,2845.8103848058818,2713.146900279636,3723.7958293549073,3999.60250207755,4073.586591314587,1432.9511228806796,1407.6760965907606,1671.0443758359618,1436.1883601714642,2250.4192914837004,3048.396628626432,1325.6324388853038,2306.5728248711334,1660.1742915323682,2206.600833573893,3422.268618928678,4245.419059782555,4510.192524136635,1673.1090099249361,2948.9602845343643,3824.264470692371,3347.069085586522,2199.193742990826,3173.640743167065,414.0515700441187,1119.4186661196068,1961.3268770426816,0.0,4247.707789583695,1875.5375223665883,1244.9172297602759,4402.888709068286,1596.306570035969,149.9237627929611,1341.0273619598515,3833.1143602105058,3567.393757930991,2850.9250671825803,6274.543044044004,4776.503991297925,3112.8956132875705,4009.9821315428576,2014.074185241944,4821.7147314300955,1827.3850539393711,1292.5796537103624,2902.8642413237308,4132.860296903948,3219.7769539340766,1291.8086044971983,1661.568372203804,3416.7736678850997,1534.1071819142885,1755.5329388151624,2353.3934375603244,4056.3304995290996,3484.6401634867543,3278.5780893216497,4595.402518517175,2501.0903930633935,1788.2465379751195,3305.464833615085,1484.7100358753557,2148.1431602332746,2692.8087597543936,4657.0099928784775,2258.5333159165484,652.2842779110962,1268.449327218474,4924.552733315483,1671.7693220719777,3822.880652659326,983.5438061545611
4998.0016342624385,6265.827105097379,3326.8752318140814,4612.226632487284,4599.019734485274,6243.159902025575,775.1672625214514,1908.4313897696197,1860.4096261339866,4838.0783602981255,3002.235620206049,4007.6026084456025,1337.6960474943476,4056.878004229607,3557.621262902081,6586.091737292611,582.1035764681404,4740.519569607217,4105.155615053831,1535.215137347531,3351.3790809427987,3870.833287145417,5966.3172095413265,6221.872811418199,5136.823410005545,6768.743407192947,4729.369113217217,6996.562073001639,1541.2201853755353,3657.046576773257,4164.522956837313,3901.2969654272665,5680.647965023092,4746.736754701802,4218.124961091243,5389.392221170212,3737.1745297371376,1211.3231062821344,2929.395121879771,5498.494643760236,4944.875860072626,3323.8646892322495,861.5353796809507,2879.32038399498,4330.1792647145685,4715.247319662671,5303.566648098711,3586.3141769524323,5107.379466938109,2448.3653106193115,7307.378092650194,3963.1973389668597,3779.0842934109046,2702.934873447749,4247.707789583695,0.0,6092.467680983214,5136.963785073046,2758.3340649031256,4155.91533932466,4355.017188039101,2909.265418201818,546.8431653865666,3361.008394119985,3221.9325880104943,2467.4799167022625,5539.806120846199,2591.108771866785,6298.069075404064,4394.927196051375,2006.6554763047895,2433.78511413662,4768.6782956496445,3963.3523724284214,2796.3043180185164,1816.4561125072632,3540.1549943635237,2921.9175671058892,6163.887959717388,4551.1533394410035,5245.035241290282,6526.780737897819,6258.60696510813,1618.850093036721,1087.2306459155757,441.93715002927735,1936.2798295391085,5718.708949954526,6369.283516751943,4070.670438300919,5983.987052260474,1709.5336424300049,4879.797491699835,2349.94547112417,4686.213325489995,3804.993659538081,1663.70217061979,4283.445895952579,2387.7687470400056,4542.024933454791
3508.2806201524136,3737.660458999988,5021.2899626650715,1625.4385079879214,1624.5490338336972,1028.4291060666262,6036.600157871979,7637.149382930846,7583.820382329805,5410.131349970165,4745.625431029824,2129.1369816432666,4924.795907706734,6459.412658382572,2829.666338019732,522.0087069015228,5719.338083192669,2926.8099014845498,2655.856862191372,5293.9929604730305,3756.45003384472,4006.2345232941616,5409.154817789744,1745.8163125827414,2963.0632982239854,1130.123328463314,4340.387606235186,1009.1263780052525,4571.617182291842,4788.630190407483,5434.564922392592,5074.580520131787,572.7268517906248,2352.3089198372736,2990.659451185307,966.6244075508337,3758.189101913979,4883.24527958406,3194.566606445387,2031.3032159333084,1843.9494899557308,3858.1760168628903,5249.595948743579,5596.644930650684,5402.494019512192,2658.1844144876404,3038.1360401394145,4921.990452687307,3659.042107133778,3856.2990142743083,1340.4185981673784,2237.2642215341934,2775.4535837855406,3589.3622381427317,1875.5375223665883,6092.467680983214,0.0,1168.3379546967565,5797.07807998771,2498.644187152905,1799.3573004873153,3205.7606638300367,5698.134690760916,4735.486895694043,4086.766788696537,7977.598933872397,5193.336236163609,4878.512235020016,3742.05665248323,2676.6893840640155,6419.568684880083,3658.693710171706,1696.2013046419343,3803.6816734891213,5501.3575955511205,5073.916591830221,3012.134517666168,3301.6119823505915,2995.1719018129825,2119.5123245015584,1600.4598469452458,518.6686807018522,3834.212146674333,5149.26632718196,5081.344567135848,6454.76352940005,4256.423238572616,907.1684719416786,2646.6508326458556,2908.2147114974164,1120.7825194389854,4568.317599686454,5349.254237314301,4115.768873364246,1687.5601610683393,2540.8478526240015,6595.634027995337,2460.215979657071,5610.759981722619,1733.5320765102674
2478.5270897680343,2993.2523173052086,4648.090837590203,1309.0773183463991,1286.9208894384294,1135.025553469172,4997.247393842835,6572.14720343131,6519.295748695867,4310.013484279718,3579.3232387324283,1139.1309582958402,3897.3551406370448,5298.213722343975,1705.4596494121456,1547.642491740906,4713.933984697813,1846.8597705177833,2392.119913957492,4545.132716313243,2590.0516683844353,2849.144689884492,4440.05535732574,1424.52806826998,1973.1207680577998,1636.4099372278329,3255.671761152374,1885.1262726865275,3669.5828500385433,3626.2698181002747,5228.447491124779,3920.1094361463943,1150.256170998878,2384.3712665918865,2833.5867407095548,253.497965928723,3479.436474238321,3929.251461386125,2374.9084573947257,1206.2734175915512,747.5745163507114,3451.45552636174,4278.191438522825,4431.42085546126,4266.146133908213,2695.1475340192414,2089.7894773495727,3757.8183711129523,2646.084819627103,2787.4774470642806,2181.1934971368314,1657.5445133600479,2358.3639715669415,2516.6011354149864,1244.9172297602759,5136.963785073046,1168.3379546967565,0.0,4634.650224802407,1330.5236178595248,1266.8567103646722,2371.104459308572,4795.470693862073,3567.633096254294,2920.0651173102287,6881.295678494349,4178.235601974236,4336.149501254425,3006.248450914362,1529.4715226064197,5291.235013286784,2735.101791624033,529.2622282158437,2649.51147544788,4337.644958949153,4368.242285874834,2536.651931769315,2247.6342928586046,2327.5628815662535,957.9838948547098,634.4036902737881,1456.5491243902488,3075.0992329048504,4056.9926400994364,4083.390768389672,5526.880340598663,3234.437502306699,591.6598849896791,2132.7154492242985,2675.103681584136,919.9609180421745,3753.3007612063275,4254.561318167597,3416.716238611717,1511.2687500825252,1417.859394221091,5492.343633266676,1293.6190371454034,5030.749813239076,609.3621556324281
3185.4612016197907,4327.798583368917,5431.86647774676,4854.439847681296,4828.323796580756,5477.405780302661,2004.850633834351,2715.0439941719173,2677.3197910046156,2231.146245549135,1070.8351819010245,3815.7912117967094,2037.9600289507644,1336.9115978661414,3008.524172829595,6168.3814024248695,2232.553142302328,3296.949548526638,4984.374730657898,3817.190393512485,2050.0597423884997,2048.863676044846,3434.413679171453,5133.237856260511,3580.2774692964795,6019.649557434802,2536.4169013870733,6428.088567337883,2885.2020299514556,1376.1442930056428,6332.608694781796,1417.5420105820494,5615.408079382299,5545.741443587142,5323.514590082195,4862.110278862975,5234.776949007953,2556.4498879817693,3533.529714185803,4347.408208048217,4078.715853330556,4851.013592725751,2438.365405730035,245.76967697419477,1707.0554303340593,5673.232699996097,3684.724419614037,1236.4825530111616,3208.502460610557,2294.518216882359,6670.10528686954,4362.146494126143,4642.27308929688,2477.544298196301,4402.888709068286,2758.3340649031256,5797.07807998771,4634.650224802407,0.0,3311.039822452307,4551.449093189663,3485.389678979669,3012.083524221233,1220.3100518704257,1724.4027923501515,2708.4609225706026,3035.919933319059,4663.454424401079,4360.444775938346,3252.311552377017,1094.733630188184,3009.930168966051,4117.308219410469,2243.865406034194,302.0886341622274,3973.6247441881073,4507.276460246254,2763.895429784745,4526.579313906695,3721.2726928431357,4394.38388187218,6064.548847731462,4282.255874039406,1412.3707542539958,2241.033110859588,3132.2954268378007,2297.5656417488926,5081.067770403874,4888.139574422667,5108.8974138982285,5191.306169973988,3337.6687405170996,2292.4790653205537,3830.7059659947804,5038.739214350849,3286.955381724857,1547.8349640462316,3372.468169789301,4801.982639828053,4069.646231170469
1595.8134403093622,2599.883661025047,4527.8021916532525,1972.2890916762176,1942.052117327699,2222.3515218079247,3881.3682375503877,5393.0467022194425,5341.399324904476,3137.0805492395316,2250.627287421887,938.8234573219822,2836.9538147054845,3987.2247941810356,621.88873497194,2857.402959498012,3663.066883716021,963.4995025556577,2713.412194716092,3915.446510157047,1262.0522317657853,1563.4869362770514,3516.30517999007,2072.101068515964,1320.6475971980567,2770.5799101018542,2154.4465876110744,3134.6266317526556,2853.92791349624,2317.033999938931,5271.805947582384,2630.2509883526327,2396.129073544453,3003.4952854008275,3180.1175020695377,1551.6989303908147,3590.264745281328,3002.5242920464443,1905.5182046060331,1346.7403624967953,822.5933747149926,3407.9899797406974,3302.4140694788716,3103.8390192026714,3015.7850667356915,3260.3201312509173,1502.613467750439,2442.842836815337,1778.6841033868266,1708.05581889176,3396.1321173137535,1840.6023726345675,2506.838817710664,1455.0305741371897,1596.306570035969,4155.91533932466,2498.644187152905,1330.5236178595248,3311.039822452307,0.0,1726.7493142694452,1874.328965645305,3912.108688466618,2240.87464543758,1591.1412480512224,5652.5825769282665,3180.2404836321734,4018.985406030358,2624.9917842745717,443.985907400224,4021.488363311524,1986.6981136370466,806.9545022428463,1378.3233407615216,3012.3459807307995,3815.464161924863,2565.3533678822882,1278.8342679800226,2201.432310528988,428.2360895872742,1143.0447907256307,2754.6563162739553,2644.1631040073903,2867.364985996899,3069.2217476748074,4578.138369257312,2223.6223549735237,1779.8189572582935,2285.349056620017,2968.2620179621945,1939.5870819648699,3079.4213169155664,3094.2247406162987,2965.473846430786,2205.145489618769,486.759897408363,4262.4263510227365,138.44709375425666,4613.3753640068135,823.2486151637302
3282.815326702677,4080.787128367884,3393.2205107670206,303.36338876832184,278.46820955541756,2310.2876796122164,4389.076583237641,6008.436284452887,5954.862002627433,4833.794148733788,3603.396904404787,821.0720878948449,3284.3355696192193,5486.358632697101,1625.4840657333436,2318.281762949879,4033.3945320839866,2621.486728893549,1137.7487786765585,3494.7707184845476,2695.8952448351915,3202.8482969764586,5235.320485428279,2691.321956426804,2892.467873741211,2721.289904375864,3879.2044840215635,2784.193309327676,2816.767341031382,3871.8909654416925,3962.0083756379163,4220.913335018382,1330.64478908723,1284.3860774864388,1595.2329371088726,1438.4699349301668,2212.684026259511,3160.9186436055265,1426.6414363549798,2372.605989076146,1739.9586060320516,2196.695353890703,3536.3068330655365,4394.709072100792,4655.694561287284,1560.1389862938495,3050.9734341742474,3972.9733261135802,3465.4652698731516,2340.9271929985352,3114.0236289694394,441.51891093587375,1095.0271005198913,2105.7992428092475,149.9237627929611,4355.017188039101,1799.3573004873153,1266.8567103646722,4551.449093189663,1726.7493142694452,0.0,1445.753725387903,3931.0420026016004,3716.764992210968,3000.4449878109754,6405.670384934664,4906.284014540638,3136.354991324324,4099.136768559571,2137.703251070176,4962.452179374629,1945.0366998524732,1371.5416506296847,3044.904517037275,4281.979816583096,3278.027786037971,1289.6833606513655,1806.588637721936,3490.64133870912,1641.1012283698406,1811.449236866714,2289.1576571975115,4148.6975216441115,3622.51197825611,3398.8621517163656,4696.021472452187,2631.6661056486637,1784.0987262912329,3361.1462274747882,1420.3925695739897,2150.4743083210733,2777.1937854813086,4797.021645711848,2318.1535876997023,503.4047443598441,1412.967632607697,5059.8767832050025,1796.7690406819124,3854.560240726431,1074.2337276407777
3357.572887210195,4464.992949964871,2677.6498935389222,1708.2183167645753,1693.4700857263465,3506.093085519122,2976.4481621993696,4595.137924181276,4541.705674341414,4376.809870470729,2729.5696344231637,1254.3181766111018,1895.041718362158,4620.575968622203,1325.0563117490517,3712.2883900355855,2602.3511238482024,2799.097363317682,1502.4470585897527,2177.063206112767,2090.364906438108,2758.636209065994,5089.3081009035,3670.832469072921,3182.990340283489,3993.065640397237,3641.101443210832,4149.5441276846295,1372.232209306428,3199.4625343719845,3471.469593555444,3568.60562311458,2772.8962228792475,2093.0190197726342,1845.6831394938838,2610.4158412178313,1925.7334526899094,1718.976322272067,50.231447759346956,3095.523033310687,2434.5499302934822,1640.5822622203375,2096.0367844751677,3381.927826953438,4059.9444034371945,2192.4736309130376,3367.202342191214,3255.175424517856,3530.284503284402,1200.3389256360056,4471.417688556617,1067.3327105663911,1157.3141245297231,1085.1931953366645,1341.0273619598515,2909.265418201818,3205.7606638300367,2371.104459308572,3485.389678979669,1874.328965645305,1445.753725387903,0.0,2493.4997763426813,2959.993766900532,2290.3035971366335,5021.909485493542,4695.129343752949,2145.0194567042977,4491.196926927387,2291.455467231471,3684.2465520859214,535.4305906856649,2143.4762261646383,2681.7461012491467,3260.0666465261106,2018.011431575649,1033.947771379193,897.2217680512438,4066.1013095969456,2112.551707016422,2666.8428287013844,3665.08194684007,4503.241969904015,2329.1895886960338,1975.2932711395035,3254.4770573695864,1289.3556864717357,2961.743526581091,4098.29675673407,1627.1955668013602,3280.8934799569456,1385.103197673372,4365.142077873869,1104.6706686184805,1804.1866837068164,1388.9815525369656,3716.1277162942074,2008.68783964856,2760.457809973556,1846.419605303735
4905.919582060024,6167.915803034036,2797.888345767214,4174.743765262367,4163.617956712767,5918.269592513168,1173.5508166232094,2455.1960416471843,2407.243566666655,4962.565289349955,3068.908792558033,3656.9938897036727,1241.2410063883644,4341.877493135429,3296.8089928925215,6201.4073642994945,798.9617631032165,4582.33646083098,3602.9503979036404,1001.7637686885064,3253.644826272991,3835.0079917164444,6041.729156658795,5952.72204731894,4986.3942386872095,6431.880570816905,4734.135962424505,6628.209336650812,1129.848324764435,3733.7052335562057,3650.1916190437178,4014.426058247679,5261.564055540233,4242.190936204192,3693.9619101508074,5045.0681933349515,3194.1982064853146,911.3711296178959,2507.483274884401,5258.367617716547,4670.914184559699,2782.321957636283,689.7833164842422,3095.4795806919806,4472.923764514883,4197.103957781364,5160.421592114833,3683.2096864626105,5030.502696156418,2233.5802058905338,6945.271582593872,3523.312454952016,3285.51443530918,2464.231783532142,3833.1143602105058,546.8431653865666,5698.134690760916,4795.470693862073,3012.083524221233,3912.108688466618,3931.0420026016004,2493.4997763426813,0.0,3430.078816216473,3176.5514333355286,3012.5234622297967,5612.229560799611,2052.0011777523423,6199.411409621482,4194.239576826531,2408.2802980189,2061.4920152891696,4463.732917333877,3900.5031613164983,2998.1254413284646,1274.530238053613,3040.9155407168087,2642.780468704883,6001.900217750791,4285.874054972333,4958.641803922623,6149.546710214338,6169.868377413735,1708.2189716980083,957.2533092760765,770.4465207929751,1705.1354023683866,5384.0914230707485,6171.059342798933,3553.9755248151328,5668.8620692559625,1205.7786761134898,4995.742796472412,1830.106520405028,4232.542405324961,3521.933441543863,2122.965609178114,4045.168301618735,1906.3241022525524,4215.327680667898
1973.308925113602,3155.5059041925433,5344.312245835286,4010.099556232987,3981.472652687696,4321.050824952768,2731.2537237045553,3819.8845486801038,3776.4547021158614,1565.4469371077387,361.5421194287048,2916.934277399647,2216.4263383358807,1773.2852531730477,2093.7303659268064,5066.618798423363,2779.6350179755614,2088.5955093722673,4372.53529970165,3994.0530056978464,1026.073069352276,831.992819940172,2613.7269250554846,3934.370055275685,2360.6019273143024,4855.825891088868,1420.1816901741834,5289.426700080454,2878.491543689507,304.77567559764344,6225.538025122808,638.4646371984901,4624.297796102668,4856.494779604731,4774.946402658149,3777.5305906897693,4864.547708216767,2696.63979839837,3010.155898961049,3153.4252572542446,2947.3469141399014,4531.392036497615,2751.71455534345,977.7031121153295,1139.6384775941008,5037.80180289747,2464.6423757040284,300.4489577698685,2009.5591558608069,1817.8995347887078,5514.976053299324,3623.8265150833313,4058.7368933649786,1875.4461300354644,3567.393757930991,3361.008394119985,4735.486895694043,3567.633096254294,1220.3100518704257,2240.87464543758,3716.764992210968,2959.993766900532,3430.078816216473,0.0,717.549509068886,3890.596514658903,2184.8863180540993,4626.168852760349,3188.486060732899,2101.4370811597005,2218.482235350331,2609.1846232484204,3039.2927643682174,1032.6213304600087,931.7052796083108,4064.945676084737,3982.804397860633,2091.1075364440253,3310.926733905176,2620.295745589799,3252.7695717480515,4955.483228787784,3119.3800923204276,1745.6377433705998,2492.88454907262,3790.484826352561,2101.340483793381,3961.5385822209278,3667.91299021678,4550.924102648165,4036.640563567928,3313.722780373307,1586.0666304998035,3633.610582792273,4219.6073227381,2336.6991838544386,2612.6742173374773,2275.815685178832,4944.867984604038,3048.360961940039
1789.8959193545309,3053.935125533121,4782.544661170453,3294.8536310502477,3266.387606594937,3758.5427843556604,2716.990933066395,4038.884156195867,3990.6442629029207,2104.2823830268117,659.4863387046009,2205.021031184964,1936.5263364906764,2486.452082080408,1380.0774879639914,4446.502112278595,2649.904523087011,1675.0363300313818,3668.6069014932636,3583.318749958061,330.5411184784739,658.5388476840219,2972.3888932683417,3455.1469723508144,2025.1632420091473,4303.073550917995,1577.240660732851,4704.245502861538,2430.385773232925,914.8772322956778,5646.184110517917,1283.3115119408842,3941.5432699496023,4142.120736002876,4079.904547985039,3142.6865005638087,4211.646809474888,2340.580717435099,2339.9683512143924,2667.331945957983,2355.689719726476,3897.7089073214543,2487.4985954653316,1512.9752506650593,1770.08296022983,4328.373878062061,2168.2610759235154,989.855413951957,1888.4452626541758,1227.2030346279303,4949.406177361078,2908.1704000450186,3361.38900909743,1221.4676324913407,2850.9250671825803,3221.9325880104943,4086.766788696537,2920.0651173102287,1724.4027923501515,1591.1412480512224,3000.4449878109754,2290.3035971366335,3176.5514333355286,717.549509068886,0.0,4208.814911028163,2549.695975490607,4097.309292973256,3086.5460809307547,1540.8379306143788,2532.927364236882,1994.6507206097517,2398.0773887303976,743.6179635659694,1423.8961080868924,3609.4174948505192,3298.42203057841,1402.2787737857268,3043.703229199752,1997.2347987467576,2672.9219658091415,4341.405323779157,3041.518758473141,1647.775604237725,2219.8868818590736,3663.5781334258454,1625.3401797740685,3356.6928089811854,3333.7327001191925,3855.329336992756,3472.319395206179,2832.348981874233,2101.7146357895494,3062.891138869451,3502.995890610779,1631.5976774698481,2847.2757447414533,1648.3608875998607,4490.659594483309,2373.2020080829616
5861.453762744614,7033.009616344485,5779.503012976548,6694.631396766816,6675.337668600743,7874.415459216321,2064.254351562811,606.9034829567219,641.1444755474391,4821.881369988274,3646.963510665414,5854.3568499555095,3129.12877505305,3398.914426383371,5176.485690020209,8420.769104013065,2483.5364281668994,5879.074921504062,6403.835464649682,3998.970705094,4487.083674779646,4686.289661856168,6027.76641618336,7650.525250958001,6206.0657184341835,8422.377389304576,5244.872556956365,8758.717873532405,3790.137781265478,4080.1166426954023,6589.698840027972,4113.46276523138,7665.452369445916,7041.403901889168,6585.269279749311,7129.895550473723,6175.061451747748,3373.732373190559,5055.898197164378,6865.9334583930395,6472.016765968549,5758.006525688036,3011.2151250624725,2951.420555039217,4319.8547357999205,7056.242196611523,6329.523542564005,3943.573412490377,5899.595867170903,4123.241046239354,9036.893233112416,6079.387528923042,6059.20887544323,4388.584184464165,6274.543044044004,2467.4799167022625,7977.598933872397,6881.295678494349,2708.4609225706026,5652.5825769282665,6405.670384934664,5021.909485493542,3012.5234622297967,3890.596514658903,4208.814911028163,0.0,5661.458510786068,5056.314075694468,7065.768936178142,5721.206567452796,1683.2272122601275,4489.379843691554,6413.621132994761,4862.041089514258,2968.3760280426063,4283.6688781057765,5842.8644828311735,4679.561605717463,7191.455518065031,6080.8090379054,6793.924809943219,8336.391936594691,6989.371427808726,2828.6468339168823,3063.6220207501124,2455.389658352621,3774.006228254135,7409.0505051546925,7522.702813239999,6415.400126883746,7592.157340052036,4087.624325623504,4895.848995275997,4736.645072085516,6817.508734444937,5463.453440325267,1391.1082385177656,5748.543941061423,4782.374598500833,6274.627729840552
1700.039310768136,1943.4031486035008,7300.853934271046,5141.913900939999,5111.793691928499,4397.104467324491,4879.688967716078,5741.2343492929285,5705.779077458309,844.8362909108487,2546.359310941211,4111.3330431723725,4387.508387762353,2425.1900993598424,3459.6979477913965,5327.203393928281,4959.958985492521,2343.2779996871905,5855.980182356238,6120.422680610221,2640.707590900969,1955.0239241717738,429.66209642927504,3741.463416740834,2231.0389148672416,4815.373098589246,1058.623938747844,5349.718346531526,4974.386446022866,1884.3339958489314,8143.8465695843015,1659.205383977825,5325.273877626578,6183.216971748283,6312.28437499088,4284.601575448177,6601.732478956187,4846.187168714185,4741.21874444388,3177.0371805726477,3430.832640380175,6335.6987610228125,4929.925315436837,2822.5522536293283,1343.7364459242,6434.692534463865,2161.4656608755085,1955.4207730882374,1537.756906558381,3766.6572208701177,5460.469291778226,4996.528008130946,5608.153752337573,3712.0936476394286,4776.503991297925,5539.806120846199,5193.336236163609,4178.235601974236,3035.919933319059,3180.2404836321734,4906.284014540638,4695.129343752949,5612.229560799611,2184.8863180540993,2549.695975490607,5661.458510786068,0.0,6637.199732836884,1966.1720601422453,2776.441367430798,4129.112202112338,4499.907713884808,3721.228417118331,2013.4166846475173,2858.788994175331,6157.510382654665,5612.206427029034,3809.8790045644496,2556.1777450130494,3327.7784171822495,3608.8903841754463,5195.78977276227,1848.9160988928081,3929.2066719911795,4667.828606542982,5964.529392434326,4171.072517715437,4288.305622213161,3028.081204744186,6092.430050902512,4166.629643355646,5381.903097636096,766.9156997252048,5586.942553728649,5376.651750861775,3560.3048261397507,4583.091365835946,3112.358336517503,7039.387073120074,3913.4684582068626
5457.686407819068,6602.391581522866,776.7604428168314,3256.9093040872353,3260.752428052458,5436.317294734092,3169.5614885501122,4483.873906844951,4438.299989100894,6173.966760750336,4305.998375099671,3324.1333097138267,2625.885483986116,5979.11271612277,3451.6453738288355,5399.083991048574,2739.467314531422,4931.3427282576895,2281.135373080037,1057.4469741003566,4002.799360120365,4686.820895123046,7052.891102557163,5723.847878149802,5321.650251451142,5857.346038419533,5616.179867776316,5885.423799400855,1790.3843000322581,4915.39476681436,1673.5933762117966,5264.396862478455,4337.017135286647,2816.3361044268136,2131.5494281268734,4544.518235835015,1400.942219806727,2111.7635188903137,2115.712360279629,5212.809677877085,4542.262395707672,1092.697561296812,2310.6702904198605,4665.415417881884,5764.372017374746,2647.4473626112,5506.316957130783,4922.5318993303645,5623.095092963838,2871.924907114564,6217.190442803325,2702.5758901390727,2104.4718592682584,2936.9857178517227,3112.8956132875705,2591.108771866785,4878.512235020016,4336.149501254425,4663.454424401079,4018.985406030358,3136.354991324324,2145.0194567042977,2052.0011777523423,4626.168852760349,4097.309292973256,5056.314075694468,6637.199732836884,0.0,6629.235797343311,4430.898635705064,4335.439447666753,2158.174061401443,4221.148032888802,4660.085005486595,4547.8427437764385,778.8895651952207,1867.029918235913,2900.447349960519,6209.5234894811365,4245.260493635932,4741.865994911708,5389.75209343222,6636.990106031874,3252.320583572597,2447.2746889642362,2653.2778548936412,2525.6750831033273,4898.833029816897,6224.5858737960225,2094.5115528337387,5252.776420838031,1335.9971941830565,6181.697557587641,1072.843367826823,3199.404815212511,3533.9943476604485,4124.890171009406,4153.658195255839,739.9214083482109,3904.6516137204867
1300.0770829135477,33.04985037787625,7152.792345741976,4244.552423479771,4217.541493426234,2783.7963813786737,5798.418280091391,7007.41120123295,6963.452715886065,2631.3898361079077,3478.4666170519736,3471.6055188729324,4981.8811176427125,4191.589872349751,3178.354668695739,3731.0148157766675,5732.110580365665,1700.282853384695,5210.923905277547,6413.710248709713,2951.419324569452,2465.813241048073,1965.5187253302884,2051.637924385782,1308.219842897974,3086.888015802484,1836.4446567043617,3634.8820806628646,5280.45221422749,2985.7454933500285,7887.072136329044,2995.6128388229686,4039.154674497128,5344.906775386826,5679.395659861179,3005.893212934385,6179.707685196526,5310.89334316723,4524.87121675413,1803.1704479746222,2363.5104174329335,6024.158450169949,5522.348757123639,4115.893634133905,2964.7872103442774,5642.824276788796,1124.0606730902032,3123.979425340859,1202.7921667619894,4007.605972179526,3680.4526085862044,4351.357574344471,5062.585607051993,3828.9242097540923,4009.9821315428576,6298.069075404064,3742.05665248323,3006.248450914362,4360.444775938346,2624.9917842745717,4099.136768559571,4491.196926927387,6199.411409621482,3188.486060732899,3086.5460809307547,7065.768936178142,1966.1720601422453,6629.235797343311,0.0,2199.75341489927,5404.802079661105,4524.197693963871,2730.146895574119,2343.35777523301,4098.089604324679,6356.714782525954,5155.870972620048,3770.7316287188883,753.7280729653099,2499.7732839255646,2372.1396851167933,3598.736174543085,119.81006627575186,4733.021671942776,5258.451007051886,6739.94303912496,4523.13909080287,2868.910687021295,1184.6871784876375,5485.202533084808,2624.6427193814397,5587.400221868933,2544.7609812037363,5564.0052888360915,4469.537611362612,3111.1001244990493,5799.413871784286,2496.642914182563,7190.783325054511,3027.090536811874
1156.567088458772,2173.5492595855744,4957.670115241836,2365.8775729933704,2335.7975517379496,2226.3547763148617,4052.442295023213,5505.266595957184,5454.909745183691,2801.6416167855946,2181.7721197893243,1373.2083027436154,3059.689659386063,3786.9910112301563,985.8579808091023,2973.6116362030193,3874.8286285244926,520.129311195783,3151.778077695192,4272.708714036683,1237.8771394532657,1332.3496205669894,3097.7961495174272,1929.7851878675508,891.5368949970605,2767.3837328513005,1777.2726858569006,3188.538502679401,3177.3301661075457,2121.210548801085,5710.501830077021,2398.070468293207,2659.8490274000515,3420.80552386788,3619.568111725624,1710.0661480007138,4033.76477602004,3283.3854153804427,2325.359335009753,1149.4921944249986,849.2875839814214,3847.1328962993985,3556.7046300745865,3028.848523644753,2736.840395487468,3685.228566530169,1075.8512539496335,2259.451695756739,1339.8291602607394,1961.8544693070385,3420.224390124133,2277.840708550534,2950.081939511681,1734.369988892797,2014.074185241944,4394.927196051375,2676.6893840640155,1529.4715226064197,3252.311552377017,443.985907400224,2137.703251070176,2291.455467231471,4194.239576826531,2101.4370811597005,1540.8379306143788,5721.206567452796,2776.441367430798,4430.898635705064,2199.75341489927,0.0,4058.8221066363576,2353.1748300015875,1011.1490265040064,1127.8107651064522,2950.236013498751,4190.585302995394,3009.099590130742,1613.3821921820015,1831.1717215479814,582.1857244084572,1151.3537413883712,2859.358564713771,2213.1573511822417,3003.696183023343,3310.3442402327287,4826.500905989762,2489.71070543226,1863.9836613323623,1978.130284518186,3409.0737437094263,1940.6205818667902,3437.6701603370857,2751.593762952664,3368.857904021629,2600.8311005953465,918.6909903797906,4341.048507337945,343.10792819898535,5006.5663278703305,1146.2497405875386
4183.379702193192,5371.88156670128,5110.379822331212,5262.038152621568,5239.504984873763,6241.11464943018,1243.5203506436874,1623.045055619221,1584.1056517606396,3316.401915859566,1964.1244588207744,4327.3832717322375,1865.0254510118623,2165.396411025473,3591.5205505447134,6838.5824918983035,1622.8564735912419,4198.451027155729,5160.82725847165,3356.5379601608856,2821.123668452874,3004.2249913262153,4523.974469736207,5984.398243068806,4522.89245726504,6789.294950420845,3602.0806902079526,7150.343457079038,2699.3630950157485,2427.432076696071,5995.8376154599955,2508.2162009244735,6156.250275215019,5773.216334767389,5425.303524851766,5534.482101969975,5175.6228794088165,2291.47876266157,3726.0024768624353,5197.617343305295,4832.908520252065,4765.125246907263,2028.2309662466944,1321.5110563763737,2794.338754588641,5843.919026893682,4646.558311284278,2298.5735507331497,4227.3324117274005,2622.92814154334,7417.309818053982,4689.720367729616,4809.532671183449,2870.0847344850295,4821.7147314300955,2006.6554763047895,6419.568684880083,5291.235013286784,1094.733630188184,4021.488363311524,4962.452179374629,3684.2465520859214,2408.2802980189,2218.482235350331,2532.927364236882,1683.2272122601275,4129.112202112338,4335.439447666753,5404.802079661105,4058.8221066363576,0.0,3154.9088379268587,4803.170572303257,3178.8627486159257,1315.471878120167,3577.2973880197605,4627.728236695085,3170.284311668277,5509.806958890756,4448.478522610287,5154.916838476156,6746.758412032997,5332.776535074762,1355.856195442939,1938.0629318084593,2294.1983169325185,2395.227915979605,5795.30483034896,5839.5423930941715,5228.980983679037,5956.560413562931,3106.393679336861,3380.634185887612,3705.363466026646,5413.71938143602,3880.7222542234326,470.66155440294887,4108.875743761181,4308.516417239814,4693.154700366163
3313.7051081930936,4495.787918866502,2801.005640743517,2220.9147306675236,2204.0702031723035,3861.7538792700134,2450.4486801045236,4070.4060875270175,4016.891383746018,4098.498771710442,2340.6707066798185,1596.0848337193731,1360.9485010480744,4195.460726756598,1372.581319869974,4153.4611754348925,2088.359380727369,2826.226486054152,2012.415490499166,1928.8880387311237,1859.2043477192065,2544.9005285621674,4909.794471609173,3942.1651110812186,3228.076653536592,4371.337038127007,3466.2557495444566,4570.975933826823,934.5563711622752,2873.072309021129,3653.8100411359646,3238.170704646838,3257.278569786133,2618.3808189772544,2318.3958919602146,2984.0179397585725,2269.3406383099473,1225.5182224879402,573.7515980997351,3298.3511887015607,2668.914636100975,1923.0832129978153,1596.3176854263693,2925.1714640622354,3737.981237979265,2700.4454350023443,3412.3537717112504,2909.282131836135,3474.761509252109,791.8490681746111,4886.005543350211,1591.802934476815,1662.1703601454333,787.8425000169768,1827.3850539393711,2433.78511413662,3658.693710171706,2735.101791624033,3009.930168966051,1986.6981136370466,1945.0366998524732,535.4305906856649,2061.4920152891696,2609.1846232484204,1994.6507206097517,4489.379843691554,4499.907713884808,2158.174061401443,4524.197693963871,2353.1748300015875,3154.9088379268587,0.0,2427.017131261541,2506.1636181839763,2802.2365616475,1837.6221812385702,1503.305033377458,754.937178388374,4178.764465669247,2305.3528407148433,2936.883280018122,4096.518649065935,4522.048094535593,1802.1324043044117,1454.55214595318,2803.480085712221,760.6140761706954,3324.849790746794,4269.169869989364,2108.1357254076406,3617.8097432410673,1093.2005051832898,4096.287469084293,1091.1343426361395,2330.3355900146657,1535.9219619505411,3180.7472157655034,2125.11995832,2668.376256574398,2162.7071325327433
2031.91148862592,2712.539656112883,4614.522670165789,1520.1656885685193,1492.2993261316578,1484.7372703572842,4574.453001822295,6126.175549802178,6073.775928578531,3807.396263350191,3057.5597534638637,899.2763939635025,3491.1283898341526,4769.3018252228485,1248.690043375457,2052.1442718936696,4316.055132325003,1377.9524400011053,2497.840091306087,4310.078303303665,2068.961488567875,2321.817456386483,4006.226088640655,1527.888817270746,1570.405116018475,2025.166495933112,2765.515833759952,2347.9244498716303,3353.7313842078947,3097.262704337009,5265.387513129589,3393.213532028304,1649.0102560496705,2619.6285547277503,2962.1681317023517,744.8555601792871,3523.2821595126325,3574.202012351429,2157.782284682354,1023.1192315756748,368.4634645185326,3432.2645617470985,3907.1502129897694,3910.7862761911447,3746.2962889963737,2913.9559569303724,1712.7997177501516,3228.581394907987,2207.4131337674416,2363.062707796812,2623.5429975893285,1665.5622411432123,2389.153550143858,2093.6757930539293,1292.5796537103624,4768.6782956496445,1696.2013046419343,529.2622282158437,4117.308219410469,806.9545022428463,1371.5416506296847,2143.4762261646383,4463.732917333877,3039.2927643682174,2398.0773887303976,6413.621132994761,3721.228417118331,4221.148032888802,2730.146895574119,1011.1490265040064,4803.170572303257,2427.017131261541,0.0,2123.5108042112715,3818.9809045038446,4161.344876535589,2523.820379160332,1848.5287541745195,2124.2959800256176,431.8810194081235,524.0657455825559,1951.8231879209754,2783.0993699722612,3601.060815484376,3696.2022996142946,5173.128096038605,2840.620949609434,995.429979296384,2035.5139685278507,2777.1946047299243,1217.0140538157311,3492.3168052626615,3754.8392330335532,3235.7543346015937,1749.8399257737835,973.9811017802143,5022.650370926588,764.4249255989763,4883.098135403896,323.2675644493272
1049.3672157295566,2310.698890428825,5301.581329650617,3314.098225161862,3284.069317655308,3312.133032317694,3456.8306971763886,4733.29170211598,4686.556169390268,1791.6365193769072,1215.7495794776153,2224.4131164929777,2665.495876601575,2659.8259134409527,1482.386772663936,4096.751627525887,3392.84214621267,1055.989311334637,3895.415253208572,4242.227054935297,672.6144933533618,208.73939049685805,2411.7046898849367,2902.5891438060953,1345.9193831983405,3840.1507033974594,963.086226320884,4289.665688097501,3085.054137849286,1001.0274781068697,6135.213031734187,1271.1290566146297,3760.8671761030064,4283.199479473843,4340.2639500893265,2837.1974341804275,4592.380972940507,3041.726730071096,2727.9311503747667,2124.020558371788,1973.7129641042038,4322.296863997312,3214.0342797207372,2005.1105436242158,1637.4650271007313,4509.856653825707,1468.3230645457425,1144.3514651522057,1144.9534579034207,1819.4169589563576,4503.333718548738,3060.5769698048766,3626.6835906520714,1723.105272359759,2902.8642413237308,3963.3523724284214,3803.6816734891213,2649.51147544788,2243.865406034194,1378.3233407615216,3044.904517037275,2681.7461012491467,3900.5031613164983,1032.6213304600087,743.6179635659694,4862.041089514258,2013.4166846475173,4660.085005486595,2343.35777523301,1127.8107651064522,3178.8627486159257,2506.1636181839763,2123.5108042112715,0.0,1947.3050145400946,4239.731027013034,3613.6449060477707,1798.4063126779777,2336.9659144225875,1692.040343572517,2263.9151205062885,3980.3100646502407,2297.922354579023,2389.802339695272,2947.063767297884,4405.1866205610395,2287.2389646702854,2985.3682271987823,2662.0105787532107,4117.446228912407,3030.2648256746475,3456.143635098808,1759.5504874740025,3597.2336005821194,3541.068604760151,1637.1442645219147,3530.0089579967066,1371.5620034941915,5112.794979724984,2199.225678003283
2903.7417677157523,4065.281075933127,5308.723190307157,4584.388298337086,4557.845816589455,5175.430388877528,2071.4385605419243,2936.157574924241,2895.7255217069523,2084.0755463279156,768.9128603769091,3535.3929081380757,1937.9978697710173,1433.5924597935773,2722.954589156786,5869.3527259104985,2244.2481543987064,2998.5706280993286,4752.307861610924,3747.222297022956,1750.6507404105485,1754.7692494895161,3268.743051365463,4832.65118626205,3287.220080178691,5717.585626572199,2287.068258453167,6126.803174130699,2758.8669042449296,1114.1157838115391,6208.491144915969,1208.5670487833927,5327.142712048364,5302.010803690427,5104.141678214271,4563.836127430629,5049.692502854506,2459.920011074344,3308.9733015846473,4046.466588589729,3777.267016997872,4674.470527536568,2385.335409466979,123.09832269369055,1562.1134355868653,5439.206903700667,3395.12734864099,983.1587248583007,2933.7521388736986,2061.413930224835,6368.227967199745,4106.530270582819,4413.830604021409,2227.8424419848457,4132.860296903948,2796.3043180185164,5501.3575955511205,4337.644958949153,302.0886341622274,3012.3459807307995,4281.979816583096,3260.0666465261106,2998.1254413284646,931.7052796083108,1423.8961080868924,2968.3760280426063,2858.788994175331,4547.8427437764385,4098.089604324679,2950.236013498751,1315.471878120167,2802.2365616475,3818.9809045038446,1947.3050145400946,0.0,3883.6890412876774,4288.886541024372,2507.4910099111025,4242.507524635165,3421.101730122915,4092.660548037182,5764.953628563981,4023.259969443809,1327.8892378154137,2166.512161485599,3192.0342608939836,2117.179397201144,4780.508110787075,4597.78690515872,4887.003173627168,4889.34504417514,3213.6721335116004,2137.55430021719,3673.0522836423115,4772.85014002336,2998.780197246874,1743.3086286650448,3072.239447410309,4730.641491563274,3776.156950307283
5125.05333979628,6327.873599069596,1539.9824332637693,3459.3743566402295,3456.4353436365623,5498.783667454558,2395.1301396479485,3716.8432655549254,3670.3719548107106,5629.025503081328,3726.048133856701,3270.6710594281717,1945.6923995547188,5303.529819170719,3207.881908869465,5594.643452364145,1968.9643511419906,4661.59563540404,2646.971932047826,302.1358539266733,3568.129312797113,4236.228427502936,6581.53267292718,5688.840765130449,5064.668563030753,5963.638179284269,5172.147403321951,6061.886472981491,1188.0602336060238,4363.698605290242,2418.618727317309,4696.903382987667,4568.875627595043,3252.383382170066,2621.785107241629,4598.520186530988,2005.765568356631,1423.78555380015,2005.6360028345125,5097.483101771009,4445.20179671272,1617.8719689845673,1567.0818044330042,3997.2828670445624,5190.077866429847,3143.5929521941925,5248.693844400147,4353.293323798088,5278.744935547464,2420.3233063442162,6391.169164257271,2837.6037597657996,2387.8124820550715,2547.1405012179835,3219.7769539340766,1816.4561125072632,5073.916591830221,4368.242285874834,3973.6247441881073,3815.464161924863,3278.027786037971,2018.011431575649,1274.530238053613,4064.945676084737,3609.4174948505192,4283.6688781057765,6157.510382654665,778.8895651952207,6356.714782525954,4190.585302995394,3577.2973880197605,1837.6221812385702,4161.344876535589,4239.731027013034,3883.6890412876774,0.0,2131.8987994241193,2586.9069708478114,6013.622072811027,4105.757035549473,4684.4073747053635,5567.154148623962,6351.050709279922,2563.8925313905024,1734.025224516933,1909.538147331181,1986.8151628022672,4953.598439852084,6087.002762528123,2527.0115620313254,5285.439504231412,783.6842804631211,5644.964417548174,961.2476711878161,3453.8431804795364,3349.190122497377,3351.815929328459,3953.7717205081526,882.5241731590133,3863.341916719254
4148.592006331908,5133.327943001498,2111.6379117493134,1389.993708021011,1394.3121472217044,3599.909341984184,3778.8529935270044,5364.742850606821,5312.388666383984,5358.113205979321,3761.5454010027584,1686.500171274524,2778.3651371245282,5654.521756445279,2155.5251588719625,3533.197494890004,3363.987290680213,3528.849514331831,565.8217285373546,2390.628203801252,3071.9399986223684,3715.6081526676085,5988.850143963363,3955.4345528535796,3872.4167196398166,4000.186433968421,4553.661433403674,4018.488023791286,2055.4877463614325,4212.449324444153,2745.3383278583356,4581.401654365724,2476.1423345328917,1208.058798175817,816.2525665601304,2723.940961106352,1025.7923661272785,2469.158827092336,984.08089987155,3546.413400398915,2878.3878699091265,915.9958861938193,2835.7360541716503,4411.166215114774,5066.836672958484,1221.096491054249,4049.090939715975,4275.182077988376,4329.3104755249415,2232.8396070083045,4350.253986870766,879.7279911682928,256.0939368434948,2113.720044636233,1291.8086044971983,3540.1549943635237,3012.134517666168,2536.651931769315,4507.276460246254,2565.3533678822882,1289.6833606513655,1033.947771379193,3040.9155407168087,3982.804397860633,3298.42203057841,5842.8644828311735,5612.206427029034,1867.029918235913,5155.870972620048,3009.099590130742,4627.728236695085,1503.305033377458,2523.820379160332,3613.6449060477707,4288.886541024372,2131.8987994241193,0.0,1896.320863310057,4624.852733802666,2661.235016673649,3020.1337479694507,3522.741837211038,5187.067044363027,3287.9587424531346,2787.3286978426136,3805.3073587983667,2253.650387466743,3072.5113459235586,4559.047372670414,605.2458766765784,3436.568502483254,1835.7413762556532,5340.498166426518,1232.0459355697742,1341.3720937118828,2103.0210575312835,4605.406981045867,2680.3874182789323,2598.8056093059367,2200.8760666430085
2560.86763822264,3742.1366102622446,3510.878603240505,2109.4562287454555,2085.0559441571345,3329.1161464463808,2750.6444462694553,4337.939073822038,4284.738984471515,3479.9601048668646,1894.578774894304,1174.8405467781574,1650.3774912195088,3801.679416866709,657.6243364147956,3759.364414447208,2471.014534249647,2074.729373702749,2286.937056110203,2659.718488427863,1193.1993688571076,1864.9077453978787,4210.067612462417,3311.5699078100406,2478.401807496315,3862.271089452422,2761.190583978767,4130.636262484147,1575.4864396296782,2316.133176478633,4337.111105103603,2685.0840351188263,2993.783980720887,2803.202813002477,2683.839786589542,2501.000371988777,2822.8292686753125,1738.8039535821742,945.805008655061,2619.9337350539995,2030.175249638563,2531.128227978385,2060.7756233428227,2624.7874378175843,3171.679700556473,2961.615056957943,2662.1650113366377,2380.8086774682256,2723.8442012099367,556.5718952031265,4428.77814581968,1599.190710334449,1968.1130556279027,300.6559622591907,1661.568372203804,2921.9175671058892,3301.6119823505915,2247.6342928586046,2763.895429784745,1278.8342679800226,1806.588637721936,897.2217680512438,2642.780468704883,2091.1075364440253,1402.2787737857268,4679.561605717463,3809.8790045644496,2900.447349960519,3770.7316287188883,1613.3821921820015,3170.284311668277,754.937178388374,1848.5287541745195,1798.4063126779777,2507.4910099111025,2586.9069708478114,1896.320863310057,0.0,3444.2436853824674,1643.1176292843431,2324.718279196213,3683.6630963827297,3767.532665148638,1855.8331559407486,1847.8006096632828,3331.655666009019,992.6260034242505,2815.1636478087735,3560.7719038907844,2459.835949340728,3065.311976593084,1825.5502526750665,3467.9399640319616,1827.9059422762978,2281.702992844161,883.9091696350933,3304.962496655749,1415.1580199938803,3423.27910070812,1640.7234434288432
1342.533794033133,753.8832899288853,6678.692182554081,3605.957464594944,3580.487836688738,2030.0802968013359,5741.877474382225,7069.733846244072,7022.751393379734,3097.1918747594564,3546.3064724263463,2944.36590568241,4827.5841047324075,4570.173633069645,2806.308068606153,2977.4612703598686,5619.343794054605,1423.710109013067,4621.786821311104,6102.623451277655,2837.533265815574,2505.612924815004,2633.4140929098103,1298.727897174,1029.7232193555699,2344.5108140567404,2136.427693737843,2892.1479165250175,5006.602272151044,3166.5071611711223,7369.968888177073,3261.2207820626004,3313.3386069582443,4700.660742452278,5084.819002983882,2298.903164706378,5637.480414474625,5094.695357067977,4094.045120444326,1127.0056674946225,1757.7905740747385,5518.567363003735,5346.977428301432,4281.426084936654,3339.3600751977915,5006.059961241475,875.5409515425307,3314.567702499528,1347.2025163515689,3770.616032276556,2954.2669389987427,3784.547438998882,4506.374505950654,3557.0845681413025,3416.7736678850997,6163.887959717388,2995.1719018129825,2327.5628815662535,4526.579313906695,2201.432310528988,3490.64133870912,4066.1013095969456,6001.900217750791,3310.926733905176,3043.703229199752,7191.455518065031,2556.1777450130494,6209.5234894811365,753.7280729653099,1831.1717215479814,5509.806958890756,4178.764465669247,2124.2959800256176,2336.9659144225875,4242.507524635165,6013.622072811027,4624.852733802666,3444.2436853824674,0.0,1977.3611538178855,1703.0681037592121,2845.1208232117315,856.300439267083,4670.769504768138,5091.759925621886,6601.9824598062205,4298.461950970951,2134.606256703329,472.20417059255243,4901.460574110537,1875.4642205944638,5266.987438565712,3014.6112019928873,5164.2326240683615,3823.11627889566,2679.9341325894557,5866.974195499755,2063.947385271727,6814.466094667286,2439.327456505993
1658.386304401059,2478.434884060907,4701.332532275184,1839.1628772939061,1809.6691213058807,1794.2066437489855,4299.100154002696,5819.040510294545,5767.281420208745,3383.0930647867194,2655.2365285746205,974.7371845400174,3242.61338170942,4341.106434634953,993.8478127560576,2451.57065101151,4069.9193936273477,994.9121093292613,2720.5620880988913,4227.068980570816,1671.7291732580368,1891.1720538851032,3629.464715015149,1671.0828363387614,1252.92948700715,2342.467573275028,2350.566759333162,2712.8142320549705,3204.2761549304705,2669.5773902908304,5401.985321008008,2962.2633560412887,2078.4456464512127,2921.453315064268,3190.461805246695,1157.4993644166718,3682.478881976786,3380.981950085212,2136.2284975615316,993.7918804785032,398.8639740187125,3544.993862478467,3693.348371667774,3509.1548880293103,3314.779999422737,3201.2306410730544,1416.4046903339454,2802.4813281199577,1838.8027832054202,2109.649437339057,2970.276420130793,1854.0730605067859,2562.813348609297,1848.9539107898281,1534.1071819142885,4551.1533394410035,2119.5123245015584,957.9838948547098,3721.2726928431357,428.2360895872742,1641.1012283698406,2112.551707016422,4285.874054972333,2620.295745589799,1997.2347987467576,6080.8090379054,3327.7784171822495,4245.260493635932,2499.7732839255646,582.1857244084572,4448.478522610287,2305.3528407148433,431.8810194081235,1692.040343572517,3421.101730122915,4105.757035549473,2661.235016673649,1643.1176292843431,1977.3611538178855,0.0,716.3345852449123,2344.7107637064746,2537.5653421429365,3292.4711021195003,3466.930230813565,4968.184334439393,2615.010533945322,1360.5545166427546,1986.0104946291199,2991.045638146633,1511.353184947185,3395.066732057707,3332.20626031958,3217.100833416323,2074.0824420588974,771.3083088169087,4690.603273211666,348.88599811686373,4872.839228237476,589.0858234417117
1914.043638605192,2358.964345655101,5121.282528070971,1905.6249396274181,1880.811782158438,1087.8403495462921,5012.117380433145,6535.353772983143,6483.605342434794,3811.1715790955936,3323.8136263119513,1422.8051090859217,3947.517726875081,4920.156329385175,1692.4478214001167,1836.7642215496792,4774.840036645626,1328.4933013455507,2949.155540691776,4830.3334960569755,2355.2896658627787,2471.6666816903125,3848.525849268782,1007.2041837581885,1380.911139186733,1635.203002980669,2740.1870479403415,2037.6160754435555,3857.5757951088926,3263.978540260644,5752.040337883594,3523.1662240134233,1732.541105408469,2997.851505547598,3404.653517686638,679.2829827317919,4004.4020340022057,4061.379416291958,2681.5862552936837,576.5066143428015,322.14027764314125,3933.34654438126,4384.658151762005,4174.668295868548,3822.182953582547,3304.2763787160725,1479.8625411226544,3404.858911098227,2071.156581065275,2814.125232814809,2276.488397928924,2149.045801172465,2870.5905019114102,2549.423547541091,1755.5329388151624,5245.035241290282,1600.4598469452458,634.4036902737881,4394.38388187218,1143.0447907256307,1811.449236866714,2666.8428287013844,4958.641803922623,3252.7695717480515,2672.9219658091415,6793.924809943219,3608.8903841754463,4741.865994911708,2372.1396851167933,1151.3537413883712,5154.916838476156,2936.883280018122,524.0657455825559,2263.9151205062885,4092.660548037182,4684.4073747053635,3020.1337479694507,2324.718279196213,1703.0681037592121,716.3345852449123,0.0,1717.8431987422482,2440.706199897275,4008.7946126208562,4164.835090296494,5656.366238699984,3309.907694631529,726.4276173666578,1550.451434771499,3231.5992584195833,802.2168899468518,4009.592445119205,3749.4923175226004,3759.81436204635,2120.480637844402,1440.8091312273118,5404.37294344441,1046.415289118045,5406.6399659655535,837.3134242098356
3550.2847196950274,3598.8267706191414,5539.825786656472,2133.3352133823228,2130.673639916024,817.4424086001411,6432.793024523407,8019.111108825217,7966.069571732474,5490.804964468598,4999.850847490953,2528.5249176470456,5325.583875620776,6637.890380297042,3161.758771134351,133.0275197092692,6132.251172457388,3026.7103564783,3174.2521683120895,5780.634663817201,4014.4967561502644,4187.496700935894,5374.222522656929,1548.2201084849014,2992.5888999728977,683.1050590062994,4415.7618721965755,496.3447102941663,5020.152797139247,4979.015862340771,5949.262479048726,5240.981640517548,1088.9568520841403,2863.2046074315053,3507.8555455441715,1212.527565042544,4276.7792445383475,5315.502412995878,3657.311931964376,2025.0277389413707,2010.1584785765024,4375.073827374459,5676.140969968241,5853.790935242991,5531.948898254394,3165.9011196694064,3037.5358523778777,5118.4565854710545,3684.5328058934415,4231.560042520725,827.8778564365639,2730.038692944845,3288.7267476324328,3961.4796075196446,2353.3934375603244,6526.780737897819,518.6686807018522,1456.5491243902488,6064.548847731462,2754.6563162739553,2289.1576571975115,3665.08194684007,6149.546710214338,4955.483228787784,4341.405323779157,8336.391936594691,5195.78977276227,5389.75209343222,3598.736174543085,2859.358564713771,6746.758412032997,4096.518649065935,1951.8231879209754,3980.3100646502407,5764.953628563981,5567.154148623962,3522.741837211038,3683.6630963827297,2845.1208232117315,2344.7107637064746,1717.8431987422482,0.0,3700.3281974649217,5510.212717551382,5496.416749156127,6899.487068648654,4658.288372203035,995.4418825526682,2445.370645159952,3426.8580420141425,1029.269599924626,5039.512093248115,5424.29469297696,4606.938279619665,2204.356460604772,2873.6880440300056,6948.122814540702,2693.5086466995053,6120.0975590907865,2061.764400189556
1264.2390261378573,105.841587540059,7170.386476282712,4300.88109378125,4273.540806573045,2884.2720213807847,5748.108744952987,6939.260508113094,6895.741402874095,2522.979293542656,3415.777834531104,3505.7768099638056,4947.570972127838,4089.1563102432265,3185.3876465562234,3832.827916016319,5690.186708082345,1705.696532384644,5254.427813780298,6402.479163583509,2917.870969741636,2412.495281465437,1845.730494500484,2154.939895863687,1323.6261093530145,3196.1024216532855,1751.6092477070904,3744.094675515698,5264.644624841168,2909.6291024164916,7912.749080208786,2908.534955153883,4121.009041448587,5401.277879477873,5723.590073642677,3082.6672709343766,6211.982627819881,5285.66700873343,4537.888243455649,1876.595955585538,2418.3087841896863,6049.083989075122,5490.322824989619,4038.2923503566453,2864.9899989186697,5697.046089396328,1141.887689996262,3046.011207551607,1153.2220720576759,3988.8186198051167,3793.590711977769,4391.349140530048,5099.151631005397,3816.407211632427,4056.3304995290996,6258.60696510813,3834.212146674333,3075.0992329048504,4282.255874039406,2644.1631040073903,4148.6975216441115,4503.241969904015,6169.868377413735,3119.3800923204276,3041.518758473141,6989.371427808726,1848.9160988928081,6636.990106031874,119.81006627575186,2213.1573511822417,5332.776535074762,4522.048094535593,2783.0993699722612,2297.922354579023,4023.259969443809,6351.050709279922,5187.067044363027,3767.532665148638,856.300439267083,2537.5653421429365,2440.706199897275,3700.3281974649217,0.0,4685.394462120025,5225.529777335309,6700.544058235569,4500.924739155276,2955.4061686898463,1296.783603253835,5527.178293896172,2719.1595533070504,5578.891667033874,2436.1629649635515,5569.454491186457,4527.457313850678,3128.817679214466,5731.816621273311,2518.3330995229758,7190.098448607015,3075.0477277962686
3437.6363045210296,4700.321836590555,4022.6505822451195,3919.6287886099617,3897.977381825092,5075.969658050075,1071.7736268867604,2527.345975179695,2475.3554421555305,3256.558502103102,1385.316867584092,3029.0875042416646,626.5317591319691,2739.6559426696267,2355.754537726713,5593.123378578824,1036.7477991970854,3265.875978230955,3812.567676700441,2419.703751580346,1834.5214888885873,2277.273848683113,4357.273128663843,4917.643968976403,3642.766139052025,5621.721104829463,3113.370541897318,5938.745626011269,1484.4056465602655,2044.8783938386164,4923.227184647281,2309.8251480380495,4848.857774670649,4420.089304281531,4093.754922885589,4307.017040640656,3904.8307103014076,1144.137677551963,2371.43907551554,4149.832551567954,3689.6914479704124,3505.8585278042806,1063.0548101490344,1437.602994089815,2764.7070728482245,4498.479936079853,3796.941682498165,1983.4930010375635,3532.403048933119,1299.581269602251,6223.023474458457,3337.1669166754305,3461.5732841518748,1561.594878182238,3484.6401634867543,1618.850093036721,5149.26632718196,4056.9926400994364,1412.3707542539958,2867.364985996899,3622.51197825611,2329.1895886960338,1708.2189716980083,1745.6377433705998,1647.775604237725,2828.6468339168823,3929.2066719911795,3252.320583572597,4733.021671942776,3003.696183023343,1355.856195442939,1802.1324043044117,3601.060815484376,2389.802339695272,1327.8892378154137,2563.8925313905024,3287.9587424531346,1855.8331559407486,4670.769504768138,3292.4711021195003,4008.7946126208562,5510.212717551382,4685.394462120025,0.0,838.6955702857862,2053.445769480412,1041.5338283094788,4595.015917722701,4927.301304469719,3891.994712408535,4797.646499759856,1932.490625349836,3291.7999321533803,2460.4365112369796,4064.827408528559,2640.3957404453595,1449.1400050029677,2975.358309137573,3403.6847639841735,3448.9273232006494
3961.3508985415574,5226.6623466301135,3222.9775959661897,3675.3094517965424,3658.597195506633,5176.4463725681535,1003.8814998320273,2620.1168573176274,2566.7266940447707,4042.5586813513296,2133.8778537957605,2968.0988683199216,284.0450753313636,3574.1858296831742,2474.347946078118,5562.681137552646,638.3341453447403,3668.217376948236,3344.46543280477,1581.1099719288975,2307.6926437342127,2878.1970168807065,5097.489909348031,5136.885173494245,4068.2051009585293,5707.525915017469,3777.605040408142,5956.958371830124,767.6652374889721,2797.5822339700762,4120.775520166683,3094.1009696973365,4703.4116985189585,3979.693199468647,3552.9705229096676,4336.738254273596,3244.5853350248008,353.4250428832115,2005.5817381311092,4411.2801415827125,3861.9207633151927,2831.4185011045256,267.630543735202,2276.1511543227966,3566.783121519165,4006.430551626722,4238.362002430774,2756.9354795243216,4081.6337355075107,1361.3257752389763,6262.019438396051,3041.8501760507534,2997.8646325217887,1617.9801490061616,3278.5780893216497,1087.2306459155757,5081.344567135848,4083.390768389672,2241.033110859588,3069.2217476748074,3398.8621517163656,1975.2932711395035,957.2533092760765,2492.88454907262,2219.8868818590736,3063.6220207501124,4667.828606542982,2447.2746889642362,5258.451007051886,3310.3442402327287,1938.0629318084593,1454.55214595318,3696.2022996142946,2947.063767297884,2166.512161485599,1734.025224516933,2787.3286978426136,1847.8006096632828,5091.759925621886,3466.930230813565,4164.835090296494,5496.416749156127,5225.529777335309,838.6955702857862,0.0,1516.1598515915134,855.7959603795754,4658.678879157909,5286.63507960612,3371.5249654844615,4913.087278403774,1170.2042532729063,4071.087853416332,1771.8298857805169,3779.418844706419,2727.26047162881,1834.0686499858725,3196.3629630905493,2565.406158640966,3481.657750462127
5439.882834533295,6707.709163180302,3343.9343919727253,4942.800670560062,4931.285475425753,6641.115174060754,1127.4651130873187,1859.948540862892,1818.839349019038,5250.784466414994,3433.204631997633,4391.958310629553,1774.4368063433535,4404.509200733493,3974.3811356503043,6954.50625793449,1018.6369032000558,5178.3648993771185,4365.266182161175,1609.566914460222,3792.7502384519075,4311.784211491224,6389.865536693319,6639.241745004394,5575.662294626262,7161.874977256863,5166.28954950117,7374.387324523508,1883.5265891685735,4084.2773172086395,4136.4078697885925,4319.502539249167,6025.955106199928,5002.553557658828,4438.319897505024,5778.231795319567,3897.5244893101058,1599.8884947536187,3270.3751924409225,5922.971802423847,5359.803039366372,3493.861602801834,1275.7427009965609,3268.777816505888,4738.701273927699,4947.203808003264,5743.1188240579695,4009.4138059165207,5549.284756301932,2873.298117041808,7688.634741415149,4291.485842774039,4051.734677519865,3123.284747856974,4595.402518517175,441.93715002927735,6454.76352940005,5526.880340598663,3132.2954268378007,4578.138369257312,4696.021472452187,3254.4770573695864,770.4465207929751,3790.484826352561,3663.5781334258454,2455.389658352621,5964.529392434326,2653.2778548936412,6739.94303912496,4826.500905989762,2294.1983169325185,2803.480085712221,5173.128096038605,4405.1866205610395,3192.0342608939836,1909.538147331181,3805.3073587983667,3331.655666009019,6601.9824598062205,4968.184334439393,5656.366238699984,6899.487068648654,6700.544058235569,2053.445769480412,1516.1598515915134,0.0,2354.774340578732,6112.170783347107,6802.60591347757,4306.518311155893,6385.681293406131,1973.073677766748,5294.828985778483,2585.35223252558,5002.666274397285,4215.560484826306,1898.4173910847426,4707.174324261318,2327.1937303363898,4937.734316726752
3243.091059728358,4492.294942378672,3254.1713323797194,2921.5667799023527,2901.883116611867,4321.735841928797,1780.505629973969,3389.877542708881,3336.343994255388,3656.3145225044577,1781.5666188795751,2131.461593484621,668.4129927657001,3540.3341487958446,1621.3579986668585,4728.639122804996,1479.753100015337,2881.8365881001996,2772.046310702619,1960.436781738447,1616.812387008771,2263.4771406323057,4595.750024989718,4285.933541373338,3287.406150986671,4854.273144390002,3196.8556870852026,5113.100284174466,805.1433157624797,2393.3895795588733,4144.324604553678,2739.192623004815,3905.0239768898987,3378.673273681402,3064.529527893148,3487.9315264394168,2937.472503029092,796.2414950559911,1330.793674593098,3569.330563859279,3008.627380007867,2557.688844723885,1079.0778410559637,2239.8758559109924,3238.78834501114,3459.053460934364,3463.6698117870587,2396.987620859566,3380.425554422549,528.4567525048762,5415.03106582483,2316.9690494924616,2421.332310998431,768.5997821102998,2501.0903930633935,1936.2798295391085,4256.423238572616,3234.437502306699,2297.5656417488926,2223.6223549735237,2631.6661056486637,1289.3556864717357,1705.1354023683866,2101.340483793381,1625.3401797740685,3774.006228254135,4171.072517715437,2525.6750831033273,4523.13909080287,2489.71070543226,2395.227915979605,760.6140761706954,2840.620949609434,2287.2389646702854,2117.179397201144,1986.8151628022672,2253.650387466743,992.6260034242505,4298.461950970951,2615.010533945322,3309.907694631529,4658.288372203035,4500.924739155276,1041.5338283094788,855.7959603795754,2354.774340578732,0.0,3806.3063812806768,4467.3421024792815,2858.760936457087,4057.5846016832475,1217.6364696246578,3668.128862042881,1567.8918755261795,3051.845649938411,1871.5474594530058,2438.36683387898,2353.4516814561966,2869.149574082362,2630.155067007457
2609.203298322306,2862.109013438342,5176.7898433423,1758.5009235837779,1742.2177005543822,545.2900503860307,5557.795359482481,7118.577590934302,7066.048294068898,4528.355760154562,4013.507075958382,1729.6104041714134,4465.092989897971,5643.837299230019,2240.0640768390977,1111.6361216603211,5285.829699788388,2049.714586712257,2867.6989905194023,5134.1410641525035,3032.1245111289536,3192.348956583694,4502.01886275713,992.6622127415749,2059.794345576519,1050.0514948610853,3454.787818765286,1355.4526747301065,4259.4057559904995,3983.6657273286623,5716.145665109051,4247.982915539326,1182.9972264248975,2759.2778762982534,3284.4722873126816,355.921689960025,3975.547396686147,4513.251696064491,2964.7855272476286,1125.0054584836466,1014.9224777888209,3980.6384502982683,4858.608020422722,4867.068910295086,4548.199834334679,3076.2504208610844,2131.2522382761267,4123.015428234535,2756.332868344641,3344.901127559079,1628.3150303629823,2201.6651218357433,2876.851695998422,3074.2213007085224,1788.2465379751195,5718.708949954526,907.1684719416786,591.6598849896791,5081.067770403874,1779.8189572582935,1784.0987262912329,2961.743526581091,5384.0914230707485,3961.5385822209278,3356.6928089811854,7409.0505051546925,4288.305622213161,4898.833029816897,2868.910687021295,1863.9836613323623,5795.30483034896,3324.849790746794,995.429979296384,2985.3682271987823,4780.508110787075,4953.598439852084,3072.5113459235586,2815.1636478087735,2134.606256703329,1360.5545166427546,726.4276173666578,995.4418825526682,2955.4061686898463,4595.015917722701,4658.678879157909,6112.170783347107,3806.3063812806768,0.0,1836.8426290006446,3147.002967459834,373.13649887541146,4344.636728626457,4464.895911992799,3999.1987978560155,1924.2566093039668,1959.2723003138178,6018.071434735965,1708.9470719682927,5601.738734501369,1177.285804418366
1732.2669450664935,1191.2864273637133,6647.110464841246,3439.3550966134626,3416.1374161144336,1643.5515522100302,5992.555874481356,7372.596938284501,7324.375785689043,3554.5233525716217,3877.7114283290866,2910.534572865267,5032.227549442691,5002.04143910084,2906.4232957539066,2575.898254786085,5840.540533041184,1664.1166863501494,4498.863758890238,6197.722370468446,3096.9569618212327,2845.1865617004805,3102.5303978057977,905.356043819778,1316.6553175577126,1904.9390295088185,2568.5049181819763,2452.592309575523,5135.913137577874,3547.1371935476363,7298.077390776354,3668.7384087050964,3017.567832615035,4515.385912412471,4952.118332351622,2056.905963321124,5552.343226849363,5259.819156142634,4121.259563603948,1016.1627329930973,1689.3578940559044,5467.587009827004,5534.467709343871,4644.6710522629055,3776.3203365736867,4827.326444081652,1203.656407658349,3696.762641153203,1765.8201732127202,3939.8127169808467,2497.0016122670004,3694.827459191295,4417.860847111529,3708.0176319845086,3305.464833615085,6369.283516751943,2646.6508326458556,2132.7154492242985,4888.139574422667,2285.349056620017,3361.1462274747882,4098.29675673407,6171.059342798933,3667.91299021678,3333.7327001191925,7522.702813239999,3028.081204744186,6224.5858737960225,1184.6871784876375,1978.130284518186,5839.5423930941715,4269.169869989364,2035.5139685278507,2662.0105787532107,4597.78690515872,6087.002762528123,4559.047372670414,3560.7719038907844,472.20417059255243,1986.0104946291199,1550.451434771499,2445.370645159952,1296.783603253835,4927.301304469719,5286.63507960612,6802.60591347757,4467.3421024792815,1836.8426290006446,0.0,4781.525890665552,1531.8537819403653,5362.367492144492,3472.9843428659456,5202.944423042111,3643.9553607891526,2738.438961057376,6177.896600902689,2147.5434079955176,6858.726488350808,2358.7301522075386
4564.067479105563,5465.068592837422,2117.1853214834546,1388.5088723101485,1405.1002512233783,3641.122992758278,4354.143747718259,5923.9833880324995,5872.14245472204,5885.625059072995,4342.89538174534,2040.0154138959342,3374.704286441258,6242.382895722513,2638.2469492426217,3414.504602793354,3932.2841661004104,3921.634789651122,283.17664645411713,2809.793397578548,3611.6243293988923,4234.12903844368,6455.415773868635,4093.549565391141,4236.122506195495,3976.837863211549,5037.312420468877,3912.291465255113,2625.673935059721,4770.0899904739745,2570.1047865163005,5137.883187699872,2340.8833947413955,729.23567040018,224.74710011477333,2820.304215847113,850.3687013084382,3044.756593695135,1578.1032602367943,3789.5246445527964,3144.4352328267155,1005.8776692709703,3404.235623899292,5008.971943793656,5616.637955069296,644.881321240583,4405.187954187199,4839.600228515677,4746.938705411731,2827.3922174924724,4240.717762725669,1138.2008094905752,494.79802498595336,2694.3424923674793,1484.7100358753557,4070.670438300919,2908.2147114974164,2675.103681584136,5108.8974138982285,2968.2620179621945,1420.3925695739897,1627.1955668013602,3553.9755248151328,4550.924102648165,3855.329336992756,6415.400126883746,6092.430050902512,2094.5115528337387,5485.202533084808,3409.0737437094263,5228.980983679037,2108.1357254076406,2777.1946047299243,4117.446228912407,4887.003173627168,2527.0115620313254,605.2458766765784,2459.835949340728,4901.460574110537,2991.045638146633,3231.5992584195833,3426.8580420141425,5527.178293896172,3891.994712408535,3371.5249654844615,4306.518311155893,2858.760936457087,3147.002967459834,4781.525890665552,0.0,3519.8655234724524,2361.790457148347,5863.453942030499,1723.8713669610036,1243.8188602529715,2539.014850351608,5197.261072951791,3069.279915356369,2831.1768269767254,2465.2520640437565
2526.420140438443,2621.2176834479046,5543.671050483876,2131.407194714797,2114.918805484976,286.22386554758134,5786.514248766005,7324.990874842985,7272.966682187193,4473.095342555756,4120.470992413489,2033.2816955348317,4707.493430613048,5670.312298731085,2458.533576978358,1160.5784422386105,5532.852036878087,2031.7289059763852,3240.316664545766,5457.572960890399,3156.459663864564,3238.9921486626054,4349.770145505392,647.3775738407996,1967.851016249452,832.9999228121211,3398.9528616443035,1261.487100370828,4550.664472724176,4030.752413977569,6088.711118985036,4270.845913725407,1500.3024868452362,3127.7033215524134,3657.57217900235,712.6281389539711,4347.156695740907,4785.915385572545,3286.9944125002703,998.21427203632,1123.820227055911,4346.987300633854,5122.486597987836,4969.2526923079695,4535.916906510193,3444.8178055631624,2008.4804590560498,4174.609270055942,2657.1868806770062,3577.7271931639784,1479.6154104513105,2562.1733481169845,3244.7412399518084,3309.1420131086848,2148.1431602332746,5983.987052260474,1120.7825194389854,919.9609180421745,5191.306169973988,1939.5870819648699,2150.4743083210733,3280.8934799569456,5668.8620692559625,4036.640563567928,3472.319395206179,7592.157340052036,4166.629643355646,5252.776420838031,2624.6427193814397,1940.6205818667902,5956.560413562931,3617.8097432410673,1217.0140538157311,3030.2648256746475,4889.34504417514,5285.439504231412,3436.568502483254,3065.311976593084,1875.4642205944638,1511.353184947185,802.2168899468518,1029.269599924626,2719.1595533070504,4797.646499759856,4913.087278403774,6385.681293406131,4057.5846016832475,373.13649887541146,1531.8537819403653,3519.8655234724524,0.0,4657.711953236374,4404.917192528028,4335.771202047682,2296.96818214206,2189.6479592847795,6201.871095091384,1847.6871156881516,5950.114657256615,1455.13669288696
4346.630445327737,5558.165278707804,2095.796856095075,3003.0895754614107,2994.301667041082,4888.147511033193,2054.3369718488257,3573.9672457953507,3522.90577885529,4872.73781579155,2984.1693915785013,2624.667164975399,1308.0307433703538,4646.168919068915,2462.96921753257,5081.159509780617,1616.8349680029191,3897.3948540491765,2398.9527513162907,836.1870204451873,2784.7266596348377,3454.4785435450312,5804.606569838218,5016.754727060613,4302.4371239892635,5378.106399503267,4390.454892080433,5527.4098768903505,454.836019142064,3608.5772505502778,2996.2642634195336,3949.8812453201676,4104.173322122373,3039.462061420902,2514.1079751993548,3994.4792158991136,2103.5171745711987,817.8092474122559,1386.8319937011117,4388.752404447077,3751.8039506441437,1686.0900685624715,1107.087947618436,3331.9352771368476,4447.275860335628,3006.5912816320742,4485.668477634632,3606.6461494205396,4498.581900012603,1636.7279408881611,5851.296093190294,2354.0161908946166,2079.736101539087,1767.4509222323545,2692.8087597543936,1709.5336424300049,4568.317599686454,3753.3007612063275,3337.6687405170996,3079.4213169155664,2777.1937854813086,1385.103197673372,1205.7786761134898,3313.722780373307,2832.348981874233,4087.624325623504,5381.903097636096,1335.9971941830565,5587.400221868933,3437.6701603370857,3106.393679336861,1093.2005051832898,3492.3168052626615,3456.143635098808,3213.6721335116004,783.6842804631211,1835.7413762556532,1825.5502526750665,5266.987438565712,3395.066732057707,4009.592445119205,5039.512093248115,5578.891667033874,1932.490625349836,1170.2042532729063,1973.073677766748,1217.6364696246578,4344.636728626457,5362.367492144492,2361.790457148347,4657.711953236374,0.0,4885.4084712294025,649.7347423656826,3044.9628867426286,2627.628577395405,2968.747404934445,3217.797094580856,1659.8393421174833,3210.652976019832
1881.6161610046827,2517.165805357486,6880.11666119071,5059.035849153967,5028.85622332007,4660.109392331901,4191.034103321637,4985.59117785183,4951.155631149156,87.2291111097662,1939.3616412546678,3978.6907171947914,3797.9032986080624,1686.8040121940662,3238.24633985449,5551.675915369881,4305.967318929511,2422.7759092654446,5648.36388006297,5579.606169292328,2275.1906028227613,1629.3886424377092,1143.5461349490888,4070.9078977477493,2439.66554570355,5126.681790490415,1010.1157768478819,5639.769834817464,4457.070433245699,1283.30564820116,7747.3773397727955,981.9819888063124,5400.580683251849,6042.4742798827865,6087.3191220993995,4400.004130710106,6290.737228764528,4282.579201009247,4413.72962101996,3408.697290750823,3518.816486658121,5990.915603968812,4325.952090467253,2089.813776214761,586.3016099892615,6268.858217407218,2426.909456191763,1314.2662602874652,1770.1192152860783,3324.0233220800365,5789.0487724558,4819.651702711515,5370.197332679778,3318.570136408149,4657.0099928784775,4879.797491699835,5349.254237314301,4254.561318167597,2292.4790653205537,3094.2247406162987,4797.021645711848,4365.142077873869,4995.742796472412,1586.0666304998035,2101.7146357895494,4895.848995275997,766.9156997252048,6181.697557587641,2544.7609812037363,2751.593762952664,3380.634185887612,4096.287469084293,3754.8392330335532,1759.5504874740025,2137.55430021719,5644.964417548174,5340.498166426518,3467.9399640319616,3014.6112019928873,3332.20626031958,3749.4923175226004,5424.29469297696,2436.1629649635515,3291.7999321533803,4071.087853416332,5294.828985778483,3668.128862042881,4464.895911992799,3472.9843428659456,5863.453942030499,4404.917192528028,4885.4084712294025,0.0,5160.848822405187,5288.8759792606215,3395.107036859516,3839.7347694502278,3057.7859119855007,6526.298887236854,3891.282112389823
4385.001772887327,5536.766303686837,1719.6762823290317,2507.239363267895,2503.002900201276,4543.972506052496,2696.652784829742,4223.381913896138,4172.401071688699,5158.328149974176,3333.6621446626837,2338.1556551480912,1857.9980518162554,5102.759394942015,2385.7502257009223,4635.8818692375025,2261.479104476537,3864.4704131523636,1783.785905380183,1183.132444403415,2947.0189511589506,3632.6435666148145,5998.789901680171,4758.739910540394,4257.830117430709,5004.087249546814,4556.76675842971,5101.349167408167,1006.0846123065396,3912.6569204610823,2592.1720208215347,4270.733017458361,3617.6412798534902,2418.0619312672698,1868.319834339399,3643.599139703625,1472.9028236312806,1420.917564818593,1083.2113396793816,4199.577976968757,3536.4414086889665,1059.924399052121,1743.8058927452337,3794.765576677959,4772.434818450326,2367.289716718467,4442.657920385948,3933.360314200188,4550.252608884478,1836.925355376478,5430.389283786661,1878.564171045802,1485.1076315991377,1876.4860744852333,2258.5333159165484,2349.94547112417,4115.768873364246,3416.716238611717,3830.7059659947804,2965.473846430786,2318.1535876997023,1104.6706686184805,1830.106520405028,3633.610582792273,3062.891138869451,4736.645072085516,5586.942553728649,1072.843367826823,5564.0052888360915,3368.857904021629,3705.363466026646,1091.1343426361395,3235.7543346015937,3597.2336005821194,3673.0522836423115,961.2476711878161,1232.0459355697742,1827.9059422762978,5164.2326240683615,3217.100833416323,3759.81436204635,4606.938279619665,5569.454491186457,2460.4365112369796,1771.8298857805169,2585.35223252558,1567.8918755261795,3999.1987978560155,5202.944423042111,1723.8713669610036,4335.771202047682,649.7347423656826,5160.848822405187,0.0,2515.2827762048946,2484.299430177047,3596.4106117216375,3101.800661282088,1655.789041172214,2929.768471857802
3730.706687653963,4453.430107394187,3340.5663238501943,235.31036701556502,265.2087769003885,2402.683438745104,4779.649810181182,6398.953965560466,6345.49543783021,5327.258230341852,4102.213723883485,1320.915847580004,3688.5099208360552,5988.44272774567,2128.8726192247864,2204.5275201843133,4405.628821113395,3066.980883589104,977.0573818645456,3696.812729495099,3199.233027090868,3702.021623772746,5695.465417166625,2895.2079175052345,3310.515164005294,2734.3570229306188,4359.455035133291,2696.665156568942,3146.321766600645,4375.21701733674,3809.1460983040542,4723.787547373823,1137.6403725118932,877.6281578145727,1363.4554903644637,1616.4770338220085,2091.0195530955707,3516.745940068603,1775.2332427140384,2696.110773834784,2110.0841269108205,2170.7410965872923,3894.770940143464,4886.725520927179,5156.594160208073,1184.7070325519303,3459.7661480303836,4476.357772016218,3911.973762304266,2801.6838438546206,3027.772768385368,738.5394029149699,1095.630352632219,2577.6787238017077,652.2842779110962,4686.213325489995,1687.5601610683393,1511.2687500825252,5038.739214350849,2205.145489618769,503.4047443598441,1804.1866837068164,4232.542405324961,4219.6073227381,3502.995890610779,6817.508734444937,5376.651750861775,3199.404815212511,4469.537611362612,2600.8311005953465,5413.71938143602,2330.3355900146657,1749.8399257737835,3541.068604760151,4772.85014002336,3453.8431804795364,1341.3720937118828,2281.702992844161,3823.11627889566,2074.0824420588974,2120.480637844402,2204.356460604772,4527.457313850678,4064.827408528559,3779.418844706419,5002.666274397285,3051.845649938411,1924.2566093039668,3643.9553607891526,1243.8188602529715,2296.96818214206,3044.9628867426286,5288.8759792606215,2515.2827762048946,0.0,1913.686090788403,5489.648952558351,2264.5970766229034,3935.5622519143312,1487.772699925967
2045.6097969761981,3085.7891593853265,4041.9510669364863,1692.5086058233203,1662.9608877475139,2458.711728282313,3601.0648251476955,5160.368346177335,5107.731828383808,3428.677960027451,2269.8602127128893,592.822544919641,2517.8670625593004,4109.68234296387,289.20351479537743,2961.07777892797,3343.5948938401616,1437.2562461648931,2296.57134727859,3461.476963741634,1310.8952589020985,1790.3469822875118,3917.2076134524705,2430.8520672340383,1805.2413368306193,2998.036054427131,2511.4663514751705,3298.402125958871,2433.668186845939,2470.357911494203,4792.037511117374,2813.4078392129713,2328.550030349788,2648.191852802587,2756.3193445005604,1666.8547804187979,3124.287287655378,2621.4441064062385,1419.4123556683587,1762.7183305749672,1149.1015791565167,2928.973740817763,2944.21575462482,3102.1944111112703,3242.963962490641,2883.2445835629346,1987.9729309651073,2578.407157332023,2226.3076581267915,1389.110589573415,3585.09743709777,1437.72705962467,2063.900111328065,1119.7412524083409,1268.449327218474,3804.993659538081,2540.8478526240015,1417.859394221091,3286.955381724857,486.759897408363,1412.967632607697,1388.9815525369656,3521.933441543863,2336.6991838544386,1631.5976774698481,5463.453440325267,3560.3048261397507,3533.9943476604485,3111.1001244990493,918.6909903797906,3880.7222542234326,1535.9219619505411,973.9811017802143,1637.1442645219147,2998.780197246874,3349.190122497377,2103.0210575312835,883.9091696350933,2679.9341325894557,771.3083088169087,1440.8091312273118,2873.6880440300056,3128.817679214466,2640.3957404453595,2727.26047162881,4215.560484826306,1871.5474594530058,1959.2723003138178,2738.438961057376,2539.014850351608,2189.6479592847795,2627.628577395405,3395.107036859516,2484.299430177047,1913.686090788403,0.0,4074.5486598682314,619.7808267379686,4135.62663325644,813.2211590028876
4555.2917403210295,5766.393901575056,4891.778487581076,5354.00357708136,5333.310611232014,6483.832209658498,957.3420653925114,1208.2801128467688,1164.040257139331,3777.1772266442567,2328.832699430554,4478.019103666375,1831.2291586704819,2628.427234654404,3787.04318141106,7033.811379663304,1386.244512056946,4522.287230879746,5154.289544908104,3107.6609952000877,3112.5009472965626,3366.876513281115,4982.147325849366,6270.7730444443605,4863.95738724467,7031.693439288789,4017.2759037200817,7368.249135360177,2599.4510922069685,2841.8527057242077,5762.098943080551,2948.679948400809,6297.572941809566,5781.072484184574,5383.154823550406,5740.359678711169,5067.75139146989,2178.119758950366,3754.0322491510383,5488.6298508153195,5082.62587809274,4651.768459472805,1862.8008103565446,1763.737703692927,3253.8087597252847,5826.502902507215,4996.573456114099,2719.965451939601,4610.536835535315,2748.6190896326466,7645.831103759289,4755.335015196827,4804.29508468183,3010.3695698045117,4924.552733315483,1663.70217061979,6595.634027995337,5492.343633266676,1547.8349640462316,4262.4263510227365,5059.8767832050025,3716.1277162942074,2122.965609178114,2612.6742173374773,2847.2757447414533,1391.1082385177656,4583.091365835946,4124.890171009406,5799.413871784286,4341.048507337945,470.66155440294887,3180.7472157655034,5022.650370926588,3530.0089579967066,1743.3086286650448,3351.815929328459,4605.406981045867,3304.962496655749,5866.974195499755,4690.603273211666,5404.37294344441,6948.122814540702,5731.816621273311,1449.1400050029677,1834.0686499858725,1898.4173910847426,2438.36683387898,6018.071434735965,6177.896600902689,5197.261072951791,6201.871095091384,2968.747404934445,3839.7347694502278,3596.4106117216375,5489.648952558351,4074.5486598682314,0.0,4359.695112712585,4027.556359040802,4886.571175450123
1498.9973871441543,2471.982585560829,4656.870276773554,2030.140891836328,1999.9767654455388,2132.358270815906,3997.3797333798548,5498.39290946882,5446.988679660808,3103.886904595913,2306.377755145284,1031.2788982661286,2960.981268553551,4006.4725919113685,759.0450170747447,2799.958196213829,3786.0594172307965,852.988123342875,2810.437175971205,4053.840909583157,1323.1787135183206,1564.9864737773291,3438.6807665199162,1951.7654324062614,1196.0915187133469,2680.457100093378,2100.3062502882767,3059.897831750923,2990.555990736505,2334.3425226889904,5395.00779003293,2636.180788256564,2389.444287908383,3078.978174586173,3278.730295133773,1502.3391337913688,3706.0364397864464,3135.000699218423,2039.1724147781126,1215.897262925203,724.2784412668934,3531.160520953982,3431.638318183459,3160.3056626779,3005.4695170081163,3342.3223818873307,1376.4624197565292,2464.6504575458566,1682.305154997154,1835.0807767259182,3314.0157761979654,1936.2533747495443,2613.968099674516,1585.2002900873438,1671.7693220719777,4283.445895952579,2460.215979657071,1293.6190371454034,3372.468169789301,138.44709375425666,1796.7690406819124,2008.68783964856,4045.168301618735,2275.815685178832,1648.3608875998607,5748.543941061423,3112.358336517503,4153.658195255839,2496.642914182563,343.10792819898535,4108.875743761181,2125.11995832,764.4249255989763,1371.5620034941915,3072.239447410309,3953.7717205081526,2680.3874182789323,1415.1580199938803,2063.947385271727,348.88599811686373,1046.415289118045,2693.5086466995053,2518.3330995229758,2975.358309137573,3196.3629630905493,4707.174324261318,2353.4516814561966,1708.9470719682927,2147.5434079955176,3069.279915356369,1847.6871156881516,3217.797094580856,3057.7859119855007,3101.800661282088,2264.5970766229034,619.7808267379686,4359.695112712585,0.0,4750.588174146439,835.3102934945791
5977.771852728491,7162.655604670659,1097.9488534321624,3986.78800226473,3989.5929294495695,6142.5441528839665,3079.7416012048807,4186.4632402677325,4145.875655034169,6509.624316388313,4603.684004609895,3983.875763880821,2797.984704648151,6137.65516034267,4020.715542677696,6131.972028397472,2686.5971699579377,5491.145611516781,3021.0186533970623,984.8949649592083,4442.536256525545,5114.191853376054,7463.010536554936,6399.713913741145,5890.184650313944,6575.087141848768,6050.151042704637,6616.180572493619,2070.159324224587,5244.403435765216,1812.1970553093834,5575.29244856133,5072.8268453076535,3549.507512606502,2858.900506242216,5246.244405554225,2102.7944506596455,2279.953460033779,2738.3689437305557,5854.794220204242,5190.115838479908,1826.3323672902477,2366.039315511262,4841.280526039573,6066.789846550234,3369.3133850422696,6074.89869909038,5231.7904887960685,6135.262100758369,3294.279901542217,6947.900448642382,3416.7895229266023,2839.979636057977,3407.6792968589343,3822.880652659326,2387.7687470400056,5610.759981722619,5030.749813239076,4801.982639828053,4613.3753640068135,3854.560240726431,2760.457809973556,1906.3241022525524,4944.867984604038,4490.659594483309,4782.374598500833,7039.387073120074,739.9214083482109,7190.783325054511,5006.5663278703305,4308.516417239814,2668.376256574398,4883.098135403896,5112.794979724984,4730.641491563274,882.5241731590133,2598.8056093059367,3423.27910070812,6814.466094667286,4872.839228237476,5406.6399659655535,6120.0975590907865,7190.098448607015,3403.6847639841735,2565.406158640966,2327.1937303363898,2869.149574082362,5601.738734501369,6858.726488350808,2831.1768269767254,5950.114657256615,1659.8393421174833,6526.298887236854,1655.789041172214,3935.5622519143312,4135.62663325644,4027.556359040802,4750.588174146439,0.0,4572.348301092777
2247.381980052568,3008.2404906552933,4291.609815686067,1253.514087938385,1224.3358398495081,1703.7156825494676,4388.90241148855,5962.834501241252,5909.972713034891,3938.363482201712,3028.243756038969,592.7317279722762,3291.069690525711,4805.062759818751,1102.208344074749,2147.958187681734,4109.898845583915,1583.9936545055978,2187.725114088377,4020.6655694543915,2043.1206649794324,2386.4965614741623,4218.345108677572,1828.9992341305117,1825.4559696733304,2227.0033017517053,2923.506373076344,2494.4538821032547,3095.606907797565,3137.2810429803703,4943.255337245892,3453.371238218822,1576.9725538689631,2343.616928892604,2654.4523478536967,861.764520379552,3202.5401533284485,3338.112508855566,1857.710538048918,1345.6051183333834,682.0065282048256,3108.997627250623,3681.6046478888793,3874.479941930788,3836.188723424461,2630.10254648008,1979.72501244491,3260.573242337151,2427.5500039867347,2178.312891213978,2788.7908782174754,1345.9942081781037,2069.062409964958,1907.401832054536,983.5438061545611,4542.024933454791,1733.5320765102674,609.3621556324281,4069.646231170469,823.2486151637302,1074.2337276407777,1846.419605303735,4215.327680667898,3048.360961940039,2373.2020080829616,6274.627729840552,3913.4684582068626,3904.6516137204867,3027.090536811874,1146.2497405875386,4693.154700366163,2162.7071325327433,323.2675644493272,2199.225678003283,3776.156950307283,3863.341916719254,2200.8760666430085,1640.7234434288432,2439.327456505993,589.0858234417117,837.3134242098356,2061.764400189556,3075.0477277962686,3448.9273232006494,3481.657750462127,4937.734316726752,2630.155067007457,1177.285804418366,2358.7301522075386,2465.2520640437565,1455.13669288696,3210.652976019832,3891.282112389823,2929.768471857802,1487.772699925967,813.2211590028876,4886.571175450123,835.3102934945791,4572.348301092777,0.0
