0,100,4
1,1,1,1,1,1,1,1,1,1,1,1,1,1,1,1,1,1,1,1,1,1,1,1,1,1,1,1,1,1,1,1,1,1,1,1,1,1,1,1,1,1,1,1,1,1,1,1,1,1,1,1,1,1,1,1,1,1,1,1,1,1,1,1,1,1,1,1,1,1,1,1,1,1,1,1,1,1,1,1,1,1,1,1,1,1,1,1,1,1,1,1,1,1,1,1,1,1,1,1
distances
0.0,5158.438160655316,5650.720485367154,4664.872837524298,2758.248688630161,5653.491151485868,3630.906698460042,6074.65551207013,5231.961317506562,2427.56210760693,3498.1098525189286,3183.579588844136,7221.535695917663,4300.680371502281,4368.275074088742,2965.7882541577374,3015.6582405720314,1263.1568512219692,6396.162463565791,7098.18152669203,4379.9991184602995,2654.827460937716,3913.9955134058346,6332.462359868552,2653.906266619076,3140.164078855276,5788.752968356657,853.6866292732951,3418.5906160792347,3420.1277493336415,3086.9413498123026,656.4029758875259,2638.1592929010185,1562.6617363594726,4141.204893521329,5568.42918297252,2824.968048095766,3369.585051266847,6721.556578706751,2929.731790647909,4727.650308191692,3918.188439851892,4895.643274921183,4178.552168257805,4342.787175358355,4826.362618666878,1482.8196601964107,3593.938093988404,6553.7110839460265,1184.6876422774912,3172.833059929249,2566.1946867570277,4995.270772740552,6759.270162649588,5364.499114945403,2857.563246884485,4793.101983232988,4359.770705147233,4315.163707581092,2520.5262445013345,4413.6762113496725,3122.4908548842864,1565.8473155739039,5063.889758857908,6752.631149781247,2696.921511899262,1640.2916306754726,4288.109540456843,6898.490274643648,4417.998918316301,2789.515801115671,3553.310806565758,7194.809551773278,2393.050924670222,5204.732777096822,6207.352852910007,2627.197292544471,4633.057694604072,6649.738490646155,5304.5609282616415,6769.312966213411,1159.1066228268216,4088.780753946707,5478.13937377692,109.32596078242332,6909.401255909588,1596.4915310624103,1328.4973732473088,5829.368314685306,3052.1817634619997,3683.327409884166,3720.6820439404655,1908.325588516016,6708.352245821622,3873.0047061805903,1626.662192857817,3245.3177865332386,7001.114027344863,1413.0775460635562,3174.873858392488
5158.438160655316,0.0,1503.4929247751718,1664.2375357120752,2422.109807718263,3417.6780307624063,2886.829581230073,1620.243828586611,226.0404863735699,5110.468436247503,2305.797266158714,3656.5634130095436,2209.7956927942455,3121.85024103111,790.6767014715941,3446.262520282661,3065.189607073109,4997.953591598265,2159.0916995340885,3174.8428914453384,5071.338967786121,5872.879008588718,3141.1470555976844,1510.2282753812417,4190.29316414699,4852.523405032891,2484.4917922015757,4317.383010741229,1764.7825236045376,5665.452836597,4110.53549537989,4617.826637844366,2768.2097786737554,4308.382144485445,2057.1501611097815,1965.1617218837232,3174.8208765788663,3187.861008225107,4923.57079677311,4793.814893955961,1855.6764248499792,1494.9824543960372,2729.8299824391993,1011.1271973243526,2045.3652992309223,4299.92094956291,5468.477543457594,1574.919093208283,3522.366630117881,3978.9205777698053,2082.116733707551,4699.2890067559165,1180.0292800286777,3162.3968218868417,288.76648485757477,4869.338100906323,1115.9351775318312,5808.207137761273,4542.182518597199,2657.572300343492,5943.547235140391,3547.92949972417,3601.9212406215934,3530.9335600457,3758.762906857121,3202.8092201893637,3857.1744951527667,1218.627976100992,2300.1600991930973,2145.670107280474,2412.4686115439927,3430.8648616487367,3887.470308528285,5027.5430674304525,4379.177970903329,4828.161412248869,4688.674739635923,5573.515531201559,3611.630888683116,1494.8580490832564,1711.2383308002422,4012.980123730742,1071.8048275950248,3204.354261559729,5058.432933161218,2858.3237305613234,4276.490433951303,5410.530246292871,5091.177248819372,3325.7977236808915,2015.9209712101815,1873.517820040685,5464.093054714569,1580.2050716894312,1293.6988668836345,3860.471694589924,3754.9391660014944,4880.261898858502,3882.6746215556095,2690.340780818854
5650.720485367154,1503.4929247751718,0.0,1035.228890448871,3202.7300930115857,4920.998513221581,2456.647056701878,2947.7147860781915,1279.118927254616,4914.385566013822,2212.460772514171,3279.378522071675,1788.8547468134468,4548.835625916263,1852.5209194686577,3202.4384275311213,4236.6392673752625,5148.537333168033,3479.314977585674,4478.190039462372,6438.36768857612,6905.232526933833,4511.996027167245,2643.6002514336387,3952.8485907522436,6050.89508764092,3963.8811955660326,4802.724483029607,2668.567571915877,6854.644229627239,5325.612209046486,5230.1405257076985,3018.2003605387104,5174.7711378775,3451.563550027871,3447.1049990262845,4300.7832465505635,4455.144618542141,6422.732984432718,5958.157805666531,1067.2169766083184,2721.52116820814,4219.659700733343,2128.217056629328,1468.855315613148,5748.263272488919,6296.694337489236,2286.0655912823236,4976.314382669669,4553.968732016174,3039.8382871725266,4460.845433299836,2682.538961835969,4549.002494890171,1271.1943100572785,6016.908946689238,2601.129338102971,7125.208297758039,5927.920790322101,3399.7854203911165,7257.411162179666,4770.111762971598,4116.968102394042,5017.535725518056,5205.980743691625,3165.5619048638114,4679.649130567376,2566.497269674176,3425.814080968347,1471.911958358923,2917.303613224033,2928.2301276342682,5281.091669011248,6078.74486235843,5853.619704844004,6331.064820873817,5800.955081646556,6940.49201560826,5060.451976667005,2989.5994596126084,2489.941369232818,4604.862726175993,1966.2687294276436,4707.789332479205,5542.608669609735,4153.7587944541265,5149.78060716862,6209.228227858354,6579.400397375509,3071.049555297016,3269.2742689288098,3112.1620403496026,6385.853089132023,2208.653696074602,2079.7042698482396,4678.056051863958,5003.643602892297,6367.04803745103,4250.612663059879,2601.7960782697787
4664.872837524298,1664.2375357120752,1035.228890448871,0.0,2405.204303111484,4855.250147321454,1452.2317638428096,3284.3660614328605,1510.2440117428046,3896.2376847437063,1186.5941649013787,2279.599285262434,2796.714370371955,4208.142466303274,1518.558572328707,2177.3344641675976,3621.4467647383685,4116.087423484224,3823.2596656831984,4838.641624576881,5953.885134487649,6118.695774319639,4087.2202734378047,3127.923208911626,2934.211532028323,5397.939049319194,4056.419549145527,3825.870489288418,2004.8877955898179,6179.034894825728,4705.297209458824,4282.997139467875,2027.2894876854662,4330.70189212534,3119.3266778503657,3545.15493941633,3646.765308683574,3915.1122930134457,6387.022294711363,5279.621535425149,207.57767329122845,2287.777624857145,4047.0421291883044,1733.5980388094583,461.66713639266106,5413.647726349491,5413.93154099985,1576.284363293946,5117.1373103059295,3607.8627978021836,2361.711350187402,3446.3807594269097,2670.8403633680546,4809.4196409983815,1592.5674617980867,5324.15352646794,2516.163193475336,6567.381401625766,5480.19880190281,2567.8468294265526,6694.072709871772,4174.70488223012,3162.738281921221,4806.684998700249,5358.855935025312,2131.1448569369936,3827.9909068063366,2274.978008318542,3931.1541349859335,515.036161033378,2015.5122602579222,1957.9234251198386,5526.868387569945,5317.755426094829,5582.289217224956,6202.490848440972,5087.038941075349,6447.157946440121,5211.4388318065285,3059.021781358217,3162.280793554077,3663.090433090753,1469.0156191426286,4626.479351494503,4555.962393481865,4522.5497525918945,4309.73233919718,5315.155476322118,6343.72043788446,2045.8131541687765,2793.73704269031,2638.9834794672356,5545.77330213569,2930.732458843011,1471.2583739483016,3824.1389424518816,4424.127107337334,6398.150192848946,3254.9652557096515,1568.6626172992073
2758.248688630161,2422.109807718263,3202.7300930115857,2405.204303111484,0.0,3604.577639049685,2229.092668747533,3374.9630260508043,2520.5249980162866,3348.7781475011147,1611.6942007527355,2520.6478399580137,4565.840925904997,2456.2177889407526,1633.914189865857,2184.108436165659,1386.519424615465,2840.174915862225,3756.0751877982957,4579.917236721423,3772.754692532368,3720.118684082673,2171.8432638468644,3589.8813982328165,2664.0965900916576,3035.8295546043096,3346.5626390796874,1940.73384210664,662.1242269431018,3794.466855357153,2391.22088303632,2196.940644443541,1072.9712100191691,1974.409499249839,1718.6931684221588,3007.6157603221195,1343.5370146549744,1786.282046672641,5013.341867757475,2900.432463019438,2553.0450711612984,1205.3344055327552,2718.6695478069787,1424.5808916906053,2296.81103571909,3519.660472890106,3112.54874790179,927.9795380421918,4295.205145815622,1573.5791256447828,461.8451558801936,3062.753147169716,2300.3357818375125,4320.432820103213,2649.9538781473157,2936.150934410048,2085.9116260824667,4276.4867995252835,3378.7277048594783,237.88098982894763,4395.095601782514,1921.7669082888283,1247.9619997115294,3239.9910889321905,4527.086145078531,1724.1368892709763,1485.8780557320306,1564.6152543398648,4203.4129228545935,2423.0700080571337,572.8626816681285,2592.492662487784,4887.149280298485,2912.7816671863684,3796.455750540496,4650.041611869296,2690.6112194148377,4237.26767492921,4397.860582664825,2657.4551266025173,4011.37390734459,1601.5518457386886,1373.0375439036616,3381.791747463022,2662.70504662026,4344.314565765812,1948.412714317991,3036.8173442413363,4566.93010352173,2137.211003402331,1179.9779026651306,1136.2856662727909,3183.2256035702208,3952.7892091385293,1180.4634004716113,1485.8447348565728,2178.66346610508,5167.87002488501,1626.7394761426915,1630.4867493193558
5653.491151485868,3417.6780307624063,4920.998513221581,4855.250147321454,3604.577639049685,0.0,5539.084423367909,2352.8185057655855,3641.923574697855,6929.139865999676,4832.952766111108,6044.96397683791,5030.500554914988,1354.0399934721283,3340.6513400152976,5725.052475120993,2655.3612805720054,6240.609204039138,2097.5731291673724,1998.850232332828,2659.2195460010444,4679.778886582784,1741.2314725831257,2870.7153559656526,6265.944032295932,3327.641874748543,1113.4635617320403,5091.811677476398,3321.5992096338177,3943.204038605788,2827.8035054596703,4998.954931940575,4640.651432101425,4145.136813625939,1927.4003112342807,1547.9861424460498,2840.4999934935754,2284.1141592105246,1531.917173094224,3429.8984370552434,5062.80948104074,2727.717552100291,891.8492786676459,3159.838561842203,5078.2353636484795,1548.1452125617932,5018.066461506464,3640.4213831308048,1004.4714639351384,4688.263822851696,3199.8191496259597,6664.8123824084505,2242.4063549385965,1528.1227292243254,3660.4383298458943,3545.1308225082466,2355.682387955771,3496.4577907758303,2173.433418477318,3738.9401353850267,3622.1736487602298,2568.3432420618938,4604.139446515168,693.4145546936552,1144.8610208531863,5291.45291160169,4021.803060563881,2608.326372548497,2689.2805607931655,5210.024141232074,4101.4641813909575,6017.902598551425,1636.8437507865558,4006.037102769768,1351.785815611704,1425.1702092806313,3566.250142589552,3053.594509249222,1079.043019473274,1946.7291432197244,3478.8923653444645,4670.51674344178,3452.9004913162503,233.65533071599353,5599.75565067209,2031.4908420906063,4107.03350252235,5060.168884864813,1834.5950340203142,5653.613929450525,2449.5869095937383,2541.655555112455,4735.6129404958765,3702.325611816578,3553.2185038429598,4036.4907696277464,2521.7112813595454,1589.308160498145,5056.99943021907,5043.379180434583
3630.906698460042,2886.829581230073,2456.647056701878,1452.2317638428096,2229.092668747533,5539.084423367909,0.0,4446.304888826451,2797.8363882366316,2459.2875562131812,706.2190356681132,827.3941127376971,4240.08017991087,4584.655465388102,2393.5030729090363,772.3568045676822,3615.5867560599345,2836.8377267910478,4960.867752365306,5948.309640665489,5997.512376291107,5584.367959569373,4350.874854222424,4396.927942392734,1499.6626145083435,5172.676690849043,4959.276296096841,2871.017937177335,2240.8591896817165,5872.1993123956545,4586.408756231938,3409.2636574251637,1280.7362089462454,3755.409488328004,3628.2120419017683,4489.903726873662,3563.8029346421504,4009.8316469623755,7038.80664910935,5011.275340964315,1389.4993981290522,2812.056722209742,4658.882287277175,2466.14549232157,993.9761372130616,5715.754034852532,4675.544014486977,1899.0196507516714,6012.814642683491,2787.312292467602,2462.517603205711,2004.5206578915574,3603.2176607263123,5832.728102998544,2908.0114223441415,5024.95413252151,3401.139586296628,6460.968646719933,5607.304055326142,2261.5691706887937,6573.24420263845,4145.956504241934,2358.6926259917805,5314.802145293463,6257.025508588725,935.5552913713869,3275.9013344375926,2983.8418584484334,5180.982193903487,986.9567360983963,1659.9503621614715,544.2102274388094,6510.735586945763,4876.149755453067,5965.070803075182,6746.673751006194,4758.645532838625,6454.616825155773,6113.5116425917595,4020.788109640447,4530.504781709097,2852.945564654363,2174.981177190506,5305.707702428866,3523.060514042443,5650.175822513224,3746.37450812649,4550.387781582686,6741.485795657289,646.7419754801755,3150.1344676267395,3028.662299776091,4910.530622569113,4325.953163691211,2019.3364475215617,3266.346280825871,4401.928463447014,7127.7937500944145,2260.144573120268,613.33855473955
6074.65551207013,1620.243828586611,2947.7147860781915,3284.3660614328605,3374.9630260508043,2352.8185057655855,4446.304888826451,0.0,1786.989749724659,6499.859238298395,3808.4802539356824,5170.621653153225,2687.780728021726,2731.8756077854277,2085.5110247737844,4923.28260283157,3355.8535362691264,6191.201303091428,541.5571596239865,1557.9616428718648,4671.075493584428,6104.221075150621,2947.6046576915637,520.3064909262617,5631.554945204033,4866.778852198341,1241.6745551592817,5297.549898189916,2765.0599806154296,5639.15330695327,4163.333065619539,5457.036549896473,4068.450864232724,4891.411872558882,2074.459073798517,867.7702947162918,3526.9201349803766,3259.448783694108,3687.11331673438,4878.140959411588,3474.2348588063246,2172.116516408132,2047.6558846957175,2113.4705577698496,3658.5969239746814,3670.5440052500394,6007.929321764113,2805.3743072618668,2093.3797720330153,4908.0909892850395,2925.291653540207,6122.230608106166,1080.4115036966239,1603.5957256007512,1732.6724685069591,4978.097158443274,1289.7065703686244,5496.116532782761,4125.897377287637,3602.037428225309,5631.8578580843105,3658.8302794166334,4621.561401000532,2752.6601221164233,2305.45526732574,4609.6496067181715,4541.045829373228,1810.6296574852074,828.4963014576468,3762.9518700520202,3600.0697540111632,4988.3224602851205,2335.22332324855,5286.579467084647,3607.8312319189768,3747.329504082874,4875.254353865961,5141.767767292684,2165.603156809899,813.2955409320771,1142.336566229498,4923.274704358981,2353.3486398094524,2203.764775245534,5988.049624579359,1238.9392135278472,4853.915557792287,5989.836523012043,4183.481039085154,4812.87143740387,2419.0745487595045,2360.1059863033693,5881.952987427305,1349.6425014410297,2564.4986216539482,4549.722427620062,3780.4822458798826,3549.3605411387834,4993.22641729904,4157.902137702137
5231.961317506562,226.0404863735699,1279.118927254616,1510.2440117428046,2520.5249980162866,3641.923574697855,2797.8363882366316,1786.989749724659,0.0,5077.88333347449,2252.6714251938743,3585.889499563533,2062.8175565909846,3339.8386610879875,892.6106059923331,3392.5495045297425,3240.3515084226588,5017.317204036635,2328.4080380090168,3344.9491753611146,5282.289355050706,6033.906227509507,3350.442775833965,1622.7220590073334,4145.208319066847,5037.587059996085,2698.712692723144,4385.157937324607,1873.679064968171,5850.411400831655,4296.684118489745,4707.781490515145,2780.594527457213,4438.061873082551,2267.803466635061,2179.763405069688,3342.608824207374,3380.059285337167,5145.35480716821,4973.3880386901255,1693.0836191730166,1666.9062009267345,2955.5441101834367,1142.9353452636767,1915.290576286011,4521.541065792724,5596.381943028908,1638.0274675548026,3729.9763153886115,4058.863872021332,2208.355491809459,4657.876464435377,1405.7563840413459,3352.274157213279,133.30095761471483,5046.4128356282945,1340.4571518496962,6012.489055646838,4755.418886614512,2752.580218883548,6147.478781659763,3733.6865297688023,3668.910878205275,3756.496654436019,3964.778273850002,3176.8300155359275,3977.174789552629,1414.0517340974484,2423.740623900173,2006.8523308288031,2461.1123117600705,3339.7344795932513,4080.320013761299,5189.66442593777,4603.7729104021855,5053.512009503589,4859.698695030795,5784.796089122329,3817.9448431974497,1714.0374445201014,1745.1862542319086,4095.919112326561,1149.67373426029,3429.3101970582948,5130.205163037635,3025.336588852553,4407.154134340323,5533.572942735101,5316.944361170615,3268.8967452908328,2199.4759487152846,2052.8402783991746,5606.801077586042,1576.8090419924033,1359.492731258244,3979.6762582695087,3945.6766735945307,5097.724626435798,3928.2902368394316,2647.5072933635142
2427.56210760693,5110.468436247503,4914.385566013822,3896.2376847437063,3348.7781475011147,6929.139865999676,2459.2875562131812,6499.859238298395,5077.88333347449,0.0,2834.0340686373193,1650.3988696463646,6692.589862469835,5687.053872818156,4437.406360949152,1721.853620267704,4403.202197058068,1164.4834401175485,6956.976772370956,7860.520715203605,6410.19346588073,5049.640911361916,5341.878738655156,6571.657296529164,962.1141479226881,5265.109349329223,6677.493449563915,2224.8151604600775,3806.2444074833134,5714.1084109111025,4966.012392769474,2700.1007350750824,2438.5812803089007,3556.326735155953,5067.443084054521,6298.652633155205,4255.367178480019,4838.252907949727,8266.632453671144,5058.908326415888,3847.9420983692044,4458.593331068668,6053.931767188164,4386.523882168773,3446.6824358928106,6557.234543673118,3894.45301041905,3695.38462426227,7643.659313182528,2508.138262460425,3792.0137903342334,458.4284916680022,5494.4754214903,7639.771464049562,5202.571559824333,5016.541115517743,5273.680617629115,6573.855006782626,6200.56781636682,3193.1540995205664,6649.468744171446,4762.760522968271,2396.9083485567403,6493.879092943523,7875.863407586561,1908.7934260626525,3298.7351819485298,4764.030749494592,7301.770505305819,3446.2432587420462,2945.13863526541,2043.1679884458836,8230.215976040057,4640.911359620006,6896.063378415327,7840.365627769983,4751.277343072492,6756.0229831611,7746.367369256121,5894.145011924716,6817.518098923244,2559.1165625191825,4155.332521479599,6712.422255980773,2361.277347804785,7599.048995869154,3573.3231241555804,3740.2251550627266,7620.76036863842,1852.9083332968742,4528.753656876581,4477.495377156296,4294.708299242919,6652.072112549968,3937.958372366321,3282.506315982347,4971.334164955118,8461.350638619817,1948.6203929062222,2432.2765069426214
3498.1098525189286,2305.797266158714,2212.460772514171,1186.5941649013787,1611.6942007527355,4832.952766111108,706.2190356681132,3808.4802539356824,2252.6714251938743,2834.0340686373193,0.0,1362.8267509940508,3927.26972314062,3895.9751699492385,1730.1538263764294,1141.0794099842483,2987.0098074067314,2938.1653215986667,4310.709050237791,5284.596328275794,5378.521103693933,5165.009733411642,3676.1287183890886,3802.5463108325193,1893.0621957246935,4626.840795855958,4264.488177504072,2671.8686040526018,1542.8454684526898,5360.5174322335715,4001.0977136897063,3158.690666377447,883.8821084567783,3337.859207341736,2924.1943518495823,3802.759403833222,2954.756696747805,3363.169166345487,6334.2314944657655,4479.0454134256115,1230.4065479868839,2105.838026610071,3953.4317303235434,1776.68932442169,848.2724861464033,5042.816730747312,4353.589844843564,1192.8011964267141,5314.300932688419,2493.3979884898035,1787.6417149557683,2406.9512582522316,2921.924273599506,5151.410364621033,2374.3751752644316,4504.013979127174,2715.1184387164403,5885.646100338178,4966.648365626965,1689.7552877674327,6002.867040974671,3530.394189205789,2045.4772100847272,4616.064052940774,5558.252990867724,968.8936038311946,2839.3106894318557,2283.638771281702,4569.258499203673,937.5862941841676,1072.7619148068222,1211.6943982543619,5821.095169652701,4410.226213501185,5281.4495049484285,6048.012191990357,4246.124010686099,5847.239942292432,5415.372511874414,3339.890886210806,3997.5151342734152,2553.3959602797604,1491.5459849904057,4599.553227136414,3388.844229241734,4992.624903395508,3322.862508439373,4242.536769090517,6058.197558000317,1020.0206350246053,2453.378378051376,2328.177274518631,4535.138118748424,3821.3931087468613,1322.378339523527,2832.3634511490573,3787.5195775780485,6421.598261836768,2085.0394804504294,406.65600254023036
3183.579588844136,3656.5634130095436,3279.378522071675,2279.599285262434,2520.6478399580137,6044.96397683791,827.3941127376971,5170.621653153225,3585.889499563533,1650.3988696463646,1362.8267509940508,0.0,5065.278609872907,4972.085354653718,3088.8311387011754,340.8807649384165,3856.8734333256257,2199.9269769485522,5669.621285851552,6635.553813732882,6168.853031638377,5423.924302297184,4692.091946263841,5160.371917765715,711.3021108987369,5215.374714803913,5573.14705669436,2538.671948470105,2728.662745393795,5845.0820110271325,4713.371394775718,3103.2243759871767,1448.522569111369,3643.9348244864373,4117.638828593154,5130.3199654513755,3766.6129132026567,4281.10721433346,7504.475783886107,5034.132129450915,2212.5560363633736,3358.4399762568332,5153.757344907888,3113.2628833172766,1821.0680454705696,6031.728783926711,4408.064550945232,2470.985552334939,6606.602762808128,2573.498909741366,2861.642389018062,1192.2141556654155,4261.814602259113,6484.51242116167,3701.412661637311,5028.801083771956,4049.620939820047,6537.052359493306,5834.36600089247,2474.001174050045,6638.60831109661,4344.040546220189,2209.848395021025,5743.273553881358,6848.722793113253,812.2536526541448,3213.995399950815,3588.3840546351785,5931.172368531537,1807.4868962083797,1967.177534311787,413.3875001496779,7137.929347917714,4797.747325488911,6316.209852485033,7163.737643383724,4754.990858234324,6595.183778711932,6708.806810325812,4678.558351109133,5327.943706917332,2640.8534155931484,2838.6546989290546,5814.451286089858,3081.7963578332037,6347.678128469495,3643.5002670515887,4269.050503445702,7084.845066624957,391.36566872555426,3601.369637704661,3503.321923745233,4705.084965364599,5133.391221997501,2651.2833539250387,3201.348622265623,4591.197759437073,7630.0356839617725,1958.6687675970122,1031.7489299364456
7221.535695917663,2209.7956927942455,1788.8547468134468,2796.714370371955,4565.840925904997,5030.500554914988,4240.08017991087,2687.780728021726,2062.8175565909846,6692.589862469835,3927.26972314062,5065.278609872907,0.0,5139.911650846345,2953.312638973734,4973.937265098245,5266.322968087411,6854.232519752594,3072.7943297957645,3877.9791469533457,7127.6371951345845,8081.850069041989,5235.53784554462,2184.881160458161,5730.48051417584,7032.439048274788,3926.3970152450197,6368.2182156682575,3930.489602566072,7843.6322616880125,6290.242873436446,6730.877581496265,4651.412088001342,6500.02018289982,4167.541933529883,3494.2403622545776,5381.820851688117,5356.698532702582,6361.899267532692,6985.111145203204,2853.132420330329,3702.653647470149,4584.533370795768,3205.208192601067,3247.3078191218647,6231.967772396292,7657.408098488157,3655.0534834921364,4723.305330399466,6068.450145104597,4270.649832789033,6241.519984727199,3097.5980223884762,4127.863459399305,1942.0704269127316,7064.593271689602,3148.443601213939,7907.314384494966,6583.938821494166,4792.86431124406,8044.025166256567,5730.735761019959,5657.178621376649,5357.369315501126,4908.848480569042,4895.422973969257,6035.3079206208695,3403.535359478435,2703.7746448023363,3258.9243523790174,4432.222684201348,4717.084263841384,4809.726088612219,7236.29684059409,6226.663668030015,6434.503616104742,6891.685303817638,7622.13683813988,4780.813366226504,3191.1692369764723,1650.7892413521479,6110.490792869097,3194.450264548816,4865.8893899015,7116.587249647826,3580.8542769604574,6469.358711911793,7592.262087966801,6848.954002983229,4842.429545263514,4210.810653925085,4074.359301790896,7668.844346926335,1366.1645746823476,3387.681370793304,6037.334207425161,5924.398882592563,6194.21062616069,5863.498170560301,4330.037380705737
4300.680371502281,3121.85024103111,4548.835625916263,4208.142466303274,2456.2177889407526,1354.0399934721283,4584.655465388102,2731.8756077854277,3339.8386610879875,5687.053872818156,3895.9751699492385,4972.085354653718,5139.911650846345,0.0,2738.4110253385993,4637.917170865065,1321.3631276015685,4930.24496315751,2743.931227706154,3071.897352199289,1988.2740788663928,3508.5289020266027,387.1914795963358,3215.377363677396,5099.16529340097,2192.867767555992,1805.2477018295858,3760.406226184213,2357.4875490356253,2928.1993672516555,1568.3127488061807,3646.9190542518213,3527.9514643533576,2793.337666049165,1102.7705867042337,1892.2411441634495,1499.853220534929,931.262479357995,2581.076028253527,2245.1273094682183,4408.147153543085,1920.8133098003043,754.3170851266726,2487.7703587793226,4323.163404251567,1208.7982454868147,3706.4928702570037,2753.7096320146024,2297.6702628728085,3361.7761186221187,2128.213147078318,5459.027116496583,2044.3356202974599,2647.720730370558,3405.985133397531,2355.3958492109127,2025.3152767322426,2785.8468889055985,1444.0468642048984,2543.61398415817,2922.604775022616,1225.654718488449,3316.6075143322278,807.4963999826876,2475.740333608717,4180.289821776953,2673.0982581568146,1987.305678770631,3366.7462993985755,4459.944387514378,3005.7771260499335,5010.25659965575,2945.1036045112237,2759.903307982002,1391.011094124343,2193.8780680076547,2320.4156127456995,2482.396640355646,2387.0266898993823,1996.1936715171203,3834.943667345585,3339.779323052348,2739.2486165826567,1192.9234976518824,4248.326220043842,2987.484694931842,2755.051824921085,3737.7213525382012,2166.2794765205163,4585.003972781812,1453.1991266116968,1594.7896378619969,3458.584410997366,3969.0591591465345,2760.3022862639514,2688.054934763052,1218.4609421832115,2782.4925837629826,3772.949011373729,4028.3101619613403
4368.275074088742,790.6767014715941,1852.5209194686577,1518.558572328707,1633.914189865857,3340.6513400152976,2393.5030729090363,2085.5110247737844,892.6106059923331,4437.406360949152,1730.1538263764294,3088.8311387011754,2953.312638973734,2738.4110253385993,0.0,2837.7717848348907,2411.136304502298,4243.841905012484,2580.9918292542116,3556.9022495481936,4589.168252286683,5166.842374113226,2669.4716773773794,2137.341010611316,3550.918468922794,4224.696755995867,2603.6652631429024,3528.6982077923576,981.7466853369048,5034.32017239319,3491.0792935234217,3828.0369952372457,2036.284629796385,3546.710443411049,1636.1871163421374,2113.321669953961,2495.3007827797032,2605.316591075257,4872.499899215699,4145.272942109362,1725.6435638549465,869.0356098354079,2529.255177603478,278.4918435232887,1751.873208787668,3946.860857686777,4704.372869347199,797.3564384401744,3667.6086084992767,3188.2817840413663,1317.6985486388755,4047.225082023114,1220.9031120056168,3443.434955553829,1019.205181657256,4211.761866255973,1034.2836116718663,5273.264495145393,4084.5466174962426,1868.3998659850622,5405.757331832885,2931.092487580868,2813.9243365202624,3295.835696781167,3911.8362051528943,2534.607042635998,3084.564420241049,763.2859265478436,2868.5982363534285,1879.6428461643984,1639.1461719459305,2928.1437517010672,4132.651128683499,4325.48517500384,4090.1059286557606,4684.55225082494,4012.1485315090217,5090.705367013986,3765.700724117624,1635.0369643494303,2452.2931764065247,3222.3200614538587,292.95205311791216,3110.729452450984,4268.575408601798,3262.8182442698217,3516.1077168279417,4640.998847802055,4842.934315745568,2727.739077690716,1417.1667273066357,1260.494093615674,4721.132355286176,2353.486295063772,520.1807586849015,3087.0785993751433,3158.849248141164,4895.93286581832,3106.118522285007,2072.4184486481004
2965.7882541577374,3446.262520282661,3202.4384275311213,2177.3344641675976,2184.108436165659,5725.052475120993,772.3568045676822,4923.28260283157,3392.5495045297425,1721.853620267704,1141.0794099842483,340.8807649384165,4973.937265098245,4637.917170865065,2837.7717848348907,0.0,3516.159493545479,2079.5697269793573,5412.6859646341945,6366.5365153034345,5829.626088168349,5125.886993300672,4354.629884936377,4938.498039239461,763.0879853988,4884.885327748544,5279.451794909961,2274.09077317947,2416.6939114304487,5523.9999593050325,4375.543117721615,2834.500153613332,1111.1886871364377,3331.7090717231004,3798.73459848737,4846.327014723625,3425.7725791245985,3940.8167066866986,7176.86518926864,4705.575075473029,2140.3583009078175,3054.700263467596,4833.322729067551,2841.7184979712542,1733.8240271829782,5692.17157228812,4133.712153049,2182.1491193548163,6305.31973783384,2276.4305664274057,2534.200585604857,1279.1810470766052,3987.490240717336,6201.608942337867,3512.9987047549566,4702.4920730273425,3772.4638903045848,6204.459322200445,5493.58594401917,2133.72210593601,6307.109703113938,4003.387152536712,1895.9393804048693,5412.487792166002,6546.544704729053,471.4305607881187,2892.0872092666914,3299.0035917647924,5697.730533301219,1745.8682549906225,1635.763184007392,595.7450254739857,6845.710315640591,4482.940698058029,5978.27522774805,6830.600103010715,4429.189684593898,6257.699372223789,6407.788159981647,4402.287915329937,5137.703700326149,2343.9105478539486,2576.313334422853,5495.375769044825,2860.9407224409597,6083.82766649952,3329.7615410107073,3998.1532650493778,6746.177416105879,131.5278681116673,3277.9338933822323,3184.099029446321,4415.6418874026685,4957.091808849216,2379.134142207413,2879.8423026500946,4250.794711772023,7307.882668487843,1678.1120356606107,765.5893809634512
3015.6582405720314,3065.189607073109,4236.6392673752625,3621.4467647383685,1386.519424615465,2655.3612805720054,3615.5867560599345,3355.8535362691264,3240.3515084226588,4403.202197058068,2987.0098074067314,3856.8734333256257,5266.322968087411,1321.3631276015685,2411.136304502298,3516.159493545479,0.0,3610.4938102139154,3558.7337534311273,4136.96674163692,2391.7468333226666,2830.2710914993636,950.3753440325567,3737.2985483594966,3885.113011546768,1815.3046722974632,2817.786887229054,2440.057883061383,1617.0444114794745,2623.3712982755605,1091.5647321386848,2359.258698182122,2419.1102413329572,1590.635296056264,1281.853254715609,2683.906152124176,192.3250041986219,437.7799993112977,3875.0277011915673,1735.5079089479834,3796.5719136248426,1573.4457704214024,1880.9419608411633,2133.5334395265522,3602.226417390917,2191.413478404521,2659.4791464662776,2045.343241477332,3538.0537307012455,2040.449922359527,1263.388816658593,4205.480677217528,2359.6153622508054,3769.1408089272813,3346.2156484064203,1806.1833351310156,2217.773932860155,2947.835281275058,1993.6833486501812,1385.0803319410757,3073.38672106001,554.9385054886715,2013.0764406847543,2121.956196393319,3738.2841407161654,3045.610340790988,1375.6511712647211,1865.0852125050478,4130.746868990765,3735.153711696749,1957.1041348042772,3964.9662751762467,4179.5655823238385,1986.8961798908867,2506.5162393728874,3437.1643110273326,1625.4556652265235,2865.3184734329266,3634.185226438658,2542.6812422814623,4293.206200994893,2019.091897098545,2270.6805616873985,2469.5791004511275,2955.6693959719178,3981.520355652223,1551.6712695000833,2652.476494143728,3255.859441481619,3485.448123237527,1057.2113662735562,1192.3479030740148,2529.3785135801636,4335.890031392632,2181.6635626981993,1389.5863752847458,809.2144130185768,4097.838209269493,2468.8838725499018,3014.738462003296
1263.1568512219692,4997.953591598265,5148.537333168033,4116.087423484224,2840.174915862225,6240.609204039138,2836.8377267910478,6191.201303091428,5017.317204036635,1164.4834401175485,2938.1653215986667,2199.9269769485522,6854.232519752594,4930.24496315751,4243.841905012484,2079.5697269793573,3610.4938102139154,0.0,6592.497695884997,7415.080639682686,5400.748341445285,3897.358602978176,4560.2302004635685,6352.8054685246725,1551.7986697832291,4209.649057985001,6157.474079845485,1212.2507057869668,3426.1788467273564,4599.709562766437,3997.4207651514494,1594.2280045918776,2237.231766544762,2511.254362747231,4494.0870206759455,5844.093668607734,3439.724802183599,4026.9626271173656,7474.572645964785,3999.8110515398103,4126.647753857603,4038.932527648611,5402.506042794029,4122.62893062388,3718.072540276749,5670.200828511809,2735.128835073405,3449.241329905751,7046.542312902832,1580.6400295456267,3301.737712514578,1343.9352614769061,5128.732416198471,7137.408750050538,5149.433970371986,3946.3638618318005,4910.556973328484,5493.214711737108,5246.788912478183,2632.563624670256,5560.655948593206,3881.0936264446136,1650.262625573578,5732.431944229691,7266.451699078787,1987.4512779879658,2347.854534363873,4386.569814235492,7016.584471214609,3760.0956098925194,2612.5637916278715,2606.9523308725834,7664.126990918469,3536.560047866006,6029.135074461759,7006.884891077703,3690.3972199385257,5712.069575542038,7147.444598646428,5496.029331849767,6695.053879166171,1613.6175655228838,3950.890034340363,6038.916785541096,1199.0839542000385,7183.926535928384,2534.0625611758283,2580.6489341063034,6718.231057521168,2195.522427338195,3972.4306481957615,3958.9779232852507,3143.791287928955,6577.83054234274,3723.661456260759,2331.3700536851716,4061.324653895327,7707.913405057168,1218.5595974502025,2547.4248061862395
6396.162463565791,2159.0916995340885,3479.314977585674,3823.2596656831984,3756.0751877982957,2097.5731291673724,4960.867752365306,541.5571596239865,2328.4080380090168,6956.976772370956,4310.709050237791,5669.621285851552,3072.7943297957645,2743.931227706154,2580.9918292542116,5412.6859646341945,3558.7337534311273,6592.497695884997,0.0,1016.6345058279303,4594.3225343918775,6213.925268801436,3016.3063151684382,910.349976415664,6107.606844762029,4929.29868730076,1017.1832019110421,5646.825371047346,3179.153803194334,5671.6534173711625,4258.737920562029,5763.688848745566,4518.968848491877,5132.639777978773,2292.3085102980795,882.5903014672209,3740.46871336334,3398.9425745212293,3299.018430756033,4963.595461144773,4014.2081501642388,2553.579628961862,2005.2788582651046,2579.33165665294,4192.089278644361,3538.8095653455275,6216.636359157337,3264.83465309853,1650.6064748525012,5248.698660535294,3297.174858844462,6590.867588723354,1469.4103267977941,1092.447128592043,2273.842094665766,5069.1929255648765,1690.153052690791,5432.796676161919,4059.059013871688,3974.371321994461,5566.18748407148,3792.068307051971,4991.630747079154,2604.9618721313377,1841.8936199954653,5081.942128700503,4819.3698504870945,2211.3091822956376,626.5022739791134,4298.365518566796,4031.149816828196,5500.869236635697,1817.5863939389517,5419.588685835577,3421.456492754219,3426.1142907045582,4994.071096508438,5042.729530537405,1710.2177647261763,1100.405515107953,1438.1149803089459,5258.358227817215,2836.4063414117873,1992.8373776806275,6314.443396511288,699.4794595418798,5094.263308616271,6211.089158013512,3924.146130862738,5305.579787908762,2713.0681007162357,2680.6652424323706,6054.651099122805,1706.759954009936,3038.709897737031,4829.394576758146,3880.8924469622966,3121.4333870670694,5382.666023030687,4649.060743223732
7098.18152669203,3174.8428914453384,4478.190039462372,4838.641624576881,4579.917236721423,1998.850232332828,5948.309640665489,1557.9616428718648,3344.9491753611146,7860.520715203605,5284.596328275794,6635.553813732882,3877.9791469533457,3071.897352199289,3556.9022495481936,6366.5365153034345,4136.96674163692,7415.080639682686,1016.6345058279303,0.0,4657.600290202778,6570.675321548387,3415.639033326707,1850.8516098272166,7041.001899458343,5233.262942612859,1319.2004370261554,6399.066777308703,4055.668014713359,5903.782706447959,4640.196776047865,6449.635460690937,5425.605039379848,5726.499086636616,2961.1790312449875,1572.3889695479295,4327.8856816752905,3887.6988883864196,2749.367332204993,5306.100345621538,5030.34371931233,3407.1397997389245,2330.139206013452,3524.943722717286,5202.31274287052,3546.96714811753,6740.1798957832725,4194.346089881115,1129.8401714813472,5992.649515860993,4118.441194658483,7512.241079318208,2380.605517060733,473.17124258876936,3288.7992591196557,5418.509501100187,2598.3321506858974,5495.305849541406,4163.009133189236,4782.553142670555,5620.836399967712,4253.247289375495,5781.969480614196,2659.537982173972,1203.139875367781,6014.199616120585,5476.453819244713,3097.61189265618,1174.281972284766,5310.4778827992495,4916.746038172197,6484.846963238609,948.1417697369951,5831.580530078702,3327.719446270975,3034.8743164503535,5392.310884605319,5048.497437869806,1128.5454057170227,1970.4036449519676,2237.4700770452773,5993.9507429561845,3797.0549254532784,2008.7598989797161,7024.865394571272,324.4522423485463,5687.473580894245,6755.272628319082,3646.7291609913946,6264.146994695606,3454.310107603543,3456.7708740043795,6521.069153931201,2541.950426847069,3987.615920374604,5488.336158610639,4285.287909054069,2474.1127914751582,6196.89622558624,5607.876511771635
4379.9991184602995,5071.338967786121,6438.36768857612,5953.885134487649,3772.754692532368,2659.2195460010444,5997.512376291107,4671.075493584428,5282.289355050706,6410.19346588073,5378.521103693933,6168.853031638377,7127.6371951345845,1988.2740788663928,4589.168252286683,5829.626088168349,2391.7468333226666,5400.748341445285,4594.3225343918775,4657.600290202778,0.0,2391.905303953315,1932.8338166091778,5171.909245841134,6083.288694211463,1253.6404629661565,3585.204384084819,4205.029920366917,3963.8754870911375,1454.9616750502394,1466.4620623555188,3833.614788325635,4766.610053102415,2890.7402165599383,3014.586287015849,3807.479817753602,2433.82380205655,2043.1871493135432,2833.55683710509,1458.9741047037126,6139.867377384792,3723.72316143534,2623.655986994103,4318.013027512192,5975.713135461575,1113.5719891879467,3192.0615600495553,4394.413241042541,3618.664755488964,3902.6772030238426,3634.0816775506023,6313.337687469363,4030.6609063022165,4187.341571046002,5359.02017143442,1545.7502102539077,3999.0172935576315,842.3990588889565,547.1922025467838,3741.539057778898,973.3631394238217,1851.681350608954,4084.9492493710372,2015.39573042244,3688.8075229365118,5359.724324446548,3114.4913937503507,3883.3146007968508,5218.834882910362,6110.384608960798,4337.840116118735,6318.295268295238,4189.121094659476,2061.887765056575,1401.6387929181328,2246.939977856329,1754.2545274509057,502.8440923835132,3670.8445851286056,3974.185814416458,5796.913457950705,3851.076915553363,4523.882491272514,2666.4947593876877,4376.036103496863,4670.145942878446,2866.948116552687,3299.2362231777224,1644.8801160455434,5815.379462229185,3182.8579720510625,3340.8683727061148,2775.523916144482,5946.427916173289,4484.700997493813,3130.5068442621236,1595.5998491633175,3220.454549052975,4494.953533402764,5390.651123623657
2654.827460937716,5872.879008588718,6905.232526933833,6118.695774319639,3720.118684082673,4679.778886582784,5584.367959569373,6104.221075150621,6033.906227509507,5049.640911361916,5165.009733411642,5423.924302297184,8081.850069041989,3508.5289020266027,5166.842374113226,5125.886993300672,2830.2710914993636,3897.358602978176,6213.925268801436,6570.675321548387,2391.905303953315,0.0,3200.2512883640875,6526.105281933858,5073.254017749654,1352.3754361248953,5312.428291356882,2936.5561177326404,4243.727703835156,987.198354417693,1955.498735381847,2387.544586338232,4325.143354384106,1832.009074089154,4058.881555851562,5335.837569091942,2701.924070296018,2846.209937236535,5196.613451126513,1264.7335869106976,6255.202824769313,4379.267651314544,4262.077800421996,4898.104138698665,5958.769864036703,3310.6071994665876,1174.8661582503769,4620.111489117335,5684.18368497729,2850.7891971904905,3875.715048543301,5115.580611147966,5169.447699352514,6131.09205719389,6147.063297654661,1153.2484790451715,5041.303366394151,1981.2760681492625,2639.290457911747,3551.1674994887244,1984.1387481506938,2446.66492439913,3241.7011467285197,3986.8972735962234,5810.6914613960535,4717.2262839299965,2325.9989222536196,4691.132648762982,6823.279112693104,6073.346632699718,4129.694656137787,5709.186596650174,6311.06332543455,845.737344859502,3676.992220552146,4613.996215269037,1229.4917791323371,2408.4951940331957,5757.474815703148,5299.372166539825,7103.057201249755,2783.360141070501,4974.628995974072,4598.756203595272,2703.402314498528,6495.987629902015,1844.2571370676592,1327.9809695262954,4036.4913878974153,5166.477901251586,3885.2661837733845,4013.3230164087217,755.097615719981,7160.243919525717,4831.644572073777,2333.3550071782906,2333.4237183696405,5566.362281617322,3471.027628880243,4996.316207279619
3913.9955134058346,3141.1470555976844,4511.996027167245,4087.2202734378047,2171.8432638468644,1741.2314725831257,4350.874854222424,2947.6046576915637,3350.442775833965,5341.878738655156,3676.1287183890886,4692.091946263841,5235.53784554462,387.1914795963358,2669.4716773773794,4354.629884936377,950.3753440325567,4560.2302004635685,3016.3063151684382,3415.639033326707,1932.8338166091778,3200.2512883640875,0.0,3407.7181220965153,4783.686313799537,1921.3441012400667,2123.7779567424186,3382.987111765725,2160.1348868017485,2693.3733718378144,1245.2092091741044,3260.6049178986714,3243.6780897544386,2407.2519025613,1084.3042871906396,2143.21197552482,1122.4134626442253,545.4935960797344,2927.479462406013,1947.3601041430425,4281.680061645196,1814.1250007499486,1085.5523131945322,2403.6910318468554,4163.3952284591,1366.7143871358055,3337.6933833427543,2575.989498913767,2678.538863676613,2987.006904996706,1889.6428064343272,5127.843154736015,2147.2339007721075,3003.576442756535,3429.374683789014,2052.9816061289976,2088.571990432937,2675.570244395949,1415.9891379654007,2235.325234427644,2811.8833192977613,848.3755785128421,2959.36050826475,1172.6966173435478,2860.3066004582447,3890.9307610087335,2288.588339374515,1951.2518653341501,3630.7370027929596,4300.120054133489,2735.3231113572306,4753.846436919266,3325.9448753930064,2424.94725008071,1624.7827738577855,2506.5653156391113,1990.3377299770007,2435.644796594322,2769.1971797797282,2171.3287526961462,4015.654405683089,2963.130365318408,2629.434106328204,1577.519491392103,3862.2157548485043,3312.2820379074,2368.8829912093593,3364.1943348201517,2397.1867430406833,4309.023061773631,1293.809114972143,1448.2759044463871,3105.443842983157,4124.630756408263,2619.511914492851,2303.672201994025,874.65148061728,3147.7185438663346,3415.7155340200684,3777.324110563059
6332.462359868552,1510.2282753812417,2643.6002514336387,3127.923208911626,3589.8813982328165,2870.7153559656526,4396.927942392734,520.3064909262617,1622.7220590073334,6571.657296529164,3802.5463108325193,5160.371917765715,2184.881160458161,3215.377363677396,2137.341010611316,4938.498039239461,3737.2985483594966,6352.8054685246725,910.349976415664,1850.8516098272166,5171.909245841134,6526.105281933858,3407.7181220965153,0.0,5671.258625005211,5317.410658247583,1757.9458469958624,5529.823671761696,2947.8786790180156,6100.5929427158135,4601.505854066144,5733.455415621717,4170.590015331644,5230.096797579371,2469.6685015695934,1381.5389288311785,3898.8322841140525,3681.475918546935,4177.665918653142,5317.604134461779,3303.121326531165,2416.2330199393023,2552.009707544429,2230.4572837703035,3537.888975306179,4184.196380590304,6365.769820243346,2912.8135019909873,2552.114908630291,5152.9544708826015,3160.0406813488967,6174.117933479729,1385.2671463439824,1999.3378836437325,1535.4811564802742,5414.243961565917,1560.1238834938717,5991.832729040756,4625.5428056712435,3824.2881255349994,6128.001285633187,4080.4997069403153,4834.766924511873,3269.9891492642605,2749.9760159281386,4664.866537519053,4850.814521830328,2045.887956053557,804.1164800406717,3629.021168990338,3741.016365187674,4941.020085915964,2717.0579012159465,5698.173011504038,4127.140798418441,4258.017699494684,5296.984560679122,5647.00595812843,2616.02141888116,1237.498206948196,626.7294371840212,5174.040179351626,2425.2107038583267,2723.913987289063,6241.183089505146,1528.0184744580156,5193.567554566899,6338.214738157504,4702.7144627783855,4821.097688074158,2746.3977717388284,2664.443445270513,6265.879100151311,832.6514288632428,2649.089746389314,4858.206279909592,4218.686769596079,4020.0865245092673,5178.702843296282,4176.106245554583
2653.906266619076,4190.29316414699,3952.8485907522436,2934.211532028323,2664.0965900916576,6265.944032295932,1499.6626145083435,5631.554945204033,4145.208319066847,962.1141479226881,1893.0621957246935,711.3021108987369,5730.48051417584,5099.16529340097,3550.918468922794,763.0879853988,3885.113011546768,1551.7986697832291,6107.606844762029,7041.001899458343,6083.288694211463,5073.254017749654,4783.686313799537,5671.258625005211,0.0,5035.912497411865,5907.869233532002,2136.998059194252,3020.4722787208293,5596.393802408297,4616.894442133695,2693.8705359808964,1641.6305077866941,3377.6762379639054,4357.597970456315,5498.170397113934,3764.9218650837897,4321.659768636236,7671.59398369361,4841.615324017079,2886.8749390967732,3673.1269362456014,5377.006141236683,3528.302220153483,2484.7595952753654,6075.901103603399,3990.5301073688192,2847.53457601993,6909.888790891861,2275.932234900899,3071.3852920407107,516.193917147423,4661.491160174821,6850.904235802234,4267.3998167795335,4820.397277514064,4442.845890103324,6365.027784789317,5802.487730505339,2555.6475060422554,6456.298399561935,4318.939860940414,2004.4166609789493,5894.738979611735,7147.745512150526,1026.951882908347,3009.4926756195973,3949.444391929199,6419.040166288492,2486.2691565773807,2178.5629208599876,1121.3128403264623,7472.492675424446,4525.660908453594,6388.357608260358,7287.500109330359,4546.340586949575,6477.36187994912,7012.77143137098,5070.808537868493,5889.36297638658,2339.876438007999,3278.2073080885225,6041.134728983041,2560.2233186136327,6767.149926799982,3384.5700723279465,3843.493158126472,7140.939870050791,893.2172114832988,3822.642564524703,3748.860067942387,4331.081544251158,5714.137453994259,3069.693030607621,2994.834925698744,4551.65660583188,7831.927616938055,1639.9921558998385,1500.0377928465666
3140.164078855276,4852.523405032891,6050.89508764092,5397.939049319194,3035.8295546043096,3327.641874748543,5172.676690849043,4866.778852198341,5037.587059996085,5265.109349329223,4626.840795855958,5215.374714803913,7032.439048274788,2192.867767555992,4224.696755995867,4884.885327748544,1815.3046722974632,4209.649057985001,4929.29868730076,5233.262942612859,1253.6404629661565,1352.3754361248953,1921.3441012400667,5317.410658247583,5035.912497411865,0.0,3996.002749076257,3041.0425452480936,3408.6884055219834,812.9485605947029,742.5099247942757,2622.2802062230116,3897.2437700206797,1709.1845923495214,2891.317947215422,4062.177579703896,1756.920842805674,1677.275236226303,3913.624388189674,211.1168242514082,5562.58504648693,3375.576917740729,2946.0660278887162,3946.581127340093,5330.096669840989,1990.1613280500653,1951.3807048067279,3827.5942255009218,4332.098207427897,2783.3467394631234,3041.820025869545,5211.711401275881,4006.4290356057727,4788.294336690676,5137.793514304462,292.8074626815374,3908.4548992338396,1329.2325694629212,1339.7699540212116,2937.144018293451,1424.5250893645218,1304.5970578814747,3037.6323926606065,2634.614994144875,4458.612245960059,4427.389589311742,2026.6135588387344,3636.217831021678,5547.823758006016,5457.822471415592,3554.3103127061095,5419.551494893281,4958.757118645457,816.5917424833533,2368.190101893216,3341.4880330363294,519.6811228782515,1503.3743011868332,4405.1256297329355,4080.11500962718,5916.213224766667,2725.1009733105307,4084.62732310501,3250.1887392482304,3142.208734901296,5171.465955423665,1691.7955505465195,2051.7310096350357,2826.9784312229904,4891.231602451575,2838.1840710160077,2985.558318427225,1555.177892565349,6004.835471993966,3986.433662014207,2041.1580023765923,1112.4613855428872,4266.287712009353,3405.967478621016,4559.690995415041
5788.752968356657,2484.4917922015757,3963.8811955660326,4056.419549145527,3346.5626390796874,1113.4635617320403,4959.276296096841,1241.6745551592817,2698.712692723144,6677.493449563915,4264.488177504072,5573.14705669436,3926.3970152450197,1805.2477018295858,2603.6652631429024,5279.451794909961,2817.786887229054,6157.474079845485,1017.1832019110421,1319.2004370261554,3585.204384084819,5312.428291356882,2123.7779567424186,1757.9458469958624,5907.869233532002,3996.002749076257,0.0,5107.429631569485,2887.757126259928,4710.631588720137,3363.9172663418753,5137.9014542441355,4269.32472556141,4407.347603094178,1668.6938087812878,519.3477952913636,3008.7819597239018,2575.7239863644163,2487.8534336769117,4050.0132644421064,4261.428895303194,2234.795813583201,1050.9337046669502,2493.9107646429534,4347.2003234409385,2522.010387794032,5428.921899439796,3102.226213820165,1064.566352006769,4699.278993303654,2891.3461562922553,6356.17137222668,1390.1396652027452,980.8233960346785,2692.9695095384945,4159.746919294129,1569.9301775461229,4425.759418331051,3054.6689617654156,3534.0723589539025,4558.2325334282805,2948.89145698142,4512.470321832156,1588.0449344234567,1308.4604935763248,4889.931359438597,4161.562565214417,1985.8266655639911,1636.2289483507495,4470.495277965742,3740.760259102954,5475.91155136065,1566.545733019627,4548.622442895981,2409.2076948407753,2508.672183646161,4112.921020151129,4028.1504463765996,1162.0845618564078,999.8958798845008,2365.765280375253,4697.381386380395,2787.8751108830184,982.6902543329712,5717.608779670485,1188.6828913049098,4368.325129775027,5440.7638195085265,2947.4908359696387,5188.7762408679755,2185.295476312986,2210.410272416639,5222.48789471541,2590.1608324275926,2942.147216603037,4173.701126511217,2998.2971735885358,2403.806780404157,4939.914217094159,4542.7966061660745
853.6866292732951,4317.383010741229,4802.724483029607,3825.870489288418,1940.73384210664,5091.811677476398,2871.017937177335,5297.549898189916,4385.157937324607,2224.8151604600775,2671.8686040526018,2538.671948470105,6368.2182156682575,3760.406226184213,3528.6982077923576,2274.09077317947,2440.057883061383,1212.2507057869668,5646.825371047346,6399.066777308703,4205.029920366917,2936.5561177326404,3382.987111765725,5529.823671761696,2136.998059194252,3041.0425452480936,5107.429631569485,0.0,2594.141335845254,3508.894937964658,2787.7117768853004,565.3307329926441,1799.3919721439238,1331.880565285792,3440.7124532028242,4845.197531587335,2261.0183791526333,2842.6023806204407,6280.63159999088,2834.330588328927,3896.81501271038,3127.565582230531,4281.313990647848,3348.6090095590434,3519.8031714476588,4459.864973914458,1871.514859667697,2747.6906304547824,5939.331069481898,409.0027641483614,2375.022868320219,2207.829976085115,4217.490245374374,6086.659867775839,4517.9827380424995,2791.942256201765,4009.046274081655,4349.69940234265,4036.2811590578026,1705.5496262319664,4426.949245792863,2675.334269451203,716.2642014019688,4554.9490361489225,6150.783797656035,1938.9204428725277,1136.5574528760085,3494.5716836718343,6125.121227695416,3601.781635000656,1936.673796793358,2869.8085619185467,6569.738412612179,2432.1498125331427,4821.067910147917,5803.554352436962,2526.4984863413238,4535.706563257592,6038.422794835833,4547.938305905215,5947.175700304558,421.29726099869174,3246.03635015152,4899.161745872962,748.3788898098346,6191.854478826921,1349.8079787799447,1730.7619815748785,5506.218987278022,2340.7885800494673,2949.5973755677232,2967.247207657798,2194.687733189621,5876.07017823477,3027.8172146186434,1120.1086244311311,2850.435086191755,6525.512887007197,610.8758528481875,2371.2751509363056
3418.5906160792347,1764.7825236045376,2668.567571915877,2004.8877955898179,662.1242269431018,3321.5992096338177,2240.8591896817165,2765.0599806154296,1873.679064968171,3806.2444074833134,1542.8454684526898,2728.662745393795,3930.489602566072,2357.4875490356253,981.7466853369048,2416.6939114304487,1617.0444114794745,3426.1788467273564,3179.153803194334,4055.668014713359,3963.8754870911375,4243.727703835156,2160.1348868017485,2947.8786790180156,3020.4722787208293,3408.6884055219834,2887.757126259928,2594.141335845254,0.0,4202.3467591598155,2704.1162777517534,2858.2491740709033,1381.9084505223204,2573.6521634496376,1396.3527854528738,2492.604297906308,1651.8893945385694,1920.7086817823258,4804.192824963316,3302.703795242014,2182.808241869175,654.3462171572477,2432.993468700646,762.5731315965701,2016.1695208017604,3523.1148045117693,3728.0890435717874,431.10499306317456,3894.961592860705,2234.02573908628,371.5103417470369,3470.8696302801404,1709.9597245587395,3838.062005817519,2000.9264041590834,3356.157836835747,1489.7469945077921,4562.564291682145,3509.385947816227,899.8134479151774,4689.185866522781,2169.8421571618987,1890.0136533297848,3074.1103100033674,4134.764375914666,2006.8799002755495,2104.8418513686483,968.0673688974337,3590.607170226785,2151.9883614399496,861.2462555721212,2699.743427587888,4452.0223599304845,3412.2220359032913,3746.6096588773435,4506.0633914490145,3134.382254962531,4452.418573674874,3997.7017931228934,2095.6121127434344,3353.3032857079897,2263.1767332318527,741.9578976653592,3089.8444549698615,3322.10837223863,3800.271834457372,2544.163612064484,3661.7799534010783,4522.9471889912675,2337.983319087841,910.5393828478813,788.7317061320662,3761.607616804283,3290.898174445542,589.1024092328937,2106.972107474135,2419.458548388048,4909.860472539927,2234.1532838343924,1722.0133291682153
3420.1277493336415,5665.452836597,6854.644229627239,6179.034894825728,3794.466855357153,3943.204038605788,5872.1993123956545,5639.15330695327,5850.411400831655,5714.1084109111025,5360.5174322335715,5845.0820110271325,7843.6322616880125,2928.1993672516555,5034.32017239319,5523.9999593050325,2623.3712982755605,4599.709562766437,5671.6534173711625,5903.782706447959,1454.9616750502394,987.198354417693,2693.3733718378144,6100.5929427158135,5596.393802408297,812.9485605947029,4710.631588720137,3508.894937964658,4202.3467591598155,0.0,1555.1174412310477,3015.141639873656,4591.475023142998,2219.187595550227,3694.7417495707327,4817.14917326358,2554.605272519416,2487.104673478983,4287.582519754692,900.124976665462,6338.499902604794,4187.713153777966,3670.5340713178234,4756.473440688805,6090.875235399999,2472.0920823612128,2016.1814389694698,4616.015310535809,4939.7852224999615,3320.5025083834826,3832.9913343155367,5715.780923880306,4806.652237481925,5446.39786621846,5950.7412209626455,858.5607907684813,4714.418649805509,1002.3956753986918,1797.2089738305333,3675.762228111334,1022.0985616759276,2117.5239951287444,3637.6232644362717,3255.5335368378555,5040.7083305275655,5080.066395939427,2631.918443639544,4448.95350849489,6294.935372918851,6215.964052319639,4289.576135016139,6080.002897398075,5544.281081680653,1076.7927455202318,2813.3780622802897,3701.1837522522433,1115.3153762434192,1422.476168209506,5003.848865096246,4863.484986400801,6705.417765577995,3256.562216703529,4888.828228716264,3897.8546988276767,3447.1941350647776,5867.4904086034085,2213.8710358193857,2154.2888688653156,3092.0262094246546,5542.790594592943,3651.0697993725066,3798.1435843981726,1563.8954734345261,6802.323934880637,4784.308533718221,2644.2392433826785,1920.0395681092093,4671.1571133312345,3956.86467739358,5262.77743710771
3086.9413498123026,4110.53549537989,5325.612209046486,4705.297209458824,2391.22088303632,2827.8035054596703,4586.408756231938,4163.333065619539,4296.684118489745,4966.012392769474,4001.0977136897063,4713.371394775718,6290.242873436446,1568.3127488061807,3491.0792935234217,4375.543117721615,1091.5647321386848,3997.4207651514494,4258.737920562029,4640.196776047865,1466.4620623555188,1955.498735381847,1245.2092091741044,4601.505854066144,4616.894442133695,742.5099247942757,3363.9172663418753,2787.7117768853004,2704.1162777517534,1555.1174412310477,0.0,2482.2780903534963,3331.960276725549,1529.8978691484601,2157.409544148722,3381.7494655229857,1062.1288233189978,937.5599060070771,3666.967707503981,716.0985256932188,4876.506041012765,2637.0655246258098,2316.6086638174343,3212.6504742758734,4664.793148371747,1744.3483773260432,2201.8517051286635,3129.486864385597,3819.5385287893087,2459.8262319037904,2343.5908258450318,4853.440594409805,3274.4536565230233,4212.991196130606,4396.104003770269,814.8269539798007,3170.7264864256263,1885.317715689587,1249.7839842692815,2325.7831764240186,2004.9369040867598,563.0039082679615,2620.2861374004556,2154.2855310884393,3972.6636490995556,3907.5938943600568,1668.4200058633314,2893.8366142009463,4869.669399054724,4795.479606721834,2937.3648569132497,4878.869133728635,4461.571873096408,1192.507074797462,2127.0718121062578,3132.574691845192,752.2160601648976,1882.4211159166805,3901.469945980873,3366.6293045431953,5193.455330894259,2412.286260148244,3360.638293690351,2712.9072859237185,3063.1024380474123,4550.820563590702,1498.9910641044532,2257.8251961425185,2746.289029299356,4366.72464050494,2097.25140904685,2245.8730603602685,1908.3725317646974,5273.9791629297315,3272.944445603988,1684.7729282547245,383.0509099976132,3976.6022430497114,3036.6168325045555,3974.4186733414235
656.4029758875259,4617.826637844366,5230.1405257076985,4282.997139467875,2196.940644443541,4998.954931940575,3409.2636574251637,5457.036549896473,4707.781490515145,2700.1007350750824,3158.690666377447,3103.2243759871767,6730.877581496265,3646.9190542518213,3828.0369952372457,2834.500153613332,2359.258698182122,1594.2280045918776,5763.688848745566,6449.635460690937,3833.614788325635,2387.544586338232,3260.6049178986714,5733.455415621717,2693.8705359808964,2622.2802062230116,5137.9014542441355,565.3307329926441,2858.2491740709033,3015.141639873656,2482.2780903534963,0.0,2275.466526847187,954.3412573456105,3496.9217308245547,4927.647669055287,2168.579023557131,2715.6588707577025,6087.602579450304,2411.6168913086094,4369.069221867857,3317.5687470032935,4239.36965098834,3620.7260814099154,4005.481601765885,4208.853046427376,1306.1932428875139,3078.0844381213783,5897.310032803515,676.5143198166618,2584.417536952186,2731.7619591439516,4380.734230967452,6106.490812046883,4838.796867027588,2354.464917686607,4183.468192006485,3898.9887075458428,3725.252220758884,1960.4851775726338,3966.8846555956225,2478.725507536888,1120.3730339221847,4414.770104501479,6096.360500237007,2483.893737207975,984.0191003115747,3687.823010546602,6277.263030893719,4095.3810293033785,2319.348809687754,3429.850201320314,6538.493273610518,1945.4967628235731,4583.211186827419,5582.155401891639,2102.6123911850705,4125.650298419389,5993.339498345225,4677.3660002247,6190.649778928946,625.8116260097763,3558.2637699199595,4822.431373795276,602.150461865637,6265.3967223856625,983.7487045724635,1165.827550613297,5228.321698527837,2897.32981717995,3051.5437572890874,3097.5887166899674,1639.207931097516,6145.115884482733,3351.2271657255646,970.505242492281,2613.5320226147983,6359.850748227115,1159.5652430687119,2885.412044893762
2638.1592929010185,2768.2097786737554,3018.2003605387104,2027.2894876854662,1072.9712100191691,4640.651432101425,1280.7362089462454,4068.450864232724,2780.594527457213,2438.5812803089007,883.8821084567783,1448.522569111369,4651.412088001342,3527.9514643533576,2036.284629796385,1111.1886871364377,2419.1102413329572,2237.231766544762,4518.968848491877,5425.605039379848,4766.610053102415,4325.143354384106,3243.6780897544386,4170.590015331644,1641.6305077866941,3897.2437700206797,4269.32472556141,1799.3919721439238,1381.9084505223204,4591.475023142998,3331.960276725549,2275.466526847187,0.0,2493.134377636713,2722.344103657177,3870.1844667297196,2341.3381973380096,2837.9204242277474,6075.351630350625,3732.8867257902434,2098.796953327548,2036.0518108174458,3749.3677226520476,1956.5892484392325,1730.0200185503634,4584.784964875125,3476.3611875673964,1264.4205211356705,5268.276886524189,1609.598409394405,1440.8702901024787,2089.9138196289337,3055.9615214180953,5218.8988157584545,2912.5059732446903,3744.9602307539926,2835.2314829868833,5194.879027918552,4407.404405328038,1034.2823341447922,5304.6297837381635,2923.624007900469,1161.8201622876063,4306.520825538175,5506.274230285666,654.1976792262411,2004.5488570868008,2327.9939967167015,4878.27726510179,1821.4023671193581,539.8102138363079,1551.9526366255511,5832.58230986036,3599.9933463451016,4867.689839237705,5721.32998989588,3478.124424175909,5210.538650497662,5371.156587552908,3457.0849271245856,4474.180950527706,1669.8782480818772,1745.896781064963,4413.362949399584,2529.402613498492,5161.236479918838,2481.5242302621186,3362.6484957552434,5636.52977823492,1068.6242267785246,2191.5090145130594,2110.678383964028,3673.7274363274414,4345.767498871057,1521.514429471177,1995.8443617298917,3175.6675670310638,6216.805628189207,1232.452281872608,674.5807075569239
1562.6617363594726,4308.382144485445,5174.7711378775,4330.70189212534,1974.409499249839,4145.136813625939,3755.409488328004,4891.411872558882,4438.061873082551,3556.326735155953,3337.859207341736,3643.9348244864373,6500.02018289982,2793.337666049165,3546.710443411049,3331.7090717231004,1590.635296056264,2511.254362747231,5132.639777978773,5726.499086636616,2890.7402165599383,1832.009074089154,2407.2519025613,5230.096797579371,3377.6762379639054,1709.1845923495214,4407.347603094178,1331.880565285792,2573.6521634496376,2219.187595550227,1529.8978691484601,954.3412573456105,2493.134377636713,0.0,2840.8347736158466,4265.208069155126,1401.3720086044245,1874.8815327324012,5161.152242384059,1502.5818552494902,4455.725782633509,2871.4128529706413,3443.988504255059,3299.271238978996,4143.440200081691,3264.464280350606,1160.36695143433,2900.860748746999,5081.100801304083,1101.8648088168534,2229.7350229948847,3516.444670178389,3846.429178603188,5351.830890674049,4561.701206229535,1463.0478524481007,3672.8452629341737,3021.2367639220197,2770.946746669267,1776.356809500276,3102.011607436697,1582.7507103805071,1435.7726355952047,3529.0080154196303,5267.084796189444,2905.1930168243553,503.278383809597,3227.3088324368646,5688.03941782342,4254.429394159692,2321.0021131726703,3903.9197584767285,5727.65427429851,1155.2873611933096,3642.1855935056356,4644.702912835222,1195.294941766675,3205.986466391896,5173.459703473585,4084.850251733838,5744.421701688778,1038.6824003828124,3315.1243315491197,3984.5950732626516,1534.2556305404264,5571.760597820494,39.046170875003206,1112.5997262164865,4276.11642914748,3361.8313375040098,2483.9448212393922,2570.1573310918143,1215.5417843138914,5743.572354131006,3141.8272772106675,508.2160028895197,1686.5088521632485,5446.855296288033,1737.8271985801698,3164.603726688383
4141.204893521329,2057.1501611097815,3451.563550027871,3119.3266778503657,1718.6931684221588,1927.4003112342807,3628.2120419017683,2074.459073798517,2267.803466635061,5067.443084054521,2924.1943518495823,4117.638828593154,4167.541933529883,1102.7705867042337,1636.1871163421374,3798.73459848737,1281.853254715609,4494.0870206759455,2292.3085102980795,2961.1790312449875,3014.586287015849,4058.881555851562,1084.3042871906396,2469.6685015695934,4357.597970456315,2891.317947215422,1668.6938087812878,3440.7124532028242,1396.3527854528738,3694.7417495707327,2157.409544148722,3496.9217308245547,2722.344103657177,2840.8347736158466,0.0,1433.8935552003156,1456.1979262329005,1222.8708732781233,3410.736310786426,2870.1570259545038,3321.8106702294153,847.6959941877748,1037.0377592248033,1389.9607146653461,3263.173945756493,2310.753922755083,3938.6423575686586,1739.4573541544496,2577.4511626787425,3033.242305290166,1286.7259161736808,4775.39404030547,1117.3699228299463,2649.3637663533486,2345.223502382022,2961.5444192954456,1021.869749864923,3756.800157719998,2488.6998497769873,1886.206797937331,3892.745434183052,1618.3342388731073,2846.2403683113266,1710.4270374900539,2808.481846515124,3369.671608974382,2535.891689910474,885.9566609772734,2851.9878097148317,3399.137606328552,2182.5525753422294,4095.7929706236373,3177.5414759623523,3228.6046348182676,2463.0113258499246,3136.3899243437513,2831.0562616807883,3517.0192272776953,2679.9761692671823,1261.1666436379453,3045.185887085713,3033.293255483881,1652.302268378882,1696.8772460169298,4065.8680727072297,2768.57800489132,2802.5570038621872,3926.2222158303775,3225.889226029003,3726.30457015325,538.8813087248432,614.6357675404188,3807.9032347088337,3116.8711570716237,1698.775050891082,2546.66774963127,1779.2986349238847,3514.2734980425184,3278.692952632496,3118.179265057896
5568.42918297252,1965.1617218837232,3447.1049990262845,3545.15493941633,3007.6157603221195,1547.9861424460498,4489.903726873662,867.7702947162918,2179.763405069688,6298.652633155205,3802.759403833222,5130.3199654513755,3494.2403622545776,1892.2411441634495,2113.321669953961,4846.327014723625,2683.906152124176,5844.093668607734,882.5903014672209,1572.3889695479295,3807.479817753602,5335.837569091942,2143.21197552482,1381.5389288311785,5498.170397113934,4062.177579703896,519.3477952913636,4845.197531587335,2492.604297906308,4817.14917326358,3381.7494655229857,4927.647669055287,3870.1844667297196,4265.208069155126,1433.8935552003156,0.0,2867.972377388946,2516.354892261622,2989.488833547301,4089.7624718749876,3749.366826252801,1840.335471209801,1184.3598083340219,2026.1016865794272,3846.209995644154,2803.270349432784,5338.750154884287,2664.231222452173,1572.0850348098222,4441.3470049840735,2546.0757178261606,5959.932279564929,892.4950105675662,1355.3154745051056,2175.922439392084,4194.095657471941,1088.7649533246374,4636.016908174516,3263.5302970472026,3211.612776939337,4771.334204591625,2909.756556978608,4215.4445819925095,1889.3424909512837,1813.7429563110643,4473.84773512119,3969.756570449629,1549.746002389101,1488.0232034497983,3967.5349713352243,3353.522363972842,5013.888387176265,2021.4099005327944,4537.999224896915,2750.341276354264,2969.9582216943722,4113.816709544192,4275.433461582346,1666.3622717323503,486.3130641263917,2007.5825873754234,4446.133034368742,2314.95806474869,1372.5182914864922,5490.638069020121,1346.7973711100717,4226.604145862018,5335.960014153499,3354.7704396666245,4750.425679676506,1895.6050128484046,1888.2551759794014,5172.431567072976,2195.368266920154,2483.205247928773,3980.4857352168715,3002.4159147315017,2919.975175325468,4626.360574904749,4098.580078903913
2824.968048095766,3174.8208765788663,4300.7832465505635,3646.765308683574,1343.5370146549744,2840.4999934935754,3563.8029346421504,3526.9201349803766,3342.608824207374,4255.367178480019,2954.756696747805,3766.6129132026567,5381.820851688117,1499.853220534929,2495.3007827797032,3425.7725791245985,192.3250041986219,3439.724802183599,3740.46871336334,4327.8856816752905,2433.82380205655,2701.924070296018,1122.4134626442253,3898.8322841140525,3764.9218650837897,1756.920842805674,3008.7819597239018,2261.0183791526333,1651.8893945385694,2554.605272519416,1062.1288233189978,2168.579023557131,2341.3381973380096,1401.3720086044245,1456.1979262329005,2867.972377388946,0.0,588.4833982373669,4037.8957338675796,1657.3875215003284,3815.9374269116365,1679.8559266809166,2072.6277844323613,2220.1273412743694,3603.1202378650923,2314.991398944065,2482.488990151014,2072.822412494857,3728.902300325526,1864.6694830100587,1286.3454874838253,4070.4571311962004,2516.901973627499,3961.251761008507,3452.2640241001263,1718.542563899131,2366.899529388183,2943.075439256357,2068.1738829356195,1310.0834765533077,3064.886760552826,583.2800474986267,1859.8362106121065,2295.0164977437526,3928.0969468038847,2954.3594962876473,1185.551177136609,1990.1698173083118,4307.902971023488,3734.1555055581175,1904.5162656937325,3892.557006984612,4370.887200774002,1856.258724265828,2642.701052915369,3588.6450102622293,1518.1416213426862,2894.060875846947,3824.784645467637,2714.4999254687777,4446.730087688368,1840.8473949149077,2336.087839852988,2657.261111548694,2765.8693529494485,4170.403976538124,1362.4776364990366,2471.2817069199136,3381.3164929691216,3401.438674561692,1187.6430737397493,1311.6445034783626,2368.0897047479007,4480.865069159972,2230.345853679424,1199.6882504771809,838.254707010345,4268.797480326397,2313.6881703300037,2956.975142704112
3369.585051266847,3187.861008225107,4455.144618542141,3915.1122930134457,1786.282046672641,2284.1141592105246,4009.8316469623755,3259.448783694108,3380.059285337167,4838.252907949727,3363.169166345487,4281.10721433346,5356.698532702582,931.262479357995,2605.316591075257,3940.8167066866986,437.7799993112977,4026.9626271173656,3398.9425745212293,3887.6988883864196,2043.1871493135432,2846.209937236535,545.4935960797344,3681.475918546935,4321.659768636236,1677.275236226303,2575.7239863644163,2842.6023806204407,1920.7086817823258,2487.104673478983,937.5599060070771,2715.6588707577025,2837.9204242277474,1874.8815327324012,1222.8708732781233,2516.354892261622,588.4833982373669,0.0,3449.471703380824,1647.650621539652,4098.895852870868,1738.5947582556435,1575.511366459157,2327.86044788879,3933.422665150543,1756.8812833336242,2853.2968059705954,2351.3609203289056,3206.388845509852,2449.7797699781095,1594.9980137457846,4643.173393551979,2340.1608028956043,3494.1091214227986,3475.0811216961533,1738.707980676456,2233.2326510431017,2672.3816387830916,1603.9327556029275,1807.1108768011438,2803.5331832823026,399.57202712026765,2445.1897036395762,1713.0300383020144,3394.693304233683,3471.341450581893,1743.1775527492885,1969.2345353832281,3995.495499646821,4068.407228330148,2359.132807466548,4376.678233878519,3852.7984579815493,2028.473616377102,2068.7856844025678,3002.7642791229887,1616.7272257799088,2532.768547776326,3299.1392842533946,2453.1841088831875,4265.666304451158,2423.845468896893,2506.5184207681377,2113.8519333222,3317.0829983351337,3759.573894111938,1836.1667845457287,2867.984162769383,2819.915951957789,3906.19773124774,1190.4438594343703,1345.4594558900685,2658.939631840106,4339.477214321213,2450.2765537436785,1758.296095015853,568.0752144161899,3683.436235339496,2900.061146878458,3416.227381625673
6721.556578706751,4923.57079677311,6422.732984432718,6387.022294711363,5013.341867757475,1531.917173094224,7038.80664910935,3687.11331673438,5145.35480716821,8266.632453671144,6334.2314944657655,7504.475783886107,6361.899267532692,2581.076028253527,4872.499899215699,7176.86518926864,3875.0277011915673,7474.572645964785,3299.018430756033,2749.367332204993,2833.55683710509,5196.613451126513,2927.479462406013,4177.665918653142,7671.59398369361,3913.624388189674,2487.8534336769117,6280.63159999088,4804.192824963316,4287.582519754692,3666.967707503981,6087.602579450304,6075.351630350625,5161.152242384059,3410.736310786426,2989.488833547301,4037.8957338675796,3449.471703380824,0.0,4077.633493118895,6594.590335709793,4236.805035624014,2383.183440660202,4688.726578187302,6607.616718734903,1940.0110881623846,5821.025524633697,5145.403290182899,1673.9816870399152,5894.890639888835,4643.017845600854,8039.297795391337,3758.970943423745,2342.173473529448,5154.175896233461,4188.170907853809,3882.855071106827,3524.7733780656026,2574.463900830812,5117.408542644216,3616.1558442315504,3615.195262116833,5886.729041738714,1777.7821059539326,1547.9763398398572,6729.531829554936,5156.3118547042895,4136.811230317501,3783.773477698289,6739.91807516857,5541.871265030432,7503.229708061789,1896.1272558612725,4707.328475007135,1554.1234124206483,586.6954902519706,4302.864201112208,3012.9482792524,1642.0937938342624,3433.3993534297756,4737.13108850969,5865.679317420703,4980.413112691054,1762.1433918455675,6685.489865491458,2944.2525651942633,5126.329363577219,5897.096258293654,1254.7947107559069,7113.8647867224745,3906.7407280135703,4016.006335850206,5458.749498499175,4999.765451107482,5073.207165182691,5172.31642620915,3476.2771935058636,413.25207541765604,6343.008580515164,6522.519061461147
2929.731790647909,4793.814893955961,5958.157805666531,5279.621535425149,2900.432463019438,3429.8984370552434,5011.275340964315,4878.140959411588,4973.3880386901255,5058.908326415888,4479.0454134256115,5034.132129450915,6985.111145203204,2245.1273094682183,4145.272942109362,4705.575075473029,1735.5079089479834,3999.8110515398103,4963.595461144773,5306.100345621538,1458.9741047037126,1264.7335869106976,1947.3601041430425,5317.604134461779,4841.615324017079,211.1168242514082,4050.0132644421064,2834.330588328927,3302.703795242014,900.124976665462,716.0985256932188,2411.6168913086094,3732.8867257902434,1502.5818552494902,2870.1570259545038,4089.7624718749876,1657.3875215003284,1647.650621539652,4077.633493118895,0.0,5440.138217625175,3307.1189071592216,2999.205791815227,3868.1839650142033,5197.204637443095,2144.2055982437882,1762.4477183831586,3715.8915177020444,4432.927434142138,2582.8668489695715,2933.079945672297,5010.335948310952,3987.5254284898306,4867.751402046123,5077.020211050672,115.5381998474956,3879.1569912733626,1525.2833741324919,1510.541626592263,2790.2417113090764,1614.7346231888998,1258.290314531985,2847.4406781432695,2739.5781480521778,4567.947291199079,4251.059812613792,1834.3966339385279,3582.6231425325777,5577.667517214163,5323.361553721953,3406.440318782204,5246.126140920556,5065.490909035865,631.6910715484264,2526.5135299010376,3510.407096244109,309.4159251008264,1714.0900613086228,4508.920232116332,4082.593314710762,5909.0190678082945,2523.804522200561,3993.278414021492,3340.155018763351,2931.301098960665,5232.1670206999315,1486.2021689544802,1857.242165811449,3013.0879887666742,4715.03725815661,2778.1343479977713,2921.148322308883,1381.3109939047033,5987.000753399736,3885.536248047366,1848.5755022870992,1099.0034654403967,4423.009278695219,3208.453362860368,4399.135348484405
4727.650308191692,1855.6764248499792,1067.2169766083184,207.57767329122845,2553.0450711612984,5062.80948104074,1389.4993981290522,3474.2348588063246,1693.0836191730166,3847.9420983692044,1230.4065479868839,2212.5560363633736,2853.132420330329,4408.147153543085,1725.6435638549465,2140.3583009078175,3796.5719136248426,4126.647753857603,4014.2081501642388,5030.34371931233,6139.867377384792,6255.202824769313,4281.680061645196,3303.121326531165,2886.8749390967732,5562.58504648693,4261.428895303194,3896.81501271038,2182.808241869175,6338.499902604794,4876.506041012765,4369.069221867857,2098.796953327548,4455.725782633509,3321.8106702294153,3749.366826252801,3815.9374269116365,4098.895852870868,6594.590335709793,5440.138217625175,0.0,2487.3495015039603,4253.65934649779,1938.0916838356745,410.2658888013967,5612.515615224424,5523.776159216085,1752.2326460809934,5321.4450023977515,3696.736973309299,2534.112955476334,3393.893226037761,2876.860317249518,5007.873851587718,1768.57402519233,5482.0174979189915,2723.3194512926684,6744.129033691823,5670.374048266128,2705.1670286074755,6869.958601819446,4350.816823828487,3249.438910880615,5011.8184128015855,5562.898910669239,2139.5808514141268,3952.4609904434224,2480.988462955844,4107.133215150441,406.0285269251408,2134.9920455807323,1868.2154575958314,5726.891642369445,5461.739483983102,5784.460235171904,6409.098787475896,5241.393828489899,6631.6305924742965,5415.450653363024,3263.4053926420174,3312.6589268223797,3753.8644630718886,1670.1322277831778,4834.001694087415,4618.43291874311,4713.054991614038,4436.01268094637,5421.163309018646,6547.000720818656,2009.3360014156412,2987.8722726805113,2833.996369759496,5668.9809304279715,3071.450765788864,1662.815950585031,3947.925574709077,4601.711163536017,6605.425557799739,3314.764959618102,1587.6217115726904
3918.188439851892,1494.9824543960372,2721.52116820814,2287.777624857145,1205.3344055327552,2727.717552100291,2812.056722209742,2172.116516408132,1666.9062009267345,4458.593331068668,2105.838026610071,3358.4399762568332,3702.653647470149,1920.8133098003043,869.0356098354079,3054.700263467596,1573.4457704214024,4038.932527648611,2553.579628961862,3407.1397997389245,3723.72316143534,4379.267651314544,1814.1250007499486,2416.2330199393023,3673.1269362456014,3375.576917740729,2234.795813583201,3127.565582230531,654.3462171572477,4187.713153777966,2637.0655246258098,3317.5687470032935,2036.0518108174458,2871.4128529706413,847.6959941877748,1840.335471209801,1679.8559266809166,1738.5947582556435,4236.805035624014,3307.1189071592216,2487.3495015039603,0.0,1853.6241442212608,594.6047145431994,2415.974291693105,3125.9258458463155,4028.210899559754,913.0371536711962,3250.653851463118,2742.6410729309805,753.2779896724713,4125.215295449802,1095.1677173661574,3183.8130446268356,1773.6286125716958,3379.5338023002523,882.4297430033737,4404.398989546815,3224.922087014507,1430.1074896821567,4537.032975707031,2074.6880692347468,2449.836281897425,2557.726136487056,3491.867230918295,2655.9424587460476,2456.3707264427735,370.34533991937826,3000.528413773814,2552.100532977688,1513.715586255555,3299.398722537184,3800.177996952906,3533.66253078304,3301.0089783157214,3981.1368860913335,3194.4359130844996,4224.567027729706,3353.1580531531763,1458.543595980936,2887.0440287560564,2761.187287941548,819.9202382768701,2494.1912103637924,3828.3014574751037,3157.7333685430126,2837.1152826110188,3983.4782913320873,4068.458876464158,2969.9233385764355,548.6336243004074,393.34401902914476,3991.8838360498416,2872.867672574739,851.0792783049059,2462.3714083935424,2296.297296976156,4315.908783378304,2830.2412073178493,2336.700081594769
4895.643274921183,2729.8299824391993,4219.659700733343,4047.0421291883044,2718.6695478069787,891.8492786676459,4658.882287277175,2047.6558846957175,2955.5441101834367,6053.931767188164,3953.4317303235434,5153.757344907888,4584.533370795768,754.3170851266726,2529.255177603478,4833.322729067551,1880.9419608411633,5402.506042794029,2005.2788582651046,2330.139206013452,2623.655986994103,4262.077800421996,1085.5523131945322,2552.009707544429,5377.006141236683,2946.0660278887162,1050.9337046669502,4281.313990647848,2432.993468700646,3670.5340713178234,2316.6086638174343,4239.36965098834,3749.3677226520476,3443.988504255059,1037.0377592248033,1184.3598083340219,2072.6277844323613,1575.511366459157,2383.183440660202,2999.205791815227,4253.65934649779,1853.6241442212608,0.0,2324.0923191562338,4239.118838472213,1649.0364557892588,4417.667938838772,2762.9624319255595,1660.597794301799,3873.6545876626633,2308.7152593373225,5781.063828433052,1563.0954878691837,1921.5567077575413,2997.019161489796,3109.1580722649014,1618.6752414381958,3451.757822575187,2079.231446671101,2860.866124729537,3587.0115867893423,1927.0499723953706,3756.306525486039,801.8481422170908,1869.4969681807456,4399.788702690392,3255.3629915794336,1774.364152471527,2631.057211625776,4373.024173873842,3210.0021013047635,5131.648742774198,2299.234303787459,3505.027407747334,1662.3862094101357,2155.4495039580484,3067.3933430305283,3095.1509212949527,1758.4921705944555,1393.378939776614,3178.337705676979,3861.6214811752334,2610.450847670571,664.2317651723678,4833.6930892436685,2234.716478751164,3405.048001706437,4438.96478492745,2361.441435059527,4762.3930814044525,1557.9886359729974,1650.5348904285547,4190.989674803315,3342.8716048847887,2692.761502386723,3268.9897844285165,1956.2355077699617,2477.2407845492125,4204.782470801551,4154.985847820062
4178.552168257805,1011.1271973243526,2128.217056629328,1733.5980388094583,1424.5808916906053,3159.838561842203,2466.14549232157,2113.4705577698496,1142.9353452636767,4386.523882168773,1776.68932442169,3113.2628833172766,3205.208192601067,2487.7703587793226,278.4918435232887,2841.7184979712542,2133.5334395265522,4122.62893062388,2579.33165665294,3524.943722717286,4318.013027512192,4898.104138698665,2403.6910318468554,2230.4572837703035,3528.302220153483,3946.581127340093,2493.9107646429534,3348.6090095590434,762.5731315965701,4756.473440688805,3212.6504742758734,3620.7260814099154,1956.5892484392325,3299.271238978996,1389.9607146653461,2026.1016865794272,2220.1273412743694,2327.86044788879,4688.726578187302,3868.1839650142033,1938.0916838356745,594.6047145431994,2324.0923191562338,0.0,1918.9013410670702,3696.441339507636,4458.906005899766,692.315379494779,3551.0551315051416,2994.527557096945,1071.175193857662,4012.8722997573695,1148.6392927877748,3375.6359368399017,1263.6553238165855,3935.3998676054507,938.742243219085,4996.9953693450625,3817.0188635631603,1662.0884232747665,5129.25932669445,2652.6013970063427,2638.8255470769564,3073.9827382810727,3795.532093498354,2502.696949632736,2846.047518755089,551.9561804609133,2921.8525075549246,2051.5101859635015,1510.5592806116545,2987.823591935943,4045.4109507920207,4055.5222894380695,3851.8735213641166,4477.426517103099,3737.7432185404336,4819.024756073576,3651.0658135565013,1565.869086120548,2601.320081194354,3024.780433572824,296.9440154995551,2927.638307001225,4081.1461258035106,3243.0296630837347,3267.7859596861604,4399.753699799228,4610.840166773189,2739.4258282176575,1141.1639145679294,983.9458743655567,4463.895524102799,2529.810555386312,462.67930726260045,2849.3534978526263,2880.5665744219486,4730.793623189348,2957.7296137877443,2083.566551308597
4342.787175358355,2045.3652992309223,1468.855315613148,461.66713639266106,2296.81103571909,5078.2353636484795,993.9761372130616,3658.5969239746814,1915.290576286011,3446.6824358928106,848.2724861464033,1821.0680454705696,3247.3078191218647,4323.163404251567,1751.873208787668,1733.8240271829782,3602.226417390917,3718.072540276749,4192.089278644361,5202.31274287052,5975.713135461575,5958.769864036703,4163.3952284591,3537.888975306179,2484.7595952753654,5330.096669840989,4347.2003234409385,3519.8031714476588,2016.1695208017604,6090.875235399999,4664.793148371747,4005.481601765885,1730.0200185503634,4143.440200081691,3263.173945756493,3846.209995644154,3603.1202378650923,3933.422665150543,6607.616718734903,5197.204637443095,410.2658888013967,2415.974291693105,4239.118838472213,1918.9013410670702,0.0,5515.179544477587,5186.395044600633,1590.012537349942,5411.722706795868,3337.8218714559944,2343.1213229086115,2994.451884631477,2957.457459711128,5144.68005219625,2009.6092631039,5232.387167383163,2782.8455001176403,6544.948188796074,5525.554543257355,2425.0100038847263,6667.724855349461,4156.695045167616,2889.6943679193823,4971.092367603423,5655.347490487299,1731.815907786968,3641.0283481754163,2470.8458818343975,4337.565962574172,136.8692087249722,1829.3962779411681,1496.3630246627993,5851.9763965266475,5181.321937025917,5711.227004007195,6387.376723288598,4984.063032073531,6460.367112675641,5508.562534002495,3361.2426726716717,3604.5228121106406,3396.890236842515,1628.8311591721226,4846.295783916826,4233.4702380288445,4890.986858435013,4125.865880272528,5078.867945823361,6481.870186140571,1602.5217530894856,2877.4933556387236,2730.091189970767,5350.905784708417,3380.690310522542,1565.8812092422597,3635.3890312718936,4411.3864548917045,6643.997638848768,2930.0324152476537,1185.023959140489
4826.362618666878,4299.92094956291,5748.263272488919,5413.647726349491,3519.660472890106,1548.1452125617932,5715.754034852532,3670.5440052500394,4521.541065792724,6557.234543673118,5042.816730747312,6031.728783926711,6231.967772396292,1208.7982454868147,3946.860857686777,5692.17157228812,2191.413478404521,5670.200828511809,3538.8095653455275,3546.96714811753,1113.5719891879467,3310.6071994665876,1366.7143871358055,4184.196380590304,6075.901103603399,1990.1613280500653,2522.010387794032,4459.864973914458,3523.1148045117693,2472.0920823612128,1744.3483773260432,4208.853046427376,4584.784964875125,3264.464280350606,2310.753922755083,2803.270349432784,2314.991398944065,1756.8812833336242,1940.0110881623846,2144.2055982437882,5612.515615224424,3125.9258458463155,1649.0364557892588,3696.441339507636,5515.179544477587,0.0,3881.0786537160006,3933.6231039663676,2506.7069065676587,4096.322148221499,3255.959645008673,6384.716007190063,3174.3632185509273,3075.782403924244,4579.489457803021,2256.4575458262,3188.3372263091937,1948.366067949501,676.9714951753879,3559.6708195029782,2074.138124682394,1797.0800974205351,4161.431751483737,933.988037489239,2584.6731506650895,5224.12880825119,3323.3384552983766,3193.2564036246763,4157.357145134635,5652.047315922347,4088.877450694873,6110.187357733804,3087.0782463982023,2771.1552024572707,386.340945783643,1390.124115779954,2362.9977243243384,1513.7419925882343,2561.089617757255,3041.561437875783,4810.646323288587,4058.5470185202985,3945.4837865440536,1571.2095667484975,4798.244482325177,3569.450175167038,3231.5974240559426,3957.4701343004476,1066.3446822721062,5653.198602529103,2637.688016252301,2786.123639611854,3523.2505861902587,4987.00141978133,3958.282434886374,3339.775748527437,1609.613282179916,2278.804360154684,4608.951422240205,5137.631437927891
1482.8196601964107,5468.477543457594,6296.694337489236,5413.93154099985,3112.54874790179,5018.066461506464,4675.544014486977,6007.929321764113,5596.381943028908,3894.45301041905,4353.589844843564,4408.064550945232,7657.408098488157,3706.4928702570037,4704.372869347199,4133.712153049,2659.4791464662776,2735.128835073405,6216.636359157337,6740.1798957832725,3192.0615600495553,1174.8661582503769,3337.6933833427543,6365.769820243346,3990.5301073688192,1951.3807048067279,5428.921899439796,1871.514859667697,3728.0890435717874,2016.1814389694698,2201.8517051286635,1306.1932428875139,3476.3611875673964,1160.36695143433,3938.6423575686586,5338.750154884287,2482.488990151014,2853.2968059705954,5821.025524633697,1762.4477183831586,5523.776159216085,4028.210899559754,4417.667938838772,4458.906005899766,5186.395044600633,3881.0786537160006,0.0,4040.36119272176,5997.411676467441,1888.3598541009076,3388.5807282142478,3987.842591669962,4980.502677084413,6339.114455797434,5720.636228427482,1660.5668761413986,4814.399861209391,3002.1440526698584,3269.1158254197726,2901.4987266847115,3035.666744378408,2490.9317060515737,2324.5972249792007,4353.467456448595,6161.336307448653,3764.680082393456,1627.2730854214362,4380.8396809967835,6789.864215592238,5287.869448857167,3399.8996705292648,4727.813822048834,6643.34720634177,1134.7891878089085,4266.920202940875,5261.93753578556,1518.2090133311688,3347.66421950664,6083.177133851192,5196.288042938825,6891.98514304986,1823.0955362399416,4468.121518467912,4887.900395764628,1536.6784417730337,6611.117019682075,1193.0517172599855,154.55442669169977,4775.430937827077,4191.230883067765,3621.8518999877674,3716.6977755165944,452.62129379869003,6898.24412247008,4289.003486736284,1626.8316214316717,2498.116526135641,6152.322180807017,2455.6001241350355,4122.52223948119
3593.938093988404,1574.919093208283,2286.0655912823236,1576.284363293946,927.9795380421918,3640.4213831308048,1899.0196507516714,2805.3743072618668,1638.0274675548026,3695.38462426227,1192.8011964267141,2470.985552334939,3655.0534834921364,2753.7096320146024,797.3564384401744,2182.1491193548163,2045.343241477332,3449.241329905751,3264.83465309853,4194.346089881115,4394.413241042541,4620.111489117335,2575.989498913767,2912.8135019909873,2847.53457601993,3827.5942255009218,3102.226213820165,2747.6906304547824,431.10499306317456,4616.015310535809,3129.486864385597,3078.0844381213783,1264.4205211356705,2900.860748746999,1739.4573541544496,2664.231222452173,2072.822412494857,2351.3609203289056,5145.403290182899,3715.8915177020444,1752.2326460809934,913.0371536711962,2762.9624319255595,692.315379494779,1590.012537349942,3933.6231039663676,4040.36119272176,0.0,4140.068276963558,2422.7934229859547,786.5163029035061,3326.2542174748164,1814.114673114409,4019.5405025848413,1770.6295745719938,3765.56526932385,1596.0624017703692,4992.232086686777,3936.9573334678134,1143.976033565826,5118.446656110132,2599.060431005212,2031.4439364464379,3443.2430027119785,4383.077959928274,1820.5919706123063,2413.8572882647804,1117.729386182541,3613.857556817645,1726.3519599227154,841.7924776006254,2390.3840242722513,4667.020768032322,3797.478889619796,4144.720293130648,4873.297136789116,3537.1893012599708,4883.394000893743,4241.903458797005,2225.1422446075217,3249.223025530873,2461.5211542056672,505.7405957998624,3406.9618222105155,3492.2185746877303,3919.7048263890993,2874.151600310777,3963.274871737513,4919.494082799165,2087.799243855836,1300.6388735329265,1161.511579190668,4105.989130304657,3148.6618776129326,281.23408011121273,2413.7821323429334,2849.520369620824,5228.873604668791,2309.8633541367763,1440.768974773194
6553.7110839460265,3522.366630117881,4976.314382669669,5117.1373103059295,4295.205145815622,1004.4714639351384,6012.814642683491,2093.3797720330153,3729.9763153886115,7643.659313182528,5314.300932688419,6606.602762808128,4723.305330399466,2297.6702628728085,3667.6086084992767,6305.31973783384,3538.0537307012455,7046.542312902832,1650.6064748525012,1129.8401714813472,3618.664755488964,5684.18368497729,2678.538863676613,2552.114908630291,6909.888790891861,4332.098207427897,1064.566352006769,5939.331069481898,3894.961592860705,4939.7852224999615,3819.5385287893087,5897.310032803515,5268.276886524189,5081.100801304083,2577.4511626787425,1572.0850348098222,3728.902300325526,3206.388845509852,1673.9816870399152,4432.927434142138,5321.4450023977515,3250.653851463118,1660.597794301799,3551.0551315051416,5411.722706795868,2506.7069065676587,5997.411676467441,4140.068276963558,0.0,5531.086183627949,3854.186978706274,7342.744854702021,2454.437475374144,681.1129450069203,3712.253403733775,4548.031977528962,2633.456331824206,4444.117902790721,3156.9230108512306,4462.232785436121,4564.786145720847,3523.3020811847796,5396.736295499808,1697.7728331802816,244.5206091130151,5901.717701845286,4913.6084357707,3030.787958450409,2109.968097330384,5534.821767036135,4732.342310279868,6524.155577826758,647.4713262878905,5003.639957594471,2246.6432576448365,1908.6236285315656,4563.005709140851,3978.134623159578,102.90887904354975,2058.11568362155,3082.925736733858,5520.3562044732225,3846.40840841427,1109.5417091033578,6493.01905881586,1279.872991118259,5042.437996431588,6033.087446328124,2518.010399916569,6219.335926287065,3115.441098859839,3169.118519119473,5727.725376632158,3357.1712092386647,3993.5759769119204,4927.433266373274,3499.71973772358,1470.957556592983,5839.5044993656775,5579.703528503733
1184.6876422774912,3978.9205777698053,4553.968732016174,3607.8627978021836,1573.5791256447828,4688.263822851696,2787.312292467602,4908.0909892850395,4058.863872021332,2508.138262460425,2493.3979884898035,2573.498909741366,6068.450145104597,3361.7761186221187,3188.2817840413663,2276.4305664274057,2040.449922359527,1580.6400295456267,5248.698660535294,5992.649515860993,3902.6772030238426,2850.7891971904905,2987.006904996706,5152.9544708826015,2275.932234900899,2783.3467394631234,4699.278993303654,409.0027641483614,2234.02573908628,3320.5025083834826,2459.8262319037904,676.5143198166618,1609.598409394405,1101.8648088168534,3033.242305290166,4441.3470049840735,1864.6694830100587,2449.7797699781095,5894.890639888835,2582.8668489695715,3696.736973309299,2742.6410729309805,3873.6545876626633,2994.527557096945,3337.8218714559944,4096.322148221499,1888.3598541009076,2422.7934229859547,5531.086183627949,0.0,1993.1720610536863,2428.5490568117,3827.681553111883,5678.247532448721,4190.823545140143,2553.8703810401184,3621.751865313939,4107.914835328625,3700.727385670282,1335.9009032667805,4193.738810159379,2302.8667854778314,448.12755913132577,4159.670407615127,5743.149792714186,1883.1015205691908,791.4151577351802,3111.51824032963,5734.577383258857,3430.9717784605864,1646.3307202312055,2863.599244968471,6161.004495796201,2251.4325631481843,4451.635168554696,5426.576712340571,2281.5179377607355,4258.453247760858,5630.301131276905,4151.174448097429,5584.802456040858,67.48154860404435,2911.8933171886633,4493.943774268654,1089.6473295603496,5787.670776107604,1109.671287757325,1765.4593834042178,5150.17913099962,2322.0293943903894,2545.9874646307667,2568.0656955338973,2141.102191082901,5524.298959620939,2699.511333397954,775.0809980085953,2490.84948216226,6132.9890113622405,636.632120685094,2238.7646608013533
3172.833059929249,2082.116733707551,3039.8382871725266,2361.711350187402,461.8451558801936,3199.8191496259597,2462.517603205711,2925.291653540207,2208.355491809459,3792.0137903342334,1787.6417149557683,2861.642389018062,4270.649832789033,2128.213147078318,1317.6985486388755,2534.200585604857,1263.388816658593,3301.737712514578,3297.174858844462,4118.441194658483,3634.0816775506023,3875.715048543301,1889.6428064343272,3160.0406813488967,3071.3852920407107,3041.820025869545,2891.3461562922553,2375.022868320219,371.5103417470369,3832.9913343155367,2343.5908258450318,2584.417536952186,1440.8702901024787,2229.7350229948847,1286.7259161736808,2546.0757178261606,1286.3454874838253,1594.9980137457846,4643.017845600854,2933.079945672297,2534.112955476334,753.2779896724713,2308.7152593373225,1071.175193857662,2343.1213229086115,3255.959645008673,3388.5807282142478,786.5163029035061,3854.186978706274,1993.1720610536863,0.0,3490.277451502101,1847.1831465082175,3862.7432068317717,2332.088789363304,2985.508605765691,1635.6678152253287,4211.148982165319,3196.0580384662917,678.1001674207139,4336.34125231698,1818.232419521773,1697.6714935940936,2883.8608474921252,4088.551161233524,2092.689220578393,1775.450489611017,1119.5778865827065,3753.6357323236625,2477.1672039892665,902.1904823184514,2882.483856840312,4438.460700344209,3042.42096939937,3503.0287044775982,4309.617211110286,2762.914851372912,4117.3172884063715,3957.026035457563,2197.6746942502655,3606.25957564136,2014.0803615657944,1100.9479324822767,2972.8392694521845,3081.153367161233,3882.5072449674835,2198.8056949648826,3328.5828875581574,4279.223495068351,2471.367901920311,751.5362552904548,685.5657761360318,3405.7505733721896,3567.086557729711,960.153614722665,1779.0366352824215,2071.055384958355,4776.893137061473,2087.139674043163,1900.147691886081
2566.1946867570277,4699.2890067559165,4460.845433299836,3446.3807594269097,3062.753147169716,6664.8123824084505,2004.5206578915574,6122.230608106166,4657.876464435377,458.4284916680022,2406.9512582522316,1192.2141556654155,6241.519984727199,5459.027116496583,4047.225082023114,1279.1810470766052,4205.480677217528,1343.9352614769061,6590.867588723354,7512.241079318208,6313.337687469363,5115.580611147966,5127.843154736015,6174.117933479729,516.193917147423,5211.711401275881,6356.17137222668,2207.829976085115,3470.8696302801404,5715.780923880306,4853.440594409805,2731.7619591439516,2089.9138196289337,3516.444670178389,4775.39404030547,5959.932279564929,4070.4571311962004,4643.173393551979,8039.297795391337,5010.335948310952,3393.893226037761,4125.215295449802,5781.063828433052,4012.8722997573695,2994.451884631477,6384.716007190063,3987.842591669962,3326.2542174748164,7342.744854702021,2428.5490568117,3490.277451502101,0.0,5136.646597725797,7308.664560868353,4780.742008543235,4977.913591942412,4916.808949274722,6534.573877305238,6068.349475450883,2929.242629609231,6617.909981148581,4603.15403564556,2239.206505512612,6261.878346023181,7578.203693647197,1513.083767247868,3203.4683658416234,4415.468073201413,6915.683090144096,2991.2226194130053,2615.558844366917,1585.2732558776736,7916.7474522339035,4639.016945020249,6711.054872004699,7634.07671352928,4707.147357543101,6683.485307620419,7445.639523022384,5542.20418986706,6401.163970731652,2486.6686602370246,3770.3805361959153,6443.561616485482,2485.5015461095572,7243.4950933433365,3528.781166881562,3835.8182706047214,7450.986299517736,1409.0221457486045,4237.172644277785,4174.106341093025,4362.652502424758,6228.344237943179,3557.816099081149,3187.8145652413664,4824.43275812328,8216.429079763118,1818.481516170291,2010.778864596503
4995.270772740552,1180.0292800286777,2682.538961835969,2670.8403633680546,2300.3357818375125,2242.4063549385965,3603.2176607263123,1080.4115036966239,1405.7563840413459,5494.4754214903,2921.924273599506,4261.814602259113,3097.5980223884762,2044.3356202974599,1220.9031120056168,3987.490240717336,2359.6153622508054,5128.732416198471,1469.4103267977941,2380.605517060733,4030.6609063022165,5169.447699352514,2147.2339007721075,1385.2671463439824,4661.491160174821,4006.4290356057727,1390.1396652027452,4217.490245374374,1709.9597245587395,4806.652237481925,3274.4536565230233,4380.734230967452,3055.9615214180953,3846.429178603188,1117.3699228299463,892.4950105675662,2516.901973627499,2340.1608028956043,3758.970943423745,3987.5254284898306,2876.860317249518,1095.1677173661574,1563.0954878691837,1148.6392927877748,2957.457459711128,3174.3632185509273,4980.502677084413,1814.114673114409,2454.437475374144,3827.681553111883,1847.1831465082175,5136.646597725797,0.0,2230.0399476280686,1437.5639507228884,4078.7125635632865,221.08102703759985,4811.630855935647,3488.0360792745537,2524.8900256019074,4948.439778444313,2734.623537504203,3544.664100013145,2364.5902877399294,2697.927740766976,3634.545914395497,3476.5980405039636,742.8108364482844,1907.6382756185722,3080.394721618643,2562.3291362684063,4130.998803278088,2912.236817937031,4334.113907777344,3223.3129951418,3648.5263787575936,3943.9452088391135,4526.503293621026,2551.107608652563,417.98573738825115,1935.0388028453074,3843.0210708213663,1430.6024473685902,2026.1243478663887,4908.1723954772615,2106.8488831496675,3809.7047214588697,4953.4530929868515,3920.0461643818685,3886.880547591088,1362.55996538868,1288.8246697378972,4884.962203841193,1999.5570206483235,1610.6175490925832,3484.6188008941517,2895.3895459093237,3739.3028585132015,3923.6957646281644,3231.6138412186565
6759.270162649588,3162.3968218868417,4549.002494890171,4809.4196409983815,4320.432820103213,1528.1227292243254,5832.728102998544,1603.5957256007512,3352.274157213279,7639.771464049562,5151.410364621033,6484.51242116167,4127.863459399305,2647.720730370558,3443.434955553829,6201.608942337867,3769.1408089272813,7137.408750050538,1092.447128592043,473.17124258876936,4187.341571046002,6131.09205719389,3003.576442756535,1999.3378836437325,6850.904235802234,4788.294336690676,980.8233960346785,6086.659867775839,3838.062005817519,5446.39786621846,4212.991196130606,6106.490812046883,5218.8988157584545,5351.830890674049,2649.3637663533486,1355.3154745051056,3961.251761008507,3494.1091214227986,2342.173473529448,4867.751402046123,5007.873851587718,3183.8130446268356,1921.5567077575413,3375.6359368399017,5144.68005219625,3075.782403924244,6339.114455797434,4019.5405025848413,681.1129450069203,5678.247532448721,3862.7432068317717,7308.664560868353,2230.0399476280686,0.0,3313.8438800663193,4981.023524156656,2436.932411504472,5024.123149853017,3696.515278027402,4511.585105972955,5149.230276168759,3848.271944684913,5493.118367407442,2195.6658706198905,803.3665463392161,5827.6405467744835,5126.69306053922,2904.5348213109787,1459.9519234193979,5259.93979291788,4696.781009537595,6361.006515752676,732.0892073763968,5405.495006288693,2854.5628286266538,2588.4806143181754,4964.952280749131,4575.743626310919,700.2413897521337,1812.1506781835221,2477.4163036922155,5675.479135808183,3660.517243251833,1548.5481544931047,6689.948049332072,602.1619703119748,5312.7924162949375,6360.204545365659,3185.5864081591003,6105.364750708101,3164.9788689078164,3185.5792542082518,6105.436084384144,2766.59348835296,3835.1715524403858,5139.243141010746,3865.690951242223,2102.883579490315,5919.509667127506,5452.872107227621
5364.499114945403,288.76648485757477,1271.1943100572785,1592.5674617980867,2649.9538781473157,3660.4383298458943,2908.0114223441415,1732.6724685069591,133.30095761471483,5202.571559824333,2374.3751752644316,3701.412661637311,1942.0704269127316,3405.985133397531,1019.205181657256,3512.9987047549566,3346.2156484064203,5149.433970371986,2273.842094665766,3288.7992591196557,5359.02017143442,6147.063297654661,3429.374683789014,1535.4811564802742,4267.3998167795335,5137.793514304462,2692.9695095384945,4517.9827380424995,2000.9264041590834,5950.7412209626455,4396.104003770269,4838.796867027588,2912.5059732446903,4561.701206229535,2345.223502382022,2175.922439392084,3452.2640241001263,3475.0811216961533,5154.175896233461,5077.020211050672,1768.57402519233,1773.6286125716958,2997.019161489796,1263.6553238165855,2009.6092631039,4579.489457803021,5720.636228427482,1770.6295745719938,3712.253403733775,4190.823545140143,2332.088789363304,4780.742008543235,1437.5639507228884,3313.8438800663193,0.0,5151.502059435189,1391.7085415768631,6096.94697197622,4829.054551179247,2882.588874378377,6232.2987192620985,3833.2994208292675,3801.724680110331,3798.830923313645,3944.569248941891,3303.4966381955046,4103.063152550542,1506.061716365236,2339.098287995825,2096.166707124698,2594.3914025983045,3448.523049805671,4044.121307290621,5302.257236725223,4651.629545078585,5077.371867673274,4968.025006612285,5861.069087119516,3798.2957824704745,1720.9456354487204,1626.7248487537775,4227.609339142514,1280.5349308804507,3451.5729189349304,5262.8479659926525,2967.287111984447,4530.528536849536,5659.001493476124,5356.777185103091,3388.598501200754,2300.10809527422,2155.9179276106497,5726.803739746369,1449.99915678941,1491.728067685595,4105.74048361133,4041.8456040617134,5095.885651674004,4061.582034081424,2771.1516952303423
2857.563246884485,4869.338100906323,6016.908946689238,5324.15352646794,2936.150934410048,3545.1308225082466,5024.95413252151,4978.097158443274,5046.4128356282945,5016.541115517743,4504.013979127174,5028.801083771956,7064.593271689602,2355.3958492109127,4211.761866255973,4702.4920730273425,1806.1833351310156,3946.3638618318005,5069.1929255648765,5418.509501100187,1545.7502102539077,1153.2484790451715,2052.9816061289976,5414.243961565917,4820.397277514064,292.8074626815374,4159.746919294129,2791.942256201765,3356.157836835747,858.5607907684813,814.8269539798007,2354.464917686607,3744.9602307539926,1463.0478524481007,2961.5444192954456,4194.095657471941,1718.542563899131,1738.707980676456,4188.170907853809,115.5381998474956,5482.0174979189915,3379.5338023002523,3109.1580722649014,3935.3998676054507,5232.387167383163,2256.4575458262,1660.5668761413986,3765.56526932385,4548.031977528962,2553.8703810401184,2985.508605765691,4977.913591942412,4078.7125635632865,4981.023524156656,5151.502059435189,0.0,3966.8196907322367,1558.2499108888148,1618.4910379053688,2817.8562813112026,1640.1713897690693,1345.3787498607962,2833.407337134038,2854.9627693462126,4683.383820667381,4251.3614393551625,1819.8917978014515,3661.1694719062098,5682.114760300604,5357.40785042776,3432.3798280838614,5248.720401676774,5180.8349654055755,526.3933858342065,2638.066608743797,3619.573461888154,274.63332810494796,1777.1190748672411,4624.164382580272,4180.381601988627,6003.230726710577,2493.4296853514843,4053.917986823364,3454.6354117808146,2862.5889908165304,5342.795727425482,1449.331074166631,1759.3320003285344,3115.548674082624,4715.169273078645,2854.9497381875212,2995.8652146089617,1272.1111377871043,6077.718156358107,3941.176800497283,1833.5145971210593,1197.6212368065285,4535.157854506058,3183.6054975530496,4413.930512550577
4793.101983232988,1115.9351775318312,2601.129338102971,2516.163193475336,2085.9116260824667,2355.682387955771,3401.139586296628,1289.7065703686244,1340.4571518496962,5273.680617629115,2715.1184387164403,4049.620939820047,3148.443601213939,2025.3152767322426,1034.2836116718663,3772.4638903045848,2217.773932860155,4910.556973328484,1690.153052690791,2598.3321506858974,3999.0172935576315,5041.303366394151,2088.571990432937,1560.1238834938717,4442.845890103324,3908.4548992338396,1569.9301775461229,4009.046274081655,1489.7469945077921,4714.418649805509,3170.7264864256263,4183.468192006485,2835.2314829868833,3672.8452629341737,1021.869749864923,1088.7649533246374,2366.899529388183,2233.2326510431017,3882.855071106827,3879.1569912733626,2723.3194512926684,882.4297430033737,1618.6752414381958,938.742243219085,2782.8455001176403,3188.3372263091937,4814.399861209391,1596.0624017703692,2633.456331824206,3621.751865313939,1635.6678152253287,4916.808949274722,221.08102703759985,2436.932411504472,1391.7085415768631,3966.8196907322367,0.0,4763.369678639272,3461.464519979513,2312.3533027364133,4899.850659753825,2621.5768941223146,3331.9495298833685,2417.943393756356,2877.7477832284053,3415.9657695751284,3290.943937205859,523.9940158370132,2118.1586209056677,2908.465960641795,2341.31666822111,3925.7457245895334,3109.859327886071,4201.522762706517,3263.33553516429,3743.116995718141,3820.867633786468,4498.505250598914,2731.7582863571583,629.8359424993147,2081.3032074882794,3638.5359625515594,1226.2011220615482,2132.4800196637248,4704.8174627758945,2326.8376701284947,3636.6320900748265,4782.89588703089,3979.46306698944,3673.0543107514754,1192.7700247491134,1104.5115974588045,4732.886866754899,2119.1175562002218,1398.7196818565897,3298.449868419558,2796.0328088591878,3882.2594061748373,3707.242114728548,3018.615008468619
4359.770705147233,5808.207137761273,7125.208297758039,6567.381401625766,4276.4867995252835,3496.4577907758303,6460.968646719933,5496.116532782761,6012.489055646838,6573.855006782626,5885.646100338178,6537.052359493306,7907.314384494966,2785.8468889055985,5273.264495145393,6204.459322200445,2947.835281275058,5493.214711737108,5432.796676161919,5495.305849541406,842.3990588889565,1981.2760681492625,2675.570244395949,5991.832729040756,6365.027784789317,1329.2325694629212,4425.759418331051,4349.69940234265,4562.564291682145,1002.3956753986918,1885.317715689587,3898.9887075458428,5194.879027918552,3021.2367639220197,3756.800157719998,4636.016908174516,2943.075439256357,2672.3816387830916,3524.7733780656026,1525.2833741324919,6744.129033691823,4404.398989546815,3451.757822575187,4996.9953693450625,6544.948188796074,1948.366067949501,3002.1440526698584,4992.232086686777,4444.117902790721,4107.914835328625,4211.148982165319,6534.573877305238,4811.630855935647,5024.123149853017,6096.94697197622,1558.2499108888148,4763.369678639272,0.0,1374.549106909244,4205.149415129028,136.8778495228496,2393.3207213676983,4366.5727971545375,2857.720966562341,4503.0527753549595,5743.470503737004,3355.8388933135634,4600.804436805481,6057.972864804612,6676.564026528616,4819.438930050882,6730.130642844089,4999.754099347287,1968.0826205129188,2205.269995579226,2944.755039579693,1827.4948987805685,512.562833761872,4492.351434306648,4781.570145977156,6614.923056322651,4048.507558164243,5178.463481229254,3508.3988079214996,4376.827559732848,5511.815400047157,3007.043934841325,3134.484798336882,2278.3730328348342,6206.6121520721745,3856.1069133829783,4013.059194075886,2552.591305350114,6754.7660912543815,5114.230204058965,3370.364236762697,2143.3593553207547,3928.157751880772,4733.55281610346,5847.838228223828
4315.163707581092,4542.182518597199,5927.920790322101,5480.19880190281,3378.7277048594783,2173.433418477318,5607.304055326142,4125.897377287637,4755.418886614512,6200.56781636682,4966.648365626965,5834.36600089247,6583.938821494166,1444.0468642048984,4084.5466174962426,5493.58594401917,1993.6833486501812,5246.788912478183,4059.059013871688,4163.009133189236,547.1922025467838,2639.290457911747,1415.9891379654007,4625.5428056712435,5802.487730505339,1339.7699540212116,3054.6689617654156,4036.2811590578026,3509.385947816227,1797.2089738305333,1249.7839842692815,3725.252220758884,4407.404405328038,2770.946746669267,2488.6998497769873,3263.5302970472026,2068.1738829356195,1603.9327556029275,2574.463900830812,1510.541626592263,5670.374048266128,3224.922087014507,2079.231446671101,3817.0188635631603,5525.554543257355,676.9714951753879,3269.1158254197726,3936.9573334678134,3156.9230108512306,3700.727385670282,3196.0580384662917,6068.349475450883,3488.0360792745537,3696.515278027402,4829.054551179247,1618.4910379053688,3461.464519979513,1374.549106909244,0.0,3373.6574477271697,1508.9605400900975,1491.4449773427775,3829.142971813014,1505.2183040147363,3247.9220341506043,5022.155594220474,2910.737050729419,3365.2980355686177,4684.627485525183,5661.342344088458,3950.369869428557,5956.647663107328,3751.3299299145897,2142.221834229592,1037.8478405146873,2001.8648618688026,1758.0646969147635,1038.4716154450248,3216.6875267044516,3427.0821180189137,5250.292063557036,3655.4551723740233,4034.509852521121,2158.5358111391156,4297.608404714882,4159.668867383556,2741.745861203952,3356.4391049146116,1521.1831972520604,5469.48248244795,2692.258705096707,2849.4601600085584,2890.5958561324337,5399.238733210914,4008.943970379481,2927.1993912113326,1251.2052635415182,2932.327573750927,4259.858436511006,5008.227072880083
2520.5262445013345,2657.572300343492,3399.7854203911165,2567.8468294265526,237.88098982894763,3738.9401353850267,2261.5691706887937,3602.037428225309,2752.580218883548,3193.1540995205664,1689.7552877674327,2474.001174050045,4792.86431124406,2543.61398415817,1868.3998659850622,2133.72210593601,1385.0803319410757,2632.563624670256,3974.371321994461,4782.553142670555,3741.539057778898,3551.1674994887244,2235.325234427644,3824.2881255349994,2555.6475060422554,2937.144018293451,3534.0723589539025,1705.5496262319664,899.8134479151774,3675.762228111334,2325.7831764240186,1960.4851775726338,1034.2823341447922,1776.356809500276,1886.206797937331,3211.612776939337,1310.0834765533077,1807.1108768011438,5117.408542644216,2790.2417113090764,2705.1670286074755,1430.1074896821567,2860.866124729537,1662.0884232747665,2425.0100038847263,3559.6708195029782,2901.4987266847115,1143.976033565826,4462.232785436121,1335.9009032667805,678.1001674207139,2929.242629609231,2524.8900256019074,4511.585105972955,2882.588874378377,2817.8562813112026,2312.3533027364133,4205.149415129028,3373.6574477271697,0.0,4319.997912184912,1893.2819499039233,1019.7765600610753,3339.9133526991386,4690.994043324294,1664.638879859833,1279.8817058853526,1793.3109854604136,4430.509290391004,2546.4277134605645,617.190168102182,2583.3238195845674,5063.071280075365,2758.716741788653,3852.965660816873,4733.829155169206,2563.8729356816807,4193.880038227369,4564.536720598159,2874.3840834550974,4248.9230785761465,1363.6709135260608,1603.5551745309542,3520.3428019164553,2425.212017001607,4552.875881132824,1752.5140597581526,2821.046637811045,4616.811905355577,2100.5218527332677,1352.248556291335,1327.5162062924128,2990.449765339154,4190.612902189844,1405.2559821729988,1278.4397519715192,2147.1687767394997,5287.441035865364,1414.8241219335355,1651.0768114718346
4413.6762113496725,5943.547235140391,7257.411162179666,6694.072709871772,4395.095601782514,3622.1736487602298,6573.24420263845,5631.8578580843105,6147.478781659763,6649.468744171446,6002.867040974671,6638.60831109661,8044.025166256567,2922.604775022616,5405.757331832885,6307.109703113938,3073.38672106001,5560.655948593206,5566.18748407148,5620.836399967712,973.3631394238217,1984.1387481506938,2811.8833192977613,6128.001285633187,6456.298399561935,1424.5250893645218,4558.2325334282805,4426.949245792863,4689.185866522781,1022.0985616759276,2004.9369040867598,3966.8846555956225,5304.6297837381635,3102.011607436697,3892.745434183052,4771.334204591625,3064.886760552826,2803.5331832823026,3616.1558442315504,1614.7346231888998,6869.958601819446,4537.032975707031,3587.0115867893423,5129.25932669445,6667.724855349461,2074.138124682394,3035.666744378408,5118.446656110132,4564.786145720847,4193.738810159379,4336.34125231698,6617.909981148581,4948.439778444313,5149.230276168759,6232.2987192620985,1640.1713897690693,4899.850659753825,136.8778495228496,1508.9605400900975,4319.997912184912,0.0,2519.410988670566,4461.118904788349,2987.588536837025,4620.16708790602,5847.641486307193,3448.7441759194026,4735.4449464983745,6191.135704235936,6798.992613787575,4935.174099158003,6836.534405508173,5115.571365168312,2027.5048151747994,2322.4777582099673,3039.1268551852186,1912.283431085727,606.8483563856788,4611.693035355345,4918.248532119742,6751.230183807466,4133.520808169351,5308.977246969984,3637.3855960957726,4433.800100347895,5640.3075977752305,3089.1379061330363,3171.307969757747,2365.3411621787245,6311.142544471642,3988.6014786200435,4145.38630278108,2584.1148534020313,6891.47243200769,5242.907038055986,3463.0314533866135,2270.846334561852,4021.7992557914918,4821.9932773587525,5959.960815003568
3122.4908548842864,3547.92949972417,4770.111762971598,4174.70488223012,1921.7669082888283,2568.3432420618938,4145.956504241934,3658.8302794166334,3733.6865297688023,4762.760522968271,3530.394189205789,4344.040546220189,5730.735761019959,1225.654718488449,2931.092487580868,4003.387152536712,554.9385054886715,3881.0936264446136,3792.068307051971,4253.247289375495,1851.681350608954,2446.66492439913,848.3755785128421,4080.4997069403153,4318.939860940414,1304.5970578814747,2948.89145698142,2675.334269451203,2169.8421571618987,2117.5239951287444,563.0039082679615,2478.725507536888,2923.624007900469,1582.7507103805071,1618.3342388731073,2909.756556978608,583.2800474986267,399.57202712026765,3615.195262116833,1258.290314531985,4350.816823828487,2074.6880692347468,1927.0499723953706,2652.6013970063427,4156.695045167616,1797.0800974205351,2490.9317060515737,2599.060431005212,3523.3020811847796,2302.8667854778314,1818.232419521773,4603.15403564556,2734.623537504203,3848.271944684913,3833.2994208292675,1345.3787498607962,2621.5768941223146,2393.3207213676983,1491.4449773427775,1893.2819499039233,2519.410988670566,0.0,2370.004496522739,1946.5773455894318,3699.7835145359513,3532.008232083414,1543.304124020927,2331.881908722009,4391.604969129737,4289.411150011153,2486.1811475421496,4475.216791004096,4170.748044140283,1630.4555030533645,2148.7746449458114,3128.406218110749,1217.1747340316429,2317.014396518502,3612.5994487898874,2852.7518095488085,4662.930698548821,2267.5207704947275,2807.5351551410713,2417.6745664280375,3079.696156421442,4136.188602731383,1545.3461628936095,2515.853623909985,2858.2559556283613,3981.542033179858,1534.2475129078748,1683.103174602496,2274.630802321335,4732.942359496046,2728.5172917254895,1559.476044261341,257.1319686561742,3881.176712443405,2814.1449731854614,3539.8733562459556
1565.8473155739039,3601.9212406215934,4116.968102394042,3162.738281921221,1247.9619997115294,4604.139446515168,2358.6926259917805,4621.561401000532,3668.910878205275,2396.9083485567403,2045.4772100847272,2209.848395021025,5657.178621376649,3316.6075143322278,2813.9243365202624,1895.9393804048693,2013.0764406847543,1650.262625573578,4991.630747079154,5781.969480614196,4084.9492493710372,3241.7011467285197,2959.36050826475,4834.766924511873,2004.4166609789493,3037.6323926606065,4512.470321832156,716.2642014019688,1890.0136533297848,3637.6232644362717,2620.2861374004556,1120.3730339221847,1161.8201622876063,1435.7726355952047,2846.2403683113266,4215.4445819925095,1859.8362106121065,2445.1897036395762,5886.729041738714,2847.4406781432695,3249.438910880615,2449.836281897425,3756.306525486039,2638.8255470769564,2889.6943679193823,4161.431751483737,2324.5972249792007,2031.4439364464379,5396.736295499808,448.12755913132577,1697.6714935940936,2239.206505512612,3544.664100013145,5493.118367407442,3801.724680110331,2833.407337134038,3331.9495298833685,4366.5727971545375,3829.142971813014,1019.7765600610753,4461.118904788349,2370.004496522739,0.0,4123.62934258888,5617.536302095608,1475.6044377193366,1013.6440683523975,2811.999112522797,5450.0546330334155,2983.0635039613217,1225.1859045304107,2470.7075299292305,6013.9006371347705,2588.1272496546612,4499.1763816316425,5447.8411637124655,2558.7848324368733,4473.231090449497,5497.771179086757,3891.2635781208655,5239.595123874458,508.117229360509,2530.3306479440585,4398.20749636997,1462.4913640828795,5560.453624023582,1434.18649174227,2206.069602774355,5226.012212715255,1928.0408626634448,2330.100372518317,2327.254818522673,2553.1071043552006,5163.470372264181,2311.6537779280443,999.9031368032604,2586.527172159805,6098.993465020355,456.46149193661455,1797.9414125343462
5063.889758857908,3530.9335600457,5017.535725518056,4806.684998700249,3239.9910889321905,693.4145546936552,5314.802145293463,2752.6601221164233,3756.496654436019,6493.879092943523,4616.064052940774,5743.273553881358,5357.369315501126,807.4963999826876,3295.835696781167,5412.487792166002,2121.956196393319,5732.431944229691,2604.9618721313377,2659.537982173972,2015.39573042244,3986.8972735962234,1172.6966173435478,3269.9891492642605,5894.738979611735,2634.614994144875,1588.0449344234567,4554.9490361489225,3074.1103100033674,3255.5335368378555,2154.2855310884393,4414.770104501479,4306.520825538175,3529.0080154196303,1710.4270374900539,1889.3424909512837,2295.0164977437526,1713.0300383020144,1777.7821059539326,2739.5781480521778,5011.8184128015855,2557.726136487056,801.8481422170908,3073.9827382810727,4971.092367603423,933.988037489239,4353.467456448595,3443.2430027119785,1697.7728331802816,4159.670407615127,2883.8608474921252,6261.878346023181,2364.5902877399294,2195.6658706198905,3798.830923313645,2854.9627693462126,2417.943393756356,2857.720966562341,1505.2183040147363,3339.9133526991386,2987.588536837025,1946.5773455894318,4123.62934258888,0.0,1828.722372716537,4960.5093245324115,3452.4093897442112,2533.4539517546004,3223.4429573909015,5106.649377205566,3776.799892295063,5760.744129235476,2326.019963381656,3322.573670541106,869.8323951221868,1431.9757591146572,2884.344039869897,2443.4833486643606,1770.6860486175974,2172.9691996533224,3894.876033871297,4135.446789295807,3350.4785566729124,653.386066032174,5016.900714396191,2656.28769455287,3491.75267549178,4402.120365533069,1561.8657383786224,5353.896879589669,2164.964266192401,2288.1636019544144,4057.773051411944,4083.2393186412673,3408.588831707485,3467.8138556665635,1869.2241265212153,1976.4233646557102,4580.031645749732,4777.704453830731
6752.631149781247,3758.762906857121,5205.980743691625,5358.855935025312,4527.086145078531,1144.8610208531863,6257.025508588725,2305.45526732574,3964.778273850002,7875.863407586561,5558.252990867724,6848.722793113253,4908.848480569042,2475.740333608717,3911.8362051528943,6546.544704729053,3738.2841407161654,7266.451699078787,1841.8936199954653,1203.139875367781,3688.8075229365118,5810.6914613960535,2860.3066004582447,2749.9760159281386,7147.745512150526,4458.612245960059,1308.4604935763248,6150.783797656035,4134.764375914666,5040.7083305275655,3972.6636490995556,6096.360500237007,5506.274230285666,5267.084796189444,2808.481846515124,1813.7429563110643,3928.0969468038847,3394.693304233683,1547.9763398398572,4567.947291199079,5562.898910669239,3491.867230918295,1869.4969681807456,3795.532093498354,5655.347490487299,2584.6731506650895,6161.336307448653,4383.077959928274,244.5206091130151,5743.149792714186,4088.551161233524,7578.203693647197,2697.927740766976,803.3665463392161,3944.569248941891,4683.383820667381,2877.7477832284053,4503.0527753549595,3247.9220341506043,4690.994043324294,4620.16708790602,3699.7835145359513,5617.536302095608,1828.722372716537,0.0,6141.202117006816,5113.6301095049885,3274.6600024712484,2261.6854975272313,5778.207899978677,4969.646717851279,6767.9016287860595,503.57542837990013,5149.495743848032,2297.879346060189,1850.3773615806049,4710.170832044736,4025.774043401095,147.4989292334017,2300.001229917062,3262.1824877644412,5730.967210073445,4090.9145233134604,1282.8909985096163,6693.886340394868,1402.0928383345372,5228.608285146823,6201.420683522527,2493.454972347606,6461.156998021484,3347.109769302465,3404.1031983952835,5880.381859294258,3543.396826992991,4237.742983250046,5127.7021558457345,3663.7418437112897,1300.072499641847,6062.229488576047,5822.356584438641
2696.921511899262,3202.8092201893637,3165.5619048638114,2131.1448569369936,1724.1368892709763,5291.45291160169,935.5552913713869,4609.6496067181715,3176.8300155359275,1908.7934260626525,968.8936038311946,812.2536526541448,4895.422973969257,4180.289821776953,2534.607042635998,471.4305607881187,3045.610340790988,1987.4512779879658,5081.942128700503,6014.199616120585,5359.724324446548,4717.2262839299965,3890.9307610087335,4664.866537519053,1026.951882908347,4427.389589311742,4889.931359438597,1938.9204428725277,2006.8799002755495,5080.066395939427,3907.5938943600568,2483.893737207975,654.1976792262411,2905.1930168243553,3369.671608974382,4473.84773512119,2954.3594962876473,3471.341450581893,6729.531829554936,4251.059812613792,2139.5808514141268,2655.9424587460476,4399.788702690392,2502.696949632736,1731.815907786968,5224.12880825119,3764.680082393456,1820.5919706123063,5901.717701845286,1883.1015205691908,2092.689220578393,1513.083767247868,3634.545914395497,5827.6405467744835,3303.4966381955046,4251.3614393551625,3415.9657695751284,5743.470503737004,5022.155594220474,1664.638879859833,5847.641486307193,3532.008232083414,1475.6044377193366,4960.5093245324115,6141.202117006816,0.0,2450.84802121735,2924.403001744117,5402.796600280451,1779.8411288834184,1190.5004622094864,1000.6863434313472,6455.926519614748,4049.667390962621,5513.3293117270805,6374.019900461011,3979.06172444736,5789.990343087369,6004.482588661906,4044.129682734346,4911.721680621776,1950.0117966053435,2257.3269985188235,5063.403621814283,2588.7896650604894,5740.25189706863,2900.7655946672076,3635.2025661797716,6279.774677863053,463.9778154147029,2841.866271836344,2756.186295184707,4021.951393640902,4753.354406860591,2045.6788839038254,2439.323111777527,3779.616975225135,6869.516682656794,1328.4877823337326,565.8480250252715
1640.2916306754726,3857.1744951527667,4679.649130567376,3827.9909068063366,1485.8780557320306,4021.803060563881,3275.9013344375926,4541.045829373228,3977.174789552629,3298.7351819485298,2839.3106894318557,3213.995399950815,6035.3079206208695,2673.0982581568146,3084.564420241049,2892.0872092666914,1375.6511712647211,2347.854534363873,4819.3698504870945,5476.453819244713,3114.4913937503507,2325.9989222536196,2288.588339374515,4850.814521830328,3009.4926756195973,2026.6135588387344,4161.562565214417,1136.5574528760085,2104.8418513686483,2631.918443639544,1668.4200058633314,984.0191003115747,2004.5488570868008,503.278383809597,2535.891689910474,3969.756570449629,1185.551177136609,1743.1775527492885,5156.3118547042895,1834.3966339385279,3952.4609904434224,2456.3707264427735,3255.3629915794336,2846.047518755089,3641.0283481754163,3323.3384552983766,1627.2730854214362,2413.8572882647804,4913.6084357707,791.4151577351802,1775.450489611017,3203.4683658416234,3476.5980405039636,5126.69306053922,4103.063152550542,1819.8917978014515,3290.943937205859,3355.8388933135634,2910.737050729419,1279.8817058853526,3448.7441759194026,1543.304124020927,1013.6440683523975,3452.4093897442112,5113.6301095049885,2450.84802121735,0.0,2820.8978435606273,5352.013071726282,3752.7165775342,1817.7279039113637,3451.5082329591796,5554.517924090262,1602.6533700788204,3685.4703282954265,4671.119559317873,1545.2975492017708,3480.68018910471,5009.829516770106,3746.3453991419424,5342.716800909533,744.7233723907158,2842.8691585686806,3841.8669640242615,1580.3318946920617,5299.958257839867,484.8482744632595,1556.9611688121836,4370.543839659431,2912.4417415677176,2122.095807485609,2188.2092698325264,1717.7889728255327,5325.431821959604,2661.810281305751,16.51170763428174,1713.8778210610576,5412.385481430253,1386.752671360326,2678.386085985365
4288.109540456843,1218.627976100992,2566.497269674176,2274.978008318542,1564.6152543398648,2608.326372548497,2983.8418584484334,1810.6296574852074,1414.0517340974484,4764.030749494592,2283.638771281702,3588.3840546351785,3403.535359478435,1987.305678770631,763.2859265478436,3299.0035917647924,1865.0852125050478,4386.569814235492,2211.3091822956376,3097.61189265618,3883.3146007968508,4691.132648762982,1951.2518653341501,2045.887956053557,3949.444391929199,3636.217831021678,1985.8266655639911,3494.5716836718343,968.0673688974337,4448.95350849489,2893.8366142009463,3687.823010546602,2327.9939967167015,3227.3088324368646,885.9566609772734,1549.746002389101,1990.1698173083118,1969.2345353832281,4136.811230317501,3582.6231425325777,2480.988462955844,370.34533991937826,1774.364152471527,551.9561804609133,2470.8458818343975,3193.2564036246763,4380.8396809967835,1117.729386182541,3030.787958450409,3111.51824032963,1119.5778865827065,4415.468073201413,742.8108364482844,2904.5348213109787,1506.061716365236,3661.1694719062098,523.9940158370132,4600.804436805481,3365.2980355686177,1793.3109854604136,4735.4449464983745,2331.881908722009,2811.999112522797,2533.4539517546004,3274.6600024712484,2924.403001744117,2820.8978435606273,0.0,2638.9646256984956,2603.4458701853205,1824.3626209986323,3493.4490192072362,3549.572588654161,3845.805133304078,3328.1847722482294,3929.1434929822803,3490.2090994076557,4386.14735048573,3131.996449463185,1130.4098127603988,2521.978987574639,3130.7025826050613,844.8191103330939,2375.946489596093,4197.908243843593,2835.823796523684,3192.393252139373,4339.905192006157,4079.70284283059,3205.5167163234387,808.016062375619,679.1057125735284,4330.280544508403,2517.4494402575397,965.3804125835576,2827.2721950349946,2536.4195123086397,4181.880051467999,3183.7411642782768,2557.398600289951
6898.490274643648,2300.1600991930973,3425.814080968347,3931.1541349859335,4203.4129228545935,2689.2805607931655,5180.982193903487,828.4963014576468,2423.740623900173,7301.770505305819,4569.258499203673,5931.172368531537,2703.7746448023363,3366.7462993985755,2868.5982363534285,5697.730533301219,4130.746868990765,7016.584471214609,626.5022739791134,1174.281972284766,5218.834882910362,6823.279112693104,3630.7370027929596,804.1164800406717,6419.040166288492,5547.823758006016,1636.2289483507495,6125.121227695416,3590.607170226785,6294.935372918851,4869.669399054724,6277.263030893719,4878.27726510179,5688.03941782342,2851.9878097148317,1488.0232034497983,4307.902971023488,3995.495499646821,3783.773477698289,5577.667517214163,4107.133215150441,3000.528413773814,2631.057211625776,2921.8525075549246,4337.565962574172,4157.357145134635,6789.864215592238,3613.857556817645,2109.968097330384,5734.577383258857,3753.6357323236625,6915.683090144096,1907.6382756185722,1459.9519234193979,2339.098287995825,5682.114760300604,2118.1586209056677,6057.972864804612,4684.627485525183,4430.509290391004,6191.135704235936,4391.604969129737,5450.0546330334155,3223.4429573909015,2261.6854975272313,5402.796600280451,5352.013071726282,2638.9646256984956,0.0,4430.592847566677,4419.620662039333,5725.134649795409,2110.0574000062184,6021.620699402777,4027.4518697515186,3966.9392415686175,5599.839824468196,5664.362585534315,2148.7447234722877,1606.0224211377001,1066.6348883549608,5748.982887868949,3146.8244402419405,2600.8841643302762,6812.757574569199,882.303156472876,5650.105406233498,6778.1468416033895,4498.748912296395,5583.41734804134,3231.149931006762,3179.799362288445,6643.3692877722815,1374.8636856361434,3364.0468960774015,5361.163935886497,4489.9658368326145,3561.75166599947,5820.754193643981,4932.6556495998175
4417.998918316301,2145.670107280474,1471.911958358923,515.036161033378,2423.0700080571337,5210.024141232074,986.9567360983963,3762.9518700520202,2006.8523308288031,3446.2432587420462,937.5862941841676,1807.4868962083797,3258.9243523790174,4459.944387514378,1879.6428461643984,1745.8682549906225,3735.153711696749,3760.0956098925194,4298.365518566796,5310.4778827992495,6110.384608960798,6073.346632699718,4300.120054133489,3629.021168990338,2486.2691565773807,5457.822471415592,4470.495277965742,3601.781635000656,2151.9883614399496,6215.964052319639,4795.479606721834,4095.3810293033785,1821.4023671193581,4254.429394159692,3399.137606328552,3967.5349713352243,3734.1555055581175,4068.407228330148,6739.91807516857,5323.361553721953,406.0285269251408,2552.100532977688,4373.024173873842,2051.5101859635015,136.8692087249722,5652.047315922347,5287.869448857167,1726.3519599227154,5534.821767036135,3430.9717784605864,2477.1672039892665,2991.2226194130053,3080.394721618643,5259.93979291788,2096.166707124698,5357.40785042776,2908.465960641795,6676.564026528616,5661.342344088458,2546.4277134605645,6798.992613787575,4289.411150011153,2983.0635039613217,5106.649377205566,5778.207899978677,1779.8411288834184,3752.7165775342,2603.4458701853205,4430.592847566677,0.0,1946.0673029106676,1462.8462755754624,5969.625744833591,5300.194514114081,5847.896394019477,6522.12859540825,5107.8029675535645,6594.4822736031365,5631.2760344651015,3482.0099558691672,3676.7138647793904,3490.969146684771,1762.5737247562158,4978.296290069625,4308.6830542546295,4997.6753901393995,4237.520848025411,5178.36913773719,6618.4049063324155,1615.6282938801237,3014.3606461815416,2866.9458668801194,5459.313881862903,3445.709041744529,1702.2842070127422,3746.745196563145,4544.36296664615,6773.891694994613,3006.9008627863004,1247.5200016432602
2789.515801115671,2412.4686115439927,2917.303613224033,2015.5122602579222,572.8626816681285,4101.4641813909575,1659.9503621614715,3600.0697540111632,2461.1123117600705,2945.13863526541,1072.7619148068222,1967.177534311787,4432.222684201348,3005.7771260499335,1639.1461719459305,1635.763184007392,1957.1041348042772,2612.5637916278715,4031.149816828196,4916.746038172197,4337.840116118735,4129.694656137787,2735.3231113572306,3741.016365187674,2178.5629208599876,3554.3103127061095,3740.760259102954,1936.673796793358,861.2462555721212,4289.576135016139,2937.3648569132497,2319.348809687754,539.8102138363079,2321.0021131726703,2182.5525753422294,3353.522363972842,1904.5162656937325,2359.132807466548,5541.871265030432,3406.440318782204,2134.9920455807323,1513.715586255555,3210.0021013047635,1510.5592806116545,1829.3962779411681,4088.877450694873,3399.8996705292648,841.7924776006254,4732.342310279868,1646.3307202312055,902.1904823184514,2615.558844366917,2562.3291362684063,4696.781009537595,2594.3914025983045,3432.3798280838614,2341.31666822111,4819.438930050882,3950.369869428557,617.190168102182,4935.174099158003,2486.1811475421496,1225.1859045304107,3776.799892295063,4969.646717851279,1190.5004622094864,1817.7279039113637,1824.3626209986323,4419.620662039333,1946.0673029106676,0.0,2021.4497542301172,5301.42956134758,3354.7027068843227,4359.830969872571,5196.618441100712,3176.085252109112,4797.37498210094,4835.244969629253,2954.334289882917,4090.671524443511,1693.6637123788773,1347.275845528672,3873.8915862714844,2684.9778329857777,4659.6610565641995,2301.765342650723,3304.1186950212614,5132.294887540757,1579.2669307118415,1652.0326447289108,1571.2541501186238,3534.008502128001,3989.2478295841684,1121.1521847086592,1813.033041785229,2742.36111896537,5679.037915124797,1470.2430538904102,1057.9758411693533
3553.310806565758,3430.8648616487367,2928.2301276342682,1957.9234251198386,2592.492662487784,6017.902598551425,544.2102274388094,4988.3224602851205,3339.7344795932513,2043.1679884458836,1211.6943982543619,413.3875001496779,4717.084263841384,5010.25659965575,2928.1437517010672,595.7450254739857,3964.9662751762467,2606.9523308725834,5500.869236635697,6484.846963238609,6318.295268295238,5709.186596650174,4753.846436919266,4941.020085915964,1121.3128403264623,5419.551494893281,5475.91155136065,2869.8085619185467,2699.743427587888,6080.002897398075,4878.869133728635,3429.850201320314,1551.9526366255511,3903.9197584767285,4095.7929706236373,5013.888387176265,3892.557006984612,4376.678233878519,7503.229708061789,5246.126140920556,1868.2154575958314,3299.398722537184,5131.648742774198,2987.823591935943,1496.3630246627993,6110.187357733804,4727.813822048834,2390.3840242722513,6524.155577826758,2863.599244968471,2882.483856840312,1585.2732558776736,4130.998803278088,6361.006515752676,3448.523049805671,5248.720401676774,3925.7457245895334,6730.130642844089,5956.647663107328,2583.3238195845674,6836.534405508173,4475.216791004096,2470.7075299292305,5760.744129235476,6767.9016287860595,1000.6863434313472,3451.5082329591796,3493.4490192072362,5725.134649795409,1462.8462755754624,2021.4497542301172,0.0,7032.724455988945,5050.070029921169,6376.904207447765,7189.913016179333,4977.062566252105,6759.6642828999275,6625.432461046598,4548.953953115485,5068.553078286544,2931.009933604797,2700.5118814224834,5785.2886835441495,3449.437755456677,6188.544343207859,3900.148024022293,4592.927446389938,7150.922056630179,542.8087431582138,3599.0802223952996,3487.2797214290113,5004.478095664721,4859.268283529218,2533.973434193816,3440.0044916275906,4727.568710923195,7607.09345659865,2272.4717028381224,983.1202884413485
7194.809551773278,3887.470308528285,5281.091669011248,5526.868387569945,4887.149280298485,1636.8437507865558,6510.735586945763,2335.22332324855,4080.320013761299,8230.215976040057,5821.095169652701,7137.929347917714,4809.726088612219,2945.1036045112237,4132.651128683499,6845.710315640591,4179.5655823238385,7664.126990918469,1817.5863939389517,948.1417697369951,4189.121094659476,6311.06332543455,3325.9448753930064,2717.0579012159465,7472.492675424446,4958.757118645457,1566.545733019627,6569.738412612179,4452.0223599304845,5544.281081680653,4461.571873096408,6538.493273610518,5832.58230986036,5727.65427429851,3177.5414759623523,2021.4099005327944,4370.887200774002,3852.7984579815493,1896.1272558612725,5065.490909035865,5726.891642369445,3800.177996952906,2299.234303787459,4045.4109507920207,5851.9763965266475,3087.0782463982023,6643.34720634177,4667.020768032322,647.4713262878905,6161.004495796201,4438.460700344209,7916.7474522339035,2912.236817937031,732.0892073763968,4044.121307290621,5180.8349654055755,3109.859327886071,4999.754099347287,3751.3299299145897,5063.071280075365,5115.571365168312,4170.748044140283,6013.9006371347705,2326.019963381656,503.57542837990013,6455.926519614748,5554.517924090262,3549.572588654161,2110.0574000062184,5969.625744833591,5301.42956134758,7032.724455988945,0.0,5642.590123938561,2794.7138191983095,2278.8378887902486,5202.522646662963,4518.716124184169,560.3700839025938,2497.974389359507,3161.3736333842294,6151.946966317655,4335.792616710929,1755.7309811599841,7132.861565179363,1229.0975734436224,5688.956959064641,6679.89894275153,2946.079048577108,6754.358954267236,3711.3667089335167,3753.3344860501043,6369.937550166171,3459.4045502086055,4499.442088960031,5568.180943022685,4145.329407475961,1573.3007626480698,6452.62175182189,6106.928609957709
2393.050924670222,5027.5430674304525,6078.74486235843,5317.755426094829,2912.7816671863684,4006.037102769768,4876.149755453067,5286.579467084647,5189.66442593777,4640.911359620006,4410.226213501185,4797.747325488911,7236.29684059409,2759.903307982002,4325.48517500384,4482.940698058029,1986.8961798908867,3536.560047866006,5419.588685835577,5831.580530078702,2061.887765056575,845.737344859502,2424.94725008071,5698.173011504038,4525.660908453594,816.5917424833533,4548.622442895981,2432.1498125331427,3412.2220359032913,1076.7927455202318,1192.507074797462,1945.4967628235731,3599.9933463451016,1155.2873611933096,3228.6046348182676,4537.999224896915,1856.258724265828,2028.473616377102,4707.328475007135,631.6910715484264,5461.739483983102,3533.66253078304,3505.027407747334,4055.5222894380695,5181.321937025917,2771.1552024572707,1134.7891878089085,3797.478889619796,5003.639957594471,2251.4325631481843,3042.42096939937,4639.016945020249,4334.113907777344,5405.495006288693,5302.257236725223,526.3933858342065,4201.522762706517,1968.0826205129188,2142.221834229592,2758.716741788653,2027.5048151747994,1630.4555030533645,2588.1272496546612,3322.573670541106,5149.495743848032,4049.667390962621,1602.6533700788204,3845.805133304078,6021.620699402777,5300.194514114081,3354.7027068843227,5050.070029921169,5642.590123938561,0.0,3154.833547604215,4141.535974462252,441.26358229067523,2253.4571259992936,5083.409273213597,4477.732785440083,6268.956665166222,2186.5643527694315,4138.392266716629,3900.303091589165,2408.7594330928946,5736.913295020763,1154.3266310992747,1237.4328162167037,3641.937648931952,4509.228886646252,3040.4813180016413,3167.769474989302,752.1506257339688,6320.611752815149,4001.139872774757,1613.1636258315527,1550.331137957307,5049.374747908694,2888.006633998614,4274.572616595138
5204.732777096822,4379.177970903329,5853.619704844004,5582.289217224956,3796.455750540496,1351.785815611704,5965.070803075182,3607.8312319189768,4603.7729104021855,6896.063378415327,5281.4495049484285,6316.209852485033,6226.663668030015,1391.011094124343,4090.1059286557606,5978.27522774805,2506.5162393728874,6029.135074461759,3421.456492754219,3327.719446270975,1401.6387929181328,3676.992220552146,1624.7827738577855,4127.140798418441,6388.357608260358,2368.190101893216,2409.2076948407753,4821.067910147917,3746.6096588773435,2813.3780622802897,2127.0718121062578,4583.211186827419,4867.689839237705,3642.1855935056356,2463.0113258499246,2750.341276354264,2642.701052915369,2068.7856844025678,1554.1234124206483,2526.5135299010376,5784.460235171904,3301.0089783157214,1662.3862094101357,3851.8735213641166,5711.227004007195,386.340945783643,4266.920202940875,4144.720293130648,2246.6432576448365,4451.635168554696,3503.0287044775982,6711.054872004699,3223.3129951418,2854.5628286266538,4651.629545078585,2638.066608743797,3263.33553516429,2205.269995579226,1037.8478405146873,3852.965660816873,2322.4777582099673,2148.7746449458114,4499.1763816316425,869.8323951221868,2297.879346060189,5513.3293117270805,3685.4703282954265,3328.1847722482294,4027.4518697515186,5847.896394019477,4359.830969872571,6376.904207447765,2794.7138191983095,3154.833547604215,0.0,1005.547777263716,2748.7444149620387,1731.6506893631863,2290.43972167464,3042.6376666849446,4749.690218096019,4415.846946126757,4114.437221975444,1428.6191800395939,5174.883737102216,3380.795575057593,3608.8227006623642,4343.747302291076,776.7481182243054,5933.666523731511,2844.186520812234,2985.265033146136,3906.729142238684,4945.709438460169,4146.40942999181,3701.835383496273,1975.241347739815,1898.1013614675585,4949.976696321004,5398.452611060507
6207.352852910007,4828.161412248869,6331.064820873817,6202.490848440972,4650.041611869296,1425.1702092806313,6746.673751006194,3747.329504082874,5053.512009503589,7840.365627769983,6048.012191990357,7163.737643383724,6434.503616104742,2193.8780680076547,4684.55225082494,6830.600103010715,3437.1643110273326,7006.884891077703,3426.1142907045582,3034.8743164503535,2246.939977856329,4613.996215269037,2506.5653156391113,4258.017699494684,7287.500109330359,3341.4880330363294,2508.672183646161,5803.554352436962,4506.0633914490145,3701.1837522522433,3132.574691845192,5582.155401891639,5721.32998989588,4644.702912835222,3136.3899243437513,2969.9582216943722,3588.6450102622293,3002.7642791229887,586.6954902519706,3510.407096244109,6409.098787475896,3981.1368860913335,2155.4495039580484,4477.426517103099,6387.376723288598,1390.124115779954,5261.93753578556,4873.297136789116,1908.6236285315656,5426.576712340571,4309.617211110286,7634.07671352928,3648.5263787575936,2588.4806143181754,5077.371867673274,3619.573461888154,3743.116995718141,2944.755039579693,2001.8648618688026,4733.829155169206,3039.1268551852186,3128.406218110749,5447.8411637124655,1431.9757591146572,1850.3773615806049,6374.019900461011,4671.119559317873,3929.1434929822803,3966.9392415686175,6522.12859540825,5196.618441100712,7189.913016179333,2278.8378887902486,4141.535974462252,1005.547777263716,0.0,3744.412597516064,2434.030482610273,1907.031241507333,3370.014459620314,4849.133287902179,5393.639113610495,4760.7503466496755,1625.9945546295658,6175.912544175557,3181.0756353178713,4610.9480397237185,5342.4201619195965,696.7235575355551,6775.633395290804,3596.6412152587586,3719.9941913106527,4891.516298075782,5090.203370075698,4830.241582586216,4687.360532900899,2969.6116495220385,983.4656595779031,5902.278329414582,6206.7956420299515
2627.197292544471,4688.674739635923,5800.955081646556,5087.038941075349,2690.6112194148377,3566.250142589552,4758.645532838625,4875.254353865961,4859.698695030795,4751.277343072492,4246.124010686099,4754.990858234324,6891.685303817638,2320.4156127456995,4012.1485315090217,4429.189684593898,1625.4556652265235,3690.3972199385257,4994.071096508438,5392.310884605319,1754.2545274509057,1229.4917791323371,1990.3377299770007,5296.984560679122,4546.340586949575,519.6811228782515,4112.921020151129,2526.4984863413238,3134.382254962531,1115.3153762434192,752.2160601648976,2102.6123911850705,3478.124424175909,1195.294941766675,2831.0562616807883,4113.816709544192,1518.1416213426862,1616.7272257799088,4302.864201112208,309.4159251008264,5241.393828489899,3194.4359130844996,3067.3933430305283,3737.7432185404336,4984.063032073531,2362.9977243243384,1518.2090133311688,3537.1893012599708,4563.005709140851,2281.5179377607355,2762.914851372912,4707.147357543101,3943.9452088391135,4964.952280749131,4968.025006612285,274.63332810494796,3820.867633786468,1827.4948987805685,1758.0646969147635,2563.8729356816807,1912.283431085727,1217.1747340316429,2558.7848324368733,2884.344039869897,4710.170832044736,3979.06172444736,1545.2975492017708,3490.2090994076557,5599.839824468196,5107.8029675535645,3176.085252109112,4977.062566252105,5202.522646662963,441.26358229067523,2748.7444149620387,3744.412597516064,0.0,2023.0531388525117,4643.131693196952,4069.9051534202863,5876.072668770868,2221.5511921830657,3843.287679391695,3459.188588545586,2626.444959326199,5300.670615184648,1179.9961370652873,1599.3448395321132,3274.503047484916,4442.752139301606,2682.193863441828,2817.3921373727867,1176.9418583498505,5938.325822532896,3721.985717746375,1558.8988635091116,1116.278667118565,4636.443330542281,2910.163740163773,4148.491551922097
4633.057694604072,5573.515531201559,6940.49201560826,6447.157946440121,4237.26767492921,3053.594509249222,6454.616825155773,5141.767767292684,5784.796089122329,6756.0229831611,5847.239942292432,6595.183778711932,7622.13683813988,2482.396640355646,5090.705367013986,6257.699372223789,2865.3184734329266,5712.069575542038,5042.729530537405,5048.497437869806,502.8440923835132,2408.4951940331957,2435.644796594322,5647.00595812843,6477.36187994912,1503.3743011868332,4028.1504463765996,4535.706563257592,4452.418573674874,1422.476168209506,1882.4211159166805,4125.650298419389,5210.538650497662,3205.986466391896,3517.0192272776953,4275.433461582346,2894.060875846947,2532.768547776326,3012.9482792524,1714.0900613086228,6631.6305924742965,4224.567027729706,3095.1509212949527,4819.024756073576,6460.367112675641,1513.7419925882343,3347.66421950664,4883.394000893743,3978.134623159578,4258.453247760858,4117.3172884063715,6683.485307620419,4526.503293621026,4575.743626310919,5861.069087119516,1777.1190748672411,4498.505250598914,512.562833761872,1038.4716154450248,4193.880038227369,606.8483563856788,2317.014396518502,4473.231090449497,2443.4833486643606,4025.774043401095,5789.990343087369,3480.68018910471,4386.14735048573,5664.362585534315,6594.4822736031365,4797.37498210094,6759.6642828999275,4518.716124184169,2253.4571259992936,1731.6506893631863,2434.030482610273,2023.0531388525117,0.0,4021.829502007389,4459.52946989545,6273.082961321729,4203.2222238383965,5022.3819853441055,3084.950045713706,4639.562924689889,5081.228913759445,3186.36409451839,3469.6299207242555,1765.8109737208565,6249.080489408341,3682.4849639364443,3840.53484596052,2908.4255175137287,6429.319866300167,4979.542595049569,3496.188933693515,2059.891957108673,3417.1961437419714,4867.385088593361,5844.951091636782
6649.738490646155,3611.630888683116,5060.451976667005,5211.4388318065285,4397.860582664825,1079.043019473274,6113.5116425917595,2165.603156809899,3817.9448431974497,7746.367369256121,5415.372511874414,6708.806810325812,4780.813366226504,2387.0266898993823,3765.700724117624,6407.788159981647,3634.185226438658,7147.444598646428,1710.2177647261763,1128.5454057170227,3670.8445851286056,5757.474815703148,2769.1971797797282,2616.02141888116,7012.77143137098,4405.1256297329355,1162.0845618564078,6038.422794835833,3997.7017931228934,5003.848865096246,3901.469945980873,5993.339498345225,5371.156587552908,5173.459703473585,2679.9761692671823,1666.3622717323503,3824.784645467637,3299.1392842533946,1642.0937938342624,4508.920232116332,5415.450653363024,3353.1580531531763,1758.4921705944555,3651.0658135565013,5508.562534002495,2561.089617757255,6083.177133851192,4241.903458797005,102.90887904354975,5630.301131276905,3957.026035457563,7445.639523022384,2551.107608652563,700.2413897521337,3798.2957824704745,4624.164382580272,2731.7582863571583,4492.351434306648,3216.6875267044516,4564.536720598159,4611.693035355345,3612.5994487898874,5497.771179086757,1770.6860486175974,147.4989292334017,6004.482588661906,5009.829516770106,3131.996449463185,2148.7447234722877,5631.2760344651015,4835.244969629253,6625.432461046598,560.3700839025938,5083.409273213597,2290.43972167464,1907.031241507333,4643.131693196952,4021.829502007389,0.0,2152.64099354839,3136.681747790489,5619.237676166759,3946.210476753869,1196.0523854087664,6589.550163744108,1302.4033002968008,5134.846868458786,6120.236586853159,2531.5557993238076,6321.641795531995,3218.053463801526,3271.9829743597384,5809.8418969161285,3414.794185705633,4094.375280290022,5023.720130893041,3585.1067872834697,1417.6870964003306,5940.900718243488,5681.700152685022
5304.5609282616415,1494.8580490832564,2989.5994596126084,3059.021781358217,2657.4551266025173,1946.7291432197244,4020.788109640447,813.2955409320771,1714.0374445201014,5894.145011924716,3339.890886210806,4678.558351109133,3191.1692369764723,1996.1936715171203,1635.0369643494303,4402.287915329937,2542.6812422814623,5496.029331849767,1100.405515107953,1970.4036449519676,3974.185814416458,5299.372166539825,2171.3287526961462,1237.498206948196,5070.808537868493,4080.11500962718,999.8958798845008,4547.938305905215,2095.6121127434344,4863.484986400801,3366.6293045431953,4677.3660002247,3457.0849271245856,4084.850251733838,1261.1666436379453,486.3130641263917,2714.4999254687777,2453.1841088831875,3433.3993534297756,4082.593314710762,3263.4053926420174,1458.543595980936,1393.378939776614,1565.869086120548,3361.2426726716717,3041.561437875783,5196.288042938825,2225.1422446075217,2058.11568362155,4151.174448097429,2197.6746942502655,5542.20418986706,417.98573738825115,1812.1506781835221,1720.9456354487204,4180.381601988627,629.8359424993147,4781.570145977156,3427.0821180189137,2874.3840834550974,4918.248532119742,2852.7518095488085,3891.2635781208655,2172.9691996533224,2300.001229917062,4044.129682734346,3746.3453991419424,1130.4098127603988,1606.0224211377001,3482.0099558691672,2954.334289882917,4548.953953115485,2497.974389359507,4477.732785440083,3042.6376666849446,3370.014459620314,4069.9051534202863,4459.52946989545,2152.64099354839,0.0,1845.461680604883,4162.081529089622,1848.5872375262684,1746.4559682697413,5221.203805888543,1705.4344715974871,4047.110839668467,5179.930121338029,3699.0661993217964,4302.651821801294,1627.0792651828617,1584.5412845063395,5068.747662665898,1973.339594702341,2027.2904940548108,3755.606987505082,2983.614124959359,3385.743321967718,4284.187880573983,3647.8942144409834
6769.312966213411,1711.2383308002422,2489.941369232818,3162.280793554077,4011.37390734459,3478.8923653444645,4530.504781709097,1142.336566229498,1745.1862542319086,6817.518098923244,3997.5151342734152,5327.943706917332,1650.7892413521479,3834.943667345585,2452.2931764065247,5137.703700326149,4293.206200994893,6695.053879166171,1438.1149803089459,2237.4700770452773,5796.913457950705,7103.057201249755,4015.654405683089,626.7294371840212,5889.36297638658,5916.213224766667,2365.765280375253,5947.175700304558,3353.3032857079897,6705.417765577995,5193.455330894259,6190.649778928946,4474.180950527706,5744.421701688778,3045.185887085713,2007.5825873754234,4446.730087688368,4265.666304451158,4737.13108850969,5909.0190678082945,3312.6589268223797,2887.0440287560564,3178.337705676979,2601.320081194354,3604.5228121106406,4810.646323288587,6891.98514304986,3249.223025530873,3082.925736733858,5584.802456040858,3606.25957564136,6401.163970731652,1935.0388028453074,2477.4163036922155,1626.7248487537775,6003.230726710577,2081.3032074882794,6614.923056322651,5250.292063557036,4248.9230785761465,6751.230183807466,4662.930698548821,5239.595123874458,3894.876033871297,3262.1824877644412,4911.721680621776,5342.716800909533,2521.978987574639,1066.6348883549608,3676.7138647793904,4090.671524443511,5068.553078286544,3161.3736333842294,6268.956665166222,4749.690218096019,4849.133287902179,5876.072668770868,6273.082961321729,3136.681747790489,1845.461680604883,0.0,5611.1941303178955,2745.0525282449516,3340.0611879820403,6674.078937678368,1933.8465341308759,5708.8724992752295,6856.497896801982,5313.242106455154,5014.062504034927,3272.9346675686947,3175.506016691198,6813.847723929556,311.95564719523827,2972.191542382153,5348.960133875181,4811.580245403375,4553.131559532406,5553.69466136337,4390.385250285104
1159.1066228268216,4012.980123730742,4604.862726175993,3663.090433090753,1601.5518457386886,4670.51674344178,2852.945564654363,4923.274704358981,4095.919112326561,2559.1165625191825,2553.3959602797604,2640.8534155931484,6110.490792869097,3339.779323052348,3222.3200614538587,2343.9105478539486,2019.091897098545,1613.6175655228838,5258.358227817215,5993.9507429561845,3851.076915553363,2783.360141070501,2963.130365318408,5174.040179351626,2339.876438007999,2725.1009733105307,4697.381386380395,421.29726099869174,2263.1767332318527,3256.562216703529,2412.286260148244,625.8116260097763,1669.8782480818772,1038.6824003828124,3033.293255483881,4446.133034368742,1840.8473949149077,2423.845468896893,5865.679317420703,2523.804522200561,3753.8644630718886,2761.187287941548,3861.6214811752334,3024.780433572824,3396.890236842515,4058.5470185202985,1823.0955362399416,2461.5211542056672,5520.3562044732225,67.48154860404435,2014.0803615657944,2486.6686602370246,3843.0210708213663,5675.479135808183,4227.609339142514,2493.4296853514843,3638.5359625515594,4048.507558164243,3655.4551723740233,1363.6709135260608,4133.520808169351,2267.5207704947275,508.117229360509,4135.446789295807,5730.967210073445,1950.0117966053435,744.7233723907158,3130.7025826050613,5748.982887868949,3490.969146684771,1693.6637123788773,2931.009933604797,6151.946966317655,2186.5643527694315,4415.846946126757,5393.639113610495,2221.5511921830657,4203.2222238383965,5619.237676166759,4162.081529089622,5611.1941303178955,0.0,2947.809199004915,4478.067153486871,1067.2462056301722,5791.86411804179,1047.3709275061058,1701.1878888694218,5110.363042807233,2389.3906392452864,2551.7619332235913,2577.928450658009,2073.769880462632,5554.066309693916,2737.090141601113,728.2680904721836,2451.3077355913515,6107.2349166548365,701.5552803379074,2302.332379571855
4088.780753946707,1071.8048275950248,1966.2687294276436,1469.0156191426286,1373.0375439036616,3452.9004913162503,2174.981177190506,2353.3486398094524,1149.67373426029,4155.332521479599,1491.5459849904057,2838.6546989290546,3194.450264548816,2739.2486165826567,292.95205311791216,2576.313334422853,2270.6805616873985,3950.890034340363,2836.4063414117873,3797.0549254532784,4523.882491272514,4974.628995974072,2629.434106328204,2425.2107038583267,3278.2073080885225,4084.62732310501,2787.8751108830184,3246.03635015152,741.9578976653592,4888.828228716264,3360.638293690351,3558.2637699199595,1745.896781064963,3315.1243315491197,1652.302268378882,2314.95806474869,2336.087839852988,2506.5184207681377,4980.413112691054,3993.278414021492,1670.1322277831778,819.9202382768701,2610.450847670571,296.9440154995551,1628.8311591721226,3945.4837865440536,4468.121518467912,505.7405957998624,3846.40840841427,2911.8933171886633,1100.9479324822767,3770.3805361959153,1430.6024473685902,3660.517243251833,1280.5349308804507,4053.917986823364,1226.2011220615482,5178.463481229254,4034.509852521121,1603.5551745309542,5308.977246969984,2807.5351551410713,2530.3306479440585,3350.4785566729124,4090.9145233134604,2257.3269985188235,2842.8691585686806,844.8191103330939,3146.8244402419405,1762.5737247562158,1347.275845528672,2700.5118814224834,4335.792616710929,4138.392266716629,4114.437221975444,4760.7503466496755,3843.287679391695,5022.3819853441055,3946.210476753869,1848.5872375262684,2745.0525282449516,2947.809199004915,0.0,3220.3273282695964,3988.1753491242084,3509.611437273648,3285.844258616193,4399.540577638761,4878.1395807934805,2470.1181888575693,1342.552201869633,1185.085227855786,4503.026507717226,2643.0408701654615,227.23018343521153,2844.471506518214,3045.0795171811196,5026.139985140286,2815.5443722761675,1813.396901050898
5478.13937377692,3204.354261559729,4707.789332479205,4626.479351494503,3381.791747463022,233.65533071599353,5305.707702428866,2203.764775245534,3429.3101970582948,6712.422255980773,4599.553227136414,5814.451286089858,4865.8893899015,1192.9234976518824,3110.729452450984,5495.375769044825,2469.5791004511275,6038.916785541096,1992.8373776806275,2008.7598989797161,2666.4947593876877,4598.756203595272,1577.519491392103,2723.913987289063,6041.134728983041,3250.1887392482304,982.6902543329712,4899.161745872962,3089.8444549698615,3897.8546988276767,2712.9072859237185,4822.431373795276,4413.362949399584,3984.5950732626516,1696.8772460169298,1372.5182914864922,2657.261111548694,2113.8519333222,1762.1433918455675,3340.155018763351,4834.001694087415,2494.1912103637924,664.2317651723678,2927.638307001225,4846.295783916826,1571.2095667484975,4887.900395764628,3406.9618222105155,1109.5417091033578,4493.943774268654,2972.8392694521845,6443.561616485482,2026.1243478663887,1548.5481544931047,3451.5729189349304,3454.6354117808146,2132.4800196637248,3508.3988079214996,2158.5358111391156,3520.3428019164553,3637.3855960957726,2417.6745664280375,4398.20749636997,653.386066032174,1282.8909985096163,5063.403621814283,3841.8669640242615,2375.946489596093,2600.8841643302762,4978.296290069625,3873.8915862714844,5785.2886835441495,1755.7309811599841,3900.303091589165,1428.6191800395939,1625.9945546295658,3459.188588545586,3084.950045713706,1196.0523854087664,1746.4559682697413,3340.0611879820403,4478.067153486871,3220.3273282695964,0.0,5421.795370425003,2003.7591057315246,3946.1677005673496,4924.228169588611,1983.5829017069088,5423.133345670655,2221.869356822088,2311.4287390880127,4620.290191994871,3551.8361397177373,3319.714207594382,3856.2590398667458,2390.187236991278,1822.328997833816,4849.625068000205,4811.3743583783835
109.32596078242332,5058.432933161218,5542.608669609735,4555.962393481865,2662.70504662026,5599.75565067209,3523.060514042443,5988.049624579359,5130.205163037635,2361.277347804785,3388.844229241734,3081.7963578332037,7116.587249647826,4248.326220043842,4268.575408601798,2860.9407224409597,2955.6693959719178,1199.0839542000385,6314.443396511288,7024.865394571272,4376.036103496863,2703.402314498528,3862.2157548485043,6241.183089505146,2560.2233186136327,3142.208734901296,5717.608779670485,748.3788898098346,3322.10837223863,3447.1941350647776,3063.1024380474123,602.150461865637,2529.402613498492,1534.2556305404264,4065.8680727072297,5490.638069020121,2765.8693529494485,3317.0829983351337,6685.489865491458,2931.301098960665,4618.43291874311,3828.3014574751037,4833.6930892436685,4081.1461258035106,4233.4702380288445,4798.244482325177,1536.6784417730337,3492.2185746877303,6493.01905881586,1089.6473295603496,3081.153367161233,2485.5015461095572,4908.1723954772615,6689.948049332072,5262.8479659926525,2862.5889908165304,4704.8174627758945,4376.827559732848,4297.608404714882,2425.212017001607,4433.800100347895,3079.696156421442,1462.4913640828795,5016.900714396191,6693.886340394868,2588.7896650604894,1580.3318946920617,4197.908243843593,6812.757574569199,4308.6830542546295,2684.9778329857777,3449.437755456677,7132.861565179363,2408.7594330928946,5174.883737102216,6175.912544175557,2626.444959326199,4639.562924689889,6589.550163744108,5221.203805888543,6674.078937678368,1067.2462056301722,3988.1753491242084,5421.795370425003,0.0,6833.078247057032,1566.6964668693804,1382.1347061252745,5808.334595387047,2946.3502230449462,3602.46167034224,3636.794570167526,1952.6645097921964,6610.764998731161,3771.652061143764,1566.1942053398109,3209.745379263906,6960.461625438359,1303.8057652526322,3065.644717200772
6909.401255909588,2858.3237305613234,4153.7587944541265,4522.5497525918945,4344.314565765812,2031.4908420906063,5650.175822513224,1238.9392135278472,3025.336588852553,7599.048995869154,4992.624903395508,6347.678128469495,3580.8542769604574,2987.484694931842,3262.8182442698217,6083.82766649952,3981.520355652223,7183.926535928384,699.4794595418798,324.4522423485463,4670.145942878446,6495.987629902015,3312.2820379074,1528.0184744580156,6767.149926799982,5171.465955423665,1188.6828913049098,6191.854478826921,3800.271834457372,5867.4904086034085,4550.820563590702,6265.3967223856625,5161.236479918838,5571.760597820494,2768.57800489132,1346.7973711100717,4170.403976538124,3759.573894111938,2944.2525651942633,5232.1670206999315,4713.054991614038,3157.7333685430126,2234.716478751164,3243.0296630837347,4890.986858435013,3569.450175167038,6611.117019682075,3919.7048263890993,1279.872991118259,5787.670776107604,3882.5072449674835,7243.4950933433365,2106.8488831496675,602.1619703119748,2967.287111984447,5342.795727425482,2326.8376701284947,5511.815400047157,4159.668867383556,4552.875881132824,5640.3075977752305,4136.188602731383,5560.453624023582,2656.28769455287,1402.0928383345372,5740.25189706863,5299.958257839867,2835.823796523684,882.303156472876,4997.6753901393995,4659.6610565641995,6188.544343207859,1229.0975734436224,5736.913295020763,3380.795575057593,3181.0756353178713,5300.670615184648,5081.228913759445,1302.4033002968008,1705.4344715974871,1933.8465341308759,5791.86411804179,3509.611437273648,2003.7591057315246,6833.078247057032,0.0,5532.849518769239,6619.378090340511,3761.4380083486685,5979.36686916742,3242.273537402574,3233.372364056451,6410.406973374623,2234.631603884855,3705.131703997848,5311.247330107307,4186.6537496489955,2698.244296252657,5967.496232328093,5322.676489583507
1596.4915310624103,4276.490433951303,5149.78060716862,4309.73233919718,1948.412714317991,4107.03350252235,3746.37450812649,4853.915557792287,4407.154134340323,3573.3231241555804,3322.862508439373,3643.5002670515887,6469.358711911793,2755.051824921085,3516.1077168279417,3329.7615410107073,1551.6712695000833,2534.0625611758283,5094.263308616271,5687.473580894245,2866.948116552687,1844.2571370676592,2368.8829912093593,5193.567554566899,3384.5700723279465,1691.7955505465195,4368.325129775027,1349.8079787799447,2544.163612064484,2213.8710358193857,1498.9910641044532,983.7487045724635,2481.5242302621186,39.046170875003206,2802.5570038621872,4226.604145862018,1362.4776364990366,1836.1667845457287,5126.329363577219,1486.2021689544802,4436.01268094637,2837.1152826110188,3405.048001706437,3267.7859596861604,4125.865880272528,3231.5974240559426,1193.0517172599855,2874.151600310777,5042.437996431588,1109.671287757325,2198.8056949648826,3528.781166881562,3809.7047214588697,5312.7924162949375,4530.528536849536,1449.331074166631,3636.6320900748265,3007.043934841325,2741.745861203952,1752.5140597581526,3089.1379061330363,1545.3461628936095,1434.18649174227,3491.75267549178,5228.608285146823,2900.7655946672076,484.8482744632595,3192.393252139373,5650.105406233498,4237.520848025411,2301.765342650723,3900.148024022293,5688.956959064641,1154.3266310992747,3608.8227006623642,4610.9480397237185,1179.9961370652873,3186.36409451839,5134.846868458786,4047.110839668467,5708.8724992752295,1047.3709275061058,3285.844258616193,3946.1677005673496,1566.6964668693804,5532.849518769239,0.0,1147.7422363618932,4245.27316500187,3358.3910081638796,2447.2957136843925,2534.268906036019,1238.078636081327,5708.955428353772,3113.765224509549,490.8741144214068,1651.1235458695996,5411.089081683742,1744.5836045386304,3153.7972730741594
1328.4973732473088,5410.530246292871,6209.228227858354,5315.155476322118,3036.8173442413363,5060.168884864813,4550.387781582686,5989.836523012043,5533.572942735101,3740.2251550627266,4242.536769090517,4269.050503445702,7592.262087966801,3737.7213525382012,4640.998847802055,3998.1532650493778,2652.476494143728,2580.6489341063034,6211.089158013512,6755.272628319082,3299.2362231777224,1327.9809695262954,3364.1943348201517,6338.214738157504,3843.493158126472,2051.7310096350357,5440.7638195085265,1730.7619815748785,3661.7799534010783,2154.2888688653156,2257.8251961425185,1165.827550613297,3362.6484957552434,1112.5997262164865,3926.2222158303775,5335.960014153499,2471.2817069199136,2867.984162769383,5897.096258293654,1857.242165811449,5421.163309018646,3983.4782913320873,4438.96478492745,4399.753699799228,5078.867945823361,3957.4701343004476,154.55442669169977,3963.274871737513,6033.087446328124,1765.4593834042178,3328.5828875581574,3835.8182706047214,4953.4530929868515,6360.204545365659,5659.001493476124,1759.3320003285344,4782.89588703089,3134.484798336882,3356.4391049146116,2821.046637811045,3171.307969757747,2515.853623909985,2206.069602774355,4402.120365533069,6201.420683522527,3635.2025661797716,1556.9611688121836,4339.905192006157,6778.1468416033895,5178.36913773719,3304.1186950212614,4592.927446389938,6679.89894275153,1237.4328162167037,4343.747302291076,5342.4201619195965,1599.3448395321132,3469.6299207242555,6120.236586853159,5179.930121338029,6856.497896801982,1701.1878888694218,4399.540577638761,4924.228169588611,1382.1347061252745,6619.378090340511,1147.7422363618932,0.0,4868.670092027391,4057.862533958611,3591.976250153806,3681.512263876898,595.6695348009666,6855.970488873549,4216.088084592398,1555.0987084773758,2538.482465315449,6222.725167045384,2320.5196787172486,4003.291447325438
5829.368314685306,5091.177248819372,6579.400397375509,6343.72043788446,4566.93010352173,1834.5950340203142,6741.485795657289,4183.481039085154,5316.944361170615,7620.76036863842,6058.197558000317,7084.845066624957,6848.954002983229,2166.2794765205163,4842.934315745568,6746.177416105879,3255.859441481619,6718.231057521168,3924.146130862738,3646.7291609913946,1644.8801160455434,4036.4913878974153,2397.1867430406833,4702.7144627783855,7140.939870050791,2826.9784312229904,2947.4908359696387,5506.218987278022,4522.9471889912675,3092.0262094246546,2746.289029299356,5228.321698527837,5636.52977823492,4276.11642914748,3225.889226029003,3354.7704396666245,3381.3164929691216,2819.915951957789,1254.7947107559069,3013.0879887666742,6547.000720818656,4068.458876464158,2361.441435059527,4610.840166773189,6481.870186140571,1066.3446822721062,4775.430937827077,4919.494082799165,2518.010399916569,5150.17913099962,4279.223495068351,7450.986299517736,3920.0461643818685,3185.5864081591003,5356.777185103091,3115.548674082624,3979.46306698944,2278.3730328348342,1521.1831972520604,4616.811905355577,2365.3411621787245,2858.2559556283613,5226.012212715255,1561.8657383786224,2493.454972347606,6279.774677863053,4370.543839659431,4079.70284283059,4498.748912296395,6618.4049063324155,5132.294887540757,7150.922056630179,2946.079048577108,3641.937648931952,776.7481182243054,696.7235575355551,3274.503047484916,1765.8109737208565,2531.5557993238076,3699.0661993217964,5313.242106455154,5110.363042807233,4878.1395807934805,1983.5829017069088,5808.334595387047,3761.4380083486685,4245.27316500187,4868.670092027391,0.0,6703.7133141751365,3619.314239885368,3759.093910863361,4380.66782561609,5532.909116903421,4916.234747568508,4387.04074154982,2659.3308138890884,1665.0709911069857,5672.168124394763,6173.415893469757
3052.1817634619997,3325.7977236808915,3071.049555297016,2045.8131541687765,2137.211003402331,5653.613929450525,646.7419754801755,4812.87143740387,3268.8967452908328,1852.9083332968742,1020.0206350246053,391.36566872555426,4842.429545263514,4585.003972781812,2727.739077690716,131.5278681116673,3485.448123237527,2195.522427338195,5305.579787908762,6264.146994695606,5815.379462229185,5166.477901251586,4309.023061773631,4821.097688074158,893.2172114832988,4891.231602451575,5188.7762408679755,2340.7885800494673,2337.983319087841,5542.790594592943,4366.72464050494,2897.32981717995,1068.6242267785246,3361.8313375040098,3726.30457015325,4750.425679676506,3401.438674561692,3906.19773124774,7113.8647867224745,4715.03725815661,2009.3360014156412,2969.9233385764355,4762.3930814044525,2739.4258282176575,1602.5217530894856,5653.198602529103,4191.230883067765,2087.799243855836,6219.335926287065,2322.0293943903894,2471.367901920311,1409.0221457486045,3886.880547591088,6105.364750708101,3388.598501200754,4715.169273078645,3673.0543107514754,6206.6121520721745,5469.48248244795,2100.5218527332677,6311.142544471642,3981.542033179858,1928.0408626634448,5353.896879589669,6461.156998021484,463.9778154147029,2912.4417415677176,3205.5167163234387,5583.41734804134,1615.6282938801237,1579.2669307118415,542.8087431582138,6754.358954267236,4509.228886646252,5933.666523731511,6775.633395290804,4442.752139301606,6249.080489408341,6321.641795531995,4302.651821801294,5014.062504034927,2389.3906392452864,2470.1181888575693,5423.133345670655,2946.3502230449462,5979.36686916742,3358.3910081638796,4057.862533958611,6703.7133141751365,0.0,3210.176833429897,3111.96656285973,4463.118318053981,4831.32876316754,2276.7807955552066,2900.705853175913,4231.036875334578,7238.68469011194,1738.031394923866,656.7261191897271
3683.327409884166,2015.9209712101815,3269.2742689288098,2793.73704269031,1179.9779026651306,2449.5869095937383,3150.1344676267395,2419.0745487595045,2199.4759487152846,4528.753656876581,2453.378378051376,3601.369637704661,4210.810653925085,1453.1991266116968,1417.1667273066357,3277.9338933822323,1057.2113662735562,3972.4306481957615,2713.0681007162357,3454.310107603543,3182.8579720510625,3885.2661837733845,1293.809114972143,2746.3977717388284,3822.642564524703,2838.1840710160077,2185.295476312986,2949.5973755677232,910.5393828478813,3651.0697993725066,2097.25140904685,3051.5437572890874,2191.5090145130594,2483.9448212393922,538.8813087248432,1895.6050128484046,1187.6430737397493,1190.4438594343703,3906.7407280135703,2778.1343479977713,2987.8722726805113,548.6336243004074,1557.9886359729974,1141.1639145679294,2877.4933556387236,2637.688016252301,3621.8518999877674,1300.6388735329265,3115.441098859839,2545.9874646307667,751.5362552904548,4237.172644277785,1362.55996538868,3164.9788689078164,2300.10809527422,2854.9497381875212,1192.7700247491134,3856.1069133829783,2692.258705096707,1352.248556291335,3988.6014786200435,1534.2475129078748,2330.100372518317,2164.964266192401,3347.109769302465,2841.866271836344,2122.095807485609,808.016062375619,3231.149931006762,3014.3606461815416,1652.0326447289108,3599.0802223952996,3711.3667089335167,3040.4813180016413,2844.186520812234,3596.6412152587586,2682.193863441828,3682.4849639364443,3218.053463801526,1627.0792651828617,3272.9346675686947,2551.7619332235913,1342.552201869633,2221.869356822088,3602.46167034224,3242.273537402574,2447.2957136843925,3591.976250153806,3619.314239885368,3210.176833429897,0.0,158.0541721214599,3544.7858122449366,3296.274141061693,1325.9077198044365,2130.9075308949937,1750.5016296344882,4029.9795246136173,2754.6394476506357,2616.9314092631466
3720.6820439404655,1873.517820040685,3112.1620403496026,2638.9834794672356,1136.2856662727909,2541.655555112455,3028.662299776091,2360.1059863033693,2052.8402783991746,4477.495377156296,2328.177274518631,3503.321923745233,4074.359301790896,1594.7896378619969,1260.494093615674,3184.099029446321,1192.3479030740148,3958.9779232852507,2680.6652424323706,3456.7708740043795,3340.8683727061148,4013.3230164087217,1448.2759044463871,2664.443445270513,3748.860067942387,2985.558318427225,2210.410272416639,2967.247207657798,788.7317061320662,3798.1435843981726,2245.8730603602685,3097.5887166899674,2110.678383964028,2570.1573310918143,614.6357675404188,1888.2551759794014,1311.6445034783626,1345.4594558900685,4016.006335850206,2921.148322308883,2833.996369759496,393.34401902914476,1650.5348904285547,983.9458743655567,2730.091189970767,2786.123639611854,3716.6977755165944,1161.511579190668,3169.118519119473,2568.0656955338973,685.5657761360318,4174.106341093025,1288.8246697378972,3185.5792542082518,2155.9179276106497,2995.8652146089617,1104.5115974588045,4013.059194075886,2849.4601600085584,1327.5162062924128,4145.38630278108,1683.103174602496,2327.254818522673,2288.1636019544144,3404.1031983952835,2756.186295184707,2188.2092698325264,679.1057125735284,3179.799362288445,2866.9458668801194,1571.2541501186238,3487.2797214290113,3753.3344860501043,3167.769474989302,2985.265033146136,3719.9941913106527,2817.3921373727867,3840.53484596052,3271.9829743597384,1584.5412845063395,3175.506016691198,2577.928450658009,1185.085227855786,2311.4287390880127,3636.794570167526,3233.372364056451,2534.268906036019,3681.512263876898,3759.093910863361,3111.96656285973,158.0541721214599,0.0,3654.4441028810384,3187.320493425316,1173.46561443018,2196.072067715447,1903.1067569913148,4127.4693836684,2740.5088568194774,2507.457056721211
1908.325588516016,5464.093054714569,6385.853089132023,5545.77330213569,3183.2256035702208,4735.6129404958765,4910.530622569113,5881.952987427305,5606.801077586042,4294.708299242919,4535.138118748424,4705.084965364599,7668.844346926335,3458.584410997366,4721.132355286176,4415.6418874026685,2529.3785135801636,3143.791287928955,6054.651099122805,6521.069153931201,2775.523916144482,755.097615719981,3105.443842983157,6265.879100151311,4331.081544251158,1555.177892565349,5222.48789471541,2194.687733189621,3761.607616804283,1563.8954734345261,1908.3725317646974,1639.207931097516,3673.7274363274414,1215.5417843138914,3807.9032347088337,5172.431567072976,2368.0897047479007,2658.939631840106,5458.749498499175,1381.3109939047033,5668.9809304279715,3991.8838360498416,4190.989674803315,4463.895524102799,5350.905784708417,3523.2505861902587,452.62129379869003,4105.989130304657,5727.725376632158,2141.102191082901,3405.7505733721896,4362.652502424758,4884.962203841193,6105.436084384144,5726.803739746369,1272.1111377871043,4732.886866754899,2552.591305350114,2890.5958561324337,2990.449765339154,2584.1148534020313,2274.630802321335,2553.1071043552006,4057.773051411944,5880.381859294258,4021.951393640902,1717.7889728255327,4330.280544508403,6643.3692877722815,5459.313881862903,3534.008502128001,5004.478095664721,6369.937550166171,752.1506257339688,3906.729142238684,4891.516298075782,1176.9418583498505,2908.4255175137287,5809.8418969161285,5068.747662665898,6813.847723929556,2073.769880462632,4503.026507717226,4620.290191994871,1952.6645097921964,6410.406973374623,1238.078636081327,595.6695348009666,4380.66782561609,4463.118318053981,3544.7858122449366,3654.4441028810384,0.0,6840.424584686026,4339.152593720115,1721.6960484783601,2240.123528088574,5801.525367702015,2746.8262019640047,4336.480601866103
6708.352245821622,1580.2050716894312,2208.653696074602,2930.732458843011,3952.7892091385293,3702.325611816578,4325.953163691211,1349.6425014410297,1576.8090419924033,6652.072112549968,3821.3931087468613,5133.391221997501,1366.1645746823476,3969.0591591465345,2353.486295063772,4957.091808849216,4335.890031392632,6577.83054234274,1706.759954009936,2541.950426847069,5946.427916173289,7160.243919525717,4124.630756408263,832.6514288632428,5714.137453994259,6004.835471993966,2590.1608324275926,5876.07017823477,3290.898174445542,6802.323934880637,5273.9791629297315,6145.115884482733,4345.767498871057,5743.572354131006,3116.8711570716237,2195.368266920154,4480.865069159972,4339.477214321213,4999.765451107482,5987.000753399736,3071.450765788864,2872.867672574739,3342.8716048847887,2529.810555386312,3380.690310522542,4987.00141978133,6898.24412247008,3148.6618776129326,3357.1712092386647,5524.298959620939,3567.086557729711,6228.344237943179,1999.5570206483235,2766.59348835296,1449.99915678941,6077.718156358107,2119.1175562002218,6754.7660912543815,5399.238733210914,4190.612902189844,6891.47243200769,4732.942359496046,5163.470372264181,4083.2393186412673,3543.396826992991,4753.354406860591,5325.431821959604,2517.4494402575397,1374.8636856361434,3445.709041744529,3989.2478295841684,4859.268283529218,3459.4045502086055,6320.611752815149,4945.709438460169,5090.203370075698,5938.325822532896,6429.319866300167,3414.794185705633,1973.339594702341,311.95564719523827,5554.066309693916,2643.0408701654615,3551.8361397177373,6610.764998731161,2234.631603884855,5708.955428353772,6855.970488873549,5532.909116903421,4831.32876316754,3296.274141061693,3187.320493425316,6840.424584686026,0.0,2868.252803835987,5330.772861608436,4894.576150463388,4828.101043929486,5458.519324952967,4220.114889556918
3873.0047061805903,1293.6988668836345,2079.7042698482396,1471.2583739483016,1180.4634004716113,3553.2185038429598,2019.3364475215617,2564.4986216539482,1359.492731258244,3937.958372366321,1322.378339523527,2651.2833539250387,3387.681370793304,2760.3022862639514,520.1807586849015,2379.134142207413,2181.6635626981993,3723.661456260759,3038.709897737031,3987.615920374604,4484.700997493813,4831.644572073777,2619.511914492851,2649.089746389314,3069.693030607621,3986.433662014207,2942.147216603037,3027.8172146186434,589.1024092328937,4784.308533718221,3272.944445603988,3351.2271657255646,1521.514429471177,3141.8272772106675,1698.775050891082,2483.205247928773,2230.345853679424,2450.2765537436785,5073.207165182691,3885.536248047366,1662.815950585031,851.0792783049059,2692.761502386723,462.67930726260045,1565.8812092422597,3958.282434886374,4289.003486736284,281.23408011121273,3993.5759769119204,2699.511333397954,960.153614722665,3557.816099081149,1610.6175490925832,3835.1715524403858,1491.728067685595,3941.176800497283,1398.7196818565897,5114.230204058965,4008.943970379481,1405.2559821729988,5242.907038055986,2728.5172917254895,2311.6537779280443,3408.588831707485,4237.742983250046,2045.6788839038254,2661.810281305751,965.3804125835576,3364.0468960774015,1702.2842070127422,1121.1521847086592,2533.973434193816,4499.442088960031,4001.139872774757,4146.40942999181,4830.241582586216,3721.985717746375,4979.542595049569,4094.375280290022,2027.2904940548108,2972.191542382153,2737.090141601113,227.23018343521153,3319.714207594382,3771.652061143764,3705.131703997848,3113.765224509549,4216.088084592398,4916.234747568508,2276.7807955552066,1325.9077198044365,1173.46561443018,4339.152593720115,2868.252803835987,0.0,2662.5940794154103,2972.7102558742586,5135.4317783129,2590.3718217815754,1621.0763030237044
1626.662192857817,3860.471694589924,4678.056051863958,3824.1389424518816,1485.8447348565728,4036.4907696277464,3266.346280825871,4549.722427620062,3979.6762582695087,3282.506315982347,2832.3634511490573,3201.348622265623,6037.334207425161,2688.054934763052,3087.0785993751433,2879.8423026500946,1389.5863752847458,2331.3700536851716,4829.394576758146,5488.336158610639,3130.5068442621236,2333.3550071782906,2303.672201994025,4858.206279909592,2994.834925698744,2041.1580023765923,4173.701126511217,1120.1086244311311,2106.972107474135,2644.2392433826785,1684.7729282547245,970.505242492281,1995.8443617298917,508.2160028895197,2546.66774963127,3980.4857352168715,1199.6882504771809,1758.296095015853,5172.31642620915,1848.5755022870992,3947.925574709077,2462.3714083935424,3268.9897844285165,2849.3534978526263,3635.3890312718936,3339.775748527437,1626.8316214316717,2413.7821323429334,4927.433266373274,775.0809980085953,1779.0366352824215,3187.8145652413664,3484.6188008941517,5139.243141010746,4105.74048361133,1833.5145971210593,3298.449868419558,3370.364236762697,2927.1993912113326,1278.4397519715192,3463.0314533866135,1559.476044261341,999.9031368032604,3467.8138556665635,5127.7021558457345,2439.323111777527,16.51170763428174,2827.2721950349946,5361.163935886497,3746.745196563145,1813.033041785229,3440.0044916275906,5568.180943022685,1613.1636258315527,3701.835383496273,4687.360532900899,1558.8988635091116,3496.188933693515,5023.720130893041,3755.606987505082,5348.960133875181,728.2680904721836,2844.471506518214,3856.2590398667458,1566.1942053398109,5311.247330107307,490.8741144214068,1555.0987084773758,4387.04074154982,2900.705853175913,2130.9075308949937,2196.072067715447,1721.6960484783601,5330.772861608436,2662.5940794154103,0.0,1730.329196319012,5428.111039354298,1371.3174351819496,2669.478077319422
3245.3177865332386,3754.9391660014944,5003.643602892297,4424.127107337334,2178.66346610508,2521.7112813595454,4401.928463447014,3780.4822458798826,3945.6766735945307,4971.334164955118,3787.5195775780485,4591.197759437073,5924.398882592563,1218.4609421832115,3158.849248141164,4250.794711772023,809.2144130185768,4061.324653895327,3880.8924469622966,4285.287909054069,1595.5998491633175,2333.4237183696405,874.65148061728,4218.686769596079,4551.65660583188,1112.4613855428872,2998.2971735885358,2850.435086191755,2419.458548388048,1920.0395681092093,383.0509099976132,2613.5320226147983,3175.6675670310638,1686.5088521632485,1779.2986349238847,3002.4159147315017,838.254707010345,568.0752144161899,3476.2771935058636,1099.0034654403967,4601.711163536017,2296.297296976156,1956.2355077699617,2880.5665744219486,4411.3864548917045,1609.613282179916,2498.116526135641,2849.520369620824,3499.71973772358,2490.84948216226,2071.055384958355,4824.43275812328,2895.3895459093237,3865.690951242223,4041.8456040617134,1197.6212368065285,2796.0328088591878,2143.3593553207547,1251.2052635415182,2147.1687767394997,2270.846334561852,257.1319686561742,2586.527172159805,1869.2241265212153,3663.7418437112897,3779.616975225135,1713.8778210610576,2536.4195123086397,4489.9658368326145,4544.36296664615,2742.36111896537,4727.568710923195,4145.329407475961,1550.331137957307,1975.241347739815,2969.6116495220385,1116.278667118565,2059.891957108673,3585.1067872834697,2983.614124959359,4811.580245403375,2451.3077355913515,3045.0795171811196,2390.187236991278,3209.745379263906,4186.6537496489955,1651.1235458695996,2538.482465315449,2659.3308138890884,4231.036875334578,1750.5016296344882,1903.1067569913148,2240.123528088574,4894.576150463388,2972.7102558742586,1730.329196319012,0.0,3760.844750526403,3024.4181560260477,3795.2092336424616
7001.114027344863,4880.261898858502,6367.04803745103,6398.150192848946,5167.87002488501,1589.308160498145,7127.7937500944145,3549.3605411387834,5097.724626435798,8461.350638619817,6421.598261836768,7630.0356839617725,6194.21062616069,2782.4925837629826,4895.93286581832,7307.882668487843,4097.838209269493,7707.913405057168,3121.4333870670694,2474.1127914751582,3220.454549052975,5566.362281617322,3147.7185438663346,4020.0865245092673,7831.927616938055,4266.287712009353,2403.806780404157,6525.512887007197,4909.860472539927,4671.1571133312345,3976.6022430497114,6359.850748227115,6216.805628189207,5446.855296288033,3514.2734980425184,2919.975175325468,4268.797480326397,3683.436235339496,413.25207541765604,4423.009278695219,6605.425557799739,4315.908783378304,2477.2407845492125,4730.793623189348,6643.997638848768,2278.804360154684,6152.322180807017,5228.873604668791,1470.957556592983,6132.9890113622405,4776.893137061473,8216.429079763118,3739.3028585132015,2102.883579490315,5095.885651674004,4535.157854506058,3882.2594061748373,3928.157751880772,2932.327573750927,5287.441035865364,4021.7992557914918,3881.176712443405,6098.993465020355,1976.4233646557102,1300.072499641847,6869.516682656794,5412.385481430253,4181.880051467999,3561.75166599947,6773.891694994613,5679.037915124797,7607.09345659865,1573.3007626480698,5049.374747908694,1898.1013614675585,983.4656595779031,4636.443330542281,3417.1961437419714,1417.6870964003306,3385.743321967718,4553.131559532406,6107.2349166548365,5026.139985140286,1822.328997833816,6960.461625438359,2698.244296252657,5411.089081683742,6222.725167045384,1665.0709911069857,7238.68469011194,4029.9795246136173,4127.4693836684,5801.525367702015,4828.101043929486,5135.4317783129,5428.111039354298,3760.844750526403,0.0,6555.2654756738875,6631.850820644038
1413.0775460635562,3882.6746215556095,4250.612663059879,3254.9652557096515,1626.7394761426915,5056.99943021907,2260.144573120268,4993.22641729904,3928.2902368394316,1948.6203929062222,2085.0394804504294,1958.6687675970122,5863.498170560301,3772.949011373729,3106.118522285007,1678.1120356606107,2468.8838725499018,1218.5595974502025,5382.666023030687,6196.89622558624,4494.953533402764,3471.027628880243,3415.7155340200684,5178.702843296282,1639.9921558998385,3405.967478621016,4939.914217094159,610.8758528481875,2234.1532838343924,3956.86467739358,3036.6168325045555,1159.5652430687119,1232.452281872608,1737.8271985801698,3278.692952632496,4626.360574904749,2313.6881703300037,2900.061146878458,6343.008580515164,3208.453362860368,3314.764959618102,2830.2412073178493,4204.782470801551,2957.7296137877443,2930.0324152476537,4608.951422240205,2455.6001241350355,2309.8633541367763,5839.5044993656775,636.632120685094,2087.139674043163,1818.481516170291,3923.6957646281644,5919.509667127506,4061.582034081424,3183.6054975530496,3707.242114728548,4733.55281610346,4259.858436511006,1414.8241219335355,4821.9932773587525,2814.1449731854614,456.46149193661455,4580.031645749732,6062.229488576047,1328.4877823337326,1386.752671360326,3183.7411642782768,5820.754193643981,3006.9008627863004,1470.2430538904102,2272.4717028381224,6452.62175182189,2888.006633998614,4949.976696321004,5902.278329414582,2910.163740163773,4867.385088593361,5940.900718243488,4284.187880573983,5553.69466136337,701.5552803379074,2815.5443722761675,4849.625068000205,1303.8057652526322,5967.496232328093,1744.5836045386304,2320.5196787172486,5672.168124394763,1738.031394923866,2754.6394476506357,2740.5088568194774,2746.8262019640047,5458.519324952967,2590.3718217815754,1371.3174351819496,3024.4181560260477,6555.2654756738875,0.0,1768.3087584256882
3174.873858392488,2690.340780818854,2601.7960782697787,1568.6626172992073,1630.4867493193558,5043.379180434583,613.33855473955,4157.902137702137,2647.5072933635142,2432.2765069426214,406.65600254023036,1031.7489299364456,4330.037380705737,4028.3101619613403,2072.4184486481004,765.5893809634512,3014.738462003296,2547.4248061862395,4649.060743223732,5607.876511771635,5390.651123623657,4996.316207279619,3777.324110563059,4176.106245554583,1500.0377928465666,4559.690995415041,4542.7966061660745,2371.2751509363056,1722.0133291682153,5262.77743710771,3974.4186733414235,2885.412044893762,674.5807075569239,3164.603726688383,3118.179265057896,4098.580078903913,2956.975142704112,3416.227381625673,6522.519061461147,4399.135348484405,1587.6217115726904,2336.700081594769,4154.985847820062,2083.566551308597,1185.023959140489,5137.631437927891,4122.52223948119,1440.768974773194,5579.703528503733,2238.7646608013533,1900.147691886081,2010.778864596503,3231.6138412186565,5452.872107227621,2771.1516952303423,4413.930512550577,3018.615008468619,5847.838228223828,5008.227072880083,1651.0768114718346,5959.960815003568,3539.8733562459556,1797.9414125343462,4777.704453830731,5822.356584438641,565.8480250252715,2678.386085985365,2557.398600289951,4932.6556495998175,1247.5200016432602,1057.9758411693533,983.1202884413485,6106.928609957709,4274.572616595138,5398.452611060507,6206.7956420299515,4148.491551922097,5844.951091636782,5681.700152685022,3647.8942144409834,4390.385250285104,2302.332379571855,1813.396901050898,4811.3743583783835,3065.644717200772,5322.676489583507,3153.7972730741594,4003.291447325438,6173.415893469757,656.7261191897271,2616.9314092631466,2507.457056721211,4336.480601866103,4220.114889556918,1621.0763030237044,2669.478077319422,3795.2092336424616,6631.850820644038,1768.3087584256882,0.0
