1,100,3
101,167,121,17,116,119,137,32,67,64,104,73,34,137,102,116,144,137,4,168,143,32,123,133,39,73,125,147,83,32,3,3,191,196,194,172,29,10,111,37,199,162,62,18,87,70,24,118,90,83,183,43,45,109,127,66,30,186,51,13,63,9,165,47,83,61,89,144,119,27,33,64,115,54,8,138,135,67,152,36,137,135,167,104,57,112,83,15,162,67,17,115,5,149,182,113,95,144,103,178
distances
0.0,2800.9179777983504,5858.126547591218,5758.2387362751815,3501.55758350666,6134.1632452328,4492.685497423674,4142.588279577516,2233.5059888283263,4571.753695208109,3325.6854512441487,1958.6025848594195,4046.602099201378,2460.844012777933,4426.540014770227,5993.37607631959,2448.780150864712,5093.733339330986,2404.962316120567,4709.5425213947265,6186.3891398020705,290.6162906118649,2846.9443282531893,3013.2320156177816,3759.4663141819747,5134.263764658864,5824.244756180238,5926.203578656745,3154.2074448840553,2993.4631450712736,5414.1570101772995,5355.049773460654,3685.1345205548473,2776.20989415606,2412.016786074467,5025.189130667721,1412.6065346542894,5205.525193938553,3405.3804381449067,2843.4968360096696,3242.5795033240124,6814.230917667819,1566.39328652928,5374.89108218548,1711.0130844432485,2676.053985689564,1146.797425313207,5471.47721592332,3851.3600535085006,467.0249227450288,2726.7491801991987,4091.7103654706552,5354.53001174781,1962.7162480832528,4111.058387725113,3405.192318012156,5215.42917441029,2773.6871047306327,4567.644325855506,3256.083513171,3430.2286926006846,855.3277780576288,3890.0585786947986,3996.4486425056184,1982.1416661782778,5458.967129927877,3668.2225359055033,4673.610967508528,5013.807946159287,1502.338269370783,2944.9902823413527,3989.8915537685984,3735.8110995960437,4544.260975717174,3152.515503553631,1576.2295235926144,2816.0635059090905,4842.5675412430755,3168.935670896619,6957.278363397716,3684.6297638146766,5574.41953569634,4931.863955719988,4587.831928105694,1662.8996555790732,5190.4667904004555,4199.492132880475,5355.783258515976,3574.706659916307,5437.00132774685,5622.806791790734,1135.8365485918293,6432.378150680276,4699.780776453408,2197.249237184075,2750.6697800906604,5223.438479499879,4518.739272055869,2530.172534438116,1903.9144552077441
2800.9179777983504,0.0,5584.7482685959085,3920.1800901348906,6230.095547864816,4019.1883956964493,2513.1724083995905,2990.1090130236053,2318.693530876817,3687.457193461776,5905.910058606124,4695.464551545459,1852.327070482154,3668.094975981538,2746.993533431049,6409.822658483618,890.3656455215463,4140.696570583505,791.6687128148999,2372.4446698123434,6640.630351634172,3058.811502989519,4422.775286831674,5694.259348429609,4349.370897411832,4082.552729803376,3773.2355590380253,4078.200526338301,5638.9641982647845,3649.5749791462017,4873.991643087009,6429.363935105012,2851.1115640747903,1589.852730955921,1112.0435149907578,2833.586235441759,1671.19290899465,5691.225041506705,5848.514426432922,5572.4076854710665,1770.7235490603834,7398.186302025788,3695.3096491225197,5154.7079775111415,3639.2933745047267,1266.3944451034993,2796.2762811498083,4964.6355986648205,2301.5581826321486,3250.2312426996637,4244.336596378403,5676.4792305253795,3948.4561898385045,1207.9149082911429,3382.471877706155,2832.5747464949627,4389.503790848801,5327.500540368344,5753.239435714283,5824.76602617633,1715.254523978584,2053.496643865044,3103.0813711981514,2454.4331535189544,1792.8402860360993,6482.23747918456,2274.3910885661244,6384.232330644774,6443.408435285784,4140.685815954888,4352.126726352646,2008.0359384054857,5216.949834872193,2309.308557920314,3853.1463962429457,3997.7956071441427,2739.5400817087893,5497.479106669256,2263.37718284536,7547.772201923691,2759.667945935706,3852.134430258762,3819.783763383472,5199.158591083754,4300.902560442052,4520.545093521798,6130.403183177515,6498.452312712158,5950.054859170965,5257.14809861478,5757.020551112354,3595.706108446156,7117.576030477301,2395.0872373817615,1902.432006590512,521.5243301112611,3408.969958725069,4598.066974528536,5095.676471945703,2121.1042679889642
5858.126547591218,5584.7482685959085,0.0,3309.5792666635134,6931.14386566431,4014.462116867215,3772.79228148304,2689.7964016586834,7341.209699389126,1980.3376913859918,6136.357105693246,6190.125111726337,4282.500627930835,3592.150433928401,3289.4630261507727,1548.3526694409773,4780.024452833897,1714.6685837831753,6161.229844945326,4432.007807605036,1727.526855018468,6078.274793024251,3785.342113321067,6408.009449558342,2289.031453248295,1865.7365193536841,3804.165039226348,3342.927640381856,5729.034124432581,2917.0432702119797,793.0925060375997,2828.2365825598818,2733.6390937795722,7047.408747983971,6473.284005828263,4098.124706195263,6202.975048526392,1540.1733501602992,5694.415733122495,6565.622161733799,3828.09574481334,2415.154912987777,4810.238506236983,483.6039881431913,4551.94708672948,6733.628507336739,4723.465617367188,694.3305390266227,3435.245455353664,5896.586649787485,3747.3923600351754,3714.8302548037104,2448.3712856021248,6237.728120040902,2204.9810156157805,2794.106005582823,1419.7859662417434,5810.173326669351,2926.6640689660644,6060.772255852302,3947.7824380429074,5993.08438055414,2482.586082587671,3326.093670195715,6797.121438464447,2742.2364535265738,3375.6980572805974,4139.8468856170275,3560.95864887266,5693.880668538199,3538.3202465853765,3968.017333732931,3495.126531130454,4237.177503129295,2806.655496706534,5233.080632439175,7933.635030461257,1894.3609760491793,3333.9833345021393,2533.1942352857586,2827.3970802294466,3059.858199655664,2081.9752407118103,1881.1474620382633,5729.742147594776,1173.4224212588576,4544.403854479925,2988.0394060341637,5549.7473918019905,428.95552973472667,831.1700479595014,6951.94125146926,2394.0108077993295,4362.5134250269075,7017.812212022562,5063.647304537018,3289.1733328033965,1369.752500128764,5762.0575450625265,4142.039979681993
5758.2387362751815,3920.1800901348906,3309.5792666635134,0.0,8284.0632491432,721.2976143985235,1409.7225138973272,1781.5524673960626,6204.747317066828,1881.5875544552796,7638.992172428572,7031.608423937869,2071.206800961459,4614.229326543816,1333.2039689237354,4789.257671877344,3543.308762778796,1728.263316171468,4701.048848718337,1716.9905246497433,4995.874013537271,6045.757531576419,5270.387002638136,7695.429508566497,4035.800061593364,1555.0630929209913,500.91422914207646,168.56451491343014,7248.421413739269,3994.1906590947806,2573.3634199514067,5722.930615575642,2304.0080005644504,5494.4614139980995,5029.344296632017,1213.2690697306186,5303.6424750482565,4453.682347509866,7334.745709664378,7726.467836415357,2536.6085692966108,5718.5918764577,5565.781154784295,3173.985519694285,5344.815711051971,5176.984686775208,4943.8224091410275,2660.2915962886473,1908.8020860343274,6041.689498845252,5128.949222045486,5950.164880098702,907.1329272030637,5028.270485749349,2205.457071586069,2651.4793730770375,1973.7334140055484,7136.046675195236,5453.352235682195,7550.785992880211,2400.2842403209247,5407.917892174862,2233.15074543771,1761.7901313519155,5650.405311807287,5686.442796820258,2091.3154175315112,6594.021795100468,6232.736827722634,6416.602618259915,5042.351394326757,1933.590154826508,5543.946049158938,1669.483547573321,4070.26581063817,6034.284025113916,6658.749028587651,4585.751437627752,2636.314899378486,5840.494604198004,2242.88299986981,282.6351964794897,1471.2354136201313,4379.117199793812,6528.718277562067,2257.400133926194,6737.128735166413,5864.952420644177,7295.308667230606,3280.1730937700527,3993.0304309789576,6857.10890264556,5652.885522464169,1662.9490631985695,5796.437702486761,3522.6018132244244,540.6563086064934,3410.088186367033,6982.630078205275,3914.110250089156
3501.55758350666,6230.095547864816,6931.14386566431,8284.0632491432,0.0,8838.14341558735,7317.986257222543,6502.658697640527,5469.581708479817,6592.769086829903,819.7713551716724,1544.7599476750427,7072.998618407047,3697.4248407479495,7071.924102934434,6229.023549511512,5676.814812245509,7024.638864461646,5905.356528614425,7730.205996781716,6319.70445238209,3307.395695491243,3197.4240685254745,589.718879556183,4713.313029602851,7139.157534208781,8510.427382430098,8436.979427181805,1209.8750418803593,4383.5180916069,6879.703808977898,4906.11174031432,5980.058353995553,6220.250076515977,5906.682589594264,7911.443176402142,4900.180537347273,5611.254204831573,1309.5441861552436,659.6510989136606,6099.507243786993,6618.897409534386,2768.7172468435633,6528.282995374817,2959.9662021389704,6158.408625661179,3579.70050860711,6888.559973508324,6558.561167793436,3034.5463363507897,3284.647357519221,3431.9126833614228,7603.091737215657,5461.382840636701,6161.323866056872,5632.64801977134,7002.452773333427,1163.7732702292146,4291.3915528253765,883.2168387123289,6349.103023495523,4351.74305771492,6069.3374600733805,6658.916499507409,5390.136541833889,5047.064107085029,6337.35196888164,3462.421218587507,4143.481359244784,2095.0226600504825,3451.5039198662375,6911.061291414583,3487.7426922690265,7520.668685368676,4376.881524469791,2335.9167665312902,5924.526081004792,5177.385657569851,5734.683699407493,6720.365484890907,6044.229746163691,8035.918569720328,7037.9814603720715,5088.925826418086,1938.8995354777926,6841.793648888645,2808.4486061233165,4804.1510841264135,1529.709875666951,6529.070297104328,6309.842820608213,3308.621917204805,6196.025004483116,7700.672756414208,5569.324559192524,6066.308033259522,7812.039255445981,5660.719641081424,1301.5192078874597,4600.459301122444
6134.1632452328,4019.1883956964493,4014.462116867215,721.2976143985235,8838.14341558735,0.0,1644.364720848754,2375.2582602087714,6336.911716753912,2576.0719604875176,8221.274413797048,7531.8272827898145,2198.5936752392427,5207.042843827003,1772.3065685442236,5505.958683221751,3795.860661638675,2449.104574395508,4810.85678067691,1658.5991846886939,5710.693938650889,6424.484259123996,5893.844098108128,8248.430929811137,4716.101925991211,2275.864593893056,327.7809794268118,672.1268998909361,7838.217408620725,4619.4262095780905,3289.557725531656,6440.717104001697,2885.425705152361,5541.021239100695,5126.991145369572,1187.1769894914573,5528.463602101492,5174.628923404074,7938.069970373467,8261.306110873511,2894.3400755854523,6427.591795509808,6090.459646155864,3892.775066685719,5881.916894156616,5235.903413822681,5409.355519241087,3374.9697832005845,2320.241032565798,6452.99544244764,5745.190350456283,6629.658696565684,1628.1480167850218,5189.0515933246415,2863.0513655084856,3230.3364147642583,2694.4402694483692,7702.865822247329,6156.7208549724755,8132.645381374071,2706.984014590777,5699.328326950818,2853.6770978090713,2198.2825893160325,5800.007472961135,6405.6505474395035,2530.351298308202,7284.169137194235,6939.018632971164,6912.617585405185,5673.597126047108,2164.5310831293227,6214.033849626023,1713.083897602508,4710.481042400341,6551.917222516171,6741.484505272114,5302.1389617236555,3118.853767294645,6547.495727254887,2807.2908421387338,998.511539143139,2181.7880087150997,5091.098250188558,7033.552620285855,2978.134053944685,7404.96595004312,6581.812022686838,7911.446208980063,3998.164711469502,4710.927337762387,7200.112032469079,6369.397184232273,1628.0521534920188,5921.306724220001,3691.5325833606016,1041.1206230427867,4122.413324878645,7538.062639501612,4359.709793759443
4492.685497423674,2513.1724083995905,3772.79228148304,1409.7225138973272,7317.986257222543,1644.364720848754,0.0,1237.6369409717856,4795.884466042213,1836.9638848627374,6751.048505517495,5954.010410158265,678.6478666068289,3801.148881188686,493.1188312780199,5025.375355476344,2165.9821136002024,2073.363609596976,3291.702258836452,677.4274047910961,5253.984206924494,4783.197946962263,4548.39437418085,6729.997837566145,3630.7765391125354,1945.9926585154428,1344.5198722703954,1570.940896344926,6385.454075714662,3319.278876085738,2980.7349478007936,5613.45934353354,1599.0991991999742,4093.7376255706713,3620.603986206997,599.111325750065,3917.251825237305,4493.40417912856,6512.574676867898,6718.180711315825,1262.8388194603458,6024.193435809063,4550.584104093123,3467.425443810725,4361.4153955761885,3774.121324403337,3814.206866447073,3079.7995694124315,773.452534322566,4820.7586143761655,4383.504270562081,5474.0216331192005,1570.9883756428624,3621.9168783925725,1851.5204862620346,1893.8350704969007,2368.148278190578,6209.686326540657,5165.366752906612,6662.318467140774,1063.1043881736168,4061.273719544153,1695.5453869112443,716.6625704318596,4243.044011650245,5611.749688935528,997.0288152034527,6173.011899552519,5952.410570814567,5334.041523686988,4356.120702755836,532.1572692963988,5023.956691128816,465.0541762515418,3454.7981284580146,4999.0157485061,5250.147223339552,4490.67603592065,1598.9973065055485,6162.948548782555,1486.9928458119766,1345.55047437768,1701.807064979165,4226.96217882027,5463.065357713562,2599.4064131337755,6181.017368972361,5733.094247836939,6515.951522493165,3582.008464446169,4246.310760186188,5555.821152706951,5861.030162968452,610.2365768404903,4386.96274466025,2114.870427564062,897.7633006138087,3323.7750844347156,6028.1064963321605,2759.670907263038
4142.588279577516,2990.1090130236053,2689.7964016586834,1781.5524673960626,6502.658697640527,2375.2582602087714,1237.6369409717856,0.0,5023.575128827775,715.7874795356513,5860.601886676828,5270.140211244953,1613.8825035757711,2838.1618918905947,766.321481145478,3823.5160789525917,2298.0763052105126,1152.4898503262407,3660.1063200526014,1908.9789590982919,4054.839823211023,4420.7654206340785,3519.100096005512,5914.169898295533,2433.460252147958,1111.3993890091897,2051.055699374349,1934.7275182849392,5472.539855109782,2246.3260805424043,1927.0463956700683,4377.9595058257455,522.8499318848573,4538.9113985973545,3989.781137894157,1754.2649080911358,3972.498671183793,3262.209104646727,5565.983292552449,5948.4763080992425,1229.8002725686797,4829.331036230692,3794.56416924645,2322.7360722432504,3568.723698355618,4214.991749991688,3224.544002305132,2023.0916529561878,745.6217131012212,4372.57188344114,3369.937074394417,4319.120336839089,1212.447479141674,3848.0630791816548,613.9687162730692,870.0145320361038,1401.0559981546062,5354.70758525057,3951.855540773347,5772.245644702329,1287.558871104541,3943.274735233395,492.4595768690061,642.5766707031928,4458.017556795061,4374.6803030925585,716.3989072911819,5001.783684231556,4741.1589093900875,4659.722229816387,3301.2864928042827,1293.3044995858475,3884.2333592558525,1680.6173701009398,2346.669252102861,4265.427043854109,5564.211671946529,3253.1270672585174,983.2204080316884,4971.264383960383,474.6940282434572,1536.3419134476544,859.0553291965541,2990.8799656798333,4765.774889861668,1555.275224535195,5065.166180740372,4499.402048871939,5536.401449226113,2435.3493272896194,3061.719726627668,5271.371990414639,4645.80579000242,1843.9291151722718,4649.538365810632,2482.702532634347,1334.1453268175096,2088.755311759853,5201.291842158061,2243.4908828885395
2233.5059888283263,2318.693530876817,7341.209699389126,6204.747317066828,5469.581708479817,6336.911716753912,4795.884466042213,5023.575128827775,0.0,5649.010259707889,5457.019097594308,4006.661539033463,4155.649628511166,4433.326835789687,4960.4576100793365,7814.354195690133,2737.176434241132,6153.256378899225,1527.774872819945,4690.685417647724,8028.232211958309,2291.08364912698,4975.555243403996,5070.967981261565,5568.51159219562,6132.616870356814,6085.855969530087,6366.799193368046,5337.842923859224,4774.380039235251,6734.422486009027,7410.283916504212,4728.648821808298,1031.6001686283305,1225.9457585313473,5150.390106324084,1153.38688121896,7033.674744752206,5597.984794197998,4844.31474503185,3822.4898601368454,8722.274429792724,3772.0764942233072,6869.843226494255,3875.6238929849733,1216.5641345186043,3112.7208088887446,6812.853796953227,4443.498387087026,2624.377968680007,4831.734717797843,6260.805280791282,6121.589016914481,1186.8015681090078,5253.726987534564,4576.264686114321,6358.815716488251,4938.132395133305,6639.230417971348,5396.736111615983,3866.8561081427633,1541.2786334044206,4980.516915809944,4604.759656258837,566.1784285293811,7499.7926598770055,4351.093999703638,6876.333957942706,7163.548649704977,3680.037342576295,5026.108582286001,4272.1045871422675,5870.432555478429,4625.110434852989,4968.022578763707,3808.276364791426,621.7894102869553,6729.399601980923,4106.487575386172,8870.451338608313,4672.046427548104,6111.265094512346,5882.602101790159,6447.039991191772,3830.9236832807046,6426.554225941146,6425.962750443003,7432.5426604179,5782.993751983655,6955.439314801115,7304.794881135268,2193.440842300745,8372.671945305452,4713.7807424169605,417.341374208213,2682.5922984851795,5679.389795632977,6129.9189718501175,4697.316347436374,3235.542447160445
4571.753695208109,3687.457193461776,1980.3376913859918,1881.5875544552796,6592.769086829903,2576.0719604875176,1836.9638848627374,715.7874795356513,5649.010259707889,0.0,5896.471703028175,5478.528710074356,2304.502079365519,2897.123496794708,1344.0986720568544,3192.123578992048,2954.79997295553,524.2350638835599,4332.835860140215,2512.2289791696935,3419.423996380969,4836.81442891269,3471.0741866589374,6012.390864117619,2157.948582621004,573.3212624855283,2280.09797910967,1998.0983332891803,5494.51976876278,2215.597604169358,1211.4559286763179,3906.2448571652544,928.1726884087896,5216.966346882161,4658.7869479395595,2257.3918155260512,4563.729369475035,2702.618042805901,5554.450888479347,6082.346040724911,1917.4707315341216,4188.0464464417055,3990.678868481026,1636.3644656738302,3745.3109813772476,4894.8681506485955,3557.091548332429,1307.8336974436006,1459.938546686127,4745.730516108137,3346.317237077501,4070.8510869464385,1042.145986879478,4488.065948966548,466.5439233191232,1167.0689064224098,712.2035008935295,5430.192652627345,3581.7868109948977,5809.856916493297,1998.3917066531278,4476.430002812733,690.7011713975878,1346.0624847665877,5086.597503653007,3884.900154391873,1423.9167420899298,4712.587397386811,4366.085739793139,4888.28675979724,3230.6371662283586,1988.4035916385285,3671.736919207584,2300.0920615586238,2255.2084935431135,4462.727726000994,6206.898486829795,2764.3847645568444,1543.737280094641,4326.298883865631,976.9672022427364,1600.2971885759223,449.55308665050904,2533.1736775138415,4975.807117645137,840.1901802740854,4865.163770537638,4040.208908028024,5492.416617538131,1750.572758799245,2409.584546001447,5707.574427167113,4035.085401545796,2443.831321511368,5287.8708301668075,3174.023453360262,1599.6077364707264,1573.431680512694,5303.32689196508,2678.099433047249
3325.6854512441487,5905.910058606124,6136.357105693246,7638.992172428572,819.7713551716724,8221.274413797048,6751.048505517495,5860.601886676828,5457.019097594308,5896.471703028175,0.0,1464.9694110175133,6563.483396290418,3025.2707018982614,6470.25372047596,5409.484378257598,5268.500424801159,6308.275685235467,5677.743722054827,7207.182541441835,5500.002535139961,3189.2176433856002,2449.2108550098333,524.9322625225091,3947.27833635785,6430.427605204027,7893.821063561551,7787.169321929311,410.8649897873999,3680.9793366962817,6115.234230543667,4092.031126600334,5341.361613001688,6100.825568750593,5724.6021263651155,7349.210947439187,4735.972244705938,4796.790336643035,495.0902543344997,831.33520403866,5569.623064493503,5806.174302590734,2267.8665990584627,5742.9666398950985,2411.105900586077,5997.456547941135,3146.800826448665,6119.670302754635,5981.631956187208,2874.4877880283298,2555.438705239083,2612.4467730870615,6921.4586169726535,5271.126331690884,5479.280424368331,4994.305722068083,6269.126465842669,578.7225981590834,3471.6202604042105,88.79515345445364,5827.370262694486,4176.685854604102,5409.225419534482,6070.016420178449,5293.850643561545,4232.7727904722215,5758.20028697092,2671.484874758792,3340.8914703685,1825.4023539113234,2701.2150449521787,6376.167830780883,2674.519416823142,6988.621425365735,3653.6782716907355,1909.2851694647393,5968.05235225513,4363.817747153288,5153.706688752281,5909.648009709968,5414.625859566845,7382.70621649487,6344.871651484291,4282.967643147097,1663.4869601232224,6096.070942154217,2012.5842034170892,3993.1164144909426,732.520476899451,5739.489312577034,5500.512205780204,3407.1261087937432,5382.692255979344,7172.442614844401,5495.480667472591,5682.167240152739,7185.689099129811,4887.70172319312,812.4432199754024,4104.95665742429
1958.6025848594195,4695.464551545459,6190.125111726337,7031.608423937869,1544.7599476750427,7531.8272827898145,5954.010410158265,5270.140211244953,4006.661539033463,5478.528710074356,1464.9694110175133,0.0,5645.8147875955865,2651.3681999746846,5760.362922558612,5818.88485296023,4181.427591173258,5955.649518141408,4361.0024648800645,6311.3641437914985,5959.411799101065,1776.9716549593581,2448.8032206686185,1069.5584165037455,3901.101209238873,6046.596232152847,7206.536419098776,7191.810784148453,1436.851464692158,3367.842450464985,5980.820126057796,4748.43181655007,4752.1562680056095,4700.597069108988,4367.990905152734,6535.78212791499,3363.3687886679927,5095.542344120889,1706.1796265510845,885.5107953520387,4705.140856789837,6420.630652273498,1488.1535227421928,5739.926925150963,1734.6237316288505,4625.00704345334,2144.262561675925,6008.813598078243,5217.635387570983,1491.9668729958448,2453.929108060174,3253.0305444631163,6434.943748573564,3920.561851429461,5021.980052188678,4412.8376109878545,5985.583047452604,1020.0689114099106,4002.857819303853,1414.3830042085488,4942.231066387427,2811.309293375064,4882.755259895072,5333.813896774146,3878.2254150652457,4879.78769488233,5002.998669723289,3595.6824673346778,4147.931655690098,620.0844386839582,2677.5982432398255,5512.414011739321,3095.687320127309,6113.082976495575,3424.162689007051,1015.8199890064178,4506.449433183179,4667.470022975294,4414.158225498153,6544.939071902808,4797.731397183986,6801.792841775247,5906.691525682715,4499.076456099408,504.8238958379443,5870.634104037485,2975.7241302743437,4691.025451896206,1937.6629697622852,5765.5281167023195,5705.789504183448,1946.8162573712493,6000.963216479917,6287.515948392099,4068.9193596344467,4554.896910975044,6531.455232991342,4836.837274777186,817.8779192990846,3196.4198075423383
4046.602099201378,1852.327070482154,4282.500627930835,2071.206800961459,7072.998618407047,2198.5936752392427,678.6478666068289,1613.8825035757711,4155.649628511166,2304.502079365519,6563.483396290418,5645.8147875955865,0.0,3728.798886557439,1041.5998986083862,5428.493278357172,1626.4406977772044,2630.0357958630525,2638.755208345215,668.4471936450925,5660.830170252593,4336.06065239798,4507.417940303518,6491.643621249167,3801.404088367876,2523.5337559751406,1932.7624439697709,2227.304886002139,6218.699082853342,3356.894143876002,3501.350296722823,5863.182379966872,1800.6837878017336,3423.381263352506,2963.8737431658583,1018.0188942313403,3332.4318974714247,4833.108250765754,6369.774037764683,6450.651388985921,1005.5210254917597,6436.277480979592,4313.497062762996,3933.649453453625,4152.537739415381,3105.8139623721827,3506.353365894829,3599.7651854826586,903.8232418454394,4411.779538634269,4333.218385503551,5548.445133096027,2223.103611927478,2995.0392773726685,2195.5638159384025,2010.3344897787536,2916.7480322059014,6004.116083169612,5342.0482711758605,6475.520145923801,741.2471312619023,3531.9267058774026,1974.8873263419362,972.6040905568926,3610.570099707386,5876.906607746801,1061.8665297465593,6262.6366675097,6116.218660081162,5030.956672804587,4342.70124170291,321.7612730037598,5085.551559656828,503.40523363290555,3520.242413302953,4737.313124027374,4591.822190278059,4773.96472988249,1548.8609566652515,6579.395554746728,1679.705734271929,2022.968665972857,2265.350746165591,4493.54918068079,5170.689199315697,3120.3126606224896,6198.727816715943,5970.438561268426,6399.475929385233,4046.854367692764,4674.020096291093,5062.994768019813,6238.553745939519,653.539797306943,3742.9680796337284,1493.1854059442849,1573.657783213682,3656.0500181847897,5806.214821839783,2472.715151598339
2460.844012777933,3668.094975981538,3592.150433928401,4614.229326543816,3697.4248407479495,5207.042843827003,3801.148881188686,2838.1618918905947,4433.326835789687,2897.123496794708,3025.2707018982614,2651.3681999746846,3728.798886557439,0.0,3476.43975668571,3537.2475898253156,2822.4386447442926,3343.2738990523944,3816.7319106750215,4327.190031937585,3726.917849756552,2620.9317796314344,789.10181112072,3115.5270728538057,1343.7098813315322,3449.792408465472,4880.474082882113,4761.934744508475,2634.5785468960685,717.0054377318208,3331.142977232439,2978.0249188027287,2321.963846024309,4566.736593564928,4022.395008159691,4398.849730862376,3318.239588824321,2751.804142467265,2731.910799734318,3189.590871730417,2727.0123601571736,4357.157169580299,1218.8210006612953,3125.4606465799566,959.9956202738639,4328.143142421471,1347.5346904751652,3361.7287814719675,3028.339174909574,2381.180933402584,609.969280165813,2009.1771627183605,3906.5355896037863,3624.4086308396577,2464.1449593175316,1976.770509392023,3348.9793314269646,2536.8835331201153,2215.52471615033,2937.233343063673,2992.4600074487207,2899.7309625884263,2384.0363705635864,3096.765368393285,3993.9885608830928,3066.468777620604,2805.6755298252147,2716.533154745769,2817.659674836725,2113.7086643227353,684.0615263848714,3492.2871365958727,1554.0144660742385,4095.686012526473,786.7566839201305,1656.6338787414682,5054.416782620325,2381.853914130336,2213.999378341828,4501.349932391505,2401.2399525715873,4357.4423035322,3341.063943370884,2131.2635547376585,2166.339070644298,3222.2452464896273,2514.0093686714854,3006.058789020102,2718.35663281053,3163.351164472576,3224.1304326495538,3455.310861250547,3981.936023993354,4283.082264295188,4236.577431851446,3266.8360752742096,4168.031919132218,2223.074090608993,2406.2464728285836,1547.34953664387
4426.540014770227,2746.993533431049,3289.4630261507727,1333.2039689237354,7071.924102934434,1772.3065685442236,493.1188312780199,766.321481145478,4960.4576100793365,1344.0986720568544,6470.25372047596,5760.362922558612,1041.5998986083862,3476.43975668571,0.0,4532.403971720306,2248.261772315893,1603.1357300771508,3495.803208915799,1169.9236454422996,4760.917431523571,4714.592245069026,4197.819303237932,6482.268865473724,3191.865324567595,1487.3047844194543,1446.2876636744854,1501.624057389199,6093.65668913174,2942.7189815396914,2499.165093236139,5142.063683287577,1190.766399988259,4336.471454573177,3829.214652730374,990.16714649649,4006.1140003412283,4006.168685500524,6205.736966214569,6490.51777065505,1207.5945958909385,5531.076376286445,4319.112448057123,2976.259507456465,4113.239358297788,4012.2305634568156,3644.3995122023875,2598.222175245604,575.6523164037472,4717.826693424103,4039.5032067779075,5062.301158258564,1207.8552082969215,3774.476541623222,1375.401696063008,1515.5589573239968,1895.122603785834,5943.262597839422,4716.252556877123,6381.48299794413,1098.956921387276,4083.2435734882383,1245.7379708530202,433.27710614917083,4398.07206780903,5136.712550958346,767.0134751469494,5752.366926150139,5505.203058312019,5141.494999848391,3992.925812255093,769.1480522968252,4620.032657939227,956.171841218931,3062.6563082095904,4779.761683904439,5450.923139410149,4013.7989411754293,1346.6176970547351,5669.867906080705,1090.987692981456,1174.9029200121176,1233.6814877268766,3754.7625675794734,5261.542690678181,2117.1136219985924,5791.325553615942,5264.589175368007,6193.85325728274,3090.7933540638073,3753.257368539759,5523.91871536222,5368.993549848706,1102.1536706943366,4561.801626791327,2293.1878178557463,796.9522426507126,2840.131411789602,5773.4673617805265,2601.011369587799
5993.37607631959,6409.822658483618,1548.3526694409773,4789.257671877344,6229.023549511512,5505.958683221751,5025.375355476344,3823.5160789525917,7814.354195690133,3192.123578992048,5409.484378257598,5818.88485296023,5428.493278357172,3537.2475898253156,4532.403971720306,0.0,5537.516734972907,3096.845980651282,6856.183577501407,5702.255196983471,233.64786158875913,6158.011771363627,3392.4786534274613,5778.476163975412,2255.7579325718884,3265.704547727029,5271.8086479766125,4839.971375839737,5027.791853196191,3049.610525250069,2216.401004158769,1504.755867352907,3680.7640809751724,7715.499934001036,7136.762089588597,5438.314833072559,6662.393041660932,789.0370789493991,4926.492519667517,5992.252904990659,4764.507842384248,1008.8493243790174,4653.479914244393,1619.1554819229063,4417.887800006696,7424.006609664691,4858.604666514554,2131.964938145091,4530.141008828424,5909.856721397313,3430.4934174093673,2805.1826501053365,3896.153419111214,6824.411100703855,3233.4181805242883,3601.5683198091633,2824.6610786021747,5211.221389933937,1940.9156201195356,5347.136511497719,4944.884435231323,6336.098233799174,3469.0028973756994,4457.716805456017,7312.522818488843,1382.7832152890055,4411.6021551478325,3008.2423605939734,2332.672737564788,5436.4282375905605,3193.850944447001,5106.754107558539,2772.116816923306,5485.48317941984,2866.000091772853,4990.214772489958,8431.561681132447,1171.1349047727165,4179.535223519118,1154.2787497628117,3796.184475852695,4525.045226112663,3432.0237212341644,1406.0778461102357,5427.852470528745,2544.067453478779,3548.6561128473695,1658.5027381828468,4733.242192578993,1510.314081392675,799.1465216592012,6982.394356660829,863.6516358955154,5634.253882321332,7549.030616189207,5897.570900211036,4693.350088220567,1819.8896982718486,5226.803996719696,4597.5618364034
2448.780150864712,890.3656455215463,4780.024452833897,3543.308762778796,5676.814812245509,3795.860661638675,2165.9821136002024,2298.0763052105126,2737.176434241132,2954.79997295553,5268.500424801159,4181.427591173258,1626.4406977772044,2822.4386447442926,2248.261772315893,5537.516734972907,0.0,3442.3356683271027,1384.9573120298692,2275.7967223251726,5767.177882826227,2734.7677458745925,3593.8512627658924,5115.108265969842,3459.1030557382933,3409.4736047959072,3507.360756767687,3710.1582285370255,4968.539593679112,2763.121266883703,4102.073469317316,5540.168431606028,2064.117851486683,2272.2480343072143,1706.066370226551,2635.7968123605433,1760.9673696718517,4810.223139994443,5158.831926202773,5030.625799151832,1085.3348122547254,6520.408818558619,3009.2383739100833,4334.859544479152,2912.4944834194966,1955.0266791795962,2121.842639852447,4188.3943900359955,1711.1379065949066,2843.7912527726085,3413.678754884824,4822.946412771035,3386.6916966634267,1553.9302775790811,2600.6984375563425,1994.0543766246699,3666.7239997852303,4691.870330182836,4869.777229205973,5183.834206908338,1149.892035938157,1907.3648848607863,2320.150243124785,1872.6981039606997,2171.117381798829,5592.256705570659,1614.2558091932021,5536.129063087764,5569.274825793481,3587.3142100971586,3504.891569994427,1635.4732058927166,4359.529195206519,2129.8043627453203,2965.9498019428784,3369.4322095830926,3266.652233260222,4609.25762050463,1447.9168421010922,6670.209166156411,1988.4230079387032,3418.067900889331,3154.9707835244685,4310.949362066898,3739.64207633859,3766.1308028969197,5315.660296472866,5610.611923597015,5236.707625885659,4433.351705437321,4902.800209440009,3437.903054270437,6233.816340032004,2272.31286462802,2354.4117659757394,445.3645444049182,3005.317835718046,3733.978313534373,4471.552481730031,1283.50606246562
5093.733339330986,4140.696570583505,1714.6685837831753,1728.263316171468,7024.638864461646,2449.104574395508,2073.363609596976,1152.4898503262407,6153.256378899225,524.2350638835599,6308.275685235467,5955.649518141408,2630.0357958630525,3343.2738990523944,1603.1357300771508,3096.845980651282,3442.3356683271027,0.0,4811.022418849864,2722.4575473062937,3312.777297212265,5357.4572400146135,3864.823391286722,6449.557943922979,2460.6576095216906,173.24966475292243,2190.380387489123,1808.3062976166402,5902.221738214347,2642.0310606395224,923.6678192943608,3999.48102127576,1447.528320338155,5690.992082477184,5139.854933202395,2384.7241723857715,5077.373167380944,2725.5263902895895,5946.477174427899,6532.7349569586095,2381.977624081511,4059.8502106289584,4470.524301201371,1479.71901772769,4221.053269156882,5367.24259412941,4069.2159031539477,1021.3964654276025,1860.1305821422864,5261.369606272211,3752.8857532769366,4343.464804519083,821.1528426060528,4985.609508414594,983.1851158215323,1690.353112206145,296.05814808918836,5860.869991465174,3772.8748390292517,6222.829491523932,2430.860867928274,4998.756654022379,1214.5479132273867,1723.8017591512664,5589.337048299378,3960.016239041577,1866.423385155951,4948.730154764554,4540.227141020369,5373.159814027124,3617.439629864333,2329.345628008433,3973.496607725367,2534.7813896369844,2654.619971149543,4940.476502207151,6704.075039277007,2867.0720602281694,2055.215523365129,4190.0450475423295,1487.175613341276,1451.6278645207253,371.5926615125764,2675.2956872663626,5455.12893070448,556.7931262165508,5159.589566830389,4143.617847395196,5869.113734934944,1591.4087104150838,2297.789223002841,6229.451562939469,3958.1777240413294,2652.9267475535394,5786.664778169374,3634.976998844972,1598.5725618425963,1711.7601984226646,5745.000891989922,3201.9562080929527
2404.962316120567,791.6687128148999,6161.229844945326,4701.048848718337,5905.356528614425,4810.85678067691,3291.702258836452,3660.1063200526014,1527.774872819945,4332.835860140215,5677.743722054827,4361.0024648800645,2638.755208345215,3816.7319106750215,3495.803208915799,6856.183577501407,1384.9573120298692,4811.022418849864,0.0,3162.9310226062466,7082.374657470826,2621.895756076698,4513.672016662376,5404.672944387292,4697.275864809411,4768.136320648247,4563.854713761274,4860.6858041873065,5455.257120032566,3942.4377119386427,5486.985329854272,6716.167508844088,3448.9768783853856,887.3208948796371,333.7401044360712,3625.141966016917,1063.0366675764294,6107.078700534078,5685.991799299398,5246.495276579309,2431.0070986200353,7821.435881817354,3583.5121396802883,5711.606208120532,3583.513246880497,573.545694347887,2720.295771844856,5573.348795074646,3014.459594399799,2871.770754793112,4343.171778814302,5806.172390748659,4684.563105124319,500.79311945153535,3985.5954568752963,3369.496378827703,5043.547133497415,5107.477340208667,5996.085010133195,5602.053624480223,2425.992310645893,1567.07885279363,3704.9815981460692,3172.6569945654383,1014.6176540352532,6783.271782522428,2955.8664286237636,6491.078069429762,6633.982169350322,3861.7320023315965,4486.997699850647,2776.9243349839408,5363.951669412114,3100.608460773143,4147.694332807325,3804.9404820597397,1959.7668045920664,5868.434245413081,2832.2763649398694,7971.467740708357,3371.811743550491,4623.040975077443,4509.1560214782985,5572.379766857424,4024.8480006461114,5149.515778693178,6163.0093332372135,6768.596939833247,5817.850401305451,5808.196346833757,6253.116568844692,3011.5659153883716,7513.062122066142,3186.3801700947424,1111.0635494525056,1203.8819108101923,4183.776667007932,5075.607604166816,4867.15092011384,2333.814219948323
4709.5425213947265,2372.4446698123434,4432.007807605036,1716.9905246497433,7730.205996781716,1658.5991846886939,677.4274047910961,1908.9789590982919,4690.685417647724,2512.2289791696935,7207.182541441835,6311.3641437914985,668.4471936450925,4327.190031937585,1169.9236454422996,5702.255196983471,2275.7967223251726,2722.4575473062937,3162.9310226062466,0.0,5930.593391426695,4998.441934411362,5094.877545566134,7147.180530550841,4268.286860238894,2584.963980504564,1445.84231304247,1848.7198252187916,6856.180454091403,3901.584768211117,3638.940732900853,6276.47280153511,2231.5368663197114,3882.4611611586015,3474.460520076174,508.0191421669069,3939.5161243280877,5168.954341798735,7000.006369733173,7111.3868861021765,1637.570462071785,6700.187295936211,4966.287692155278,4138.609205955547,4798.342482081182,3577.584520160215,4170.006845681911,3737.8096143834023,1344.5040991354392,5078.816625169687,4924.28328749941,6079.684606226625,2135.585935016664,3560.557787202027,2522.602044502858,2498.696282264413,3018.4745373822516,6651.8918542107995,5808.519774974773,7118.929390730393,1382.0457282883224,4171.818281971783,2352.39892513366,1338.1155248258647,4162.399579096775,6277.882190063939,1552.2527921572569,6786.206413632951,6592.63281291329,5695.601038102388,4916.983178309642,836.604104420364,5623.091032134194,238.93994246462813,4050.60650147518,5395.603482669385,5084.069290581512,5158.904663962884,2116.513988117725,6838.520228246824,2114.2871360877166,1757.4460655485275,2351.88838438243,4891.673202172545,5834.133633514063,3259.382352321525,6761.680425875508,6393.48908356345,7020.792307442587,4253.229435754671,4921.804546295697,5712.952731747042,6538.455450538453,69.53188923076947,4273.942171248109,2090.4697099726172,1327.1880634277115,3997.467554857325,6457.6445353162635,3130.4770539411397
6186.3891398020705,6640.630351634172,1727.526855018468,4995.874013537271,6319.70445238209,5710.693938650889,5253.984206924494,4054.839823211023,8028.232211958309,3419.423996380969,5500.002535139961,5959.411799101065,5660.830170252593,3726.917849756552,4760.917431523571,233.64786158875913,5767.177882826227,3312.777297212265,7082.374657470826,5930.593391426695,0.0,6345.728915730642,3548.1436578904186,5882.7890444381055,2463.408578225301,3480.5032603978407,5481.111305851944,5042.896871494102,5124.808507064922,3258.396187478895,2422.716208680868,1510.1989815822285,3914.3981089993904,7939.804258667653,7361.380204443321,5662.220621525976,6877.093270656215,994.9200248592849,5012.910019200524,6104.108394263327,4997.974142560163,775.7159870680764,4825.000689565651,1833.1916517183902,4593.229392564343,7649.510796071602,5055.802887012903,2335.8320568578984,4762.9249003991235,6092.333919597152,3594.7268341970016,2888.3035559326167,4106.797998424686,7045.811826984383,3466.0378043829814,3834.482792017718,3037.1750670926103,5323.2408117057785,2029.356253683665,5440.207624747515,5178.532290219112,6543.989939437255,3702.3603998854564,4689.758506942761,7529.525138321872,1378.3390807925311,4645.0178978800495,3037.4116968282387,2346.5364283831177,5592.596893217766,3357.77992682695,5339.077041400414,2889.989886330054,5714.665505985193,3071.642164997251,5150.392750271381,8646.2533422985,1347.7153672508155,4412.39591901996,920.715199668714,4029.7841355908877,4733.981855162734,3651.861980147251,1600.3555755796897,5578.819210608818,2758.1770080255906,3602.9876802467697,1655.5286690483495,4812.364756316899,1722.4656009546316,1017.0346842881023,7163.274580306551,666.485076779668,5862.469599436913,7766.632361140123,6128.925510298604,4910.697779689257,2052.894513426591,5348.131810465594,4816.756486779252
290.6162906118649,3058.811502989519,6078.274793024251,6045.757531576419,3307.395695491243,6424.484259123996,4783.197946962263,4420.7654206340785,2291.08364912698,4836.81442891269,3189.2176433856002,1776.9716549593581,4336.06065239798,2620.9317796314344,4714.592245069026,6158.011771363627,2734.7677458745925,5357.4572400146135,2621.895756076698,4998.441934411362,6345.728915730642,0.0,2938.961575747461,2844.050622723337,3941.786198943063,5401.762115691138,6114.294430359892,6213.616791919582,3049.3546366674045,3190.9217956278712,5654.719929300212,5459.195904366869,3957.632037726853,2924.294705860714,2601.3586936157035,5315.680111407194,1594.035574497947,5372.679250926673,3307.9219749004055,2654.282084760397,3532.4568055335085,6955.883147829684,1624.1827347047495,5595.927818355951,1802.7867874934625,2851.116098457585,1354.8094476390397,5709.620073137004,4139.640147557997,337.0218122941005,2832.312750996966,4148.768770531446,5633.130205798992,2160.4198167025315,4374.2907896800825,3671.72891146664,5472.535762008047,2654.59317628634,4669.926446712518,3124.245197818667,3720.8009356462485,1055.0756026996362,4158.311844219959,4284.03445322397,2106.7165980475397,5567.720054787596,3955.1443575012527,4701.7048199844485,5077.785364211547,1389.6929572625024,3058.1989209614862,4280.482818331712,3815.561897221692,4834.114446547682,3340.6690352749697,1547.2305024824195,2845.2405986172766,4998.706489214985,3450.186903751737,7097.180701307034,3960.1897594706243,5860.184486859948,5203.001020846046,4752.147664097255,1542.7765636753754,5440.03879083679,4198.568565500628,5451.835202684413,3492.0315024250567,5654.671353905194,5815.233308823388,879.9704187357661,6567.213600545211,4989.099212445669,2306.281596259442,3028.3075978428947,5511.538509755057,4729.157004373295,2412.261051371099,2178.668629702553
2846.9443282531893,4422.775286831674,3785.342113321067,5270.387002638136,3197.4240685254745,5893.844098108128,4548.39437418085,3519.100096005512,4975.555243403996,3471.0741866589374,2449.2108550098333,2448.8032206686185,4507.417940303518,789.10181112072,4197.819303237932,3392.4786534274613,3593.8512627658924,3864.823391286722,4513.672016662376,5094.877545566134,3548.1436578904186,2938.961575747461,0.0,2645.819061202977,1521.387006646895,3991.724764229618,5570.139290830168,5410.308423988876,2040.5459958395934,1276.4040606865055,3683.2224023532713,2521.77778053658,3018.507261025887,5217.566492615596,4694.209978149038,5142.6984428459355,3909.5947946866563,2651.560418344262,2084.130949348673,2784.394225952927,3509.013171259407,4079.826128282552,1326.5376351046364,3357.637087304404,1138.185959275988,4999.8907677016305,1873.1832655124806,3694.2089324992166,3779.3551077888937,2643.252179780431,180.67544564771413,1301.2964420073545,4507.28611466379,4275.663975112755,3075.31879095485,2683.018149521169,3820.0138679890943,2045.9233627372262,1732.468802394144,2365.3005167937963,3774.1586712561516,3436.191520527924,3042.455634511701,3836.514110597014,4583.220374903764,2633.3462329538056,3558.9335366283535,1977.7342291230636,2188.0124049019923,2044.6451887418027,254.10813353767352,4262.897190788091,895.4966861323384,4861.149306710606,1216.0336139535784,1604.1004962644956,5589.1075466929415,2228.567308976779,2978.366092732726,4214.78027248693,3109.269146250289,5003.754764474575,3920.6270708560132,2050.459773788552,2036.7697418024454,3648.6256995823783,1727.1813318797767,2513.045688512845,2026.1923352073468,3369.4545600598326,3259.5025464381833,3685.0081456802773,3674.7274776606223,5048.655259458502,4824.102647297733,4039.1461729960956,4852.833607506134,2472.704747408594,1979.2007827590405,2311.401442633884
3013.2320156177816,5694.259348429609,6408.009449558342,7695.429508566497,589.718879556183,8248.430929811137,6729.997837566145,5914.169898295533,5070.967981261565,6012.390864117619,524.9322625225091,1069.5584165037455,6491.643621249167,3115.5270728538057,6482.268865473724,5778.476163975412,5115.108265969842,6449.557943922979,5404.672944387292,7147.180530550841,5882.7890444381055,2844.050622723337,2645.819061202977,0.0,4166.724636882188,6561.662723085743,7920.717238055213,7848.681273874485,777.6064755967515,3807.5308774632417,6327.898353888121,4515.105400737064,5391.478234281672,5768.341098657915,5425.240230975676,7323.9851778392485,4423.811075668128,5130.704498733581,972.3733521256123,306.75319006817176,5514.7296182863765,6229.327733872092,2182.5747584804512,5994.640239095671,2370.7379321131216,5686.956215457352,3007.1904627563913,6339.919961610242,5969.728602173218,2549.48204781383,2722.482441790397,3012.0602905765354,7019.102349714243,4975.260467418566,5578.188187951443,5044.161153632286,6433.665559825907,600.047729862384,3855.733415794199,528.7927688613,5765.532805188519,3868.4194036398126,5482.806373946192,6069.553126801099,4947.445149677154,4654.668266799365,5748.352183265131,3143.11557920863,3793.186949557061,1554.5208458763104,2899.560856867985,6326.10956681166,3012.4871497613067,6936.339381758219,3807.98784921302,1757.932921300753,5558.981370651012,4695.028396332551,5145.464044331571,6338.163950820616,5455.0858159036325,7447.991399704286,6456.577060155172,4587.79298758717,1393.4914574524666,6278.901335175925,2483.384626041041,4425.475593097764,1225.5894177717103,6000.112549501468,5813.031867294726,2966.121482558831,5804.788932255246,7116.918400339082,5138.440954689856,5511.729441572401,7222.531061598282,5117.260252271327,713.0370401634129,4018.978152903173
3759.4663141819747,4349.370897411832,2289.031453248295,4035.800061593364,4713.313029602851,4716.101925991211,3630.7765391125354,2433.460252147958,5568.51159219562,2157.948582621004,3947.27833635785,3901.101209238873,3801.404088367876,1343.7098813315322,3191.865324567595,2255.7579325718884,3459.1030557382933,2460.6576095216906,4697.275864809411,4268.286860238894,2463.408578225301,3941.786198943063,1521.387006646895,4166.724636882188,0.0,2607.856915710293,4408.017449419183,4155.763107030164,3536.432344196195,795.1062767687098,2168.193289920666,2104.6972281660846,2036.9621468156943,5530.302294037551,4957.089616084825,4181.8146610312615,4419.538753712315,1468.8323559535306,3545.111944380459,4303.41927420162,2918.7763268263634,3157.239153812235,2544.7856897241863,1844.6025749662176,2290.3445710733135,5253.290566191252,2616.0886283706063,2175.2574742694255,2932.8126832036173,3717.392903504821,1464.727120377717,1914.5479739888995,3191.1123938409005,4616.298107122741,1864.4014805835143,1791.0700572389678,2366.837735463291,3566.7008696984944,1542.4131776216773,3866.0996477588365,3154.9714775509465,4080.8541157961045,1946.2334069073008,2930.7512615525734,5077.826311656298,2143.693904122041,2744.6286210094067,2574.9730718166743,2324.356733669124,3412.843560519732,1268.4532509998148,3501.7383038749485,1517.2872869816051,4029.9745676374932,611.3123227131938,2951.8258446883347,6187.821996175553,1174.185565464846,2302.615830412447,3306.220809272272,2154.0369566416452,3755.9718218378584,2592.6946113688364,882.6213371548413,3443.2929433697623,2166.2724638394407,2709.3127210191146,2194.110134749165,3442.8316630077925,1865.2114953779371,1881.0716287491553,4790.330582337715,2824.416072887987,4209.678583210362,5316.7735287898995,3864.6531375176487,3700.506875872683,951.6463708526398,3497.8991019507694,2383.040557184875
5134.263764658864,4082.552729803376,1865.7365193536841,1555.0630929209913,7139.157534208781,2275.864593893056,1945.9926585154428,1111.3993890091897,6132.616870356814,573.3212624855283,6430.427605204027,6046.596232152847,2523.5337559751406,3449.792408465472,1487.3047844194543,3265.704547727029,3409.4736047959072,173.24966475292243,4768.136320648247,2584.963980504564,3480.5032603978407,5401.762115691138,3991.724764229618,6561.662723085743,2607.856915710293,0.0,2017.6841241368784,1636.143949021907,6025.696417747661,2755.834474725396,1079.6108147740092,4171.690299895715,1461.7357370147313,5643.992210298753,5098.714705764385,2232.9485638522897,5070.104065230713,2898.7702895845337,6075.220407362107,6638.750967479651,2337.243265450133,4224.832586803529,4559.37255756897,1647.3547381065198,4312.450912268916,5319.42903022721,4129.073902552,1175.8765185788002,1787.7352971136418,5315.777164809112,3875.436198735827,4498.798060149066,647.9893618486345,4958.938992340701,1039.4613573904514,1730.083471678751,448.7105617889997,5975.558846773246,3938.3743229602997,6344.527606879255,2367.9617727898394,5010.571929993621,1244.302961851333,1644.2486087505138,5567.456859443907,4132.762222601247,1813.7116817272804,5109.810956662194,4707.782694020296,5458.746206192865,3746.243135865316,2229.922057403128,4123.342069780047,2403.7828022408767,2777.9732331152863,5030.8146668920335,6675.521720056343,3038.336640785547,2052.237359566383,4354.052818661828,1487.6804576588347,1278.3972361711365,264.39487051189184,2843.933776121554,5544.548053106042,722.4100342250238,5311.6880810584125,4315.479627136362,6002.486845219155,1758.2812077662663,2466.5583025229707,6269.966291478926,4127.648907604667,2515.5052735452573,5760.428937728943,3582.723660640463,1433.6607517209227,1878.5769003490382,5854.896677263058,3235.1795559792354
5824.244756180238,3773.2355590380253,3804.165039226348,500.91422914207646,8510.427382430098,327.7809794268118,1344.5198722703954,2051.055699374349,6085.855969530087,2280.09797910967,7893.821063561551,7206.536419098776,1932.7624439697709,4880.474082882113,1446.2876636744854,5271.8086479766125,3507.360756767687,2190.380387489123,4563.854713761274,1445.84231304247,5481.111305851944,6114.294430359892,5570.139290830168,7920.717238055213,4408.017449419183,2017.6841241368784,0.0,527.9486889319835,7511.100572925182,4296.5554275159775,3058.845913650605,6164.682866303669,2559.2640213264435,5315.984152862478,4884.483195698804,947.628806484902,5250.45973020468,4911.505985324665,7611.80107514989,7934.079165247219,2582.065455189314,6209.353487991887,5763.432090385815,3653.678539780423,5554.415863034835,5006.121729904098,5086.508530198883,3147.690725023188,1998.6671149843842,6137.583581352193,5420.608268363431,6319.9418780650985,1376.4083966980877,4927.76372547396,2549.6916969253366,2903.704520740704,2449.023277869976,7375.107432649643,5861.629239625192,7805.182322402533,2402.7741430704637,5405.683370803177,2532.018873524051,1873.9417237950602,5543.007580894419,6133.543013397884,2206.7335179871634,6979.393900427531,6646.170967324344,6587.529303018318,5351.148263961671,1872.0759690164818,5900.856095998614,1465.272721841569,4390.184149719121,6225.310362086859,6506.364776482333,5023.860004157163,2792.885082378077,6332.6471130787795,2480.2039555959914,747.1926105041458,1901.9348360522245,4805.947852183272,6707.830353153843,2731.7579867867144,7090.541812386696,6303.628585891859,7586.381639561314,3761.541315590991,4473.901459272098,6897.023926268489,6135.330779249315,1405.715011994963,5671.851477599268,3423.9127231383977,718.0208547535373,3838.8663912458587,7210.306496525927,4038.2554168378206
5926.203578656745,4078.200526338301,3342.927640381856,168.56451491343014,8436.979427181805,672.1268998909361,1570.940896344926,1934.7275182849392,6366.799193368046,1998.0983332891803,7787.169321929311,7191.810784148453,2227.304886002139,4761.934744508475,1501.624057389199,4839.971375839737,3710.1582285370255,1808.3062976166402,4860.6858041873065,1848.7198252187916,5042.896871494102,6213.616791919582,5410.308423988876,7848.681273874485,4155.763107030164,1636.143949021907,527.9486889319835,0.0,7395.236868696634,4134.830880856918,2624.211975401378,5807.769233965913,2457.5693520381064,5649.401800793603,5188.291037558032,1341.5849564992147,5470.196946688483,4528.593680834371,7478.593448553278,7882.351141244914,2705.163994441926,5756.717461801995,5723.78666467296,3230.596867865906,5501.3430952773715,5332.804928023244,5107.825714773068,2708.078054577453,2077.1815300327025,6208.447942411775,5270.865618431663,6068.941738941971,991.7846011508747,5191.5735538953895,2339.4779309420724,2804.614854775072,2039.6383398244893,7287.225057416644,5556.674235247196,7699.074827779505,2568.0125151566144,5576.241082797354,2378.614044321819,1929.793525340211,5813.332601770177,5767.811936432134,2258.8719105980754,6706.425908743047,6332.951015043935,6577.4223611274965,5180.262051373946,2097.0711811614788,5667.508042436729,1814.063476029987,4206.407062552315,6192.919254793898,6817.411910130193,4674.024420642772,2800.872767382517,5876.08971963584,2399.4040529308522,406.56787348362866,1575.2713143233455,4474.212695294001,6688.594811429453,2322.8482203265025,6861.018499629993,5951.600540950644,7436.073803425703,3334.547521017057,4046.758359448214,7025.542761929857,5702.993365719532,1797.350395337815,5957.826703378507,3685.2420374553417,709.0289076673814,3505.814071694048,7135.739164447997,4079.9057608754883
3154.2074448840553,5638.9641982647845,5729.034124432581,7248.421413739269,1209.8750418803593,7838.217408620725,6385.454075714662,5472.539855109782,5337.842923859224,5494.51976876278,410.8649897873999,1436.851464692158,6218.699082853342,2634.5785468960685,6093.65668913174,5027.791853196191,4968.539593679112,5902.221738214347,5455.257120032566,6856.180454091403,5124.808507064922,3049.3546366674045,2040.5459958395934,777.6064755967515,3536.432344196195,6025.696417747661,7511.100572925182,7395.236868696634,0.0,3279.874729119086,5704.3706975660325,3740.9321106757607,4955.029085549449,5925.9560479409565,5522.793228682837,6984.316034924322,4550.358634759463,4401.836226029428,269.70826431905994,1048.6549848682364,5219.824290771194,5455.741114634564,1959.4088591618645,5333.501071643746,2076.2858899607245,5803.776664882704,2854.235498490095,5708.846092244737,5614.0127260882655,2721.6486281452644,2150.2775254996736,2243.8711138802064,6522.166492616545,5068.667103081835,5080.9280887287705,4608.682042734668,5860.522263227058,417.5177983954695,3095.5328796267045,331.8463585004366,5479.877696697709,3992.0589624820173,5016.644766527224,5698.205370729717,5135.615325999602,3880.8580268637756,5390.278910367904,2370.2925775663216,3015.7153316332756,1660.259926537408,2291.9691046069966,6022.500681922087,2278.1986492676615,6634.774082901391,3248.0356279474518,1652.32239324564,5872.454055269994,3967.7284342405537,4786.590596313936,5563.303071737508,5030.929458890971,6990.145018234814,5943.340773147707,3880.251397151478,1507.020031362888,5686.13899834079,1711.858160907322,3649.3361873636686,507.76945137729535,5330.813154315671,5100.252528208578,3370.5983946517563,5031.362831223464,6819.634957424407,5346.389298339207,5390.44999803931,6800.738122532435,4476.966723422679,645.5103403083485,3775.218235099131
2993.4631450712736,3649.5749791462017,2917.0432702119797,3994.1906590947806,4383.5180916069,4619.4262095780905,3319.278876085738,2246.3260805424043,4774.380039235251,2215.597604169358,3680.9793366962817,3367.842450464985,3356.894143876002,717.0054377318208,2942.7189815396914,3049.610525250069,2763.121266883703,2642.0310606395224,3942.4377119386427,3901.584768211117,3258.396187478895,3190.9217956278712,1276.4040606865055,3807.5308774632417,795.1062767687098,2755.834474725396,4296.5554275159775,4134.830880856918,3279.874729119086,0.0,2617.9362026038752,2784.653351491528,1754.6010788509736,4759.985892453254,4190.959376298581,3905.752119201243,3626.5537648869895,2263.6471043519573,3347.9346376534895,3895.025390710695,2394.606459105337,3948.872683058799,1919.6385659159907,2442.015050647518,1660.331637230346,4490.413269584995,1846.6664112841277,2651.2058859024887,2563.1618927584345,2988.5028762002225,1137.2446272640727,2192.3926705314448,3242.9051508325065,3837.6672584759094,1804.0727658409457,1429.7589870509642,2636.339153022994,3219.823823982455,2109.1017506844,3594.293345484756,2651.555113101178,3286.4877452175297,1766.6032839347374,2602.756248320038,4287.33142090275,2844.922103409687,2349.818449915865,2908.8966080526134,2832.3795876841787,2822.6208932019194,1055.0219314824692,3085.6846509392367,1728.6601556422247,3663.9845329774525,205.52480417214852,2368.620530854405,5394.110205573946,1958.692857950169,1808.2518226079578,4097.444415850689,1851.7947913915839,3728.338689798581,2663.894031302672,1673.0530607873739,2880.5540327327662,2505.435845079654,2862.8659007932947,2849.43457748726,3301.3074716133306,2488.698587288746,2629.5236263026804,4053.8646484140286,3607.9930818399584,3850.373666421611,4527.014560512259,3188.0359074721855,3578.789629877118,1550.502891580664,3103.6499131276064,1611.9338901000249
5414.1570101772995,4873.991643087009,793.0925060375997,2573.3634199514067,6879.703808977898,3289.557725531656,2980.7349478007936,1927.0463956700683,6734.422486009027,1211.4559286763179,6115.234230543667,5980.820126057796,3501.350296722823,3331.142977232439,2499.165093236139,2216.401004158769,4102.073469317316,923.6678192943608,5486.985329854272,3638.940732900853,2422.716208680868,5654.719929300212,3683.2224023532713,6327.898353888121,2168.193289920666,1079.6108147740092,3058.845913650605,2624.211975401378,5704.3706975660325,2617.9362026038752,0.0,3280.1959237498295,2038.031156381325,6374.188356939101,5806.645522048422,3308.3846973048653,5614.993034756143,1964.5310300132699,5707.155135602326,6452.215613628314,3105.157312411885,3154.0706886092453,4536.034269644796,612.6353431079535,4277.135189785331,6055.594588087696,4311.434520583723,99.07910126762334,2671.3076062971486,5507.6815344103725,3608.9627968197456,3886.043105022897,1686.81148989447,5600.846544996033,1501.3919382669537,2158.229500536261,631.1001927824142,5728.441337196095,3196.399455440449,6034.23403869124,3204.0531094950657,5455.85948640661,1782.0804571974295,2554.4588159868617,6180.157238042734,3219.9413573220554,2629.2186024553,4412.765994189585,3916.7751654055915,5440.428251698206,3429.1569634872358,3189.762920889576,3583.6134371280896,3444.833625894,2558.653024430237,4986.370713460943,7312.509818715937,2200.9808195758997,2657.004342766681,3280.6167677304215,2118.985809663906,2311.653524897925,1289.236305124084,2079.187734791161,5497.408991043781,382.1729690101068,4722.644801814446,3433.63105477161,5593.443846830144,711.7696845363674,1422.7293062518954,6534.618938797348,3079.877551581718,3569.4429169164478,6392.694862255355,4355.733358998459,2511.0504751669173,1236.1465144650126,5648.106632318922,3603.677797831682
5355.049773460654,6429.363935105012,2828.2365825598818,5722.930615575642,4906.11174031432,6440.717104001697,5613.45934353354,4377.9595058257455,7410.283916504212,3906.2448571652544,4092.031126600334,4748.43181655007,5863.182379966872,2978.0249188027287,5142.063683287577,1504.755867352907,5540.168431606028,3999.48102127576,6716.167508844088,6276.47280153511,1510.1989815822285,5459.195904366869,2521.77778053658,4515.105400737064,2104.6972281660846,4171.690299895715,6164.682866303669,5807.769233965913,3740.9321106757607,2784.653351491528,3280.1959237498295,0.0,4066.6787134331134,7511.146377321441,6951.303744483765,6120.013523854503,6294.864162081101,1319.0156804109645,3597.841102970086,4761.44124408146,5016.449938895035,1714.9839040751956,3847.1783069965713,2683.424894728749,3656.4820050459707,7254.172667867509,4306.65963273858,3222.4370246360127,4972.239369012115,5164.961192610261,2629.277501660865,1513.755185208295,4818.232758397316,6575.245359982927,3766.6867556864877,3864.974624883842,3783.788705610423,3990.9235412162434,789.3738511054191,4040.38465606989,5246.0084812979485,5873.344749693824,3924.4274102217764,4946.412099810731,6969.857991336768,141.21196783559097,4801.3424919397285,1533.0941098500773,836.4862639021636,4480.960491820588,2410.683311269649,5553.508586234922,1680.4576559360253,6042.1069396713765,2579.57313531464,4077.472940312419,8030.877932394939,1142.1796999386743,4399.425082427477,1823.4214816122462,4187.390793411096,5442.672073510401,4262.8187863137,1387.3081879153601,4434.917225910987,3507.223890766171,2128.0449246465637,160.39452179236045,3379.606736104218,2606.892013049255,1999.8178937855816,6200.1407507741305,1290.9154405436475,6213.6928236315325,7212.3879379937,5956.043645869715,5504.228949587127,2332.8344690382555,4054.335278643097,4382.696283744289
3685.1345205548473,2851.1115640747903,2733.6390937795722,2304.0080005644504,5980.058353995553,2885.425705152361,1599.0991991999742,522.8499318848573,4728.648821808298,928.1726884087896,5341.361613001688,4752.1562680056095,1800.6837878017336,2321.963846024309,1190.766399988259,3680.7640809751724,2064.117851486683,1447.528320338155,3448.9768783853856,2231.5368663197114,3914.3981089993904,3957.632037726853,3018.507261025887,5391.478234281672,2036.9621468156943,1461.7357370147313,2559.2640213264435,2457.5693520381064,4955.029085549449,1754.6010788509736,2038.031156381325,4066.6787134331134,0.0,4336.159720138662,3769.2893380158544,2167.921147409195,3636.5741336440537,3046.2142923648694,5052.644735342572,5425.849559470848,1105.073400017392,4688.74002506441,3273.977154606459,2309.2530652563833,3046.692219543189,4017.695818487258,2726.878879754288,2124.9185304441676,905.6643168150105,3891.532238417665,2864.9100505617976,3878.3753291713533,1699.95200987822,3576.2631780310853,536.6546787441624,347.6369621343512,1631.8485567383389,4832.972399337285,3577.0701572970306,5252.913883079848,1265.0663086652808,3552.0501702619576,256.057638171565,893.7907602498468,4168.123649498058,4077.6187240116014,743.9581708940356,4574.620747459729,4361.209110336835,4143.623089023543,2807.6980123204135,1487.5595003108276,3432.3463290670425,1993.4518683692863,1871.9063978973418,3745.4359479037957,5293.543847698439,2973.379307924571,623.8919036772317,4834.971171306506,120.98926872247756,2058.86711654735,1247.4927774159655,2693.1486165358574,4247.527902490578,1705.722936969835,4600.7927675064875,4177.367030612106,5028.4197490310025,2414.4478099163794,2964.1373143741166,4819.354926896337,4465.397318021769,2172.721546968225,4373.521053104581,2330.079398480876,1846.0728942208643,1875.4017115767494,4678.641518013963,1781.5271418342186
2776.20989415606,1589.852730955921,7047.408747983971,5494.4614139980995,6220.250076515977,5541.021239100695,4093.7376255706713,4538.9113985973545,1031.6001686283305,5216.966346882161,6100.825568750593,4700.597069108988,3423.381263352506,4566.736593564928,4336.471454573177,7715.499934001036,2272.2480343072143,5690.992082477184,887.3208948796371,3882.4611611586015,7939.804258667653,2924.294705860714,5217.566492615596,5768.341098657915,5530.302294037551,5643.992210298753,5315.984152862478,5649.401800793603,5925.9560479409565,4759.985892453254,6374.188356939101,7511.146377321441,4336.159720138662,0.0,579.7322828004322,4368.764607735807,1379.6555548954966,6958.348697037322,6172.719057609053,5572.921498275837,3309.116708357836,8671.265704306956,4163.920066692202,6596.19989383228,4207.413454234561,325.3052055608704,3363.311883413877,6460.640139192556,3877.4416649477785,3227.639027736064,5054.837576417763,6518.6412204521575,5535.917114516257,943.3453460742783,4872.797464149829,4254.596284911766,5926.871025721751,5549.6294395817995,6772.624683345889,6031.967743888059,3288.313040023562,1934.7909024959258,4592.141082281009,4033.3729837599944,836.7023545383394,7584.891533035987,3830.3017323188783,7182.580164270358,7377.157444582026,4278.547530619475,5218.209868587598,3596.094246027487,6091.563221773291,3853.4732125712253,4963.795355145093,4307.909223172303,1223.3757510532075,6704.287902781697,3719.560421176809,8821.183314500386,4258.353314175915,5436.867882695054,5383.5785524218,6410.343733988061,4438.958076335594,6035.840369812641,6805.4806674915335,7554.931235415052,6330.289728424757,6692.045255218243,7126.8116402095275,3062.729769392821,8353.29953815814,3915.1756777939095,709.454709660878,2063.9575667639097,4991.295918537589,5947.281524968698,5306.136325557891,3149.1735342760967
2412.016786074467,1112.0435149907578,6473.284005828263,5029.344296632017,5906.682589594264,5126.991145369572,3620.603986206997,3989.781137894157,1225.9457585313473,4658.7869479395595,5724.6021263651155,4367.990905152734,2963.8737431658583,4022.395008159691,3829.214652730374,7136.762089588597,1706.066370226551,5139.854933202395,333.7401044360712,3474.460520076174,7361.380204443321,2601.3586936157035,4694.209978149038,5425.240230975676,4957.089616084825,5098.714705764385,4884.483195698804,5188.291037558032,5522.793228682837,4190.959376298581,5806.645522048422,6951.303744483765,3769.2893380158544,579.7322828004322,0.0,3943.0373163529657,1007.3770875421976,6380.988276130273,5761.257263384877,5250.938397941649,2761.4822795176506,8094.382946605442,3697.4820480944863,6020.159202986246,3719.489155226696,306.03986225653705,2862.7628348869557,5892.1656207592305,3347.8113605948583,2876.870639814728,4527.730501880385,5992.936882227695,5018.2967963588,454.1566731393472,4305.596589396875,3679.516313833926,5370.093031100392,5161.40384404747,6219.593772170736,5651.746520823187,2759.4988221385415,1557.074023273781,4025.3440740103197,3506.15262730475,758.8662614354398,7022.615067349342,3287.331935421186,6667.171168762432,6838.405386550654,3900.081903649845,4682.739141412428,3107.9819846873306,5558.661107793854,3419.7996004399142,4395.359116192555,3882.3967784308193,1629.5480665491277,6130.629651186084,3150.0465860494824,8244.338110347791,3694.485730428255,4954.199012703465,4840.232796635405,5836.048014702844,4062.7210119588576,5472.190208787063,6313.429479427168,6998.409326091537,5905.128766972402,6115.381687289355,6547.165889932605,2895.723812190659,7778.732970569693,3500.1900778220597,809.6403824890414,1537.610703995325,4513.966219958784,5367.566065455087,4919.015345752441,2579.0652553241066
5025.189130667721,2833.586235441759,4098.124706195263,1213.2690697306186,7911.443176402142,1187.1769894914573,599.111325750065,1754.2649080911358,5150.390106324084,2257.3918155260512,7349.210947439187,6535.78212791499,1018.0188942313403,4398.849730862376,990.16714649649,5438.314833072559,2635.7968123605433,2384.7241723857715,3625.141966016917,508.0191421669069,5662.220621525976,5315.680111407194,5142.6984428459355,7323.9851778392485,4181.8146610312615,2232.9485638522897,947.628806484902,1341.5849564992147,6984.316034924322,3905.752119201243,3308.3846973048653,6120.013523854503,2167.921147409195,4368.764607735807,3943.0373163529657,0.0,4350.272247486701,4955.985315678811,7111.673642479737,7308.185797222865,1831.9432261033642,6423.197252439708,5143.114692398081,3843.219512725757,4956.867896419775,4059.720723747632,4392.830690094259,3405.9558885125043,1372.3271356028786,5370.173054990687,4978.930642546651,6045.930087132087,1717.4581649091194,4002.2687890806383,2356.5762351025273,2476.678913611937,2678.506880083193,6806.56972771601,5705.87162188539,7260.498226265812,1607.5345228616402,4543.160594217423,2235.852434671395,1306.3128743222283,4612.830557111436,6110.452853445316,1596.015092164232,6739.291107892952,6494.994449512102,5916.279361636417,4947.439835294615,1037.9659788071092,5600.094447565327,525.925518830376,4035.494335632873,5588.547791563924,5561.8228128779865,4986.353464552028,2198.030176737799,6557.5267969490615,2060.903845619684,1275.146914770216,2023.529479913006,4733.26205281569,6047.657250446987,2936.7942447405135,6764.300949606842,6245.167569745507,7114.48452499554,3957.2619742344586,4646.256727622033,6064.101024712567,6288.094785648513,461.0274785433076,4735.100559146025,2507.730817057724,869.8226495309261,3803.4588309859496,6623.50063901469,3339.370520649064
1412.6065346542894,1671.19290899465,6202.975048526392,5303.6424750482565,4900.180537347273,5528.463602101492,3917.251825237305,3972.498671183793,1153.38688121896,4563.729369475035,4735.972244705938,3363.3687886679927,3332.4318974714247,3318.239588824321,4006.1140003412283,6662.393041660932,1760.9673696718517,5077.373167380944,1063.0366675764294,3939.5161243280877,6877.093270656215,1594.035574497947,3909.5947946866563,4423.811075668128,4419.538753712315,5070.104065230713,5250.45973020468,5470.196946688483,4550.358634759463,3626.5537648869895,5614.993034756143,6294.864162081101,3636.5741336440537,1379.6555548954966,1007.3770875421976,4350.272247486701,0.0,5882.88380662826,4795.213823216646,4245.171370743118,2818.486595668853,7575.418486747779,2795.721162240612,5728.835961701557,2856.0615685919656,1263.5337944008465,2036.9200248289083,5690.68616150601,3457.2565228205153,1874.330964968834,3755.6925058978136,5208.028369425804,5118.157033307985,574.2376732068354,4151.020379763149,3459.3553181257635,5267.657879265319,4178.908108129323,5532.841104526679,4665.117847849506,2909.725643611954,559.4120746506993,3883.6026366538836,3618.1827818518236,676.3804152605248,6379.776787410434,3335.7366583969124,5852.504966216433,6091.289593726602,2910.766064181043,3936.899446131308,3385.1023161390563,4797.92511432442,3829.2960654326534,3822.090133863669,2928.2545496061302,1769.1970104827215,5583.927386335983,3022.157841988568,7723.934991461412,3590.211647578594,5178.105626744301,4828.193651722143,5299.604548505295,3072.4853091796876,5318.820139931224,5449.156403767926,6324.210692137636,4950.8906829678635,5812.454344589126,6152.275372532995,1954.0285795650482,7230.117293578923,3948.96980419362,918.8376493254942,1849.1586504191578,4766.136034153033,4978.577710890531,3935.6661096339208,2083.3557962683667
5205.525193938553,5691.225041506705,1540.1733501602992,4453.682347509866,5611.254204831573,5174.628923404074,4493.40417912856,3262.209104646727,7033.674744752206,2702.618042805901,4796.790336643035,5095.542344120889,4833.108250765754,2751.804142467265,4006.168685500524,789.0370789493991,4810.223139994443,2725.5263902895895,6107.078700534078,5168.954341798735,994.9200248592849,5372.679250926673,2651.560418344262,5130.704498733581,1468.8323559535306,2898.7702895845337,4911.505985324665,4528.593680834371,4401.836226029428,2263.6471043519573,1964.5310300132699,1319.0156804109645,3046.2142923648694,6958.348697037322,6380.988276130273,4955.985315678811,5882.88380662826,0.0,4327.747680839192,5326.4934058911595,4097.688980150885,1714.4004175784023,3884.2650890613795,1364.501911094301,3644.490919026278,6671.62724777951,4069.763736338757,1904.4517773598259,3929.28521208629,5128.302327938555,2674.8469170855365,2251.6169374680494,3546.557949343138,6058.384593999708,2651.97742380021,2922.9990842177826,2491.5224906681055,4548.82558851271,1416.5664484015567,4728.580881123321,4296.001699389794,5549.672449675027,2858.2240924969474,3875.3912895030353,6536.650357151512,1255.4234673264634,3788.872073399153,2611.008971514461,2020.8946052887072,4687.401692764234,2439.8928405723063,4513.525437582134,2123.6479136363446,4942.566419663473,2078.055229239348,4235.965165463239,7651.963103678036,435.8665738893037,3496.130592451318,1864.4382048534083,3165.5392775035975,4176.9182181105725,3016.6588754012278,622.1030061565367,4687.2323376325185,2210.5299701223234,3058.1847741384104,1475.0442128251611,4155.1611419280725,1288.6327799997948,745.7204288800193,6201.744172620472,1431.648576651407,5102.913117851409,6774.230478478644,5185.459583840278,4277.995962173994,1177.5909054850074,4543.813910830856,3826.754295063638
3405.3804381449067,5848.514426432922,5694.415733122495,7334.745709664378,1309.5441861552436,7938.069970373467,6512.574676867898,5565.983292552449,5597.984794197998,5554.450888479347,495.0902543344997,1706.1796265510845,6369.774037764683,2731.910799734318,6205.736966214569,4926.492519667517,5158.831926202773,5946.477174427899,5685.991799299398,7000.006369733173,5012.910019200524,3307.9219749004055,2084.130949348673,972.3733521256123,3545.111944380459,6075.220407362107,7611.80107514989,7478.593448553278,269.70826431905994,3347.9346376534895,5707.155135602326,3597.841102970086,5052.644735342572,6172.719057609053,5761.257263384877,7111.673642479737,4795.213823216646,4327.747680839192,0.0,1264.2660334980924,5367.163993372757,5311.64502043576,2156.2792728457043,5312.885668451468,2251.2347827172534,6044.768872539711,3055.5243431864524,5706.949085554207,5739.536683102653,2978.240746169624,2210.8856493217827,2124.61134954137,6588.668212630532,5307.37638358257,5151.980764360927,4708.321058159586,5891.556444791987,687.2209957422718,2986.4870910854447,453.13104851025133,5629.213126150137,4237.996179556679,5101.650132443129,5817.861969963279,5387.508020755051,3738.668470963025,5515.761467515161,2180.6203660142223,2846.3395983561068,1918.2365434627711,2329.1854544121215,6164.382904505042,2212.012333117743,6775.705923481774,3300.0009813795514,1881.3503768158123,6136.111360476845,3896.945347443431,4914.276492500296,5414.754494468055,5133.130995983738,7072.528430200406,6003.975216748483,3828.901257241561,1767.5712987726972,5706.980527796639,1520.8486478032587,3498.2072098290582,255.39642254738007,5304.41623901264,5039.592399246987,3640.059283868464,4888.3133954554305,6961.522511922302,5600.345509900795,5585.576722946701,6898.225071528183,4473.669256339812,912.8723159922201,3945.308013363342
2843.4968360096696,5572.4076854710665,6565.622161733799,7726.467836415357,659.6510989136606,8261.306110873511,6718.180711315825,5948.4763080992425,4844.31474503185,6082.346040724911,831.33520403866,885.5107953520387,6450.651388985921,3189.590871730417,6490.51777065505,5992.252904990659,5030.625799151832,6532.7349569586095,5246.495276579309,7111.3868861021765,6104.108394263327,2654.282084760397,2784.394225952927,306.75319006817176,4303.41927420162,6638.750967479651,7934.079165247219,7882.351141244914,1048.6549848682364,3895.025390710695,6452.215613628314,4761.44124408146,5425.849559470848,5572.921498275837,5250.938397941649,7308.185797222865,4245.171370743118,5326.4934058911595,1264.2660334980924,0.0,5487.175632933941,6472.932864616549,2171.7809209598004,6141.978871415466,2382.2765733652755,5505.132548824961,2947.5190361556615,6468.521427934285,5965.683769328207,2376.602649612678,2844.1519780947015,3251.375079384875,7075.607683546128,4804.563858271946,5639.940679418535,5079.989487180067,6530.222594902949,781.0915087248104,4083.0620358320543,830.4743482955993,5732.884141111696,3695.00230341525,5530.356505709555,6071.850595069843,4745.624953427841,4900.059430286535,5746.333679375224,3418.5900234694714,4056.9300122665413,1443.8039593258497,3035.633696237081,6298.4615255858325,3220.425910332048,6905.623728159898,3911.0145486593374,1719.6829266873585,5317.283610192332,4890.694579709512,5146.985159187853,6584.698405517522,5483.585203571839,7484.7166591909145,6522.720046112128,4769.383665150562,1291.3463118691282,6386.349497695613,2760.4903473292566,4677.0675420285515,1519.2567506504618,6152.491452803491,5995.092583916033,2711.034055088574,6048.33845355582,7083.833881167034,4929.518809947376,5415.35673561447,7243.24185567961,5255.015807580507,805.5202793635929,3981.469887467442
3242.5795033240124,1770.7235490603834,3828.09574481334,2536.6085692966108,6099.507243786993,2894.3400755854523,1262.8388194603458,1229.8002725686797,3822.4898601368454,1917.4707315341216,5569.623064493503,4705.140856789837,1005.5210254917597,2727.0123601571736,1207.5945958909385,4764.507842384248,1085.3348122547254,2381.977624081511,2431.0070986200353,1637.570462071785,4997.974142560163,3532.4568055335085,3509.013171259407,5514.7296182863765,2918.7763268263634,2337.243265450133,2582.065455189314,2705.163994441926,5219.824290771194,2394.606459105337,3105.157312411885,5016.449938895035,1105.073400017392,3309.116708357836,2761.4822795176506,1831.9432261033642,2818.486595668853,4097.688980150885,5367.163993372757,5487.175632933941,0.0,5769.314241459639,3332.419898118633,3412.3889747287017,3161.035189064652,2985.268677431229,2561.396208296561,3196.697134298618,641.36015490986,3559.9862385085144,3333.487528916825,4584.407897476074,2304.452880152901,2638.825450159408,1623.3566963819133,1175.5152153928082,2622.5757069844517,5014.76999324615,4440.719501894372,5481.381308280332,265.4898750800114,2875.8498656202487,1348.2566407401819,801.017595822963,3256.398451734217,5044.391261953022,529.4809708780854,5302.4889827590405,5199.534247814221,4086.0844656811737,3351.589862763342,811.6076920637213,4118.174562610235,1421.8997427192257,2570.2819530512597,3768.2903148717196,4347.779093409876,3975.6797696363824,617.0264911946643,5916.861746181754,1002.8028305065756,2380.939476319799,2079.0283121124153,3683.587980619032,4219.3292109142185,2749.872151903975,5210.728759201538,5111.606151525858,5394.4959358977185,3518.4672916740324,4063.6910532904685,4325.646111178537,5527.17934434934,1603.9025831171916,3438.49230452258,1256.690240344454,1996.6151079867643,2946.7931569943958,4822.076384020685,1509.3058977457154
6814.230917667819,7398.186302025788,2415.154912987777,5718.5918764577,6618.897409534386,6427.591795509808,6024.193435809063,4829.331036230692,8722.274429792724,4188.0464464417055,5806.174302590734,6420.630652273498,6436.277480979592,4357.157169580299,5531.076376286445,1008.8493243790174,6520.408818558619,4059.8502106289584,7821.435881817354,6700.187295936211,775.7159870680764,6955.883147829684,4079.826128282552,6229.327733872092,3157.239153812235,4224.832586803529,6209.353487991887,5756.717461801995,5455.741114634564,3948.872683058799,3154.0706886092453,1714.9839040751956,4688.74002506441,8671.265704306956,8094.382946605442,6423.197252439708,7575.418486747779,1714.4004175784023,5311.64502043576,6472.932864616549,5769.314241459639,0.0,5391.4421439796615,2582.6976166305258,5173.159272001201,8385.638446581452,5701.234852691213,3062.9724754107733,5538.618575445054,6686.5313189952985,4151.034082581471,3221.7242672792463,4840.6738202113975,7767.374777017651,4241.683176012206,4602.703466866075,3778.0545230753355,5699.445022533071,2418.2500658889685,5755.138777724478,5952.303404239153,7219.821891195448,4477.834775344999,5464.9771730415305,8235.034729195742,1574.8843365495131,5420.387857299974,3200.069803776787,2495.9422870879844,6105.76465647375,3916.4907348498855,6114.5183154235465,3325.2625337282766,6485.782296898502,3754.2534153668953,5679.192215778667,9342.521215361354,1993.7103584244628,5180.1334589862645,150.03850565104943,4804.480465200894,5462.643788460768,4406.216559376309,2275.85442496527,6075.671189681433,3503.2434090782212,3826.54123323361,1815.6703529495653,5090.660556325673,2469.633552095735,1779.051388983466,7748.559360873026,424.6195953050213,6631.854027459968,8474.006784776257,6889.027623711492,5658.140724041777,2822.649477007019,5753.463348629675,5533.88341222518
1566.39328652928,3695.3096491225197,4810.238506236983,5565.781154784295,2768.7172468435633,6090.459646155864,4550.584104093123,3794.56416924645,3772.0764942233072,3990.678868481026,2267.8665990584627,1488.1535227421928,4313.497062762996,1218.8210006612953,4319.112448057123,4653.479914244393,3009.2383739100833,4470.524301201371,3583.5121396802883,4966.287692155278,4825.000689565651,1624.1827347047495,1326.5376351046364,2182.5747584804512,2544.7856897241863,4559.37255756897,5763.432090385815,5723.78666467296,1959.4088591618645,1919.6385659159907,4536.034269644796,3847.1783069965713,3273.977154606459,4163.920066692202,3697.4820480944863,5143.114692398081,2795.721162240612,3884.2650890613795,2156.2792728457043,2171.7809209598004,3332.419898118633,5391.4421439796615,0.0,4344.279336352233,259.49442464145557,3993.974561580106,899.6397533818745,4570.677470215986,3794.7930843677104,1318.931807521905,1240.4425316172455,2528.869842138975,4949.455360457351,3250.686704788697,3533.8277419700303,2931.7775500663415,4508.242883583138,1697.3973755585341,3058.200892426134,2181.6705901570017,3584.2912651994397,2268.1893712397564,3397.312006395203,3900.081108638255,3445.0107254642908,3959.747894644936,3574.958371859594,3109.5031287773295,3455.4001284739807,907.526951597582,1475.2441053388425,4143.665572732674,2192.3371703323833,4754.211716944251,2005.554135431403,473.1619374431972,4369.692095378002,3482.492104447762,2975.2048937444633,5528.903017135497,3324.9369211720395,5329.7677686335455,4418.584613414799,3264.2754457836436,985.1855990751181,4404.3259724904565,2660.1828844199795,3833.865972921328,2255.8372220694473,4381.579644633315,4413.224164107235,2360.3923510944096,4991.735102730613,4935.24608666731,3677.898588866474,3431.6205060146153,5075.8731905156965,3441.6509171837874,1492.9946643886574,1843.608571544676
5374.89108218548,5154.7079775111415,483.6039881431913,3173.985519694285,6528.282995374817,3892.775066685719,3467.425443810725,2322.7360722432504,6869.843226494255,1636.3644656738302,5742.9666398950985,5739.926925150963,3933.649453453625,3125.4606465799566,2976.259507456465,1619.1554819229063,4334.859544479152,1479.71901772769,5711.606208120532,4138.609205955547,1833.1916517183902,5595.927818355951,3357.637087304404,5994.640239095671,1844.6025749662176,1647.3547381065198,3653.678539780423,3230.596867865906,5333.501071643746,2442.015050647518,612.6353431079535,2683.424894728749,2309.2530652563833,6596.19989383228,6020.159202986246,3843.219512725757,5728.835961701557,1364.501911094301,5312.885668451468,6141.978871415466,3412.3889747287017,2582.6976166305258,4344.279336352233,0.0,4085.3745247853353,6284.812096386176,4241.14459036072,542.8560821921407,3061.9816231904465,5416.559113536932,3309.041085117258,3396.853795876561,2277.5289881283625,5774.870494058633,1793.7557385825976,2342.202661173879,1205.549154860556,5395.160222387468,2657.7911298980966,5665.256904461174,3548.52630185828,5512.3917558441,2064.4537982841853,2965.0916806614937,6328.438527159524,2617.7598861350903,2982.872313333576,3879.151452761416,3349.7245601590885,5233.315626623432,3107.2782350294924,3614.550778422818,3136.7021398978895,3932.029182076985,2338.7824754262633,4773.13604796951,7465.109047988649,1637.6589859387695,2894.6017562811644,2715.159774309607,2409.700884890488,2907.4168874772677,1823.5943943281359,1558.846272517274,5273.640191486712,925.1722690920866,4233.534833549855,2838.882482790895,5180.247097503844,114.62039735579347,820.3797128970217,6470.229655769878,2482.149933962894,4069.6062138786842,6550.944654257201,4633.186027579402,3078.0554491660805,904.3526215525667,5336.8365193811205,3663.06718602867
1711.0130844432485,3639.2933745047267,4551.94708672948,5344.815711051971,2959.9662021389704,5881.916894156616,4361.4153955761885,3568.723698355618,3875.6238929849733,3745.3109813772476,2411.105900586077,1734.6237316288505,4152.537739415381,959.9956202738639,4113.239358297788,4417.887800006696,2912.4944834194966,4221.053269156882,3583.513246880497,4798.342482081182,4593.229392564343,1802.7867874934625,1138.185959275988,2370.7379321131216,2290.3445710733135,4312.450912268916,5554.415863034835,5501.3430952773715,2076.2858899607245,1660.331637230346,4277.135189785331,3656.4820050459707,3046.692219543189,4207.413454234561,3719.489155226696,4956.867896419775,2856.0615685919656,3644.490919026278,2251.2347827172534,2382.2765733652755,3161.035189064652,5173.159272001201,259.49442464145557,4085.3745247853353,0.0,4020.3962018165576,863.6498598072021,4311.466512870071,3599.2686968006433,1515.945168963904,1030.6368090675787,2389.7978632051713,4712.893296418667,3279.9630222735746,3290.881652413074,2702.2554742290745,4254.528053461395,1853.8362252014063,2867.283602084733,2323.2811417045505,3417.3759859466736,2349.225822304233,3161.7769788150777,3698.980267388433,3518.41339141608,3765.0419370127875,3377.693684705734,3003.8951608123743,3305.77298606574,1164.5421601436335,1259.9456202189842,3969.8300751203446,2024.799314689977,4581.927544172868,1746.5930509657942,719.7481339781299,4482.100571641939,3247.885229775985,2774.7361871603225,5312.162505173387,3102.0565448149073,5105.001846623074,4176.107057233327,3023.2953562630964,1234.9337616394653,4147.7670697986405,2598.0913865353164,3650.8645940127667,2324.4508129160317,4123.206974628488,4162.452716531445,2575.819235568559,4777.660887366223,4764.810750452215,3755.431457577411,3344.4490379134204,4861.282675209085,3183.0498806880178,1666.6999729960394,1698.9457358317836
2676.053985689564,1266.3944451034993,6733.628507336739,5176.984686775208,6158.408625661179,5235.903413822681,3774.121324403337,4214.991749991688,1216.5641345186043,4894.8681506485955,5997.456547941135,4625.00704345334,3105.8139623721827,4328.143142421471,4012.2305634568156,7424.006609664691,1955.0266791795962,5367.24259412941,573.545694347887,3577.584520160215,7649.510796071602,2851.116098457585,4999.8907677016305,5686.956215457352,5253.290566191252,5319.42903022721,5006.121729904098,5332.804928023244,5803.776664882704,4490.413269584995,6055.594588087696,7254.172667867509,4017.695818487258,325.3052055608704,306.03986225653705,4059.720723747632,1263.5337944008465,6671.62724777951,6044.768872539711,5505.132548824961,2985.268677431229,8385.638446581452,3993.974561580106,6284.812096386176,4020.3962018165576,0.0,3165.386682533431,6142.559454192772,3552.1449509931313,3137.589009786018,4833.597072445324,6298.8025780623575,5211.023052506389,743.4109083306486,4554.337258870933,3942.632876982588,5604.285718403818,5437.65385686088,6524.112695578227,5925.8187861196875,2963.024686698712,1821.5776025720122,4273.550967000628,3708.0702992378665,866.8713723067578,7324.687789770155,3505.7173493095534,6972.398318832696,7144.339133290427,4172.059466314088,4988.776530001119,3273.8335944957557,5864.698367337403,3541.981640680962,4695.09498088601,4168.6228496711,1509.214239161558,6426.180613287803,3402.9403129611305,8535.640520912124,3938.490744831578,5116.127071797376,5058.841322176947,6131.005564770025,4334.175004451252,5715.46686299772,6615.718316449847,7302.152936225384,6192.5102585320765,6381.573700382689,6825.481508592123,3083.172551350638,8073.129076698452,3608.466226732072,828.6505699636014,1738.772221445063,4671.332876874115,5647.363198324064,5194.746293948339,2878.582272146134
1146.797425313207,2796.2762811498083,4723.465617367188,4943.8224091410275,3579.70050860711,5409.355519241087,3814.206866447073,3224.544002305132,3112.7208088887446,3557.091548332429,3146.800826448665,2144.262561675925,3506.353365894829,1347.5346904751652,3644.3995122023875,4858.604666514554,2121.842639852447,4069.2159031539477,2720.295771844856,4170.006845681911,5055.802887012903,1354.8094476390397,1873.1832655124806,3007.1904627563913,2616.0886283706063,4129.073902552,5086.508530198883,5107.825714773068,2854.235498490095,1846.6664112841277,4311.434520583723,4306.65963273858,2726.878879754288,3363.311883413877,2862.7628348869557,4392.830690094259,2036.9200248289083,4069.763736338757,3055.5243431864524,2947.5190361556615,2561.396208296561,5701.234852691213,899.6397533818745,4241.14459036072,863.6498598072021,3165.386682533431,0.0,4363.562676252628,3089.4226824961975,1199.6877037104284,1722.3585434513918,3171.130670190839,4426.349736063453,2428.3857923610494,3090.6309647429603,2411.5810298872398,4161.894152722892,2570.029314429312,3529.925519512416,3062.34835846822,2798.10725332143,1571.5536788312393,2899.962729521881,3213.2893064300947,2710.0463162139868,4401.186634070407,2879.9081372519504,3821.54473317911,4058.1185000348373,1526.305748691592,1913.3878863152654,3368.1515450533097,2764.0616318544708,3969.537753860643,2007.4019757609583,1251.6867676060178,3730.603793481157,3717.5535881872634,2307.8991475850935,5846.151551260452,2750.9359849542116,4729.726657176923,3949.8573143323797,3455.496257637823,1664.3381943541406,4111.4241458313445,3450.6926465522833,4323.4573484382845,3153.8366856520965,4299.991915350539,4476.059724961789,2230.4406466189585,5328.880333096813,4144.9127774815715,2950.9403212618518,2537.415155055436,4428.739793153013,3376.2471184504548,2350.830492203553,1054.5375125437693
5471.47721592332,4964.6355986648205,694.3305390266227,2660.2915962886473,6888.559973508324,3374.9697832005845,3079.7995694124315,2023.0916529561878,6812.853796953227,1307.8336974436006,6119.670302754635,6008.813598078243,3599.7651854826586,3361.7287814719675,2598.222175245604,2131.964938145091,4188.3943900359955,1021.3964654276025,5573.348795074646,3737.8096143834023,2335.8320568578984,5709.620073137004,3694.2089324992166,6339.919961610242,2175.2574742694255,1175.8765185788002,3147.690725023188,2708.078054577453,5708.846092244737,2651.2058859024887,99.07910126762334,3222.4370246360127,2124.9185304441676,6460.640139192556,5892.1656207592305,3405.9558885125043,5690.68616150601,1904.4517773598259,5706.949085554207,6468.521427934285,3196.697134298618,3062.9724754107733,4570.677470215986,542.8560821921407,4311.466512870071,6142.559454192772,4363.562676252628,0.0,2767.7707860140804,5558.059030925905,3624.403774228942,3863.3368529213185,1777.8391824560515,5682.63980461493,1588.3600046151373,2236.8210600065886,727.856132379195,5740.108331302206,3159.9033924903465,6039.2733045047735,3298.2328946096272,5525.066903297824,1869.2233589202226,2651.788653343437,6259.676948613882,3159.0540236319166,2723.522338893698,4378.633875487651,3871.7401580356604,5473.506319971505,3440.369510762034,3287.8814603342985,3570.3666105117272,3543.8784595538827,2584.817640232672,5018.087821097296,7392.844067768303,2155.644374031347,2742.1369231591993,3188.5489102928937,2207.794518175321,2400.58691357447,1387.730332695081,2045.6339802364448,5527.863533813856,481.17345223734014,4700.610293563699,3376.9628765042708,5589.245386931764,635.2643404953565,1341.6147643791046,6589.2871053494855,2994.920726197106,3668.3080473298583,6473.28474899552,4445.889115531336,2605.9263316218285,1233.2978237895338,5663.746677917102,3671.4264755798936
3851.3600535085006,2301.5581826321486,3435.245455353664,1908.8020860343274,6558.561167793436,2320.241032565798,773.452534322566,745.6217131012212,4443.498387087026,1459.938546686127,5981.631956187208,5217.635387570983,903.8232418454394,3028.339174909574,575.6523164037472,4530.141008828424,1711.1379065949066,1860.1305821422864,3014.459594399799,1344.5040991354392,4762.9249003991235,4139.640147557997,3779.3551077888937,5969.728602173218,2932.8126832036173,1787.7352971136418,1998.6671149843842,2077.1815300327025,5614.0127260882655,2563.1618927584345,2671.3076062971486,4972.239369012115,905.6643168150105,3877.4416649477785,3347.8113605948583,1372.3271356028786,3457.2565228205153,3929.28521208629,5739.536683102653,5965.683769328207,641.36015490986,5538.618575445054,3794.7930843677104,3061.9816231904465,3599.2686968006433,3552.1449509931313,3089.4226824961975,2767.7707860140804,0.0,4146.707543269961,3613.118033342669,4735.752317644685,1678.426591384026,3257.0713731211044,1297.1768806365617,1154.3788519346674,2127.123454051739,5443.431656655202,4475.060831013697,5892.8664017237825,589.2102511871292,3514.786083403939,1071.0645822479619,161.56092741749183,3878.303713661554,4982.307826296766,223.80811311478436,5441.7168619229915,5256.122409279012,4597.7566616489175,3591.178534128873,585.1780729017448,4280.259684251412,1105.6593093032773,2707.831101826146,4248.949657113156,4954.282874577308,3874.7049666732046,827.9254034525087,5682.523277402479,785.1841916047472,1742.5429423139049,1523.6159477876965,3596.872823967648,4722.083095416682,2297.1288464169793,5425.819926741764,5082.982693791216,5742.530457018143,3173.7302400037092,3783.234912324769,4948.414722504168,5336.0018149805765,1290.2694029403315,4052.6842648739616,1814.1988789063341,1372.1799482462204,2752.2634918860876,5265.184984713453,2039.6510906142744
467.0249227450288,3250.2312426996637,5896.586649787485,6041.689498845252,3034.5463363507897,6452.99544244764,4820.7586143761655,4372.57188344114,2624.377968680007,4745.730516108137,2874.4877880283298,1491.9668729958448,4411.779538634269,2381.180933402584,4717.826693424103,5909.856721397313,2843.7912527726085,5261.369606272211,2871.770754793112,5078.816625169687,6092.333919597152,337.0218122941005,2643.252179780431,2549.48204781383,3717.392903504821,5315.777164809112,6137.583581352193,6208.447942411775,2721.6486281452644,2988.5028762002225,5507.6815344103725,5164.961192610261,3891.532238417665,3227.639027736064,2876.870639814728,5370.173054990687,1874.330964968834,5128.302327938555,2978.240746169624,2376.602649612678,3559.9862385085144,6686.5313189952985,1318.931807521905,5416.559113536932,1515.945168963904,3137.589009786018,1199.6877037104284,5558.059030925905,4146.707543269961,0.0,2545.849389313123,3832.051573007467,5583.153716802091,2428.6823618548806,4280.03148603956,3589.5049864406096,5359.948674392787,2331.5343459224446,4375.705258382128,2807.192507763762,3764.727374238406,1319.8215639827988,4078.534318905506,4284.847813568179,2420.27308502677,5276.2412723644475,3952.3109154645213,4374.255422363102,4762.921153271488,1061.5686793010616,2775.886559216713,4332.214019652423,3510.1419432450307,4903.348234417478,3125.9400200472496,1212.1842515863668,3181.902310133672,4744.664383589002,3419.1165368173697,6826.29243457684,3904.2780731174876,5844.343682424229,5128.2418354883575,4506.38068229849,1217.9732058957618,5311.080073635212,3864.8340297001114,5152.775441010893,3158.984324048633,5470.181126135588,5597.269353052166,1074.1439693988877,6292.894254695211,5065.007761462957,2626.3084670527564,3171.2288161457227,5513.236021741224,4536.775594324344,2088.4357531894534,2135.0963555380827
2726.7491801991987,4244.336596378403,3747.3923600351754,5128.949222045486,3284.647357519221,5745.190350456283,4383.504270562081,3369.937074394417,4831.734717797843,3346.317237077501,2555.438705239083,2453.929108060174,4333.218385503551,609.969280165813,4039.5032067779075,3430.4934174093673,3413.678754884824,3752.8857532769366,4343.171778814302,4924.28328749941,3594.7268341970016,2832.312750996966,180.67544564771413,2722.482441790397,1464.727120377717,3875.436198735827,5420.608268363431,5270.865618431663,2150.2775254996736,1137.2446272640727,3608.9627968197456,2629.277501660865,2864.9100505617976,5054.837576417763,4527.730501880385,4978.930642546651,3755.6925058978136,2674.8469170855365,2210.8856493217827,2844.1519780947015,3333.487528916825,4151.034082581471,1240.4425316172455,3309.041085117258,1030.6368090675787,4833.597072445324,1722.3585434513918,3624.403774228942,3613.118033342669,2545.849389313123,0.0,1465.20669096377,4378.292728465857,4112.1936406780505,2941.151425442083,2526.5561520852843,3719.388258087746,2124.9420516244672,1841.0849404448998,2469.9455009811454,3598.777663625526,3290.869659087701,2897.6141902302998,3673.272690581248,4430.54304941471,2735.8322270270887,3391.9815801743375,2150.570995090606,2336.025084319301,2013.1240908908228,236.94723727024123,4091.2565480528106,1042.2497030069137,4691.185797858042,1098.265834525048,1561.3225238367636,5447.294135436418,2260.6551100643374,2808.0860369226584,4288.476481377157,2953.134688681165,4864.490152047797,3795.594066563626,2063.217018412023,2019.6448254824413,3557.539591141186,1907.812565997509,2629.3821756102707,2167.2320126412405,3326.806548827268,3255.205737142431,3599.531214679211,3751.6593856215145,4878.693654347442,4671.974946367435,3858.9427483917148,4704.082314074553,2414.45875953204,2039.3834563872483,2131.533185312863
4091.7103654706552,5676.4792305253795,3714.8302548037104,5950.164880098702,3431.9126833614228,6629.658696565684,5474.0216331192005,4319.120336839089,6260.805280791282,4070.8510869464385,2612.4467730870615,3253.0305444631163,5548.445133096027,2009.1771627183605,5062.301158258564,2805.1826501053365,4822.946412771035,4343.464804519083,5806.172390748659,6079.684606226625,2888.3035559326167,4148.768770531446,1301.2964420073545,3012.0602905765354,1914.5479739888995,4498.798060149066,6319.9418780650985,6068.941738941971,2243.8711138802064,2192.3926705314448,3886.043105022897,1513.755185208295,3878.3753291713533,6518.6412204521575,5992.936882227695,6045.930087132087,5208.028369425804,2251.6169374680494,2124.61134954137,3251.375079384875,4584.407897476074,3221.7242672792463,2528.869842138975,3396.853795876561,2389.7978632051713,6298.8025780623575,3171.130670190839,3863.3368529213185,4735.752317644685,3832.051573007467,1465.20669096377,0.0,5098.554994264944,5576.459923896701,3771.6812321155935,3583.900985202716,4213.2249281131435,2478.1445674619144,864.4689316915903,2554.262120376059,4842.9497658374485,4725.727424383786,3826.8806605616796,4759.830137109201,5880.322122368808,1650.8679755283279,4528.4917892279545,719.9836369279514,932.6343710640305,3037.524249490694,1326.1705895219516,5272.952949022966,468.27819279248945,5841.072271099717,2030.5766582904475,2670.692661263179,6870.240078943457,1838.0931154729349,4000.3332169619325,3334.9445984678664,3987.7081435557693,5670.057520763347,4501.133880356149,1841.0574009394709,2973.6259909950013,3979.2503857096,837.5190220078588,1442.1692287176288,1928.0852162210058,3364.6258379298283,2988.0119801265855,4818.91120146294,2797.181567128062,6026.0217205354475,6120.569207104352,5265.306412813979,5609.598567146494,2677.3806795224323,2541.67847569849,3555.3752653042125
5354.53001174781,3948.4561898385045,2448.3712856021248,907.1329272030637,7603.091737215657,1628.1480167850218,1570.9883756428624,1212.447479141674,6121.589016914481,1042.145986879478,6921.4586169726535,6434.943748573564,2223.103611927478,3906.5355896037863,1207.8552082969215,3896.153419111214,3386.6916966634267,821.1528426060528,4684.563105124319,2135.585935016664,4106.797998424686,5633.130205798992,4507.28611466379,7019.102349714243,3191.1123938409005,647.9893618486345,1376.4083966980877,991.7846011508747,6522.166492616545,3242.9051508325065,1686.81148989447,4818.232758397316,1699.95200987822,5535.917114516257,5018.2967963588,1717.4581649091194,5118.157033307985,3546.557949343138,6588.668212630532,7075.607683546128,2304.452880152901,4840.6738202113975,4949.455360457351,2277.5289881283625,4712.893296418667,5211.023052506389,4426.349736063453,1777.8391824560515,1678.426591384026,5583.153716802091,4378.292728465857,5098.554994264944,0.0,4935.362354442681,1442.8714316421267,2027.244688084051,1072.6149475865047,6443.416220747268,4567.887768211912,6834.29759838449,2261.3906606628148,5129.294508946138,1552.235233431132,1517.518508726994,5556.148336816432,4780.32240200397,1782.4428870325692,5725.699484792055,5342.4143214619735,5831.968095501553,4269.064836611058,1973.8565582356787,4707.710876435064,1991.5771886065575,3292.684167353134,5422.536224174903,6631.007904044527,3682.9991697030023,2189.1627448988347,4966.323721063903,1679.0508221042626,632.1347024495648,598.5100085796397,3482.5478317315333,5930.201486850595,1355.4674990932099,5900.388551931559,4961.259129324732,6531.045508986905,2385.8535894251772,3097.8624670239965,6482.052210082621,4759.513341562245,2068.186855357368,5731.038792363737,3480.8814113928092,860.056371950118,2514.3805800745445,6307.385407989669,3455.885764050224
1962.7162480832528,1207.9149082911429,6237.728120040902,5028.270485749349,5461.382840636701,5189.0515933246415,3621.9168783925725,3848.0630791816548,1186.8015681090078,4488.065948966548,5271.126331690884,3920.561851429461,2995.0392773726685,3624.4086308396577,3774.476541623222,6824.411100703855,1553.9302775790811,4985.609508414594,500.79311945153535,3560.557787202027,7045.811826984383,2160.4198167025315,4275.663975112755,4975.260467418566,4616.298107122741,4958.938992340701,4927.76372547396,5191.5735538953895,5068.667103081835,3837.6672584759094,5600.846544996033,6575.245359982927,3576.2631780310853,943.3453460742783,454.1566731393472,4002.2687890806383,574.2376732068354,6058.384593999708,5307.37638358257,4804.563858271946,2638.825450159408,7767.374777017651,3250.686704788697,5774.870494058633,3279.9630222735746,743.4109083306486,2428.3857923610494,5682.63980461493,3257.0713731211044,2428.6823618548806,4112.1936406780505,5576.459923896701,4935.362354442681,0.0,4107.640564738473,3449.7867728804636,5199.821884166803,4707.443108303806,5832.652971014306,5198.059666888983,2680.1052170496964,1109.641176446242,3830.688303384785,3418.2569365372465,623.7887359114467,6651.129892058116,3168.047621281126,6243.308123134242,6433.835644769301,3446.9958110786847,4274.865594177787,3094.686562959164,5148.35142156953,3476.4553163318524,4040.0951871885395,3428.987220326288,1718.8859032050377,5790.170045792179,2952.371337198117,7917.017060150117,3512.7429379100604,4928.6502015895785,4706.377481867768,5498.435511523619,3609.7355070316444,5280.933573066414,5876.839667984571,6616.660875862538,5452.164171622128,5865.810838705677,6263.205865793811,2512.611938949786,7440.668169227614,3577.918530287826,801.4903408550849,1507.4677606403395,4499.67025149288,5082.18589158425,4465.126147300321,2233.8866228036286
4111.058387725113,3382.471877706155,2204.9810156157805,2205.457071586069,6161.323866056872,2863.0513655084856,1851.5204862620346,613.9687162730692,5253.726987534564,466.5439233191232,5479.280424368331,5021.980052188678,2195.5638159384025,2464.1449593175316,1375.401696063008,3233.4181805242883,2600.6984375563425,983.1851158215323,3985.5954568752963,2522.602044502858,3466.0378043829814,4374.2907896800825,3075.31879095485,5578.188187951443,1864.4014805835143,1039.4613573904514,2549.6916969253366,2339.4779309420724,5080.9280887287705,1804.0727658409457,1501.3919382669537,3766.6867556864877,536.6546787441624,4872.797464149829,4305.596589396875,2356.5762351025273,4151.020379763149,2651.97742380021,5151.980764360927,5639.940679418535,1623.3566963819133,4241.683176012206,3533.8277419700303,1793.7557385825976,3290.881652413074,4554.337258870933,3090.6309647429603,1588.3600046151373,1297.1768806365617,4280.03148603956,2941.151425442083,3771.6812321155935,1442.8714316421267,4107.640564738473,0.0,712.3897233537272,1124.2395701828855,5000.96521453789,3359.851108460165,5392.002955511152,1755.20563739808,4039.31744722744,280.8723472113266,1227.4550701553194,4695.1470056181415,3761.7787331043273,1194.0883180611054,4439.360187050043,4149.497788363912,4428.464701673143,2842.259130911536,1873.946666924382,3351.320281272144,2293.224335137974,1867.2347663068506,4006.521704409949,5823.370454101301,2639.60559638746,1157.2990369735908,4385.419353127475,622.925616464759,1933.277464242006,885.2703242518637,2379.379366709941,4518.479114003959,1173.6041131851061,4541.914822220469,3889.77065434776,5101.431147935352,1902.0245912195771,2488.173365812961,5246.661931675224,4045.0863906890786,2457.748257237506,4903.1756296817475,2862.189592762332,1837.9173849999354,1476.4404245105861,4867.135461123925,2223.5444659574496
3405.192318012156,2832.5747464949627,2794.106005582823,2651.4793730770375,5632.64801977134,3230.3364147642583,1893.8350704969007,870.0145320361038,4576.264686114321,1167.0689064224098,4994.305722068083,4412.8376109878545,2010.3344897787536,1976.770509392023,1515.5589573239968,3601.5683198091633,1994.0543766246699,1690.353112206145,3369.496378827703,2498.696282264413,3834.482792017718,3671.72891146664,2683.018149521169,5044.161153632286,1791.0700572389678,1730.083471678751,2903.704520740704,2804.614854775072,4608.682042734668,1429.7589870509642,2158.229500536261,3864.974624883842,347.6369621343512,4254.596284911766,3679.516313833926,2476.678913611937,3459.3553181257635,2922.9990842177826,4708.321058159586,5079.989487180067,1175.5152153928082,4602.703466866075,2931.7775500663415,2342.202661173879,2702.2554742290745,3942.632876982588,2411.5810298872398,2236.8210600065886,1154.3788519346674,3589.5049864406096,2526.5561520852843,3583.900985202716,2027.244688084051,3449.7867728804636,712.3897233537272,0.0,1834.8958938525636,4485.335849782711,3332.1714359595903,4905.82826381978,1386.6633965551991,3330.1489278277036,489.09865511980286,1177.5857037048304,4022.9333262147165,3886.0384969148204,956.13428426869,4287.984658086477,4108.794885664286,3806.663071665918,2477.526482023956,1712.4973830908475,3131.1493986793407,2259.7832269182377,1560.9669199137431,3403.9122036727094,5156.650328591227,2804.4938188450333,578.0542139280717,4750.959213694115,426.5910616456938,2405.084966763961,1539.2677318598608,2514.7321918258012,3908.041122514706,1861.4841333701986,4288.143659199164,3967.305663004679,4687.068803731069,2439.6597556249517,2925.8195037577075,4541.025465941586,4353.394928575398,2443.6392044788445,4237.508989567456,2313.2475349415167,2192.056099627243,1781.6946936142003,4331.277533439989,1512.0219744600274
5215.42917441029,4389.503790848801,1419.7859662417434,1973.7334140055484,7002.452773333427,2694.4402694483692,2368.148278190578,1401.0559981546062,6358.815716488251,712.2035008935295,6269.126465842669,5985.583047452604,2916.7480322059014,3348.9793314269646,1895.122603785834,2824.6610786021747,3666.7239997852303,296.05814808918836,5043.547133497415,3018.4745373822516,3037.1750670926103,5472.535762008047,3820.0138679890943,6433.665559825907,2366.837735463291,448.7105617889997,2449.023277869976,2039.6383398244893,5860.522263227058,2636.339153022994,631.1001927824142,3783.788705610423,1631.8485567383389,5926.871025721751,5370.093031100392,2678.506880083193,5267.657879265319,2491.5224906681055,5891.556444791987,6530.222594902949,2622.5757069844517,3778.0545230753355,4508.242883583138,1205.549154860556,4254.528053461395,5604.285718403818,4161.894152722892,727.856132379195,2127.123454051739,5359.948674392787,3719.388258087746,4213.2249281131435,1072.6149475865047,5199.821884166803,1124.2395701828855,1834.8958938525636,0.0,5840.067764189128,3602.1809158866527,6184.909555928041,2687.8664434686852,5163.553520920355,1384.3694361639887,1996.5514326871219,5797.047357364781,3737.4032888941756,2117.3504924138088,4795.328462240934,4357.286308907874,5414.88173311089,3568.830291855442,2612.7016372919425,3863.0181105934516,2830.1166704572443,2625.916639877968,4973.856675370633,6918.572120903922,2663.1659385875682,2252.379227237944,3906.567354224934,1687.521606493084,1703.7674803144353,667.0337644737332,2491.162457839312,5489.111824849718,283.69446353427514,5038.798709044945,3931.365433613365,5802.291692896868,1314.8837689944312,2025.904987308635,6349.088690810752,3687.686477628081,2948.943163095043,5999.326229050059,3878.9854154067143,1881.712154887139,1546.1566337735646,5735.273616134194,3341.491090931861
2773.6871047306327,5327.500540368344,5810.173326669351,7136.046675195236,1163.7732702292146,7702.865822247329,6209.686326540657,5354.70758525057,4938.132395133305,5430.192652627345,578.7225981590834,1020.0689114099106,6004.116083169612,2536.8835331201153,5943.262597839422,5211.221389933937,4691.870330182836,5860.869991465174,5107.477340208667,6651.8918542107995,5323.2408117057785,2654.59317628634,2045.9233627372262,600.047729862384,3566.7008696984944,5975.558846773246,7375.107432649643,7287.225057416644,417.5177983954695,3219.823823982455,5728.441337196095,3990.9235412162434,4832.972399337285,5549.6294395817995,5161.40384404747,6806.56972771601,4178.908108129323,4548.82558851271,687.2209957422718,781.0915087248104,5014.76999324615,5699.445022533071,1697.3973755585341,5395.160222387468,1853.8362252014063,5437.65385686088,2570.029314429312,5740.108331302206,5443.431656655202,2331.5343459224446,2124.9420516244672,2478.1445674619144,6443.416220747268,4707.443108303806,5000.96521453789,4485.335849782711,5840.067764189128,0.0,3303.6570850154826,497.5021974152476,5270.509421192984,3619.572125139932,4914.644475243555,5536.9001124174165,4750.849379471949,4128.722054225738,5220.658214463382,2692.955853578925,3306.570438837951,1271.909535354225,2299.7442711153776,5823.644430812462,2439.554953119113,6435.763250919738,3214.1880905611292,1330.5650252077119,5466.24116298156,4112.960031083453,4616.165617831536,5813.068153345271,4901.02315708159,6884.738246465147,5875.972109691553,3997.612557860629,1113.5809702540719,5682.325119034373,2044.675804651681,3911.028162451531,918.5469023348776,5401.278842577376,5223.415817095648,2953.734056270469,5275.010804766185,6618.604544496067,4957.7730463510525,5104.253130444551,6671.701762075775,4517.213488592829,243.5163947992004,3539.2188306596695
4567.644325855506,5753.239435714283,2926.6640689660644,5453.352235682195,4291.3915528253765,6156.7208549724755,5165.366752906612,3951.855540773347,6639.230417971348,3581.7868109948977,3471.6202604042105,4002.857819303853,5342.0482711758605,2215.52471615033,4716.252556877123,1940.9156201195356,4869.777229205973,3772.8748390292517,5996.085010133195,5808.519774974773,2029.356253683665,4669.926446712518,1732.468802394144,3855.733415794199,1542.4131776216773,3938.3743229602997,5861.629239625192,5556.674235247196,3095.5328796267045,2109.1017506844,3196.399455440449,789.3738511054191,3577.0701572970306,6772.624683345889,6219.593772170736,5705.87162188539,5532.841104526679,1416.5664484015567,2986.4870910854447,4083.0620358320543,4440.719501894372,2418.2500658889685,3058.200892426134,2657.7911298980966,2867.283602084733,6524.112695578227,3529.925519512416,3159.9033924903465,4475.060831013697,4375.705258382128,1841.0849404448998,864.4689316915903,4567.887768211912,5832.652971014306,3359.851108460165,3332.1714359595903,3602.1809158866527,3303.6570850154826,0.0,3411.1088172487257,4683.871977869271,5099.781134879124,3472.6652797073602,4470.458921408516,6208.903492321329,902.9679896746065,4286.7421993403095,1221.3769680618675,789.6832314858913,3707.8762120265023,1625.2577272115952,5043.825662108674,909.8469006514227,5570.520189996084,1909.6685243470922,3296.689346778826,7258.785800504724,1032.6891807494646,3828.558859938946,2542.143819231713,3694.9434553201218,5170.723074632503,3982.8398692955257,1118.879259259908,3668.6090697752193,3345.720792715674,1643.6537924772965,793.5393041557553,2792.516216513344,2609.910649997237,2161.4850978232535,5412.770375049453,1998.1107174160798,5749.257617759792,6451.482007991807,5296.908529179639,5170.689656057884,2061.7569726279576,3343.2631195215545,3670.2860349467314
3256.083513171,5824.76602617633,6060.772255852302,7550.785992880211,883.2168387123289,8132.645381374071,6662.318467140774,5772.245644702329,5396.736111615983,5809.856916493297,88.79515345445364,1414.3830042085488,6475.520145923801,2937.233343063673,6381.48299794413,5347.136511497719,5183.834206908338,6222.829491523932,5602.053624480223,7118.929390730393,5440.207624747515,3124.245197818667,2365.3005167937963,528.7927688613,3866.0996477588365,6344.527606879255,7805.182322402533,7699.074827779505,331.8463585004366,3594.293345484756,6034.23403869124,4040.38465606989,5252.913883079848,6031.967743888059,5651.746520823187,7260.498226265812,4665.117847849506,4728.580881123321,453.13104851025133,830.4743482955993,5481.381308280332,5755.138777724478,2181.6705901570017,5665.256904461174,2323.2811417045505,5925.8187861196875,3062.34835846822,6039.2733045047735,5892.8664017237825,2807.192507763762,2469.9455009811454,2554.262120376059,6834.29759838449,5198.059666888983,5392.002955511152,4905.82826381978,6184.909555928041,497.5021974152476,3411.1088172487257,0.0,5739.245093210866,4105.728848779106,5321.235758256253,5981.221723469294,5227.281547292436,4180.904023034851,5669.429860651686,2633.6717265946413,3296.893193685534,1754.419347665774,2617.6687997760528,6287.784036423802,2605.36371589784,6900.242608442837,3568.2107140630023,1827.3394707916202,5911.915528470024,4295.017947735376,5064.941404331249,5859.966675318385,5326.050826061745,7294.674534765002,6258.1522166340765,4210.5709304979055,1593.2081447422368,6012.942840429634,1973.8082937045835,3943.7819881813957,701.3032291056412,5662.658470323369,5429.594045475592,3359.965011998934,5331.287856639613,7084.110056522626,5430.398500905251,5598.34767761846,7097.145318951276,4807.737436178893,734.9918868701886,4017.7439496305637
3430.2286926006846,1715.254523978584,3947.7824380429074,2400.2842403209247,6349.103023495523,2706.984014590777,1063.1043881736168,1287.558871104541,3866.8561081427633,1998.3917066531278,5827.370262694486,4942.231066387427,741.2471312619023,2992.4600074487207,1098.956921387276,4944.884435231323,1149.892035938157,2430.860867928274,2425.992310645893,1382.0457282883224,5178.532290219112,3720.8009356462485,3774.1586712561516,5765.532805188519,3154.9714775509465,2367.9617727898394,2402.7741430704637,2568.0125151566144,5479.877696697709,2651.555113101178,3204.0531094950657,5246.0084812979485,1265.0663086652808,3288.313040023562,2759.4988221385415,1607.5345228616402,2909.725643611954,4296.001699389794,5629.213126150137,5732.884141111696,265.4898750800114,5952.303404239153,3584.2912651994397,3548.52630185828,3417.3759859466736,2963.024686698712,2798.10725332143,3298.2328946096272,589.2102511871292,3764.727374238406,3598.777663625526,4842.9497658374485,2261.3906606628148,2680.1052170496964,1755.20563739808,1386.6633965551991,2687.8664434686852,5270.509421192984,4683.871977869271,5739.245093210866,0.0,3012.7548256746686,1491.3623424674504,746.6652579596831,3303.0311701679416,5270.267688519247,574.9045703905999,5560.338332317288,5447.024228293555,4324.3262896591195,3615.5653685037973,571.8370601360148,4377.333472286981,1172.796993995551,2824.209145817108,4015.4891445513836,4369.660195202597,4190.8926165295625,855.5364503760195,6098.8883401506055,1152.356599405757,2268.429103049068,2104.8243483742294,3901.3919933963316,4460.047527931962,2838.2380722661374,5474.342192987574,5344.38892934646,5658.229014958744,3657.1755196941263,4227.483449056306,4494.330207904176,5721.635824314932,1351.583530567016,3472.085155190898,1225.0001997408,1860.4458978785167,3133.868801365654,5075.622303917028,1751.5381724061851
855.3277780576288,2053.496643865044,5993.08438055414,5407.917892174862,4351.74305771492,5699.328326950818,4061.273719544153,3943.274735233395,1541.2786334044206,4476.430002812733,4176.685854604102,2811.309293375064,3531.9267058774026,2899.7309625884263,4083.2435734882383,6336.098233799174,1907.3648848607863,4998.756654022379,1567.07885279363,4171.818281971783,6543.989939437255,1055.0756026996362,3436.191520527924,3868.4194036398126,4080.8541157961045,5010.571929993621,5405.683370803177,5576.241082797354,3992.0589624820173,3286.4877452175297,5455.85948640661,5873.344749693824,3552.0501702619576,1934.7909024959258,1557.074023273781,4543.160594217423,559.4120746506993,5549.672449675027,4237.996179556679,3695.00230341525,2875.8498656202487,7219.821891195448,2268.1893712397564,5512.3917558441,2349.225822304233,1821.5776025720122,1571.5536788312393,5525.066903297824,3514.786083403939,1319.8215639827988,3290.869659087701,4725.727424383786,5129.294508946138,1109.641176446242,4039.31744722744,3330.1489278277036,5163.553520920355,3619.572125139932,5099.781134879124,4105.728848779106,3012.7548256746686,0.0,3786.3548499167377,3671.522514726827,1177.3707689750918,5964.943102755634,3364.31175471626,5353.061918865222,5624.080748150848,2351.409828763374,3484.9080129303275,3535.158582194723,4330.452885234292,4035.238363532073,3472.6683855163888,2376.115531797224,2159.246905383448,5226.552448054071,2964.687162160622,7366.860604530875,3523.517662203498,5256.662810864132,4782.265438035513,4950.638302540896,2513.207725431784,5185.330043302644,4927.97201058549,5893.26755772865,4396.383941420154,5588.548581016005,5873.6907288549855,1558.5142433080293,6860.5431816475,4172.5390895024575,1409.8234827825072,2110.5351992433107,4867.261613031808,4716.788491504045,3376.304983871274,1855.2057776327676
3890.0585786947986,3103.0813711981514,2482.586082587671,2233.15074543771,6069.3374600733805,2853.6770978090713,1695.5453869112443,492.4595768690061,4980.516915809944,690.7011713975878,5409.225419534482,4882.755259895072,1974.8873263419362,2384.0363705635864,1245.7379708530202,3469.0028973756994,2320.150243124785,1214.5479132273867,3704.9815981460692,2352.39892513366,3702.3603998854564,4158.311844219959,3042.455634511701,5482.806373946192,1946.2334069073008,1244.302961851333,2532.018873524051,2378.614044321819,5016.644766527224,1766.6032839347374,1782.0804571974295,3924.4274102217764,256.057638171565,4592.141082281009,4025.3440740103197,2235.852434671395,3883.6026366538836,2858.2240924969474,5101.650132443129,5530.356505709555,1348.2566407401819,4477.834775344999,3397.312006395203,2064.4537982841853,3161.7769788150777,4273.550967000628,2899.962729521881,1869.2233589202226,1071.0645822479619,4078.534318905506,2897.6141902302998,3826.8806605616796,1552.235233431132,3830.688303384785,280.8723472113266,489.09865511980286,1384.3694361639887,4914.644475243555,3472.6652797073602,5321.235758256253,1491.3623424674504,3786.3548499167377,0.0,1025.0892601417695,4420.78439790463,3927.947805173587,942.8692137947871,4510.9575237127865,4261.005122310111,4280.708401788306,2820.0548604624696,1655.4950784997825,3391.8312108962614,2117.6819797847365,1858.9528295631922,3870.3593128927964,5547.4109509564905,2813.0738147364705,878.717227494716,4622.953749618203,345.48953160985945,1973.5876637985964,1050.2338909238265,2541.1474618213324,4378.037456869687,1450.495247567878,4573.4801318088175,4041.1143875937237,5064.777979459415,2171.162495816469,2738.3093238151528,5025.7109995138,4267.0325340079135,2290.165772884138,4627.286834292964,2582.4909253658575,1813.999261494062,1681.269348596173,4769.966233030375,1991.3812847594002
3996.4486425056184,2454.4331535189544,3326.093670195715,1761.7901313519155,6658.916499507409,2198.2825893160325,716.6625704318596,642.5766707031928,4604.759656258837,1346.0624847665877,6070.016420178449,5333.813896774146,972.6040905568926,3096.765368393285,433.27710614917083,4457.716805456017,1872.6981039606997,1723.8017591512664,3172.6569945654383,1338.1155248258647,4689.758506942761,4284.03445322397,3836.514110597014,6069.553126801099,2930.7512615525734,1644.2486087505138,1873.9417237950602,1929.793525340211,5698.205370729717,2602.756248320038,2554.4588159868617,4946.412099810731,893.7907602498468,4033.3729837599944,3506.15262730475,1306.3128743222283,3618.1827818518236,3875.3912895030353,5817.861969963279,6071.850595069843,801.017595822963,5464.9771730415305,3900.081108638255,2965.0916806614937,3698.980267388433,3708.0702992378665,3213.2893064300947,2651.788653343437,161.56092741749183,4284.847813568179,3673.272690581248,4759.830137109201,1517.518508726994,3418.2569365372465,1227.4550701553194,1177.5857037048304,1996.5514326871219,5536.9001124174165,4470.458921408516,5981.221723469294,746.6652579596831,3671.522514726827,1025.0892601417695,0.0,4039.638756580222,4951.960804734424,333.97376031658547,5460.996220726123,5254.96366226228,4714.454380348271,3641.4863411799306,651.311958140644,4308.458132661382,1100.481911849986,2738.493350316009,4357.981412041359,5114.364734335047,3838.1386030275144,924.9336914882056,5607.740820564463,777.6619903389904,1588.115494300084,1379.8539522648764,3565.173325877018,4836.21445405805,2177.132422680118,5464.354821288237,5060.794935533843,5814.535408717106,3077.817504270518,3701.4224805175913,5097.779777960205,5272.538222299389,1278.9530870770825,4213.522024912769,1971.1543107674245,1228.7511416820737,2697.943586076069,5362.707959350388,2168.2430785592283
1982.1416661782778,1792.8402860360993,6797.121438464447,5650.405311807287,5390.136541833889,5800.007472961135,4243.044011650245,4458.017556795061,566.1784285293811,5086.597503653007,5293.850643561545,3878.2254150652457,3610.570099707386,3993.9885608830928,4398.07206780903,7312.522818488843,2171.117381798829,5589.337048299378,1014.6176540352532,4162.399579096775,7529.525138321872,2106.7165980475397,4583.220374903764,4947.445149677154,5077.826311656298,5567.456859443907,5543.007580894419,5813.332601770177,5135.615325999602,4287.33142090275,6180.157238042734,6969.857991336768,4168.123649498058,836.7023545383394,758.8662614354398,4612.830557111436,676.3804152605248,6536.650357151512,5387.508020755051,4745.624953427841,3256.398451734217,8235.034729195742,3445.0107254642908,6328.438527159524,3518.41339141608,866.8713723067578,2710.0463162139868,6259.676948613882,3878.303713661554,2420.27308502677,4430.54304941471,5880.322122368808,5556.148336816432,623.7887359114467,4695.1470056181415,4022.9333262147165,5797.047357364781,4750.849379471949,6208.903492321329,5227.281547292436,3303.0311701679416,1177.3707689750918,4420.78439790463,4039.638756580222,0.0,7053.938695003877,3784.9402812098638,6519.6140811136975,6766.4342035853715,3479.185847099289,4612.958539090179,3716.8777231049726,5472.783541736782,4086.93776478013,4484.936679462265,3543.2755765767074,1136.6705443852227,6245.9708427066,3545.2021749853707,8383.92328339197,4109.758300614405,5552.27838891324,5316.99827470068,5959.486700512554,3637.4579998241907,5868.531435568017,6104.0848414291395,7000.041911317388,5555.250412938197,6415.944618205569,6782.901966861087,2232.986463666316,7894.2344735907745,4182.515320077262,242.58897861609444,2128.1804693173935,5122.679515862768,5604.629582816335,4507.490042769368,2718.336430111071
5458.967129927877,6482.23747918456,2742.2364535265738,5686.442796820258,5047.064107085029,6405.6505474395035,5611.749688935528,4374.6803030925585,7499.7926598770055,3884.900154391873,4232.7727904722215,4879.78769488233,5876.906607746801,3066.468777620604,5136.712550958346,1382.7832152890055,5592.256705570659,3960.016239041577,6783.271782522428,6277.882190063939,1378.3390807925311,5567.720054787596,2633.3462329538056,4654.668266799365,2143.693904122041,4132.762222601247,6133.543013397884,5767.811936432134,3880.8580268637756,2844.922103409687,3219.9413573220554,141.21196783559097,4077.6187240116014,7584.891533035987,7022.615067349342,6110.452853445316,6379.776787410434,1255.4234673264634,3738.668470963025,4900.059430286535,5044.391261953022,1574.8843365495131,3959.747894644936,2617.7598861350903,3765.0419370127875,7324.687789770155,4401.186634070407,3159.0540236319166,4982.307826296766,5276.2412723644475,2735.8322270270887,1650.8679755283279,4780.32240200397,6651.129892058116,3761.7787331043273,3886.0384969148204,3737.4032888941756,4128.722054225738,902.9679896746065,4180.904023034851,5270.267688519247,5964.943102755634,3927.947805173587,4951.960804734424,7053.938695003877,0.0,4815.637032897932,1671.0580634295748,971.3392549161184,4605.2113893450105,2514.0248642974875,5565.1759804488665,1803.8628841355987,6044.644513253447,2639.4329424315747,4198.162998726943,8120.866887555293,1124.163079552073,4427.5908526294525,1684.6528986188816,4198.539571243791,5407.166387457482,4231.92775360556,1386.8228797986426,4561.42088101438,3458.702966438864,2268.967883281295,277.44603953381625,3520.7248944859357,2537.263498559028,1911.5401627548922,6315.531437810281,1150.5896965339123,6214.442527545813,7296.352776114447,6004.377700903317,5479.98828058464,2312.8062979395827,4190.130443358774,4449.494539535249
3668.2225359055033,2274.3910885661244,3375.6980572805974,2091.3154175315112,6337.35196888164,2530.351298308202,997.0288152034527,716.3989072911819,4351.093999703638,1423.9167420899298,5758.20028697092,5002.998669723289,1061.8665297465593,2805.6755298252147,767.0134751469494,4411.6021551478325,1614.2558091932021,1866.423385155951,2955.8664286237636,1552.2527921572569,4645.0178978800495,3955.1443575012527,3558.9335366283535,5748.352183265131,2744.6286210094067,1813.7116817272804,2206.7335179871634,2258.8719105980754,5390.278910367904,2349.818449915865,2629.2186024553,4801.3424919397285,743.9581708940356,3830.3017323188783,3287.331935421186,1596.015092164232,3335.7366583969124,3788.872073399153,5515.761467515161,5746.333679375224,529.4809708780854,5420.387857299974,3574.958371859594,2982.872313333576,3377.693684705734,3505.7173493095534,2879.9081372519504,2723.522338893698,223.80811311478436,3952.3109154645213,3391.9815801743375,4528.4917892279545,1782.4428870325692,3168.047621281126,1194.0883180611054,956.13428426869,2117.3504924138088,5220.658214463382,4286.7421993403095,5669.429860651686,574.9045703905999,3364.31175471626,942.8692137947871,333.97376031658547,3784.9402812098638,4815.637032897932,0.0,5236.829079786832,5064.66242972471,4383.3880205727855,3372.8780998103084,757.1096910811541,4071.0518045463386,1314.2900158416335,2498.682966200594,4030.635880186897,4877.163568036036,3715.5759737066337,604.6230237643941,5565.664500540524,623.7393709186553,1908.7580629529768,1553.5492053890664,3433.3798374314774,4506.268919443224,2263.516626120736,5211.372279991135,4908.694064557802,5519.159674934673,3092.6325571891016,3679.042252855082,4773.993922973928,5204.988105600627,1500.5566896442135,3967.912159012722,1769.7058289865581,1560.9383201539388,2615.6059291271304,5043.205870977308,1834.2709937203933
4673.610967508528,6384.232330644774,4139.8468856170275,6594.021795100468,3462.421218587507,7284.169137194235,6173.011899552519,5001.783684231556,6876.333957942706,4712.587397386811,2671.484874758792,3595.6824673346778,6262.6366675097,2716.533154745769,5752.366926150139,3008.2423605939734,5536.129063087764,4948.730154764554,6491.078069429762,6786.206413632951,3037.4116968282387,4701.7048199844485,1977.7342291230636,3143.11557920863,2574.9730718166743,5109.810956662194,6979.393900427531,6706.425908743047,2370.2925775663216,2908.8966080526134,4412.765994189585,1533.0941098500773,4574.620747459729,7182.580164270358,6667.171168762432,6739.291107892952,5852.504966216433,2611.008971514461,2180.6203660142223,3418.5900234694714,5302.4889827590405,3200.069803776787,3109.5031287773295,3879.151452761416,3003.8951608123743,6972.398318832696,3821.54473317911,4378.633875487651,5441.7168619229915,4374.255422363102,2150.570995090606,719.9836369279514,5725.699484792055,6243.308123134242,4439.360187050043,4287.984658086477,4795.328462240934,2692.955853578925,1221.3769680618675,2633.6717265946413,5560.338332317288,5353.061918865222,4510.9575237127865,5460.996220726123,6519.6140811136975,1671.0580634295748,5236.829079786832,0.0,705.8998342952068,3487.781306217464,2032.5414431998674,5984.260924945202,1188.2465430107507,6547.376119576606,2742.5773467397416,3175.214598912804,7478.006999912811,2250.30594096114,4715.578732947315,3288.9562189378566,4686.033895076411,6312.311947176962,5132.166877450693,2333.6430452085,3398.3211779684684,4546.616342515167,660.0607586252949,1401.997123583355,1939.7065953349752,3830.828091290054,3355.0791903691334,5308.45057277592,2785.869228726467,6731.582018145289,6757.751279623275,5979.33595610215,6274.484044524458,3249.177799028548,2814.4550700895898,4263.864077018052
5013.807946159287,6443.408435285784,3560.95864887266,6232.736827722634,4143.481359244784,6939.018632971164,5952.410570814567,4741.1589093900875,7163.548649704977,4366.085739793139,3340.8914703685,4147.931655690098,6116.218660081162,2817.659674836725,5505.203058312019,2332.672737564788,5569.274825793481,4540.227141020369,6633.982169350322,6592.63281291329,2346.5364283831177,5077.785364211547,2188.0124049019923,3793.186949557061,2324.356733669124,4707.782694020296,6646.170967324344,6332.951015043935,3015.7153316332756,2832.3795876841787,3916.7751654055915,836.4862639021636,4361.209110336835,7377.157444582026,6838.405386550654,6494.994449512102,6091.289593726602,2020.8946052887072,2846.3395983561068,4056.9300122665413,5199.534247814221,2495.9422870879844,3455.4001284739807,3349.7245601590885,3305.77298606574,7144.339133290427,4058.1185000348373,3871.7401580356604,5256.122409279012,4762.921153271488,2336.025084319301,932.6343710640305,5342.4143214619735,6433.835644769301,4149.497788363912,4108.794885664286,4357.286308907874,3306.570438837951,789.6832314858913,3296.893193685534,5447.024228293555,5624.080748150848,4261.005122310111,5254.96366226228,6766.4342035853715,971.3392549161184,5064.66242972471,705.8998342952068,0.0,3963.357584833597,2159.5127576647933,5821.292267574958,1294.0770238842047,6354.331190459938,2641.1611695176803,3602.7735357506167,7776.662200574549,1716.1705883078757,4591.681310963666,2587.528672166552,4478.393620712342,5950.13692467165,4761.525371546391,1866.705620982591,3893.7225593035005,4093.6700376679114,1336.8319152702034,698.3659144102039,2614.386376601592,3288.4779471112465,2750.3959899596275,5751.190768017436,2080.431545510931,6533.916227664463,7007.949798409518,6003.823920041127,5957.833218456019,2829.312223931816,3401.4630504183046,4334.577614169691
1502.338269370783,4140.685815954888,5693.880668538199,6416.602618259915,2095.0226600504825,6912.617585405185,5334.041523686988,4659.722229816387,3680.037342576295,4888.28675979724,1825.4023539113234,620.0844386839582,5030.956672804587,2113.7086643227353,5141.494999848391,5436.4282375905605,3587.3142100971586,5373.159814027124,3861.7320023315965,5695.601038102388,5592.596893217766,1389.6929572625024,2044.6451887418027,1554.5208458763104,3412.843560519732,5458.746206192865,6587.529303018318,6577.4223611274965,1660.259926537408,2822.6208932019194,5440.428251698206,4480.960491820588,4143.623089023543,4278.547530619475,3900.081903649845,5916.279361636417,2910.766064181043,4687.401692764234,1918.2365434627711,1443.8039593258497,4086.0844656811737,6105.76465647375,907.526951597582,5233.315626623432,1164.5421601436335,4172.059466314088,1526.305748691592,5473.506319971505,4597.7566616489175,1061.5686793010616,2013.1240908908228,3037.524249490694,5831.968095501553,3446.9958110786847,4428.464701673143,3806.663071665918,5414.88173311089,1271.909535354225,3707.8762120265023,1754.419347665774,4324.3262896591195,2351.409828763374,4280.708401788306,4714.454380348271,3479.185847099289,4605.2113893450105,4383.3880205727855,3487.781306217464,3963.357584833597,0.0,2247.51469314997,4894.045868177576,2801.3487788165544,5495.835828952862,2898.436025316067,461.05344153254083,4224.175163691131,4269.778398222208,3795.634555726487,6236.742116400998,4186.383574949266,6188.973259408462,5311.570135995759,4076.195490460437,163.11990629288636,5311.809380994955,2921.9534545705897,4442.354390470891,2105.774594296835,5266.229855277588,5258.2429438784975,1828.6196920095215,5693.473638857477,5670.993376880016,3687.4387847461276,3971.9840618935023,5914.268457839228,4329.116086235157,1028.4427676604082,2577.0408360142455
2944.9902823413527,4352.126726352646,3538.3202465853765,5042.351394326757,3451.5039198662375,5673.597126047108,4356.120702755836,3301.2864928042827,5026.108582286001,3230.6371662283586,2701.2150449521787,2677.5982432398255,4342.70124170291,684.0615263848714,3992.925812255093,3193.850944447001,3504.891569994427,3617.439629864333,4486.997699850647,4916.983178309642,3357.77992682695,3058.1989209614862,254.10813353767352,2899.560856867985,1268.4532509998148,3746.243135865316,5351.148263961671,5180.262051373946,2291.9691046069966,1055.0219314824692,3429.1569634872358,2410.683311269649,2807.6980123204135,5218.209868587598,4682.739141412428,4947.439835294615,3936.899446131308,2439.8928405723063,2329.1854544121215,3035.633696237081,3351.589862763342,3916.4907348498855,1475.2441053388425,3107.2782350294924,1259.9456202189842,4988.776530001119,1913.3878863152654,3440.369510762034,3591.178534128873,2775.886559216713,236.94723727024123,1326.1705895219516,4269.064836611058,4274.865594177787,2842.259130911536,2477.526482023956,3568.830291855442,2299.7442711153776,1625.2577272115952,2617.6687997760528,3615.5653685037973,3484.9080129303275,2820.0548604624696,3641.4863411799306,4612.958539090179,2514.0248642974875,3372.8780998103084,2032.5414431998674,2159.5127576647933,2247.51469314997,0.0,4089.1975447264713,876.9663033754491,4681.580280961654,976.549916217804,1797.1669067668704,5643.716564209262,2024.3326332127335,2802.7534578856557,4054.447087853657,2902.263254816489,4773.727804066336,3680.0613099024586,1830.2302608920552,2250.69255284679,3395.531102167229,1859.7015685577082,2417.0481196751134,2262.0021362777275,3120.7814009113163,3028.392043025638,3832.7210299029066,3518.573053163455,4868.909031767178,4855.032057460074,3948.80133319429,4633.262520415285,2220.030541003659,2230.1787960340757,2231.4019080569055
3989.8915537685984,2008.0359384054857,3968.017333732931,1933.590154826508,6911.061291414583,2164.5310831293227,532.1572692963988,1293.3044995858475,4272.1045871422675,1988.4035916385285,6376.167830780883,5512.414011739321,321.7612730037598,3492.2871365958727,769.1480522968252,5106.754107558539,1635.4732058927166,2329.345628008433,2776.9243349839408,836.604104420364,5339.077041400414,4280.482818331712,4262.897190788091,6326.10956681166,3501.7383038749485,2229.922057403128,1872.0759690164818,2097.0711811614788,6022.500681922087,3085.6846509392367,3189.762920889576,5553.508586234922,1487.5595003108276,3596.094246027487,3107.9819846873306,1037.9659788071092,3385.1023161390563,4513.525437582134,6164.382904505042,6298.4615255858325,811.6076920637213,6114.5183154235465,4143.665572732674,3614.550778422818,3969.8300751203446,3273.8335944957557,3368.1515450533097,3287.8814603342985,585.1780729017448,4332.214019652423,4091.2565480528106,5272.952949022966,1973.8565582356787,3094.686562959164,1873.946666924382,1712.4973830908475,2612.7016372919425,5823.644430812462,5043.825662108674,6287.784036423802,571.8370601360148,3535.158582194723,1655.4950784997825,651.311958140644,3716.8777231049726,5565.1759804488665,757.1096910811541,5984.260924945202,5821.292267574958,4894.045868177576,4089.1975447264713,0.0,4812.60811902247,612.4683397041842,3242.4761545917345,4579.781815897457,4736.6893336368385,4459.242733014318,1286.4453707254727,6257.636230157519,1366.638070834045,1846.2174850447602,1968.897620450591,4180.46903532319,5028.696722814471,2809.621701155513,5939.364160044491,5662.626059053697,6184.227756626045,3727.5591379245748,4352.548339712036,5039.639091417658,5917.462023182997,797.2618543646746,3865.211315676803,1589.5266533311105,1408.1057688916692,3336.1971494265745,5632.507728487641,2318.823623756882
3735.8110995960437,5216.949834872193,3495.126531130454,5543.946049158938,3487.7426922690265,6214.033849626023,5023.956691128816,3884.2333592558525,5870.432555478429,3671.736919207584,2674.519416823142,3095.687320127309,5085.551559656828,1554.0144660742385,4620.032657939227,2772.116816923306,4359.529195206519,3973.496607725367,5363.951669412114,5623.091032134194,2889.989886330054,3815.561897221692,895.4966861323384,3012.4871497613067,1517.2872869816051,4123.342069780047,5900.856095998614,5667.508042436729,2278.1986492676615,1728.6601556422247,3583.6134371280896,1680.4576559360253,3432.3463290670425,6091.563221773291,5558.661107793854,5600.094447565327,4797.92511432442,2123.6479136363446,2212.012333117743,3220.425910332048,4118.174562610235,3325.2625337282766,2192.3371703323833,3136.7021398978895,2024.799314689977,5864.698367337403,2764.0616318544708,3570.3666105117272,4280.259684251412,3510.1419432450307,1042.2497030069137,468.27819279248945,4707.710876435064,5148.35142156953,3351.320281272144,3131.1493986793407,3863.0181105934516,2439.554953119113,909.8469006514227,2605.36371589784,4377.333472286981,4330.452885234292,3391.8312108962614,4308.458132661382,5472.783541736782,1803.8628841355987,4071.0518045463386,1188.2465430107507,1294.0770238842047,2801.3487788165544,876.9663033754491,4812.60811902247,0.0,5384.746797537374,1572.5153299084243,2398.06542722462,6484.429578499098,1689.671070002088,3536.881012259531,3450.8451357592103,3539.6514169304864,5265.662884991025,4109.206434449966,1619.5919942433036,2759.3552186393113,3642.837923296204,1193.5287536544731,1650.4342632425567,2055.779285766106,3118.007142607919,2827.846152621638,4529.676641058167,2906.6522775468,5570.240008608605,5714.183108201644,4801.153618233956,5187.218357039638,2353.339991787205,2458.1435330850795,3096.360735088856
4544.260975717174,2309.308557920314,4237.177503129295,1669.483547573321,7520.668685368676,1713.083897602508,465.0541762515418,1680.6173701009398,4625.110434852989,2300.0920615586238,6988.621425365735,6113.082976495575,503.40523363290555,4095.686012526473,956.171841218931,5485.48317941984,2129.8043627453203,2534.7813896369844,3100.608460773143,238.93994246462813,5714.665505985193,4834.114446547682,4861.149306710606,6936.339381758219,4029.9745676374932,2403.7828022408767,1465.272721841569,1814.063476029987,6634.774082901391,3663.9845329774525,3444.833625894,6042.1069396713765,1993.4518683692863,3853.4732125712253,3419.7996004399142,525.925518830376,3829.2960654326534,4942.566419663473,6775.705923481774,6905.623728159898,1421.8997427192257,6485.782296898502,4754.211716944251,3932.029182076985,4581.927544172868,3541.981640680962,3969.537753860643,3543.8784595538827,1105.6593093032773,4903.348234417478,4691.185797858042,5841.072271099717,1991.5771886065575,3476.4553163318524,2293.224335137974,2259.7832269182377,2830.1166704572443,6435.763250919738,5570.520189996084,6900.242608442837,1172.796993995551,4035.238363532073,2117.6819797847365,1100.481911849986,4086.93776478013,6044.644513253447,1314.2900158416335,6547.376119576606,6354.331190459938,5495.835828952862,4681.580280961654,612.4683397041842,5384.746797537374,0.0,3812.2370784267864,5187.895410409215,5041.109378683724,4926.770053046621,1883.1038392072273,6625.025427093847,1875.937613821153,1671.9852010304996,2163.223775998221,4658.108054999584,5632.362289062823,3063.755162491938,6524.740369900476,6158.33580247992,6793.604433579865,4046.5943310795315,4708.642432915246,5565.866742623739,6318.0997106320665,187.51068056246794,4210.080524255089,1984.0096067836969,1226.6386582600435,3769.2515425291003,6243.919271374751,2924.334851887006
3152.515503553631,3853.1463962429457,2806.655496706534,4070.26581063817,4376.881524469791,4710.481042400341,3454.7981284580146,2346.669252102861,4968.022578763707,2255.2084935431135,3653.6782716907355,3424.162689007051,3520.242413302953,786.7566839201305,3062.6563082095904,2866.000091772853,2965.9498019428784,2654.619971149543,4147.694332807325,4050.60650147518,3071.642164997251,3340.6690352749697,1216.0336139535784,3807.98784921302,611.3123227131938,2777.9732331152863,4390.184149719121,4206.407062552315,3248.0356279474518,205.52480417214852,2558.653024430237,2579.57313531464,1871.9063978973418,4963.795355145093,4395.359116192555,4035.494335632873,3822.090133863669,2078.055229239348,3300.0009813795514,3911.0145486593374,2570.2819530512597,3754.2534153668953,2005.554135431403,2338.7824754262633,1746.5930509657942,4695.09498088601,2007.4019757609583,2584.817640232672,2707.831101826146,3125.9400200472496,1098.265834525048,2030.5766582904475,3292.684167353134,4040.0951871885395,1867.2347663068506,1560.9669199137431,2625.916639877968,3214.1880905611292,1909.6685243470922,3568.2107140630023,2824.209145817108,3472.6683855163888,1858.9528295631922,2738.493350316009,4484.936679462265,2639.4329424315747,2498.682966200594,2742.5773467397416,2641.1611695176803,2898.436025316067,976.549916217804,3242.4761545917345,1572.5153299084243,3812.2370784267864,0.0,2439.7754276877617,5588.3640438741095,1761.8436527186516,1974.6468199718656,3902.4550553337576,1975.152460592599,3800.0140640151585,2704.748881776643,1479.643390347823,2946.050619308671,2475.3377393713367,2729.265112167926,2645.3828809580664,3238.3908849637046,2377.7323086287493,2474.651034982104,4196.15577334362,3409.3266671507145,3997.7330312311997,4725.064600034586,3389.1942022117887,3672.2993261663732,1437.0558458494227,3112.1627931734224,1816.5165454421272
1576.2295235926144,3997.7956071441427,5233.080632439175,6034.284025113916,2335.9167665312902,6551.917222516171,4999.0157485061,4265.427043854109,3808.276364791426,4462.727726000994,1909.2851694647393,1015.8199890064178,4737.313124027374,1656.6338787414682,4779.761683904439,4990.214772489958,3369.4322095830926,4940.476502207151,3804.9404820597397,5395.603482669385,5150.392750271381,1547.2305024824195,1604.1004962644956,1757.932921300753,2951.8258446883347,5030.8146668920335,6225.310362086859,6192.919254793898,1652.32239324564,2368.620530854405,4986.370713460943,4077.472940312419,3745.4359479037957,4307.909223172303,3882.3967784308193,5588.547791563924,2928.2545496061302,4235.965165463239,1881.3503768158123,1719.6829266873585,3768.2903148717196,5679.192215778667,473.1619374431972,4773.13604796951,719.7481339781299,4168.6228496711,1251.6867676060178,5018.087821097296,4248.949657113156,1212.1842515863668,1561.3225238367636,2670.692661263179,5422.536224174903,3428.987220326288,4006.521704409949,3403.9122036727094,4973.856675370633,1330.5650252077119,3296.689346778826,1827.3394707916202,4015.4891445513836,2376.115531797224,3870.3593128927964,4357.981412041359,3543.2755765767074,4198.162998726943,4030.635880186897,3175.214598912804,3602.7735357506167,461.05344153254083,1797.1669067668704,4579.781815897457,2398.06542722462,5187.895410409215,2439.7754276877617,0.0,4381.980536476171,3821.4168614800456,3433.9245692041645,5812.292920272084,3794.9144089684028,5799.920832560562,4891.409209465613,3622.4394566381648,515.2697482930662,4864.480859543493,2653.128711677969,4047.3481495548417,2024.1320062448988,4805.539088198118,4799.5974757145,2148.5111281373424,5270.306890812527,5366.950236777867,3765.5153757100766,3776.8468272469045,5541.29736801383,3868.8516391126973,1103.5141306000567,2265.2030167210182
2816.0635059090905,2739.5400817087893,7933.635030461257,6658.749028587651,5924.526081004792,6741.484505272114,5250.147223339552,5564.211671946529,621.7894102869553,6206.898486829795,5968.05235225513,4506.449433183179,4591.822190278059,5054.416782620325,5450.923139410149,8431.561681132447,3266.652233260222,6704.075039277007,1959.7668045920664,5084.069290581512,8646.2533422985,2845.2405986172766,5589.1075466929415,5558.981370651012,6187.821996175553,6675.521720056343,6506.364776482333,6817.411910130193,5872.454055269994,5394.110205573946,7312.509818715937,8030.877932394939,5293.543847698439,1223.3757510532075,1629.5480665491277,5561.8228128779865,1769.1970104827215,7651.963103678036,6136.111360476845,5317.283610192332,4347.779093409876,9342.521215361354,4369.692095378002,7465.109047988649,4482.100571641939,1509.214239161558,3730.603793481157,7392.844067768303,4954.282874577308,3181.902310133672,5447.294135436418,6870.240078943457,6631.007904044527,1718.8859032050377,5823.370454101301,5156.650328591227,6918.572120903922,5466.24116298156,7258.785800504724,5911.915528470024,4369.660195202597,2159.246905383448,5547.4109509564905,5114.364734335047,1136.6705443852227,8120.866887555293,4877.163568036036,7478.006999912811,7776.662200574549,4224.175163691131,5643.716564209262,4736.6893336368385,6484.429578499098,5041.109378683724,5588.3640438741095,4381.980536476171,0.0,7349.972513876497,4669.759958010689,9490.807746896204,5231.309182986989,6582.798798891091,6421.602413570074,7067.015205213938,4369.914811124126,6996.963217403176,7015.443207113432,8052.212719861106,6329.857483790058,7552.547490464923,7914.25842739653,2616.634183895411,8993.882680886714,5113.4613869450495,920.1978707131414,3157.9925478520363,6143.2974740867785,6737.363938573973,5228.243622039241,3845.9957654955883
4842.5675412430755,5497.479106669256,1894.3609760491793,4585.751437627752,5177.385657569851,5302.1389617236555,4490.67603592065,3253.1270672585174,6729.399601980923,2764.3847645568444,4363.817747153288,4667.470022975294,4773.96472988249,2381.853914130336,4013.7989411754293,1171.1349047727165,4609.25762050463,2867.0720602281694,5868.434245413081,5158.904663962884,1347.7153672508155,4998.706489214985,2228.567308976779,4695.028396332551,1174.185565464846,3038.336640785547,5023.860004157163,4674.024420642772,3967.7284342405537,1958.692857950169,2200.9808195758997,1142.1796999386743,2973.379307924571,6704.287902781697,6130.629651186084,4986.353464552028,5583.927386335983,435.8665738893037,3896.945347443431,4890.694579709512,3975.6797696363824,1993.7103584244628,3482.492104447762,1637.6589859387695,3247.885229775985,6426.180613287803,3717.5535881872634,2155.644374031347,3874.7049666732046,4744.664383589002,2260.6551100643374,1838.0931154729349,3682.9991697030023,5790.170045792179,2639.60559638746,2804.4938188450333,2663.1659385875682,4112.960031083453,1032.6891807494646,4295.017947735376,4190.8926165295625,5226.552448054071,2813.0738147364705,3838.1386030275144,6245.9708427066,1124.163079552073,3715.5759737066337,2250.30594096114,1716.1705883078757,4269.778398222208,2024.3326332127335,4459.242733014318,1689.671070002088,4926.770053046621,1761.8436527186516,3821.4168614800456,7349.972513876497,0.0,3362.540609494554,2141.3802284566373,3094.3280797484936,4304.796869783521,3122.3764782897338,298.3219404016406,4265.336965595333,2392.311584401371,2657.483950055391,1279.869280872465,3727.9676100820675,1583.0524130969254,1151.1164662939193,5815.885448914034,1650.579571159779,5094.9473700286635,6485.707298793633,5002.448210976402,4362.062957362835,1190.9853223885673,4108.692593438696,3557.1875492430813
3168.935670896619,2263.37718284536,3333.9833345021393,2636.314899378486,5734.683699407493,3118.853767294645,1598.9973065055485,983.2204080316884,4106.487575386172,1543.737280094641,5153.706688752281,4414.158225498153,1548.8609566652515,2213.999378341828,1346.6176970547351,4179.535223519118,1447.9168421010922,2055.215523365129,2832.2763649398694,2116.513988117725,4412.39591901996,3450.186903751737,2978.366092732726,5145.464044331571,2302.615830412447,2052.237359566383,2792.885082378077,2800.872767382517,4786.590596313936,1808.2518226079578,2657.004342766681,4399.425082427477,623.8919036772317,3719.560421176809,3150.0465860494824,2198.030176737799,3022.157841988568,3496.130592451318,4914.276492500296,5146.985159187853,617.0264911946643,5180.1334589862645,2975.2048937444633,2894.6017562811644,2774.7361871603225,3402.9403129611305,2307.8991475850935,2742.1369231591993,827.9254034525087,3419.1165368173697,2808.0860369226584,4000.3332169619325,2189.1627448988347,2952.371337198117,1157.2990369735908,578.0542139280717,2252.379227237944,4616.165617831536,3828.558859938946,5064.941404331249,855.5364503760195,2964.687162160622,878.717227494716,924.9336914882056,3545.2021749853707,4427.5908526294525,604.6230237643941,4715.578732947315,4591.681310963666,3795.634555726487,2802.7534578856557,1286.4453707254727,3536.881012259531,1883.1038392072273,1974.6468199718656,3433.9245692041645,4669.759958010689,3362.540609494554,0.0,5328.50604139894,568.082943398233,2427.8220402776637,1818.412307607106,3069.389230860922,3914.9769893313555,2329.2064348058548,4654.042333142449,4494.847973435921,4921.412146681175,2995.6069039765553,3500.805229234126,4293.592826769906,4927.394732745694,2070.610090867423,3749.792789691852,1742.4833177167006,2121.9713534487214,2359.6950880834165,4439.512546667484,1284.2191107011297
6957.278363397716,7547.772201923691,2533.1942352857586,5840.494604198004,6720.365484890907,6547.495727254887,6162.948548782555,4971.264383960383,8870.451338608313,4326.298883865631,5909.648009709968,6544.939071902808,6579.395554746728,4501.349932391505,5669.867906080705,1154.2787497628117,6670.209166156411,4190.0450475423295,7971.467740708357,6838.520228246824,920.715199668714,7097.180701307034,4214.78027248693,6338.163950820616,3306.220809272272,4354.052818661828,6332.6471130787795,5876.08971963584,5563.303071737508,4097.444415850689,3280.6167677304215,1823.4214816122462,4834.971171306506,8821.183314500386,8244.338110347791,6557.5267969490615,7723.934991461412,1864.4382048534083,5414.754494468055,6584.698405517522,5916.861746181754,150.03850565104943,5528.903017135497,2715.159774309607,5312.162505173387,8535.640520912124,5846.151551260452,3188.5489102928937,5682.523277402479,6826.29243457684,4288.476481377157,3334.9445984678664,4966.323721063903,7917.017060150117,4385.419353127475,4750.959213694115,3906.567354224934,5813.068153345271,2542.143819231713,5859.966675318385,6098.8883401506055,7366.860604530875,4622.953749618203,5607.740820564463,8383.92328339197,1684.6528986188816,5565.664500540524,3288.9562189378566,2587.528672166552,6236.742116400998,4054.447087853657,6257.636230157519,3450.8451357592103,6625.025427093847,3902.4550553337576,5812.292920272084,9490.807746896204,2141.3802284566373,5328.50604139894,0.0,4950.459069825444,5586.404210617507,4538.635843809018,2424.5355582832767,6204.700478957305,3633.2632926436804,3922.0175663876116,1916.5488222328172,5191.131120329364,2601.6229131419104,1916.7157534204177,7887.0456290061475,544.2094016065876,6770.078371376878,8622.984781454737,7038.413832676366,5787.679998631058,2970.436062268636,5871.005244835078,5683.457051908196
3684.6297638146766,2759.667945935706,2827.3970802294466,2242.88299986981,6044.229746163691,2807.2908421387338,1486.9928458119766,474.6940282434572,4672.046427548104,976.9672022427364,5414.625859566845,4797.731397183986,1679.705734271929,2401.2399525715873,1090.987692981456,3796.184475852695,1988.4230079387032,1487.175613341276,3371.811743550491,2114.2871360877166,4029.7841355908877,3960.1897594706243,3109.269146250289,5455.0858159036325,2154.0369566416452,1487.6804576588347,2480.2039555959914,2399.4040529308522,5030.929458890971,1851.7947913915839,2118.985809663906,4187.390793411096,120.98926872247756,4258.353314175915,3694.485730428255,2060.903845619684,3590.211647578594,3165.5392775035975,5133.130995983738,5483.585203571839,1002.8028305065756,4804.480465200894,3324.9369211720395,2409.700884890488,3102.0565448149073,3938.490744831578,2750.9359849542116,2207.794518175321,785.1841916047472,3904.2780731174876,2953.134688681165,3987.7081435557693,1679.0508221042626,3512.7429379100604,622.925616464759,426.5910616456938,1687.521606493084,4901.02315708159,3694.9434553201218,5326.050826061745,1152.356599405757,3523.517662203498,345.48953160985945,777.6619903389904,4109.758300614405,4198.539571243791,623.7393709186553,4686.033895076411,4478.393620712342,4186.383574949266,2902.263254816489,1366.638070834045,3539.6514169304864,1875.937613821153,1975.152460592599,3794.9144089684028,5231.309182986989,3094.3280797484936,568.082943398233,4950.459069825444,0.0,2005.0076864416258,1260.6736965261866,2814.1323701355986,4293.606525554245,1777.790409735917,4704.391959309725,4297.8050383572545,5113.326848249484,2516.1112493059604,3075.168255833329,4816.643743168265,4583.5355303357255,2056.012291800319,4311.894088530585,2239.608377367124,1771.3322967995023,1993.597293403309,4742.740065083263,1781.5306505435149
5574.41953569634,3852.134430258762,3059.858199655664,282.6351964794897,8035.918569720328,998.511539143139,1345.55047437768,1536.3419134476544,6111.265094512346,1600.2971885759223,7382.70621649487,6801.792841775247,2022.968665972857,4357.4423035322,1174.9029200121176,4525.045226112663,3418.067900889331,1451.6278645207253,4623.040975077443,1757.4460655485275,4733.981855162734,5860.184486859948,5003.754764474575,7447.991399704286,3755.9718218378584,1278.3972361711365,747.1926105041458,406.56787348362866,6990.145018234814,3728.338689798581,2311.653524897925,5442.672073510401,2058.86711654735,5436.867882695054,4954.199012703465,1275.146914770216,5178.105626744301,4176.9182181105725,7072.528430200406,7484.7166591909145,2380.939476319799,5462.643788460768,5329.7677686335455,2907.4168874772677,5105.001846623074,5116.127071797376,4729.726657176923,2400.58691357447,1742.5429423139049,5844.343682424229,4864.490152047797,5670.057520763347,632.1347024495648,4928.6502015895785,1933.277464242006,2405.084966763961,1703.7674803144353,6884.738246465147,5170.723074632503,7294.674534765002,2268.429103049068,5256.662810864132,1973.5876637985964,1588.115494300084,5552.27838891324,5407.166387457482,1908.7580629529768,6312.311947176962,5950.13692467165,6188.973259408462,4773.727804066336,1846.2174850447602,5265.662884991025,1671.9852010304996,3800.0140640151585,5799.920832560562,6582.798798891091,4304.796869783521,2427.8220402776637,5586.404210617507,2005.0076864416258,0.0,1188.673215100349,4096.984399366564,6297.968776772714,1987.0156382054474,6459.0442976319655,5584.233316183431,7029.551762052329,3014.8897830816304,3727.4466232026716,6682.7496994126595,5388.63079427975,1696.979897400084,5707.247906542434,3430.762010956895,450.5758003100034,3127.9629589189517,6734.971272251426,3711.1310056644456
4931.863955719988,3819.783763383472,2081.9752407118103,1471.2354136201313,7037.9814603720715,2181.7880087150997,1701.807064979165,859.0553291965541,5882.602101790159,449.55308665050904,6344.871651484291,5906.691525682715,2265.350746165591,3341.063943370884,1233.6814877268766,3432.0237212341644,3154.9707835244685,371.5926615125764,4509.1560214782985,2351.88838438243,3651.861980147251,5203.001020846046,3920.6270708560132,6456.577060155172,2592.6946113688364,264.39487051189184,1901.9348360522245,1575.2713143233455,5943.340773147707,2663.894031302672,1289.236305124084,4262.8187863137,1247.4927774159655,5383.5785524218,4840.232796635405,2023.529479913006,4828.193651722143,3016.6588754012278,6003.975216748483,6522.720046112128,2079.0283121124153,4406.216559376309,4418.584613414799,1823.5943943281359,4176.107057233327,5058.841322176947,3949.8573143323797,1387.730332695081,1523.6159477876965,5128.2418354883575,3795.594066563626,4501.133880356149,598.5100085796397,4706.377481867768,885.2703242518637,1539.2677318598608,667.0337644737332,5875.972109691553,3982.8398692955257,6258.1522166340765,2104.8243483742294,4782.265438035513,1050.2338909238265,1379.8539522648764,5316.99827470068,4231.92775360556,1553.5492053890664,5132.166877450693,4761.525371546391,5311.570135995759,3680.0613099024586,1968.897620450591,4109.206434449966,2163.223775998221,2704.748881776643,4891.409209465613,6421.602413570074,3122.3764782897338,1818.412307607106,4538.635843809018,1260.6736965261866,1188.673215100349,0.0,2909.418265494324,5402.95931812715,913.7642566986302,5301.931247934568,4402.239906734979,5941.742106840384,1937.0129306767676,2634.8859998341486,6066.5101389689435,4289.658106417457,2282.3575266616313,5507.7895457372015,3321.3743086960253,1266.2829917336805,1940.6335497074147,5746.644443479429,3028.7499173000397
4587.831928105694,5199.158591083754,1881.1474620382633,4379.117199793812,5088.925826418086,5091.098250188558,4226.96217882027,2990.8799656798333,6447.039991191772,2533.1736775138415,4282.967643147097,4499.076456099408,4493.54918068079,2131.2635547376585,3754.7625675794734,1406.0778461102357,4310.949362066898,2675.2956872663626,5572.379766857424,4891.673202172545,1600.3555755796897,4752.147664097255,2050.459773788552,4587.79298758717,882.6213371548413,2843.933776121554,4805.947852183272,4474.212695294001,3880.251397151478,1673.0530607873739,2079.187734791161,1387.3081879153601,2693.1486165358574,6410.343733988061,5836.048014702844,4733.26205281569,5299.604548505295,622.1030061565367,3828.901257241561,4769.383665150562,3683.587980619032,2275.85442496527,3264.2754457836436,1558.846272517274,3023.2953562630964,6131.005564770025,3455.496257637823,2045.6339802364448,3596.872823967648,4506.38068229849,2063.217018412023,1841.0574009394709,3482.5478317315333,5498.435511523619,2379.379366709941,2514.7321918258012,2491.162457839312,3997.612557860629,1118.879259259908,4210.5709304979055,3901.3919933963316,4950.638302540896,2541.1474618213324,3565.173325877018,5959.486700512554,1386.8228797986426,3433.3798374314774,2333.6430452085,1866.705620982591,4076.195490460437,1830.2302608920552,4180.46903532319,1619.5919942433036,4658.108054999584,1479.643390347823,3622.4394566381648,7067.015205213938,298.3219404016406,3069.389230860922,2424.5355582832767,2814.1323701355986,4096.984399366564,2909.418265494324,0.0,4080.7752145479667,2230.2376925242743,2676.30098903636,1512.6839340939669,3675.2123068492256,1523.6527016078826,1225.8534013404703,5579.726924926075,1943.0026702516393,4828.46744791937,6198.7112851704915,4704.312874108822,4132.7368269758,969.0291619812067,3977.034260460048,3264.7869600335334
1662.8996555790732,4300.902560442052,5729.742147594776,6528.718277562067,1938.8995354777926,7033.552620285855,5463.065357713562,4765.774889861668,3830.9236832807046,4975.807117645137,1663.4869601232224,504.8238958379443,5170.689199315697,2166.339070644298,5261.542690678181,5427.852470528745,3739.64207633859,5455.12893070448,4024.8480006461114,5834.133633514063,5578.819210608818,1542.7765636753754,2036.7697418024454,1393.4914574524666,3443.2929433697623,5544.548053106042,6707.830353153843,6688.594811429453,1507.020031362888,2880.5540327327662,5497.408991043781,4434.917225910987,4247.527902490578,4438.958076335594,4062.7210119588576,6047.657250446987,3072.4853091796876,4687.2323376325185,1767.5712987726972,1291.3463118691282,4219.3292109142185,6075.671189681433,985.1855990751181,5273.640191486712,1234.9337616394653,4334.175004451252,1664.3381943541406,5527.863533813856,4722.083095416682,1217.9732058957618,2019.6448254824413,2973.6259909950013,5930.201486850595,3609.7355070316444,4518.479114003959,3908.041122514706,5489.111824849718,1113.5809702540719,3668.6090697752193,1593.2081447422368,4460.047527931962,2513.207725431784,4378.037456869687,4836.21445405805,3637.4579998241907,4561.42088101438,4506.268919443224,3398.3211779684684,3893.7225593035005,163.11990629288636,2250.69255284679,5028.696722814471,2759.3552186393113,5632.362289062823,2946.050619308671,515.2697482930662,4369.914811124126,4265.336965595333,3914.9769893313555,6204.700478957305,4293.606525554245,6297.968776772714,5402.95931812715,4080.7752145479667,0.0,5378.880264908767,2818.7679586571153,4390.874385006362,1961.179433607491,5303.237805858041,5273.501867411162,1939.5160325369827,5660.76810918377,5808.546296504143,3844.2630784415624,4127.4177835791,6030.222514292902,4369.384875921667,870.471811490757,2710.0958538797113
5190.4667904004555,4520.545093521798,1173.4224212588576,2257.400133926194,6841.793648888645,2978.134053944685,2599.4064131337755,1555.275224535195,6426.554225941146,840.1901802740854,6096.070942154217,5870.634104037485,3120.3126606224896,3222.2452464896273,2117.1136219985924,2544.067453478779,3766.1308028969197,556.7931262165508,5149.515778693178,3259.382352321525,2758.1770080255906,5440.03879083679,3648.6256995823783,6278.901335175925,2166.2724638394407,722.4100342250238,2731.7579867867144,2322.8482203265025,5686.13899834079,2505.435845079654,382.1729690101068,3507.223890766171,1705.722936969835,6035.840369812641,5472.190208787063,2936.7942447405135,5318.820139931224,2210.5299701223234,5706.980527796639,6386.349497695613,2749.872151903975,3503.2434090782212,4404.3259724904565,925.1722690920866,4147.7670697986405,5715.46686299772,4111.4241458313445,481.17345223734014,2297.1288464169793,5311.080073635212,3557.539591141186,3979.2503857096,1355.4674990932099,5280.933573066414,1173.6041131851061,1861.4841333701986,283.69446353427514,5682.325119034373,3345.720792715674,6012.942840429634,2838.2380722661374,5185.330043302644,1450.495247567878,2177.132422680118,5868.531435568017,3458.702966438864,2263.516626120736,4546.616342515167,4093.6700376679114,5311.809380994955,3395.531102167229,2809.621701155513,3642.837923296204,3063.755162491938,2475.3377393713367,4864.480859543493,6996.963217403176,2392.311584401371,2329.2064348058548,3633.2632926436804,1777.790409735917,1987.0156382054474,913.7642566986302,2230.2376925242743,5378.880264908767,0.0,4809.413621208411,3655.8848529528386,5608.9748941584685,1035.8732700195521,1744.9897381297117,6319.298590653633,3406.5923800198048,3189.919116896383,6076.770669213707,4004.524583727012,2154.9248313038674,1302.6602957525035,5586.813589276539,3343.719682612315
4199.492132880475,6130.403183177515,4544.403854479925,6737.128735166413,2808.4486061233165,7404.96595004312,6181.017368972361,5065.166180740372,6425.962750443003,4865.163770537638,2012.5842034170892,2975.7241302743437,6198.727816715943,2514.0093686714854,5791.325553615942,3548.6561128473695,5315.660296472866,5159.589566830389,6163.0093332372135,6761.680425875508,3602.9876802467697,4198.568565500628,1727.1813318797767,2483.384626041041,2709.3127210191146,5311.6880810584125,7090.541812386696,6861.018499629993,1711.858160907322,2862.8659007932947,4722.644801814446,2128.0449246465637,4600.7927675064875,6805.4806674915335,6313.429479427168,6764.300949606842,5449.156403767926,3058.1847741384104,1520.8486478032587,2760.4903473292566,5210.728759201538,3826.54123323361,2660.1828844199795,4233.534833549855,2598.0913865353164,6615.718316449847,3450.6926465522833,4700.610293563699,5425.819926741764,3864.8340297001114,1907.812565997509,837.5190220078588,5900.388551931559,5876.839667984571,4541.914822220469,4288.143659199164,5038.798709044945,2044.675804651681,1643.6537924772965,1973.8082937045835,5474.342192987574,4927.97201058549,4573.4801318088175,5464.354821288237,6104.0848414291395,2268.967883281295,5211.372279991135,660.0607586252949,1336.8319152702034,2921.9534545705897,1859.7015685577082,5939.364160044491,1193.5287536544731,6524.740369900476,2729.265112167926,2653.128711677969,7015.443207113432,2657.483950055391,4654.042333142449,3922.0175663876116,4704.391959309725,6459.0442976319655,5301.931247934568,2676.30098903636,2818.7679586571153,4809.413621208411,0.0,2012.6927124489225,1281.8184221039269,4199.86420793268,3801.109916721299,4750.531248177197,3407.100762614455,6711.518035230481,6337.792308237704,5760.993262053082,6375.669900535081,3509.3464350452778,2179.223803249221,4032.1558646560284
5355.783258515976,6498.452312712158,2988.0394060341637,5864.952420644177,4804.1510841264135,6581.812022686838,5733.094247836939,4499.402048871939,7432.5426604179,4040.208908028024,3993.1164144909426,4691.025451896206,5970.438561268426,3006.058789020102,5264.589175368007,1658.5027381828468,5610.611923597015,4143.617847395196,6768.596939833247,6393.48908356345,1655.5286690483495,5451.835202684413,2513.045688512845,4425.475593097764,2194.110134749165,4315.479627136362,6303.628585891859,5951.600540950644,3649.3361873636686,2849.43457748726,3433.63105477161,160.39452179236045,4177.367030612106,7554.931235415052,6998.409326091537,6245.167569745507,6324.210692137636,1475.0442128251611,3498.2072098290582,4677.0675420285515,5111.606151525858,1815.6703529495653,3833.865972921328,2838.882482790895,3650.8645940127667,7302.152936225384,4323.4573484382845,3376.9628765042708,5082.982693791216,5152.775441010893,2629.3821756102707,1442.1692287176288,4961.259129324732,6616.660875862538,3889.77065434776,3967.305663004679,3931.365433613365,3911.028162451531,793.5393041557553,3943.7819881813957,5344.38892934646,5893.26755772865,4041.1143875937237,5060.794935533843,7000.041911317388,277.44603953381625,4908.694064557802,1401.997123583355,698.3659144102039,4442.354390470891,2417.0481196751134,5662.626059053697,1650.4342632425567,6158.33580247992,2645.3828809580664,4047.3481495548417,8052.212719861106,1279.869280872465,4494.847973435921,1916.5488222328172,4297.8050383572545,5584.233316183431,4402.239906734979,1512.6839340939669,4390.874385006362,3655.8848529528386,2012.6927124489225,0.0,3275.33436938124,2763.5175830272906,2159.946026994193,6179.448764672865,1394.705045337185,6331.237363699216,7242.630888484239,6030.3058311783825,5639.25567222129,2467.663110576482,3982.740420495039,4437.132804955132
3574.706659916307,5950.054859170965,5549.7473918019905,7295.308667230606,1529.709875666951,7911.446208980063,6515.951522493165,5536.401449226113,5782.993751983655,5492.416617538131,732.520476899451,1937.6629697622852,6399.475929385233,2718.35663281053,6193.85325728274,4733.242192578993,5236.707625885659,5869.113734934944,5817.850401305451,7020.792307442587,4812.364756316899,3492.0315024250567,2026.1923352073468,1225.5894177717103,3442.8316630077925,6002.486845219155,7586.381639561314,7436.073803425703,507.76945137729535,3301.3074716133306,5593.443846830144,3379.606736104218,5028.4197490310025,6330.289728424757,5905.128766972402,7114.48452499554,4950.8906829678635,4155.1611419280725,255.39642254738007,1519.2567506504618,5394.4959358977185,5090.660556325673,2255.8372220694473,5180.247097503844,2324.4508129160317,6192.5102585320765,3153.8366856520965,5589.245386931764,5742.530457018143,3158.984324048633,2167.2320126412405,1928.0852162210058,6531.045508986905,5452.164171622128,5101.431147935352,4687.068803731069,5802.291692896868,918.5469023348776,2792.516216513344,701.3032291056412,5658.229014958744,4396.383941420154,5064.777979459415,5814.535408717106,5555.250412938197,3520.7248944859357,5519.159674934673,1939.7065953349752,2614.386376601592,2105.774594296835,2262.0021362777275,6184.227756626045,2055.779285766106,6793.604433579865,3238.3908849637046,2024.1320062448988,6329.857483790058,3727.9676100820675,4921.412146681175,5191.131120329364,5113.326848249484,7029.551762052329,5941.742106840384,3675.2123068492256,1961.179433607491,5608.9748941584685,1281.8184221039269,3275.33436938124,0.0,5167.057312271754,4875.689761005924,3859.2459441472497,4668.325033005843,6980.224928295721,5771.946672161482,5668.7334239840575,6870.444701162364,4357.5433861351285,1129.7444149651722,4002.317670239208
5437.00132774685,5257.14809861478,428.95552973472667,3280.1730937700527,6529.070297104328,3998.164711469502,3582.008464446169,2435.3493272896194,6955.439314801115,1750.572758799245,5739.489312577034,5765.5281167023195,4046.854367692764,3163.351164472576,3090.7933540638073,1510.314081392675,4433.351705437321,1591.4087104150838,5808.196346833757,4253.229435754671,1722.4656009546316,5654.671353905194,3369.4545600598326,6000.112549501468,1865.2114953779371,1758.2812077662663,3761.541315590991,3334.547521017057,5330.813154315671,2488.698587288746,711.7696845363674,2606.892013049255,2414.4478099163794,6692.045255218243,6115.381687289355,3957.2619742344586,5812.454344589126,1288.6327799997948,5304.41623901264,6152.491452803491,3518.4672916740324,2469.633552095735,4381.579644633315,114.62039735579347,4123.206974628488,6381.573700382689,4299.991915350539,635.2643404953565,3173.7302400037092,5470.181126135588,3326.806548827268,3364.6258379298283,2385.8535894251772,5865.810838705677,1902.0245912195771,2439.6597556249517,1314.8837689944312,5401.278842577376,2609.910649997237,5662.658470323369,3657.1755196941263,5588.548581016005,2171.162495816469,3077.817504270518,6415.944618205569,2537.263498559028,3092.6325571891016,3830.828091290054,3288.4779471112465,5266.229855277588,3120.7814009113163,3727.5591379245748,3118.007142607919,4046.5943310795315,2377.7323086287493,4805.539088198118,7552.547490464923,1583.0524130969254,2995.6069039765553,2601.6229131419104,2516.1112493059604,3014.8897830816304,1937.0129306767676,1523.6527016078826,5303.237805858041,1035.8732700195521,4199.86420793268,2763.5175830272906,5167.057312271754,0.0,712.8578372052873,6527.224389056193,2373.789470967044,4184.226604314111,6639.530527407567,4735.670765134017,3189.9557002242213,940.7970877575037,5347.999940277674,3742.287066790307
5622.806791790734,5757.020551112354,831.1700479595014,3993.0304309789576,6309.842820608213,4710.927337762387,4246.310760186188,3061.719726627668,7304.794881135268,2409.584546001447,5500.512205780204,5705.789504183448,4674.020096291093,3224.1304326495538,3753.257368539759,799.1465216592012,4902.800209440009,2297.789223002841,6253.116568844692,4921.804546295697,1017.0346842881023,5815.233308823388,3259.5025464381833,5813.031867294726,1881.0716287491553,2466.5583025229707,4473.901459272098,4046.758359448214,5100.252528208578,2629.5236263026804,1422.7293062518954,1999.8178937855816,2964.1373143741166,7126.8116402095275,6547.165889932605,4646.256727622033,6152.275372532995,745.7204288800193,5039.592399246987,5995.092583916033,4063.6910532904685,1779.051388983466,4413.224164107235,820.3797128970217,4162.452716531445,6825.481508592123,4476.059724961789,1341.6147643791046,3783.234912324769,5597.269353052166,3255.205737142431,2988.0119801265855,3097.8624670239965,6263.205865793811,2488.173365812961,2925.8195037577075,2025.904987308635,5223.415817095648,2161.4850978232535,5429.594045475592,4227.483449056306,5873.6907288549855,2738.3093238151528,3701.4224805175913,6782.901966861087,1911.5401627548922,3679.042252855082,3355.0791903691334,2750.3959899596275,5258.2429438784975,3028.392043025638,4352.548339712036,2827.846152621638,4708.642432915246,2474.651034982104,4799.5974757145,7914.25842739653,1151.1164662939193,3500.805229234126,1916.7157534204177,3075.168255833329,3727.4466232026716,2634.8859998341486,1225.8534013404703,5273.501867411162,1744.9897381297117,3801.109916721299,2159.946026994193,4875.689761005924,712.8578372052873,0.0,6669.299063650167,1661.7816338511507,4853.368148808103,7014.09935381999,5238.663005683798,3894.767879635448,1181.0907411388848,5201.691773392287,4069.2554089991695
1135.8365485918293,3595.706108446156,6951.94125146926,6857.10890264556,3308.621917204805,7200.112032469079,5555.821152706951,5271.371990414639,2193.440842300745,5707.574427167113,3407.1261087937432,1946.8162573712493,5062.994768019813,3455.310861250547,5523.91871536222,6982.394356660829,3437.903054270437,6229.451562939469,3011.5659153883716,5712.952731747042,7163.274580306551,879.9704187357661,3685.0081456802773,2966.121482558831,4790.330582337715,6269.966291478926,6897.023926268489,7025.542761929857,3370.5983946517563,4053.8646484140286,6534.618938797348,6200.1407507741305,4819.354926896337,3062.729769392821,2895.723812190659,6064.101024712567,1954.0285795650482,6201.744172620472,3640.059283868464,2711.034055088574,4325.646111178537,7748.559360873026,2360.3923510944096,6470.229655769878,2575.819235568559,3083.172551350638,2230.4406466189585,6589.2871053494855,4948.414722504168,1074.1439693988877,3599.531214679211,4818.91120146294,6482.052210082621,2512.611938949786,5246.661931675224,4541.025465941586,6349.088690810752,2953.734056270469,5412.770375049453,3359.965011998934,4494.330207904176,1558.5142433080293,5025.7109995138,5097.779777960205,2232.986463666316,6315.531437810281,4773.993922973928,5308.45057277592,5751.190768017436,1828.6196920095215,3832.7210299029066,5039.639091417658,4529.676641058167,5565.866742623739,4196.15577334362,2148.5111281373424,2616.634183895411,5815.885448914034,4293.592826769906,7887.0456290061475,4816.643743168265,6682.7496994126595,6066.5101389689435,5579.726924926075,1939.5160325369827,6319.298590653633,4750.531248177197,6179.448764672865,3859.2459441472497,6527.224389056193,6669.299063650167,0.0,7351.115045388148,5710.211666369294,2364.8617900556046,3667.55520892665,6319.071540853846,5598.129709545948,2730.140296416285,3037.8292772603263
6432.378150680276,7117.576030477301,2394.0108077993295,5652.885522464169,6196.025004483116,6369.397184232273,5861.030162968452,4645.80579000242,8372.671945305452,4035.085401545796,5382.692255979344,6000.963216479917,6238.553745939519,3981.936023993354,5368.993549848706,863.6516358955154,6233.816340032004,3958.1777240413294,7513.062122066142,6538.455450538453,666.485076779668,6567.213600545211,3674.7274776606223,5804.788932255246,2824.416072887987,4127.648907604667,6135.330779249315,5702.993365719532,5031.362831223464,3607.9930818399584,3079.877551581718,1290.9154405436475,4465.397318021769,8353.29953815814,7778.732970569693,6288.094785648513,7230.117293578923,1431.648576651407,4888.3133954554305,6048.33845355582,5527.17934434934,424.6195953050213,4991.735102730613,2482.149933962894,4777.660887366223,8073.129076698452,5328.880333096813,2994.920726197106,5336.0018149805765,6292.894254695211,3751.6593856215145,2797.181567128062,4759.513341562245,7440.668169227614,4045.0863906890786,4353.394928575398,3687.686477628081,5275.010804766185,1998.1107174160798,5331.287856639613,5721.635824314932,6860.5431816475,4267.0325340079135,5272.538222299389,7894.2344735907745,1150.5896965339123,5204.988105600627,2785.869228726467,2080.431545510931,5693.473638857477,3518.573053163455,5917.462023182997,2906.6522775468,6318.0997106320665,3409.3266671507145,5270.306890812527,8993.882680886714,1650.579571159779,4927.394732745694,544.2094016065876,4583.5355303357255,5388.63079427975,4289.658106417457,1943.0026702516393,5660.76810918377,3406.5923800198048,3407.100762614455,1394.705045337185,4668.325033005843,2373.789470967044,1661.7816338511507,7351.115045388148,0.0,6471.010234856997,8134.3871980724525,6614.132711711567,5553.042133044283,2590.0001354913093,5329.963091307106,5207.4073065294215
4699.780776453408,2395.0872373817615,4362.5134250269075,1662.9490631985695,7700.672756414208,1628.0521534920188,610.2365768404903,1843.9291151722718,4713.7807424169605,2443.831321511368,7172.442614844401,6287.515948392099,653.539797306943,4283.082264295188,1102.1536706943366,5634.253882321332,2272.31286462802,2652.9267475535394,3186.3801700947424,69.53188923076947,5862.469599436913,4989.099212445669,5048.655259458502,7116.918400339082,4209.678583210362,2515.5052735452573,1405.715011994963,1797.350395337815,6819.634957424407,3850.373666421611,3569.4429169164478,6213.6928236315325,2172.721546968225,3915.1756777939095,3500.1900778220597,461.0274785433076,3948.96980419362,5102.913117851409,6961.522511922302,7083.833881167034,1603.9025831171916,6631.854027459968,4935.24608666731,4069.6062138786842,4764.810750452215,3608.466226732072,4144.9127774815715,3668.3080473298583,1290.2694029403315,5065.007761462957,4878.693654347442,6026.0217205354475,2068.186855357368,3577.918530287826,2457.748257237506,2443.6392044788445,2948.943163095043,6618.604544496067,5749.257617759792,7084.110056522626,1351.583530567016,4172.5390895024575,2290.165772884138,1278.9530870770825,4182.515320077262,6214.442527545813,1500.5566896442135,6731.582018145289,6533.916227664463,5670.993376880016,4868.909031767178,797.2618543646746,5570.240008608605,187.51068056246794,3997.7330312311997,5366.950236777867,5113.4613869450495,5094.9473700286635,2070.610090867423,6770.078371376878,2056.012291800319,1696.979897400084,2282.3575266616313,4828.46744791937,5808.546296504143,3189.919116896383,6711.518035230481,6331.237363699216,6980.224928295721,4184.226604314111,4853.368148808103,5710.211666369294,6471.010234856997,0.0,4297.407865606545,2099.9660775700636,1263.9843762456082,3932.042149447663,6425.745464003379,3102.384683790196
2197.249237184075,1902.432006590512,7017.812212022562,5796.437702486761,5569.324559192524,5921.306724220001,4386.96274466025,4649.538365810632,417.341374208213,5287.8708301668075,5495.480667472591,4068.9193596344467,3742.9680796337284,4236.577431851446,4561.801626791327,7549.030616189207,2354.4117659757394,5786.664778169374,1111.0635494525056,4273.942171248109,7766.632361140123,2306.281596259442,4824.102647297733,5138.440954689856,5316.7735287898995,5760.428937728943,5671.851477599268,5957.826703378507,5346.389298339207,4527.014560512259,6392.694862255355,7212.3879379937,4373.521053104581,709.454709660878,809.6403824890414,4735.100559146025,918.8376493254942,6774.230478478644,5600.345509900795,4929.518809947376,3438.49230452258,8474.006784776257,3677.898588866474,6550.944654257201,3755.431457577411,828.6505699636014,2950.9403212618518,6473.28474899552,4052.6842648739616,2626.3084670527564,4671.974946367435,6120.569207104352,5731.038792363737,801.4903408550849,4903.1756296817475,4237.508989567456,5999.326229050059,4957.7730463510525,6451.482007991807,5430.398500905251,3472.085155190898,1409.8234827825072,4627.286834292964,4213.522024912769,242.58897861609444,7296.352776114447,3967.912159012722,6757.751279623275,7007.949798409518,3687.4387847461276,4855.032057460074,3865.211315676803,5714.183108201644,4210.080524255089,4725.064600034586,3765.5153757100766,920.1978707131414,6485.707298793633,3749.792789691852,8622.984781454737,4311.894088530585,5707.247906542434,5507.7895457372015,6198.7112851704915,3844.2630784415624,6076.770669213707,6337.792308237704,7242.630888484239,5771.946672161482,6639.530527407567,7014.09935381999,2364.8617900556046,8134.3871980724525,4297.407865606545,0.0,2276.611481949874,5273.176094620964,5834.93897867407,4714.734118780507,2952.990854703922
2750.6697800906604,521.5243301112611,5063.647304537018,3522.6018132244244,6066.308033259522,3691.5325833606016,2114.870427564062,2482.702532634347,2682.5922984851795,3174.023453360262,5682.167240152739,4554.896910975044,1493.1854059442849,3266.8360752742096,2293.1878178557463,5897.570900211036,445.3645444049182,3634.976998844972,1203.8819108101923,2090.4697099726172,6128.925510298604,3028.3075978428947,4039.1461729960956,5511.729441572401,3864.6531375176487,3582.723660640463,3423.9127231383977,3685.2420374553417,5390.44999803931,3188.0359074721855,4355.733358998459,5956.043645869715,2330.079398480876,2063.9575667639097,1537.610703995325,2507.730817057724,1849.1586504191578,5185.459583840278,5585.576722946701,5415.35673561447,1256.690240344454,6889.027623711492,3431.6205060146153,4633.186027579402,3344.4490379134204,1738.772221445063,2537.415155055436,4445.889115531336,1814.1988789063341,3171.2288161457227,3858.9427483917148,5265.306412813979,3480.8814113928092,1507.4677606403395,2862.189592762332,2313.2475349415167,3878.9854154067143,5104.253130444551,5296.908529179639,5598.34767761846,1225.0001997408,2110.5351992433107,2582.4909253658575,1971.1543107674245,2128.1804693173935,6004.377700903317,1769.7058289865581,5979.33595610215,6003.823920041127,3971.9840618935023,3948.80133319429,1589.5266533311105,4801.153618233956,1984.0096067836969,3389.1942022117887,3776.8468272469045,3157.9925478520363,5002.448210976402,1742.4833177167006,7038.413832676366,2239.608377367124,3430.762010956895,3321.3743086960253,4704.312874108822,4127.4177835791,4004.524583727012,5760.993262053082,6030.3058311783825,5668.7334239840575,4735.670765134017,5238.663005683798,3667.55520892665,6614.132711711567,2099.9660775700636,2276.611481949874,0.0,2996.950629946379,4083.089783158338,4880.337072104037,1728.8391892865575
5223.438479499879,3408.969958725069,3289.1733328033965,540.6563086064934,7812.039255445981,1041.1206230427867,897.7633006138087,1334.1453268175096,5679.389795632977,1599.6077364707264,7185.689099129811,6531.455232991342,1573.657783213682,4168.031919132218,796.9522426507126,4693.350088220567,3005.317835718046,1598.5725618425963,4183.776667007932,1327.1880634277115,4910.697779689257,5511.538509755057,4852.833607506134,7222.531061598282,3700.506875872683,1433.6607517209227,718.0208547535373,709.0289076673814,6800.738122532435,3578.789629877118,2511.0504751669173,5504.228949587127,1846.0728942208643,4991.295918537589,4513.966219958784,869.8226495309261,4766.136034153033,4277.995962173994,6898.225071528183,7243.24185567961,1996.6151079867643,5658.140724041777,5075.8731905156965,3078.0554491660805,4861.282675209085,4671.332876874115,4428.739793153013,2605.9263316218285,1372.1799482462204,5513.236021741224,4704.082314074553,5609.598567146494,860.056371950118,4499.67025149288,1837.9173849999354,2192.056099627243,1881.712154887139,6671.701762075775,5170.689656057884,7097.145318951276,1860.4458978785167,4867.261613031808,1813.999261494062,1228.7511416820737,5122.679515862768,5479.98828058464,1560.9383201539388,6274.484044524458,5957.833218456019,5914.268457839228,4633.262520415285,1408.1057688916692,5187.218357039638,1226.6386582600435,3672.2993261663732,5541.29736801383,6143.2974740867785,4362.062957362835,2121.9713534487214,5787.679998631058,1771.3322967995023,450.5758003100034,1266.2829917336805,4132.7368269758,6030.222514292902,2154.9248313038674,6375.669900535081,5639.25567222129,6870.444701162364,3189.9557002242213,3894.767879635448,6319.071540853846,5553.042133044283,1263.9843762456082,5273.176094620964,2996.950629946379,0.0,3171.727578887569,6510.905427120333,3391.387444573828
4518.739272055869,4598.066974528536,1369.752500128764,3410.088186367033,5660.719641081424,4122.413324878645,3323.7750844347156,2088.755311759853,6129.9189718501175,1573.431680512694,4887.70172319312,4836.837274777186,3656.0500181847897,2223.074090608993,2840.131411789602,1819.8896982718486,3733.978313534373,1711.7601984226646,5075.607604166816,3997.467554857325,2052.894513426591,4729.157004373295,2472.704747408594,5117.260252271327,951.6463708526398,1878.5769003490382,3838.8663912458587,3505.814071694048,4476.966723422679,1550.502891580664,1236.1465144650126,2332.8344690382555,1875.4017115767494,5947.281524968698,5367.566065455087,3803.4588309859496,4978.577710890531,1177.5909054850074,4473.669256339812,5255.015807580507,2946.7931569943958,2822.649477007019,3441.6509171837874,904.3526215525667,3183.0498806880178,5647.363198324064,3376.2471184504548,1233.2978237895338,2752.2634918860876,4536.775594324344,2414.45875953204,2677.3806795224323,2514.3805800745445,5082.18589158425,1476.4404245105861,1781.6946936142003,1546.1566337735646,4517.213488592829,2061.7569726279576,4807.737436178893,3133.868801365654,4716.788491504045,1681.269348596173,2697.943586076069,5604.629582816335,2312.8062979395827,2615.6059291271304,3249.177799028548,2829.312223931816,4329.116086235157,2220.030541003659,3336.1971494265745,2353.339991787205,3769.2515425291003,1437.0558458494227,3868.8516391126973,6737.363938573973,1190.9853223885673,2359.6950880834165,2970.436062268636,1993.597293403309,3127.9629589189517,1940.6335497074147,969.0291619812067,4369.384875921667,1302.6602957525035,3509.3464350452778,2467.663110576482,4357.5433861351285,940.7970877575037,1181.0907411388848,5598.129709545948,2590.0001354913093,3932.042149447663,5834.93897867407,4083.089783158338,3171.727578887569,0.0,4449.498532043471,2895.3747975440074
2530.172534438116,5095.676471945703,5762.0575450625265,6982.630078205275,1301.5192078874597,7538.062639501612,6028.1064963321605,5201.291842158061,4697.316347436374,5303.32689196508,812.4432199754024,817.8779192990846,5806.214821839783,2406.2464728285836,5773.4673617805265,5226.803996719696,4471.552481730031,5745.000891989922,4867.15092011384,6457.6445353162635,5348.131810465594,2412.261051371099,1979.2007827590405,713.0370401634129,3497.8991019507694,5854.896677263058,7210.306496525927,7135.739164447997,645.5103403083485,3103.6499131276064,5648.106632318922,4054.335278643097,4678.641518013963,5306.136325557891,4919.015345752441,6623.50063901469,3935.6661096339208,4543.813910830856,912.8723159922201,805.5202793635929,4822.076384020685,5753.463348629675,1492.9946643886574,5336.8365193811205,1666.6999729960394,5194.746293948339,2350.830492203553,5663.746677917102,5265.184984713453,2088.4357531894534,2039.3834563872483,2541.67847569849,6307.385407989669,4465.126147300321,4867.135461123925,4331.277533439989,5735.273616134194,243.5163947992004,3343.2631195215545,734.9918868701886,5075.622303917028,3376.304983871274,4769.966233030375,5362.707959350388,4507.490042769368,4190.130443358774,5043.205870977308,2814.4550700895898,3401.4630504183046,1028.4427676604082,2230.1787960340757,5632.507728487641,2458.1435330850795,6243.919271374751,3112.1627931734224,1103.5141306000567,5228.243622039241,4108.692593438696,4439.512546667484,5871.005244835078,4742.740065083263,6734.971272251426,5746.644443479429,3977.034260460048,870.471811490757,5586.813589276539,2179.223803249221,3982.740420495039,1129.7444149651722,5347.999940277674,5201.691773392287,2730.140296416285,5329.963091307106,6425.745464003379,4714.734118780507,4880.337072104037,6510.905427120333,4449.498532043471,0.0,3336.445238188692
1903.9144552077441,2121.1042679889642,4142.039979681993,3914.110250089156,4600.459301122444,4359.709793759443,2759.670907263038,2243.4908828885395,3235.542447160445,2678.099433047249,4104.95665742429,3196.4198075423383,2472.715151598339,1547.34953664387,2601.011369587799,4597.5618364034,1283.50606246562,3201.9562080929527,2333.814219948323,3130.4770539411397,4816.756486779252,2178.668629702553,2311.401442633884,4018.978152903173,2383.040557184875,3235.1795559792354,4038.2554168378206,4079.9057608754883,3775.218235099131,1611.9338901000249,3603.677797831682,4382.696283744289,1781.5271418342186,3149.1735342760967,2579.0652553241066,3339.370520649064,2083.3557962683667,3826.754295063638,3945.308013363342,3981.469887467442,1509.3058977457154,5533.88341222518,1843.608571544676,3663.06718602867,1698.9457358317836,2878.582272146134,1054.5375125437693,3671.4264755798936,2039.6510906142744,2135.0963555380827,2131.533185312863,3555.3752653042125,3455.885764050224,2233.8866228036286,2223.5444659574496,1512.0219744600274,3341.491090931861,3539.2188306596695,3670.2860349467314,4017.7439496305637,1751.5381724061851,1855.2057776327676,1991.3812847594002,2168.2430785592283,2718.336430111071,4449.494539535249,1834.2709937203933,4263.864077018052,4334.577614169691,2577.0408360142455,2231.4019080569055,2318.823623756882,3096.360735088856,2924.334851887006,1816.5165454421272,2265.2030167210182,3845.9957654955883,3557.1875492430813,1284.2191107011297,5683.457051908196,1781.5306505435149,3711.1310056644456,3028.7499173000397,3264.7869600335334,2710.0958538797113,3343.719682612315,4032.1558646560284,4437.132804955132,4002.317670239208,3742.287066790307,4069.2554089991695,3037.8292772603263,5207.4073065294215,3102.384683790196,2952.990854703922,1728.8391892865575,3391.387444573828,2895.3747975440074,3336.445238188692,0.0
