0,100,8
1,1,1,1,1,1,1,1,1,1,1,1,1,1,1,1,1,1,1,1,1,1,1,1,1,1,1,1,1,1,1,1,1,1,1,1,1,1,1,1,1,1,1,1,1,1,1,1,1,1,1,1,1,1,1,1,1,1,1,1,1,1,1,1,1,1,1,1,1,1,1,1,1,1,1,1,1,1,1,1,1,1,1,1,1,1,1,1,1,1,1,1,1,1,1,1,1,1,1,1
distances
0.0,1251.6424463132435,4727.184725780134,4012.4878672277628,1167.1371750848314,907.5236020423928,3507.5676031661887,4223.306502747344,2548.839775138877,1318.4482834609023,3839.3424657908545,1886.8228821659445,5182.691007087438,3579.658248462414,1873.7105788248089,5754.069997115085,1341.7250117311671,520.7721787979847,1237.4254153786396,5514.57078714799,3786.254366705174,2691.141967136628,5413.161985188324,3919.1970485727047,5821.375657920128,3461.864228287701,2096.7226142472923,2885.889296397386,3203.9136395102787,2070.825479959622,3740.1873136582344,4979.218368582965,1678.0741920788246,3794.9195354447243,2211.391621547165,2180.1039194575105,2505.292253805532,3551.5122152943527,788.9520505284213,5858.454494880028,3775.9126693635276,3761.531676408561,4528.499555505885,3599.176878550567,1702.3096684108327,4465.991569717301,2552.937863129457,3868.429509621702,2086.772105194288,3185.4665644586507,1101.5839939378207,4643.444334808053,827.0908155843589,3902.312860517593,4509.332990461671,2893.1252240862304,2127.91951703489,2086.863052355137,2484.0863145351855,2235.0990924618977,3003.0772066074155,6124.303206057078,1454.8772203787505,1133.4469443591083,3484.1628687261455,1832.2719974556178,4666.535948516844,5499.552916579674,2507.2168834315075,2316.3855381801186,3496.6707671626737,3844.3493991905834,1598.1654445159922,2051.480714377057,1203.419040099084,2460.1803228710696,2917.3749527177683,2202.1717588185534,4073.0851403075285,4607.94685045086,3113.0338910896876,2273.9325656008355,1258.8485213440097,2371.949092845375,1030.446088923627,3237.178670405759,3068.117184788254,656.8319126001718,714.950431023019,6077.168153742745,5859.493402758468,4171.2909692214,5262.30646855787,3376.096111773182,1311.6660696991437,3690.502756246634,1458.641394287506,2934.233624921165,4906.1574529357495,2272.0993997519126
1251.6424463132435,0.0,5559.446137083261,5022.477425210491,914.4179899761378,2155.3041511881797,4560.03700634304,5007.123394553105,3422.953070148786,2520.022574408809,5081.766871811811,3117.683389976603,6361.45274880699,4731.357296956551,2712.6554339357226,6498.278518435556,2076.8199913256813,1516.6239746295062,1695.7942949037185,6764.248994110507,4986.716609123181,3913.642976014164,6662.384213263373,4883.757688640992,6817.248850008191,4562.00328733562,2788.006215872734,2519.1462179079635,3554.4863700598153,3220.891702201892,4985.9527220796035,6229.993240138308,652.8595724349916,4896.549856524796,3374.5004293382453,2523.9858347393715,2812.223486251582,4241.3156368808495,1986.5521766744516,6712.074060334928,4685.717761167974,4292.913961853883,5654.398694118766,4831.021076621588,2233.7881917934837,5702.159269244678,3543.112778768551,4980.092403151272,3327.272703753031,3353.7359168707662,2099.808942449051,5821.742854645677,1069.1652279834957,4754.295672682759,5361.693169934755,4144.586412761712,2943.134480933721,2916.0341650388805,3230.6068665391645,3289.423799203897,4254.640518301399,7375.913467752317,2611.0729684055173,1819.1895848393592,3923.9501770660904,2815.1969930939117,5498.125247919786,6427.089827274005,2360.265747907426,1648.3072918994806,4253.743625648472,4573.041461561442,2058.8345040094896,3303.0871151769525,2342.690191441455,2447.221343142667,3012.176531281658,2662.130985057084,4982.432421499061,5830.419843365055,4312.122745374023,1982.234652209722,1080.3724161311231,3564.293046810966,2235.4253236520785,3419.1373139868188,3736.2795363184487,646.9888136969605,862.0048074604923,7311.3610536701035,7108.733054551211,4822.603647546105,6442.954046579333,4614.595657847933,152.1986737557195,4936.7065697188245,450.03881384831624,3413.0443715107194,6151.57051201805,3273.5157310979894
4727.184725780134,5559.446137083261,0.0,1191.9920510913657,5881.437977115631,4355.711218877234,1656.4364769154297,584.9742489110097,2179.7737243523698,4599.981838599366,3429.3931070978147,4359.506626270683,2759.0055590813877,2241.0714136327742,2877.404997134918,1109.4238057807302,3495.201042884371,5029.774701721042,3867.9469775055086,4960.57488377194,2701.399477388156,4512.819231325912,4315.5131152678705,1036.925655017755,1608.0123962905266,5703.873422346344,6140.8694975911185,4407.701601242307,2551.275781155969,4927.711072505063,3518.183275605323,4213.846539462609,5449.134758874109,5868.405781740813,4888.5596055633805,6603.782309290109,3061.405640931139,1408.623911296411,4037.330933933952,1153.220560498728,6695.449751443214,7609.648983363819,6131.037780980476,3159.6537029497395,3344.931626413012,3420.077313884147,2229.5133111576174,1871.077214009353,3539.9527861939064,3046.8875350988915,5167.2982444798945,5765.39006052149,5552.650539789173,825.0885644583861,235.44289797953175,3873.181693609661,5946.528639973829,2665.0980834731017,6289.360068739904,2603.6646228869417,3778.5743241897467,5026.17176820729,4807.845214741424,3752.0635119520566,2154.9919598599436,5437.70697155014,61.35260653794574,1013.3593139933141,3989.348271563289,4999.214619766289,1321.7191529613997,7261.893560280404,6067.880125060646,3865.285002497229,4848.924025147228,3734.420286836633,3326.1486488192313,6509.024753241072,743.1909957965049,5202.989992594739,2767.118969157994,4324.558884165297,5984.855997198344,4732.699826653387,4607.77398463781,2992.671371841719,1882.2257994496833,4991.125109647824,5428.56786387911,5860.459422267337,4578.581971561173,1079.9608646080653,2819.799807203519,3286.2394510195086,5695.902377573636,3525.836300812192,5386.571939072196,7042.083791545581,4831.6764014594355,2500.16787330851
4012.4878672277628,5022.477425210491,1191.9920510913657,0.0,5178.333025492374,3473.2102727168713,547.8226738909223,1192.1087262099886,1655.097229657521,3629.882192376634,2248.0356892462805,3301.961946626429,1927.431975856217,1049.1834730841883,2335.6547324572607,2257.3734276353125,2968.7665847454223,4222.475652389721,3412.3514548248104,3883.3021208847504,1521.2217289967955,3364.4184825389957,3289.0150317604202,286.5939846769295,1809.0913450749247,4533.942221541426,5150.814988535502,4439.031705029038,2753.3610296933457,3853.2668229257106,2331.2761178590576,3123.0934059435367,5047.716575076001,4687.359980122073,3796.090807645807,5679.0077971254805,2996.4598636297465,1601.4779977274118,3252.7378510646995,2035.0685789353638,5545.441165816296,6537.571058076615,4939.045750616712,1969.386356431109,2966.898923766868,2306.8339360300733,1480.3867457289666,691.0071000344353,2485.7269002649905,3250.4880003067233,4252.151666891716,4577.519962639703,4811.36291688935,856.5457921074624,984.47822828542,2704.4122780275197,4928.29738005693,2153.8048053324146,5252.157321087879,1777.8163635162098,2602.360874939715,4045.883957338989,3817.141292623185,3219.918008193532,2468.7809315676436,4420.258332942318,1158.5828189516712,1546.900365860064,3942.994978689423,4819.58743273737,1362.2797107334452,6143.703094177078,5178.032370735528,2795.710877598934,3900.295320537279,3680.6254100062943,3429.6576236780547,5557.287795997252,564.9471496272902,4025.6950536882446,1595.6996328498037,4194.230544101504,5257.37290669513,3618.5889784135475,3688.3376031166126,3216.333760512425,1838.468486294231,4401.914880122968,4727.4067276901405,4775.962901289436,3608.112368649291,1746.3867766660399,2005.4614640027366,2094.935938702661,5142.955543841498,2337.145170743572,4939.262143942656,6029.099207347313,3690.5675661005043,1755.106037976338
1167.1371750848314,914.4179899761378,5881.437977115631,5178.333025492374,0.0,1874.3742945839288,4669.397374905889,5365.775559108395,3701.731172752149,2075.35589653293,4830.191619364598,2697.022383343528,6277.554133236288,4705.645814290744,3010.557794094809,6891.801508292371,2427.252164690353,1071.9289328313705,2180.7345482703754,6357.497665170551,4866.961546449797,3437.7029545167225,6348.342559713126,5086.234601929408,6986.816485946229,3888.1369084312096,1939.4591252627629,3378.601203117053,4166.078847098433,2648.840198276408,4716.586799971459,5900.020801753584,1566.682335842209,4217.447822577656,2812.0297451947413,1611.8377974725004,3429.756408737653,4663.347467797141,1935.160969604855,7018.179645636395,3877.399060373462,3384.6909120899063,4988.481374863898,4626.959909892673,2713.4426622790465,5472.153778526057,3719.8465203936844,5012.873053716901,3118.86510498739,4046.985486282969,1488.60673621511,5221.020385943921,410.1667727705406,5057.728735340598,5666.505783730306,3804.2722724743303,2137.2636262438477,3224.400872119036,2385.5019637405458,3400.5419707800997,3932.7649042662088,7013.33708068235,2089.3874724832635,2185.1784043825805,4494.336744866033,2113.583223393156,5820.5152810679065,6666.021469167123,3151.019963080685,2550.1941036487788,4628.435028286452,3698.569474146457,1180.2495404362592,3005.450887476287,1828.463724123616,3192.2499402560884,3729.5444933948706,1760.452793397483,5236.900548714,5316.033059148993,4202.690364431337,2807.041053479802,169.1758816527936,3038.405974781678,1827.9688798655739,4107.5881560172265,4167.984411955496,1017.9094611000527,453.910124391382,6817.447512772798,6791.230869801512,5274.703553700151,6354.915696697873,4387.79713102338,818.4423543445191,4665.169005938907,1361.1530677693816,2504.543717802706,5717.732195682656,3439.0554732440714
907.5236020423928,2155.3041511881797,4355.711218877234,3473.2102727168713,1874.3742945839288,0.0,2935.3250988101818,3919.4854081529634,2269.1766015032854,508.2979492433549,2971.7940149715964,990.5814098502967,4409.152548199371,2868.589010362586,1746.9445162683328,5438.083711539939,1491.7015159464709,809.4410433787008,1668.9841722883405,4608.945025665853,2996.064822106825,1797.0161389559087,4525.2577729123905,3436.44003901494,5255.121674080345,2677.218084526175,1866.8594380766858,3501.11530535985,3348.194390792745,1279.3038803013146,2864.9061809270474,4086.350182039959,2571.155841690853,3002.199932650057,1394.4810374949532,2249.748224390009,2757.2876770540283,3376.3187160830953,510.1035599062213,5436.272220558864,3168.1560263579195,3497.0568825223586,3704.359722337587,2755.523885293866,1927.179789869383,3608.723850027043,2127.0938531959514,3205.8810139180155,1244.5069756964006,3464.702114893573,818.2413052614733,3775.309265415087,1466.8057791705073,3543.910172820553,4125.066178452171,1992.3048063235713,1759.1645821565417,1928.3527030896082,2135.4801709032563,1752.9144878458849,2107.2794286627013,5225.632464225264,722.2948776261675,1422.6728736800314,3534.913833378404,1310.1463653699152,4297.783159437433,5010.771616945638,3043.7835953017425,3093.903698511962,3259.278565818209,3401.907554240268,1715.294712110137,1157.779654394134,583.8375827274227,2927.4546095285577,3269.817509478625,2170.4267915711876,3645.6086908589077,3708.8913862969894,2337.553005380841,2906.807050004523,1903.0913890325912,1513.0307405608125,301.7090941851107,3502.624875057276,2951.7279103475985,1559.4515840955107,1480.1673187812248,5171.7159427691895,4971.14725237002,3996.133571511843,4485.552360041515,2520.1923625346544,2204.969963320135,2814.2457495193985,2357.5414362875995,2782.570526803229,3998.6828842638924,1863.3484731710817
3507.5676031661887,4560.03700634304,1656.4364769154297,547.8226738909223,4669.397374905889,2935.3250988101818,0.0,1494.8672119506136,1308.361608961758,3082.547302748816,1924.339497727467,2758.393999191921,2056.6765446053982,697.8334037075037,1926.2469881209415,2754.495025773871,2541.391900688282,3694.9801224922717,3000.180385221195,3706.76208332407,1235.1976969720274,2857.2780996362603,3181.1890041877423,619.6521088433412,2325.2724830556954,4048.914891195541,4603.100230920135,4198.961405066019,2653.8862363660205,3313.621608587951,1981.7697088917773,2946.06400011422,4629.184141090307,4220.489706460732,3261.0852190266355,5132.912020997925,2761.973782148013,1629.747089180404,2736.5634953327867,2577.3514260079087,5040.326734946555,5999.432173833953,4522.927699343645,1607.4827267563408,2598.6181062283854,2126.0946199256987,1035.318356024368,556.5586465818317,1940.3400447926645,3124.6281925645167,3708.125945818049,4199.263978541002,4295.247351565332,1077.179078627133,1428.5809041384387,2219.338243334035,4381.750119350144,1768.28276019985,4707.531653192786,1278.3200624432834,2129.8066618737957,3965.1704901560033,3269.3187046319,2783.91267186778,2441.4167550291368,3873.429408207796,1612.785095299743,2094.3483920410663,3681.9888197142864,4485.880363140439,1373.9827324639123,5620.106534455197,4635.419942050774,2253.3914031703416,3353.901064101027,3424.1061611026316,3251.023995225197,5009.883500203672,930.1978764784401,3687.152037521236,1119.7328195109758,3891.9709442071894,4742.492939414564,3091.231810552066,3144.8408574700566,3101.188396056744,1712.6278004779674,3929.0484357087025,4221.19099816829,4578.6005669516535,3545.7449059836495,1953.3506671852344,2140.598038744547,1682.890791449344,4674.753111468133,1977.549441354375,4506.310453607918,5482.580268897575,3429.632297378248,1290.1971907658146
4223.306502747344,5007.123394553105,584.9742489110097,1192.1087262099886,5365.775559108395,3919.4854081529634,1494.8672119506136,0.0,1680.616430968709,4205.587408920781,3397.7256207558908,4027.582282798081,3025.886708937564,2167.6707073550174,2355.251638082861,1532.3224847218025,2957.3082649830403,4554.428187835879,3311.9974118729324,5075.379816007666,2681.75826563283,4273.76084550177,4474.463522758902,934.6077359368478,2151.6889221894976,5491.807246931561,5743.706109614244,3829.1943417373063,1979.9580332532305,4602.387223471967,3465.9992372327497,4315.163969543915,4877.326769885835,5683.76156176594,4579.970698832582,6167.667731605683,2476.4358703721764,823.663312554954,3565.4618970171314,1722.7229147579133,6441.194389461011,7263.499172789725,6014.509699086452,3093.9019797306123,2781.9085632940923,3498.0785617104148,1804.9397213391926,1868.109876080099,3221.0074183641677,2480.6772844608386,4737.050428692522,5693.577146312588,5050.396602598652,431.1548414954893,471.2907961524396,3677.930024280506,5568.934100386717,2141.3850759368343,5922.718185681723,2188.7676045628964,3601.2890081304226,5221.615081328095,4423.189877301788,3211.984489873045,1595.4825743159965,5063.776899026259,527.7580433380433,1584.7995050226384,3405.5471627660663,4414.412396293077,753.8326693384947,6962.728038313504,5618.425615729819,3551.598433583533,4439.392059113162,3150.053345251474,2749.8441867722254,6087.448043205133,627.1736146315476,5171.802551852111,2602.4927515559,3739.58467406529,5475.724839535493,4447.86948492444,4185.908164069776,2428.999691615048,1302.6529629110742,4452.349011204085,4915.095100356045,5967.905150704475,4779.728763482924,599.3278534958973,3096.147150465882,3177.756252038536,5145.960193377714,3465.0135737806286,4820.675571511632,6654.186546261683,4871.29737640939,2057.2517219885854
2548.839775138877,3422.953070148786,2179.7737243523698,1655.097229657521,3701.731172752149,2269.1766015032854,1308.361608961758,1680.616430968709,0.0,2608.9890955228234,2811.3806875528257,2557.0077446102896,3354.533804782566,1803.7500188410256,710.795470898626,3212.862944820709,1346.5079859150478,2874.6606363137894,1768.7733560479137,4719.219129109391,2289.813663503649,3009.623086295359,4298.378384051595,1476.1761951261103,3408.249649175512,4232.3966003851765,4123.999320571476,2908.2112488292523,1582.0412274786015,3123.3232419587953,2808.918271057383,3987.6646672402135,3401.25212055046,4482.399181234308,3136.90640844782,4505.639378379943,1492.2965695182709,1121.1442068730498,1888.1856286660482,3319.2136099157583,5060.996550238896,5703.988983307471,4968.615353166413,2466.22759009484,1312.1433227498435,3210.365881273971,420.09331340786696,1845.8040063154053,1838.8439667815753,1974.1519599124072,3086.2663882707857,4778.019406316073,3375.292104097955,1356.1759284875247,1965.6748765886998,2582.645493746674,3977.817643833362,509.07860160195304,4344.185067886611,683.7729005525152,2565.5773600616685,5091.81560080459,2838.0672905963665,1603.8235488896528,1542.3714554529336,3484.864713939122,2118.906172648992,3004.621650130678,2383.7339888422957,3182.734175004252,990.1860311113259,5485.648948865485,3948.332585728436,2152.86111417179,2816.3746953147056,2129.5331225947157,2025.4042149973423,4438.3682669179225,1560.0364922872798,4396.0327202569815,1802.0758155596561,2583.6379985288186,3805.5405130120475,3063.3836591958247,2549.8129124027905,1968.3242803400049,785.6594868293771,2829.604373491814,3248.7952522819905,5533.784633865778,4700.674492217047,1731.972826041448,3439.0090517921008,2407.933105404716,3552.5125835062145,2783.1360372144945,3303.4183574256836,5040.171095230002,4315.493242889508,487.720466288836
1318.4482834609023,2520.022574408809,4599.981838599366,3629.882192376634,2075.35589653293,508.2979492433549,3082.547302748816,4205.587408920781,2608.9890955228234,0.0,2787.724110075816,622.0131456440457,4342.180631033445,2899.199257105658,2166.8570589351293,5699.617512823908,1981.5852539338296,1032.1651572829805,2177.03489880755,4290.525328118341,2933.9856111925633,1395.7071363323325,4275.45242377377,3631.6246026330973,5365.192646423426,2178.273594109106,1541.2221744956173,4008.7787587555886,3802.908365870653,776.5475542045058,2666.089427112489,3825.7353373281067,2995.4943314054194,2506.252372168653,902.4362536079765,2055.8553779059944,3239.8291376714606,3729.574067874239,1009.1444304954568,5639.107935065351,2667.540387788909,3096.793430453184,3222.013699354179,2621.2997741441177,2417.0134226590467,3433.9146222812533,2401.0918124513687,3272.505000039114,1201.5275230513869,3945.857123183884,682.0420063405181,3325.064449235834,1670.0212051650722,3808.929547163087,4365.707620732863,1735.0144928342822,1369.8085671629449,2329.6340124388635,1735.2902062974943,2016.9867027784296,1868.4054351371385,4938.893823762564,235.50710328990095,1927.2282740168582,3963.1423737868668,877.6312715104216,4544.364045157585,5176.7732224945885,3551.8516329273953,3580.1604730281288,3588.674917644812,2939.352815864404,1598.3021855738039,987.5991138928791,290.32185382778164,3433.0620412519493,3763.2171965915018,1927.4221878470216,3870.0912922675348,3310.669035217051,2315.976826355998,3412.975000867864,2063.4741787105063,1053.8062933542387,288.3156415545297,3981.0932820074686,3335.9139276633027,1972.4380607605904,1750.1121423511695,4796.279700226208,4717.362078841627,4339.419184965311,4413.910558586003,2370.4242542163206,2546.7928962051465,2614.215788841656,2773.7158652904586,2448.6456876144816,3659.096425924849,2161.4450521556178
3839.3424657908545,5081.766871811811,3429.3931070978147,2248.0356892462805,4830.191619364598,2971.7940149715964,1924.339497727467,3397.7256207558908,2811.3806875528257,2787.724110075816,0.0,2195.2354835698147,1720.7587677498555,1231.8317212298114,3093.641599381705,4434.917413092266,3505.5268748857134,3758.7792949079894,3952.9445337773204,1914.7445927676624,728.0359472285691,1720.3931960586797,1606.5571479038647,2469.1861008170285,3328.680877171916,2587.0072014319944,3967.924641663069,5582.020584453984,4376.794740845063,2527.2904280246466,144.74104436890042,1217.925431688246,5382.410508414608,2646.0117725975824,2393.865150263899,4655.215337983517,4258.813095791948,3514.311189142191,3104.8054239829585,4041.353590932746,3667.063504045846,4949.944184594004,2746.5389732388653,345.52857942867746,3772.9364520627696,646.3367682756415,2393.5814214279403,1559.3551309413128,1754.4942164213592,4785.532295219937,3457.840110477203,2340.8759985035517,4420.026544125386,2994.576946468733,3231.173418115004,1086.1395396821715,3669.4845478160823,3051.635859511747,3886.6295801635124,2291.4844570062,939.8755046451632,2372.7085585503332,2851.1538407308017,3665.616057595776,4252.641276775764,3234.680569521664,3400.9765766239852,3446.9197048572223,5045.6684251112865,5586.44176140994,3262.53717467265,4389.512956622409,4318.03388939457,1824.754912469069,3067.731925758833,4817.286384713805,4817.752786506174,4459.989441591201,2789.1378703027567,1778.1292862907915,1011.4882563984615,5130.745530264486,4837.197769826761,2137.7309655429053,3007.3201186453366,4779.014334020876,3475.169095691892,4446.819166149327,4451.468373759944,2725.0389461671925,2048.4353788989783,3877.690131484077,1773.68917429323,475.62519261809484,5150.550998922833,191.24452547720153,5197.863003151391,4685.445269429683,1524.5638280170497,2461.4830834734576
1886.8228821659445,3117.683389976603,4359.506626270683,3301.961946626429,2697.022383343528,990.5814098502967,2758.393999191921,4027.582282798081,2557.0077446102896,622.0131456440457,2195.2354835698147,0.0,3803.2611891796228,2460.2969448910017,2272.9828446200377,5468.755773914665,2259.4235495563908,1650.8702975779174,2549.9442834579736,3670.3673966960037,2415.3262132136515,806.4959771089992,3656.8931418253114,3348.2184960160525,4964.172163159735,1799.6300948719988,1890.0198152709934,4393.327953661552,3930.840663347346,575.5787585422174,2068.0773812565617,3205.977075414763,3559.7562988766526,2103.9561669970694,581.6630938438504,2514.2037327665,3455.9188449818957,3662.1455063416033,1386.6890034128057,5335.676901707692,2510.3204910116556,3250.2611567810977,2759.6672844160034,2058.2443097577116,2678.293778975712,2840.8722616909404,2264.9077126816883,2858.488458582437,820.9340543186158,4145.727014894371,1266.421265823107,2792.9125815624807,2292.030077543705,3609.923285401228,4124.18399739015,1124.0794951875066,1638.5859653887558,2392.8465252268056,1950.7958912202994,1894.3399338189015,1262.6559984809792,4316.88331064832,655.9910996789523,2270.848310299039,4028.083285519926,1139.693530834057,4307.687460773472,4835.894114325188,3904.510074656359,4062.510314496322,3487.0437214874432,2944.216459284202,2129.9037456720903,507.86913042633273,882.2191368429958,3753.46974643902,4010.563937405811,2346.1277406733425,3617.239224095774,2721.2415559690758,1848.8033858958609,3819.2649765923547,2682.0689655571873,574.9951919842459,889.2130805048929,4171.838302758749,3330.400100408358,2543.1282217310636,2368.352475834837,4193.99362018828,4097.843953403911,4244.139771077408,3871.4096585746383,1802.279992682879,3152.7282057838415,2016.1468101437945,3343.9005645350762,2735.578800263118,3042.5483921466225,2074.309690599261
5182.691007087438,6361.45274880699,2759.0055590813877,1927.431975856217,6277.554133236288,4409.152548199371,2056.6765446053982,3025.886708937564,3354.533804782566,4342.180631033445,1720.7587677498555,3803.2611891796228,0.0,1643.8962966075449,3909.847908613454,3469.8644889224415,4478.377716000516,5218.588152098708,4947.963112313995,2375.053192586852,1414.5417702157117,3431.7772750569056,1664.295908973221,2212.5883325896843,1923.4599896982518,4270.120676461615,5647.536898536653,6255.182439154913,4662.523275603566,4206.618397036389,1865.4993450400889,1729.9576439384286,6534.843784560424,4285.233747814114,4084.459455511341,6311.048259693868,4818.505402307753,3528.778128313822,4397.708342015646,2883.4717475239813,5351.771366103096,6669.42313871897,4224.374965783696,1753.903703297875,4606.554591017022,1211.6985643257153,3026.4933042128146,1508.804731196519,3173.6252485994623,5150.545317381549,5024.218621325409,3716.8049067006464,5873.450278357774,2767.3317680570935,2654.503865210408,2762.4040983413342,5358.759811324352,3780.605378593487,5593.912061977557,3145.931216217704,2614.5197797262886,2294.673130003923,4448.588836599086,4697.648457081905,4394.301947577681,4901.926266702203,2761.623774851492,2290.5564875211003,5736.113652771972,6502.907663718823,3287.2405468181055,6094.712206328368,5926.645518290764,3355.244146005474,4631.868788499519,5479.316861475434,5299.140962693859,6129.172303459986,2436.01766959622,3060.3205770802833,2075.1833036654857,5932.12837391311,6312.211258857311,3835.478501961001,4515.90551156122,5121.110274181274,3729.595571773433,5714.639486487752,5859.934990243578,3254.136336003764,1847.3510250066172,3618.5751901499852,84.72303564556698,2011.2598176826882,6455.6863700698,1910.2738833573055,6384.390999834049,6395.614336041925,2477.677527303745,3232.303246932441
3579.658248462414,4731.357296956551,2241.0714136327742,1049.1834730841883,4705.645814290744,2868.589010362586,697.8334037075037,2167.6707073550174,1803.7500188410256,2899.199257105658,1231.8317212298114,2460.2969448910017,1643.8962966075449,0.0,2286.8066021701525,3296.259686251221,2838.066244810011,3670.209404972011,3307.849889438757,3020.4222496361335,539.6672156848146,2380.599989825464,2525.198092194947,1245.114947782734,2508.511030234868,3511.090580310482,4349.386150469167,4703.456211382434,3282.120084833125,2969.7991328244743,1298.8041069326043,2263.043217029008,4891.164791454894,3650.012361930436,2888.3001758189885,4944.684046750105,3295.985696848364,2317.6478480791684,2790.73715641477,3001.211987315958,4544.2112945901845,5623.058981429947,3890.116184324062,928.7490876237779,2989.0991153757345,1450.0523987459903,1428.8359727012053,417.64991900035125,1698.1827827616196,3731.179244491076,3567.1592948049006,3536.960987089623,4309.9864418883035,1762.7717058252324,2029.8807129723161,1695.2505292177318,4096.432239579339,2176.3017495857503,4391.690299770466,1505.276123059487,1580.4846895367255,3316.2841411196964,3050.539949352246,3054.4180476162724,3104.1151693461698,3599.981775196229,2206.669975566125,2446.887257951416,4173.247235460296,4881.8241454084555,2062.5407075752464,5177.922006392912,4495.088440032742,1959.2956635546357,3186.3899383402527,3924.1523697900675,3820.321986757137,4793.9437469771165,1566.6346659591698,3004.165564701952,619.789164258298,4335.410089473082,4755.4528022602635,2682.8677561081913,3022.6605415608615,3714.4033320043472,2348.7191094960676,4085.7543418718897,4274.059599388034,3885.6925503312796,2910.8722008760537,2648.6898505353547,1727.5014569860716,1046.320792981292,4830.471968984501,1299.579250910463,4742.371798322228,5187.464473496179,2731.808512261795,1605.2623243351848
1873.7105788248089,2712.6554339357226,2877.404997134918,2335.6547324572607,3010.557794094809,1746.9445162683328,1926.2469881209415,2355.251638082861,710.795470898626,2166.8570589351293,3093.641599381705,2272.9828446200377,3909.847908613454,2286.8066021701525,0.0,3883.044935445893,637.7208731357316,2244.9442815272723,1078.1090583911262,5001.034225417978,2701.1053966659642,2879.7407679115836,4663.577391105673,2176.799486805571,4111.415567444502,4049.372171041086,3610.1958710662775,2488.391938083107,1659.2852108157904,2798.3474842717437,3059.0065972223724,4307.879726662061,2712.9803583308526,4332.017277262406,2846.749594298908,3919.7844219469516,1239.6383778610605,1686.1907598919524,1294.1919814003636,4022.917695218235,4765.851276363961,5242.021092364375,4902.9949933730295,2761.690103137026,703.3151656810769,3585.4585004289197,894.1139520441448,2421.6804617785556,1722.865077053046,1893.353966155299,2539.393913298998,4793.002384761872,2699.8837528708527,2058.2947128263722,2668.530373857865,2608.12949007138,3503.517211552128,213.89684258772934,3878.605476532641,811.6321957266105,2631.5545123635566,5449.674874366085,2402.353889516072,894.029689603763,1796.3333478021284,3036.3508103491595,2816.204485217648,3715.395370595705,1952.0284194580784,2595.581478854016,1623.0274809312377,5103.421472958019,3348.093806297099,1978.903117389277,2325.4740177540148,1726.8057364677716,1814.1925313177217,3876.7541829053334,2270.8316826876444,4498.425866173632,2103.4695314990895,2061.38047709102,3121.2753433662333,2830.892448571298,2045.491579162818,1912.9193587043862,1222.8652464049342,2119.9753225908084,2559.9392223918135,5760.610024274251,5087.404671756513,2309.650800817301,3994.4865099857325,2641.3687686716517,2841.765299147697,3023.6506316292557,2604.517442317675,4523.413370281562,4526.36244094582,681.6147970349522
5754.069997115085,6498.278518435556,1109.4238057807302,2257.3734276353125,6891.801508292371,5438.083711539939,2754.495025773871,1532.3224847218025,3212.862944820709,5699.617512823908,4434.917413092266,5468.755773914665,3469.8644889224415,3296.259686251221,3883.044935445893,0.0,4473.566983044403,6085.877943325022,4804.231117018102,5802.0586143293995,3714.206192644937,5611.016688491311,5115.810128806971,2138.1532070104327,1763.2920861346256,6790.747043028035,7240.826598860934,5035.659034049962,3193.7143752220545,6037.134876691923,4536.268247320698,5084.722928299044,6319.303182139388,6943.684955157455,5997.506048344178,7687.827023574477,3831.193561989005,2257.0584728874433,5095.879030507003,721.8102881450217,7794.110265322655,8718.777452976134,7168.730456153376,4192.042953959918,4264.5100807742265,4334.075033961687,3312.486260696035,2901.4667931520426,4649.35114800388,3635.5119193258056,6253.507648168666,6774.771925442582,6581.103596305106,1894.9678824552673,1344.6145018978486,4960.357481732138,7051.280307816021,3669.207377078189,7396.179795526674,3692.3113739683436,4859.699118618867,5761.483079024792,5910.285522280036,4725.258995478766,2770.62984728924,6542.909393757489,1161.1960214968008,1202.4022295721177,4691.12291888925,5748.666331951612,2263.8935425081277,8369.089869425767,7143.788020664737,4974.676819945694,5943.792853923915,4454.411740454401,3965.296706538491,7600.168217480584,1852.4696632015325,6185.558728073641,3851.5662482741996,5066.021905696817,7004.303829290246,5839.496887254072,5697.39421994529,3571.0383016386145,2762.0803138658007,5963.083094015209,6442.445045540397,6697.694667543826,5315.587528831972,1702.9615165986575,3512.258192583512,4340.674091761554,6640.594247518817,4549.446591926098,6282.6481997190485,8144.993950364481,5755.67547233763,3575.261362094944
1341.7250117311671,2076.8199913256813,3495.201042884371,2968.7665847454223,2427.252164690353,1491.7015159464709,2541.391900688282,2957.3082649830403,1346.5079859150478,1981.5852539338296,3505.5268748857134,2259.4235495563908,4478.377716000516,2838.066244810011,637.7208731357316,4473.566983044403,0.0,1784.7912107036502,469.78364672474515,5378.651706087037,3203.7919286528263,2977.9083505213853,5104.744533676195,2814.3004381298733,4748.976137630089,4056.8022513522887,3273.690179232757,2174.5001613101804,1901.327301088637,2708.426459678202,3450.063961567234,4722.030050433076,2087.8045665555005,4363.367559537587,2791.100266958892,3485.770896654139,1267.607351503217,2236.193635415323,982.2930201116161,4645.1407503124165,4648.051129387132,4940.032672751265,5000.109371989576,3192.1091310129104,435.72399072119026,4047.912178943239,1506.5207335463388,3014.1601038274325,1922.6862916123364,1974.9843821288812,2193.1909081840095,4962.057690085031,2148.964997177246,2682.4814229403337,3291.762568152964,2852.215809642917,3217.650678202499,839.2447327686955,3594.0631729840256,1332.8885571483456,2905.9997754869146,5878.169396583259,2208.5421434140667,257.92630091946876,2151.341777734305,2796.0905953357446,3433.8606707123395,4350.270091787979,1661.9088094913639,2084.142502939998,2210.5867045029013,4890.024270139566,2903.7485443615806,2099.2652377539143,2066.4570888053786,1495.5741084750703,1781.7478074548037,3474.9185392911013,2905.618338856808,4745.08255442379,2563.9123855362136,1651.179860368034,2549.957993960881,2834.400339864678,1788.037503590179,2014.9595310290968,1741.483658879979,1496.204367091943,1985.1641442754812,6088.511652501783,5539.386276173652,2848.2762129057987,4562.559254580371,3035.431374580061,2207.851471866937,3409.199549279126,1970.7833898072113,4167.335265962771,4857.331426505711,1259.4562071751438
520.7721787979847,1516.6239746295062,5029.774701721042,4222.475652389721,1071.9289328313705,809.4410433787008,3694.9801224922717,4554.428187835879,2874.6606363137894,1032.1651572829805,3758.7792949079894,1650.8702975779174,5218.588152098708,3670.209404972011,2244.9442815272723,6085.877943325022,1784.7912107036502,0.0,1742.7439742213999,5321.235342068982,3805.356784246649,2423.992670330915,5286.043974076833,4160.935690426974,6020.21774537973,3056.7741292683045,1575.988175819222,3401.639073950821,3677.263063862851,1704.3268467579799,3646.136352176095,4840.2568767576795,2054.3099148125148,3391.59493997883,1858.687922865213,1701.0403786306777,2996.273718093192,3930.33400053138,992.448869222491,6139.604591945805,3290.2133717219617,3242.2493412668,4143.471577064454,3555.733194645656,2176.391414940107,4400.333795359166,2811.788751953105,3996.951917373288,2051.199778004327,3685.6532171502513,615.4264823957449,4305.576519432096,661.9637291649746,4206.842678510453,4804.811969139271,2741.4483693963675,1613.9150610128154,2451.942916738683,1965.777417170367,2459.792377585149,2866.9900940856073,5963.479342976632,1097.2195772191633,1605.4962684207646,3935.686863118051,1355.095256242158,4970.166488383463,5743.941220483545,3027.9693484938057,2794.255956483586,3850.847837889729,3328.8087790777345,1119.0313202019856,1934.2357891748877,827.8996540384593,2979.0285582733177,3427.034333665918,1700.9263286962193,4344.888051090845,4332.385635986021,3146.646826799125,2789.7269780123643,1093.7355610658358,2055.4072886218923,765.6239068080357,3735.2975471975456,3463.908624358472,1055.2207415133573,717.9537782183476,5823.7482235485595,5730.162510741209,4554.224595913777,5294.942181501136,3315.9471973751333,1527.7657876422022,3594.8259491911426,1824.7078367982638,2421.6050447263274,4691.223773009448,2534.445938131055
1237.4254153786396,1695.7942949037185,3867.9469775055086,3412.3514548248104,2180.7345482703754,1668.9841722883405,3000.180385221195,3311.9974118729324,1768.7733560479137,2177.03489880755,3952.9445337773204,2549.9442834579736,4947.963112313995,3307.849889438757,1078.1090583911262,4804.231117018102,469.78364672474515,1742.7439742213999,0.0,5810.568977886846,3670.0312429200108,3309.370335763134,5556.118142497782,3244.7748256475365,5176.686722243292,4323.836984352324,3303.6304938205476,1844.7385906615607,1996.0208045671773,2940.087501321176,3892.0549157385994,5166.707106415943,1635.370576192442,4641.069726962201,3041.8861900971897,3415.9920506565877,1276.0982498197393,2548.1297891296667,1178.7728580596004,5021.129804004772,4828.744493346588,4976.353694031403,5309.321879648284,3645.20397321988,544.2951582000342,4505.985518916034,1965.0162098886103,3480.5295698926334,2320.6383389989915,1948.2190389401806,2248.1505054922363,5308.597053130516,1965.1348899322404,3070.222552432641,3674.3787345864334,3249.6396745222382,3292.9650917877943,1261.2908319693756,3662.9553083904802,1802.6582830667044,3314.1127681055145,6325.037461105349,2387.225951953857,295.3361112901702,2313.6975843409186,2919.1178748356488,3806.6991631366145,4756.065306982759,1374.8175399335732,1634.5157414307762,2558.3650406665975,4998.697618697494,2834.9683619328093,2460.703215334185,2202.4146874664634,1269.592095279819,1684.6520237485254,3438.598384695863,3314.7671979053066,5128.662580151378,3025.2631198307363,1272.9216595788605,2321.517588316961,3118.7201963345474,1941.152714134825,2000.5321244371457,2043.3974206277155,1183.2186489339153,1767.347095050941,6500.857322341415,5992.962245781713,3138.157389245001,5032.170866238645,3480.2098915733513,1836.6316112451616,3849.813223613452,1535.6317904608516,4164.299502866358,5274.277568642174,1725.168256274732
5514.57078714799,6764.248994110507,4960.57488377194,3883.3021208847504,6357.497665170551,4608.945025665853,3706.76208332407,5075.379816007666,4719.219129109391,4290.525328118341,1914.7445927676624,3670.3673966960037,2375.053192586852,3020.4222496361335,5001.034225417978,5802.0586143293995,5378.651706087037,5321.235342068982,5810.568977886846,0.0,2482.778443607081,2925.7169983909926,722.7715083053566,4149.782926096858,4294.879113728464,3028.8368812149656,5049.816405490599,7487.594531832303,6271.077124707844,3759.2711334374385,1942.0646746223465,762.6907511409852,7142.106518089533,2863.638705197637,3596.1215860453053,5783.394122858997,6173.540279491177,5335.696184081792,4852.992746042899,5250.1274433066865,3967.1566835770427,5492.165975663243,2425.1217322643824,2256.8153233468174,5670.432381317054,1585.0816304758566,4303.703269862596,3222.6951772555217,3515.757237848626,6692.034137198196,4883.871900541413,1854.124487238384,5957.095195793499,4716.1170316222015,4804.974408100422,2626.728997945924,4730.047124700556,4965.2804063574295,4814.513472831601,4204.020925957672,2530.1823709892933,732.7166138590009,4270.4923709667255,5517.765803702166,6119.666540622945,4429.582019199779,4948.15749806188,4650.028437706806,6951.88327449433,7443.160915368416,5080.078498071462,4774.052710964239,5599.350229877123,3471.4715183502517,4529.061213607628,6727.144746206967,6731.665312336689,5551.143836742118,4448.2076993256505,1287.8396400212257,2925.137239880037,7020.164110195288,6328.5902689714385,3346.204339150256,4558.195179976391,6683.1932454748,5353.010089733906,6157.290437695139,6038.630779884626,900.1631334358233,816.7372337710581,5616.161615880547,2354.13855846507,2359.8861552778344,6810.715328544131,1978.3113834768278,6941.495628539213,5529.781617124495,661.13054304048,4376.030970360356
3786.254366705174,4986.716609123181,2701.399477388156,1521.2217289967955,4866.961546449797,2996.064822106825,1235.1976969720274,2681.75826563283,2289.813663503649,2933.9856111925633,728.0359472285691,2415.3262132136515,1414.5417702157117,539.6672156848146,2701.1053966659642,3714.206192644937,3203.7919286528263,3805.356784246649,3670.0312429200108,2482.778443607081,0.0,2160.34440387129,2010.139665568042,1749.1931084660152,2707.715730051624,3192.1517510607164,4288.307825722635,5161.457957696159,3803.872255405274,2861.211061614295,822.1183194309684,1727.8806273547948,5204.385622840509,3292.507265740502,2754.986035280941,4929.527572597601,3777.2973818565038,2857.241428938934,3007.5069663169525,3346.015550540374,4255.657800360597,5438.15411868963,3456.2983305647967,493.8612537636455,3402.7412507560725,924.3987303842428,1892.1070591153134,831.5257607566947,1759.091598031495,4242.833148769581,3615.5581264919524,3066.494395178475,4461.646093676413,2287.51250463227,2503.521780680168,1460.3867492640431,4012.470306975492,2616.32552434612,4275.751647938524,1893.2776335725307,1321.9315550560855,2803.532381237106,3050.354806513006,3400.071557299493,3638.0301260418396,3536.9245630555924,2672.959319764145,2761.2471063579223,4627.179772878724,5277.63480474843,2602.1869453550025,4935.930733570418,4525.272438809071,1949.9980926557341,3224.1825417443406,4384.298647798984,4314.9886767852595,4757.939124905235,2067.3230160040303,2504.57709136892,674.7558873318557,4762.366221264593,4899.090451996983,2522.0844477606215,3102.0532485436156,4228.927328669529,2876.3180006162397,4340.2390647543825,4453.813906894854,3346.036808528113,2411.5569167597932,3179.792764978561,1489.886746634119,705.6759531966495,5074.102024054502,836.0086293681424,5040.393142288903,5079.07994074911,2197.715866534389,2026.8435539046918
2691.141967136628,3913.642976014164,4512.819231325912,3364.4184825389957,3437.7029545167225,1797.0161389559087,2857.2780996362603,4273.76084550177,3009.623086295359,1395.7071363323325,1720.3931960586797,806.4959771089992,3431.7772750569056,2380.599989825464,2879.7407679115836,5611.016688491311,2977.9083505213853,2423.992670330915,3309.370335763134,2925.7169983909926,2160.34440387129,0.0,2997.642622662682,3476.0672881647442,4851.974412855966,1231.5564718493424,2267.3182287495506,5141.867280046131,4502.792467425964,855.9713691905825,1577.3101310883662,2541.0608135158827,4365.798710184084,1473.234168183728,702.1923624912195,2975.9282623910813,4107.0642625663895,4050.7915743667922,2171.5366922124526,5375.287000299798,2183.1177832027297,3277.86302915253,2029.702226969513,1705.403875657904,3376.274079613946,2331.1850340309757,2648.5915964836854,2798.249160146394,1178.5755007961943,4773.056395826054,1958.4480790768998,2001.9952885071932,3042.132901652392,3843.250006313016,4282.821726721064,700.8116155772534,1960.5768722582648,2959.5858149472533,2166.2477582873576,2326.185803130954,839.0104873248007,3602.066313366399,1348.3166709556776,3021.8530891386827,4541.3560043037805,1561.326762634907,4467.700747337942,4827.446932127996,4638.680677606511,4855.527483309099,3843.5157168574187,2797.782892905917,2707.1559187902344,901.3313699328341,1611.6559612290084,4470.047339324496,4675.452584145945,2767.236520352028,3777.5171833014865,1917.8180245727171,1776.0411144646962,4582.291116025694,3404.0155270600626,439.676889465435,1678.2788976597426,4791.575851732496,3794.8087153253196,3347.866011978675,3140.534003123673,3400.6555359808203,3425.9765749768344,4584.708507414621,3488.8199452321983,1460.3077615495988,3942.4633656743085,1529.1523091242414,4149.19135543602,2965.487594975571,2280.6654483823354,2525.542754801233
5413.161985188324,6662.384213263373,4315.5131152678705,3289.0150317604202,6348.342559713126,4525.2577729123905,3181.1890041877423,4474.463522758902,4298.378384051595,4275.45242377377,1606.5571479038647,3656.8931418253114,1664.295908973221,2525.198092194947,4663.577391105673,5115.810128806971,5104.744533676195,5286.043974076833,5556.118142497782,722.7715083053566,2010.139665568042,2997.642622662682,0.0,3565.6854133887077,3577.8926602279444,3372.056051409881,5230.482816708224,7146.041065483251,5807.257885031799,3853.5166481044303,1684.1075834809367,456.5962789708212,6983.332342120416,3267.4202462719727,3697.4041564569325,5955.032689607169,5781.522000219838,4804.802072894262,4698.283930441093,4546.574491193563,4387.367347118771,5868.001218658445,2958.158861471946,1912.8577751889968,5354.662789303263,1088.2194322920354,3895.3170068696586,2661.458980478188,3343.249832779028,6251.977181489068,4914.314931556178,2393.3186608416772,5940.266661317487,4138.393277094989,4173.489805428785,2544.723247287217,4913.767413426281,4600.463928762511,5049.392505952078,3852.7969556886856,2420.495051195313,793.4802963105008,4295.162102778544,5270.227248797248,5620.716362264333,4554.526464120282,4307.417842100764,3950.2713025841654,6609.85252356541,7188.030769048363,4549.562090280997,5186.774955590132,5704.354815895396,3367.4985476541783,4537.832803475356,6373.170299765259,6323.767349833879,5734.9451717869115,3850.006521902268,1751.7375713513711,2560.2571539439155,6716.565421547236,6338.584958284144,3436.261296799474,4522.040439490343,6237.053047501359,4873.188381973449,6034.238987972717,5993.975231153697,1589.8631952168087,446.35099653299756,5034.71334687845,1638.5769499959406,2082.053529515992,6723.974978475753,1731.4057234351512,6795.3373244254035,5805.580838955737,1059.7020213121234,4006.6816943981216
3919.1970485727047,4883.757688640992,1036.925655017755,286.5939846769295,5086.234601929408,3436.44003901494,619.6521088433412,934.6077359368478,1476.1761951261103,3631.6246026330973,2469.1861008170285,3348.2184960160525,2212.5883325896843,1245.114947782734,2176.799486805571,2138.1532070104327,2814.3004381298733,4160.935690426974,3244.7748256475365,4149.782926096858,1749.1931084660152,3476.0672881647442,3565.6854133887077,0.0,1934.692943819768,4668.269918962806,5165.71611562395,4192.044744656239,2479.814561105124,3910.7920928785,2542.8909730346286,3388.083784383291,4877.246476731722,4837.2873109503225,3864.940512323055,5666.176257908414,2753.3475423536706,1317.5937523265657,3177.989853245286,2007.7689069006424,5658.890966050239,6596.524633520897,5123.399955494007,2173.8615113796923,2777.821368469182,2568.4400837895755,1366.5559449949353,934.0076691874648,2527.316967762453,2979.828852719733,4231.87037260512,4781.439174654635,4729.933976169329,573.5610633245599,809.1851869164433,2838.202097170848,4956.547725259286,1983.7994976312502,5290.669045166405,1701.2199493966089,2746.4803859521735,4326.608898022792,3829.3047714604804,3069.3615576044476,2186.6828462365092,4447.188874169052,993.1782267553999,1583.7689941329825,3703.9989832300175,4605.328043489736,1081.9332582155885,6231.868469577965,5150.13987938386,2847.8481356476864,3893.2086428574567,3441.1427952593017,3169.401208463832,5555.616366944805,321.6351364590003,4246.191965503326,1735.0330930988027,3969.0386264571675,5173.04579403904,3702.2017094308894,3667.7875854723375,2943.8860215139102,1576.582058761294,4274.139904375733,4633.125466438935,5039.317641218105,3890.2010276607816,1469.6125689871465,2290.123890228867,2276.4362199536804,5008.757039020858,2544.6034422614857,4778.6243659607735,6056.262036633901,3936.6901920758255,1647.2222428494583
5821.375657920128,6817.248850008191,1608.0123962905266,1809.0913450749247,6986.816485946229,5255.121674080345,2325.2724830556954,2151.6889221894976,3408.249649175512,5365.192646423426,3328.680877171916,4964.172163159735,1923.4599896982518,2508.511030234868,4111.415567444502,1763.2920861346256,4748.976137630089,6020.21774537973,5176.686722243292,4294.879113728464,2707.715730051624,4851.974412855966,3577.8926602279444,1934.692943819768,0.0,5893.522655727472,6849.207292980772,5962.279797140185,4128.516370109848,5478.200567232365,3459.744582787145,3647.039470763786,6806.051571781249,5972.958085791745,5394.273407871908,7420.888221669223,4566.1403284670305,2942.4300997406885,5058.388517730524,1065.1810576634384,6962.127019588554,8120.037340619192,6033.083292234742,3194.1405679882023,4697.755108079817,3018.201979682771,3284.0408851177535,2105.734791168394,4178.570200133294,4631.3456528647275,6011.927700340799,5562.275111798768,6617.519374716556,2187.4089742743586,1681.921187642572,4152.205806841587,6602.309913163196,3916.9221060751256,6900.194682792363,3586.376019361188,4020.323065323233,4136.383964019297,5533.977830959572,5004.020591944242,3746.959963928758,6102.7824746655515,1651.7626761811157,632.8742069203012,5514.232129887987,6477.8197704293225,2790.54178970769,7640.913754092635,6942.4229662107155,4459.308570573021,5645.465941275175,5253.646587963165,4890.634542855355,7282.2264228814665,1884.645624665019,4921.733476155022,3127.5380233177016,5819.531816969901,7064.139206277365,5181.997489069732,5452.287903802679,4580.388533203816,3358.3654983962065,6203.549349742049,6536.2464536647485,5163.569299901958,3702.476079348116,2687.927592018245,1940.7541200268001,3412.3914110495875,6941.004279571149,3489.563974279451,6711.666671781608,7695.386573661715,4382.147962081152,3561.399354443138
3461.864228287701,4562.00328733562,5703.873422346344,4533.942221541426,3888.1369084312096,2677.218084526175,4048.914891195541,5491.807246931561,4232.3966003851765,2178.273594109106,2587.0072014319944,1799.6300948719988,4270.120676461615,3511.090580310482,4049.372171041086,6790.747043028035,4056.8022513522887,3056.7741292683045,4323.836984352324,3028.8368812149656,3192.1517510607164,1231.5564718493424,3372.056051409881,4668.269918962806,5893.522655727472,0.0,2178.798000157426,6167.486250524844,5695.492833544258,1402.0521369506916,2447.929172678,2949.825386144068,5108.858988743475,334.8285723441177,1284.027830307817,2894.6794821534213,5251.48373713525,5282.10583003493,3145.7005012494433,6508.333770485499,1082.1433427758082,2496.233317191524,1100.4101729105378,2700.9678754663114,4477.744501966252,3069.4395619278775,3878.332603815459,3923.2767920780198,2393.9897055662127,5935.645181539239,2462.3859043509,1406.412130704581,3548.7929256481,5060.7001211853085,5477.42471553083,1830.967151587925,1875.057319763852,4149.005214357412,1855.0191676974666,3548.6990646255144,1932.783217528805,3761.365492726411,2009.3277564212865,4054.068729035683,5755.315270971348,1774.6570287810544,5661.37418143846,5939.294285240461,5690.9331062519095,5755.925965343543,5074.96255755173,1841.1585322337135,2868.2760994243563,2089.901394184185,2259.2802776364424,5548.146414284685,5809.085610080559,2649.1174908017956,4976.865829304624,1753.1946663260185,2939.299871503587,5580.228353473897,3804.006024618783,1226.0591740254627,2452.5729320156825,5959.150246158927,5018.054574075595,4094.646993226644,3713.2628183356483,3172.2274041318346,3730.5898913758933,5814.932500098862,4310.888175129111,2497.017514684268,4552.8265875583265,2412.981164906597,4880.191114313967,2513.227485207019,2388.1048823728406,3746.056823517898
2096.7226142472923,2788.006215872734,6140.8694975911185,5150.814988535502,1939.4591252627629,1866.8594380766858,4603.100230920135,5743.706109614244,4123.999320571476,1541.2221744956173,3967.924641663069,1890.0198152709934,5647.536898536653,4349.386150469167,3610.1958710662775,7240.826598860934,3273.690179232757,1575.988175819222,3303.6304938205476,5049.816405490599,4288.307825722635,2267.3182287495506,5230.482816708224,5165.71611562395,6849.207292980772,2178.798000157426,0.0,4966.799791577771,5171.597671102422,1442.417954223393,3828.2090217680116,4776.010377263641,3423.139086149583,2477.0535908849447,1574.8780976713717,733.9689423361182,4527.209856382848,5238.361947885331,2328.218623756154,7171.28179094951,1949.460671013396,1673.2544324534151,3239.8711109766386,3893.927705891957,3693.248211038218,4593.249186307445,3938.779275056676,4743.978255553032,2675.0746647637707,5227.802599993614,1081.708421623868,3583.5604116700747,1723.2526339454703,5349.591183270456,5906.440792504568,2889.8610956715547,319.7701241986183,3794.8489175081786,446.0701974185226,3555.1658229280947,3038.1362955550558,5765.09892358466,1336.4114826822606,3133.5563628926475,5386.318233587206,752.2888412970115,6085.39120853672,6695.443787441426,4603.711137890821,4296.29029986592,5111.314069955983,1793.690855722078,770.8769031388862,2390.788259693651,1308.1961672214911,4552.890679571606,4986.16038357502,504.53639085600196,5409.507294232441,3845.1148330300875,3738.8082168483847,4356.029120597335,1810.4198785127167,1834.3334893988053,1575.9743612667053,5273.590768566897,4818.582641670992,2541.4148449904824,1950.2966373933991,5321.809637171645,5643.489697572061,5855.35278450923,5710.838896606522,3636.883070215208,2727.565229895703,3778.1314080269885,3196.94608327463,916.5519260849327,4388.740680434992,3692.3996292174284
2885.889296397386,2519.1462179079635,4407.701601242307,4439.031705029038,3378.601203117053,3501.11530535985,4198.961405066019,3829.1943417373063,2908.2112488292523,4008.7787587555886,5582.020584453984,4393.327953661552,6255.182439154913,4703.456211382434,2488.391938083107,5035.659034049962,2174.5001613101804,3401.639073950821,1844.7385906615607,7487.594531832303,5161.457957696159,5141.867280046131,7146.041065483251,4192.044744656239,5962.279797140185,6167.486250524844,4966.799791577771,0.0,1864.491773440956,4778.651574685164,5545.681901557373,6795.903465373901,1956.4369606997302,6485.614501479486,4884.475972003138,4909.0386321198375,1443.8763446448595,3020.3906708321692,3021.7958469377113,5480.402792649187,6631.557115860875,6607.507184129881,7151.498276895269,5249.551228177319,1824.4035390461179,6062.982076936811,3276.4122333920377,4747.840810181087,4093.029125312938,1400.152374701054,3981.8787227806174,7133.823558440592,3357.234855681234,3789.795653483444,4288.888590313929,5019.577917242146,5013.739860871623,2546.91372288148,5367.202497249567,3295.081262473658,5065.454416995576,7934.561044509646,4209.481715115294,2123.329667635245,2280.3445384557576,4695.799906407106,4353.621031695455,5413.914685583529,536.5246670275277,960.6826966033055,3180.6027848055787,6729.9399240736175,4364.312706910448,4272.475531018522,4003.9805671281674,779.364509664765,1083.7302883153172,4992.641512224265,4120.675627050132,6916.034613995581,4588.512239729562,611.9871303132119,3547.1791037477933,4963.217410631232,3758.219176656012,1465.0503500238488,2626.901667289432,2460.2763436608093,3118.060146155779,8232.7076228111,7564.897801147944,3386.846084953522,6339.271671938111,5127.763585162346,2659.069581613275,5509.373823378569,2087.1476342880014,5749.597693064533,6998.180973774971,3140.0543218005
3203.9136395102787,3554.4863700598153,2551.275781155969,2753.3610296933457,4166.078847098433,3348.194390792745,2653.8862363660205,1979.9580332532305,1582.0412274786015,3802.908365870653,4376.794740845063,3930.840663347346,4662.523275603566,3282.120084833125,1659.2852108157904,3193.7143752220545,1901.327301088637,3677.263063862851,1996.0208045671773,6271.077124707844,3803.872255405274,4502.792467425964,5807.257885031799,2479.814561105124,4128.516370109848,5695.492833544258,5171.597671102422,1864.491773440956,0.0,4456.852570033027,4382.436025076692,5526.77861340311,3240.1562610122683,5969.1053860038355,4505.883217819232,5376.227190266609,743.482346734608,1201.0932223074947,2853.3908274263795,3616.2477356801755,6424.371808678885,6832.567731629523,6504.576117030301,4031.3533568325415,1502.59319349084,4727.431936623731,2000.9392722519096,3206.1335588749266,3326.3980796268206,506.97944796608857,4089.971917537332,6343.532397565649,3960.831634013241,2000.3947931888347,2447.026892707557,4141.970122996544,5101.21953877247,1546.5450322460713,5478.2839234597,2219.3490396861866,4135.397491792657,6598.283608712875,4037.584418460251,2073.8259793852044,423.1065012617984,4656.894823817691,2498.858590012648,3562.309389699328,1498.1955586331183,2563.0903424487396,1404.7264469959982,6741.536857692392,4793.105676503805,3609.9984101111463,3931.885420275749,1268.6386276706228,781.0788609001014,5373.893995058146,2345.4592405416047,5976.698396204045,3374.4145576892297,1882.6465700444153,4312.013820795337,4483.917952675985,3649.8288441714635,464.9513784149905,941.2892332035887,3152.3178982916684,3762.304107026438,7101.823329434844,6188.802367656766,1523.2262256789043,4743.454996979523,3986.5689271163997,3705.833575475294,4358.661193642837,3250.707266997907,6068.394173719601,5890.552506577715,2018.563182129556
2070.825479959622,3220.891702201892,4927.711072505063,3853.2668229257106,2648.840198276408,1279.3038803013146,3313.621608587951,4602.387223471967,3123.3232419587953,776.5475542045058,2527.2904280246466,575.5787585422174,4206.618397036389,2969.7991328244743,2798.3474842717437,6037.134876691923,2708.426459678202,1704.3268467579799,2940.087501321176,3759.2711334374385,2861.211061614295,855.9713691905825,3853.5166481044303,3910.7920928785,5478.200567232365,1402.0521369506916,1442.417954223393,4778.651574685164,4456.852570033027,0.0,2388.6113840890907,3396.923599588899,3735.6423083508676,1731.230220580152,164.49857752880442,2131.765639451016,3943.7495482127156,4233.057081259949,1762.541079956152,5888.335401861039,1967.5441755472737,2686.1786983008033,2457.689293547295,2453.9537764173556,3139.4261927436673,3157.214374795605,2839.256629269358,3377.6248808181763,1388.1310975037627,4643.287616117916,1161.348827704234,2601.6303563613724,2269.8211408906204,4183.771642654628,4692.5884512277435,1447.4437341858927,1153.42873208881,2932.682113906142,1423.0041947517234,2466.6274983292474,1595.7183645007663,4447.61719012563,617.1642698479878,2679.878274787308,4574.179333172236,710.7959873901926,4876.541564823375,5377.378504852527,4313.309672415604,4354.4514075254065,4060.8434479255657,2369.4563966861683,1852.29216808931,1063.1003348889508,880.4304246179814,4183.977122295484,4484.546368205484,1932.742379989635,4184.8067934379,2668.2022415195593,2350.7234439791087,4186.002153364233,2598.1705721526437,417.7707229809192,1051.588246857105,4673.548422327513,3891.15779174952,2714.4605637400587,2399.6242133071587,4170.874091830752,4280.863659097309,4818.104163990023,4269.2568973014495,2197.479889264064,3229.000557517759,2338.154476110165,3509.684117491059,2222.9656533217053,3105.538707737677,2643.503987727842
3740.1873136582344,4985.9527220796035,3518.183275605323,2331.2761178590576,4716.586799971459,2864.9061809270474,1981.7697088917773,3465.9992372327497,2808.918271057383,2666.089427112489,144.74104436890042,2068.0773812565617,1865.4993450400889,1298.8041069326043,3059.0065972223724,4536.268247320698,3450.063961567234,3646.136352176095,3892.0549157385994,1942.0646746223465,822.1183194309684,1577.3101310883662,1684.1075834809367,2542.8909730346286,3459.744582787145,2447.929172678,3828.2090217680116,5545.681901557373,4382.436025076692,2388.6113840890907,0.0,1275.643994100235,5299.225443507852,2513.260612282379,2253.645745175803,4518.024027424378,4239.921249342728,3550.945135028842,3015.3066239493783,4156.3316207600665,3527.040706741276,4805.370740892424,2635.9589600213812,374.7406659184454,3730.248312091971,774.3766722571131,2389.323599525606,1647.3237931147596,1661.022977359735,4781.485716640174,3332.836954195329,2247.211891647292,4306.524265794169,3057.0499166452937,3315.713596696192,952.2489884447236,3528.6881465111082,3026.7590894692953,3743.525761239129,2264.5985396696697,807.7299635057499,2435.5810462641152,2723.460261446273,3602.5328135878235,4271.850140239004,3096.9898750577145,3487.974883661005,3564.797730925276,5009.878647124499,5526.529137129379,3301.2320684071874,4246.716135304667,4186.630710744022,1712.3188766876922,2943.940614545918,4785.320738162908,4802.857591439184,4321.319822055295,2864.027749419338,1706.1892298130356,1008.0575490382481,5083.811219139633,4720.48921829507,1996.6337411002553,2891.018673811707,4777.07603346231,3491.414611327764,4354.07675966559,4343.009618705673,2726.1393144454305,2129.1603218217274,3932.8254474433515,1918.3472084781733,417.9645727570698,5051.849663207527,51.94309110940538,5111.620236014114,4541.909127665149,1508.1771481483866,2440.878186012772
4979.218368582965,6229.993240138308,4213.846539462609,3123.0934059435367,5900.020801753584,4086.350182039959,2946.06400011422,4315.163969543915,3987.6646672402135,3825.7353373281067,1217.925431688246,3205.977075414763,1729.9576439384286,2263.043217029008,4307.879726662061,5084.722928299044,4722.030050433076,4840.2568767576795,5166.707106415943,762.6907511409852,1727.8806273547948,2541.0608135158827,456.5962789708212,3388.083784383291,3647.039470763786,2949.825386144068,4776.010377263641,6795.903465373901,5526.77861340311,3396.923599588899,1275.643994100235,0.0,6565.045884196469,2865.3909810205655,3240.8350039495995,5499.688725365099,5456.183245594305,4575.574694345727,4275.615618912556,4560.038376946624,3983.6626408321777,5445.227516316742,2621.536278096681,1546.3712742950834,4990.178558589362,822.437277280158,3576.0807167839484,2460.1174764311563,2921.3124211670684,5956.038989282222,4460.883014746968,2072.4703938404045,5492.6074284851275,3953.7234506481354,4052.787805940005,2099.328791699385,4459.729886845166,4258.407419594912,4600.15743522382,3501.805902253579,1979.1617484574124,1160.179704580717,3841.6269588033924,4877.756643729267,5365.80918053857,4098.082806305651,4199.457759443951,3955.20035838717,6259.397492965757,6800.981688124737,4319.863265714321,4777.245541196831,5247.849850851013,2929.5257767469807,4085.9285460674664,6028.340901206567,6008.155709443706,5280.383634419379,3688.035337640896,1412.1412570851405,2210.629557991343,6348.591813866285,5888.045140483554,2979.6662565139745,4075.3843483926767,5945.049543495159,4603.1972623563515,5605.902386871893,5550.346966545605,1653.2577235751842,891.9370757222731,4853.766675969706,1726.4669703993757,1686.8510278610852,6288.515669347895,1319.6243305372934,6373.52471273949,5361.109720401178,761.2338319314244,3665.5870574882006
1678.0741920788246,652.8595724349916,5449.134758874109,5047.716575076001,1566.682335842209,2571.155841690853,4629.184141090307,4877.326769885835,3401.25212055046,2995.4943314054194,5382.410508414608,3559.7562988766526,6534.843784560424,4891.164791454894,2712.9803583308526,6319.303182139388,2087.8045665555005,2054.3099148125148,1635.370576192442,7142.106518089533,5204.385622840509,4365.798710184084,6983.332342120416,4877.246476731722,6806.051571781249,5108.858988743475,3423.139086149583,1956.4369606997302,3240.1562610122683,3735.6423083508676,5299.225443507852,6565.045884196469,0.0,5443.533043267121,3881.4995075228335,3176.8453679537197,2519.771651917094,4076.6134115682344,2291.5580547588143,6599.176078112252,5296.940257181782,4945.135663457577,6189.647692632918,5106.035024061038,2114.6011701056063,5980.153411425915,3594.2731981780407,5094.395921734489,3643.80698194018,2964.3273465703815,2662.5323547962757,6320.316992644752,1699.9239213932487,4673.269383552589,5267.994824118281,4516.1445341686085,3562.1578798117584,2895.5632719279333,3862.5914246332086,3398.91794807421,4613.094495091554,7721.810804859311,3118.6751988897463,1848.6067757367978,3638.0512682958442,3394.998597535057,5388.469218429386,6368.645255139667,1893.6902731347066,1031.8014597765405,4127.736435263884,5213.337274431418,2705.7580322098283,3672.389586340752,2856.9628711462115,2033.175561161652,2607.499455706175,3313.3260449845566,4934.551513251128,6279.991757479703,4537.346668632231,1486.4964143976258,1731.621833077015,4049.2976909094987,2707.2004064060347,3032.8765162117957,3578.0016222869435,1023.2550271623398,1476.155595847877,7738.583174203661,7428.111592038517,4620.012142558177,6618.203182448315,4908.025355394266,759.1597093899284,5252.132042727506,230.90486198865597,4065.431416908297,6550.940843140777,3344.3468265073825
3794.9195354447243,4896.549856524796,5868.405781740813,4687.359980122073,4217.447822577656,3002.199932650057,4220.489706460732,5683.76156176594,4482.399181234308,2506.252372168653,2646.0117725975824,2103.9561669970694,4285.233747814114,3650.012361930436,4332.017277262406,6943.684955157455,4363.367559537587,3391.59493997883,4641.069726962201,2863.638705197637,3292.507265740502,1473.234168183728,3267.4202462719727,4837.2873109503225,5972.958085791745,334.8285723441177,2477.0535908849447,6485.614501479486,5969.1053860038355,1731.230220580152,2513.260612282379,2865.3909810205655,5443.533043267121,0.0,1607.7213001727011,3181.697194610763,5544.241786042344,5511.945180785545,3464.4269962221747,6631.406992236262,1119.9619059414479,2628.527343826767,773.0677069164122,2798.6482519911287,4780.562748437154,3074.634331341859,4116.4556735254655,4055.3943355155975,2650.6543180499793,6222.8452536331,2796.831412473766,1138.430096905822,3881.1416248835862,5252.889630068483,5645.555264215026,2006.0470405212336,2180.651671207027,4423.252108103832,2129.7472723262267,3799.194911670629,2090.8422733398615,3594.771823323561,2341.3825862974636,4368.30724881126,6014.400109508014,2104.855457621734,5828.193316603353,6052.583493543893,6004.65146368913,6085.656927751515,5298.033629229811,1921.3941456757386,3183.0178241010526,2359.1532805735624,2592.8809052891343,5857.195584192319,6105.553268886039,2934.6651277748883,5150.666036713504,1575.8363793490742,3102.29484669865,5901.288057897191,4130.89146482088,1529.0350619165017,2782.683808968961,6244.46426516879,5267.256080386922,4428.89909051561,4047.1303015000644,2928.444256892215,3600.62729078837,6029.86073838592,4320.097990845346,2614.920762181906,4886.758059951403,2483.7231731583934,5214.922245963884,2740.568469529269,2245.583390238937,3998.7403907121807
2211.391621547165,3374.5004293382453,4888.5596055633805,3796.090807645807,2812.0297451947413,1394.4810374949532,3261.0852190266355,4579.970698832582,3136.90640844782,902.4362536079765,2393.865150263899,581.6630938438504,4084.459455511341,2888.3001758189885,2846.749594298908,5997.506048344178,2791.100266958892,1858.687922865213,3041.8861900971897,3596.1215860453053,2754.986035280941,702.1923624912195,3697.4041564569325,3864.940512323055,5394.273407871908,1284.027830307817,1574.8780976713717,4884.475972003138,4505.883217819232,164.49857752880442,2253.645745175803,3240.8350039495995,3881.4995075228335,1607.7213001727011,0.0,2275.684754357026,4012.6787172023874,4238.317211248115,1863.1733333949367,5830.081911678514,1928.72828732743,2743.3523553178507,2320.081160983814,2335.247455583669,3218.4944659825032,3018.5814456040443,2836.205085861916,3299.8378717835512,1358.9632825356248,4708.103214950263,1323.9374748654104,2447.28223920536,2431.43943028096,4157.806931382215,4653.977591396524,1322.0687332862085,1276.2580700959347,2971.7409340832514,1520.7663296805333,2470.1028211661555,1470.0624393514718,4286.087568735152,764.7049623286097,2775.519415352737,4608.88446324455,859.1346199013279,4838.525979693506,5310.424709736594,4411.82047115485,4481.947096915915,4058.7391390668354,2382.766740681933,2011.4833447364156,1028.5258938208601,1031.903713717515,4275.395084125559,4559.94606139327,2070.8900893115983,4145.389811934819,2504.4308212919354,2268.52571291577,4296.231281337749,2762.305739641613,262.70917881375937,1185.006305725417,4736.312708014219,3911.6882670095274,2859.0609798815062,2558.090101113915,4006.885398842348,4123.124307572232,4815.054525453372,4145.583205939184,2080.262755408797,3385.1541193642865,2203.739089888138,3656.554283024662,2324.1776012269365,2941.8475386127675,2652.8851045022666
2180.1039194575105,2523.9858347393715,6603.782309290109,5679.0077971254805,1611.8377974725004,2249.748224390009,5132.912020997925,6167.667731605683,4505.639378379943,2055.8553779059944,4655.215337983517,2514.2037327665,6311.048259693868,4944.684046750105,3919.7844219469516,7687.827023574477,3485.770896654139,1701.0403786306777,3415.9920506565877,5783.394122858997,4929.527572597601,2975.9282623910813,5955.032689607169,5666.176257908414,7420.888221669223,2894.6794821534213,733.9689423361182,4909.0386321198375,5376.227190266609,2131.765639451016,4518.024027424378,5499.688725365099,3176.8453679537197,3181.697194610763,2275.684754357026,0.0,4685.167724248514,5594.24770849352,2629.910012967174,7672.505733780718,2526.1946862840955,1775.6970445661611,3933.831914732122,4558.838193442381,3873.968990817686,5288.397169015958,4376.449783214015,5325.220532274883,3248.435759267066,5364.0071034272505,1436.877718555758,4301.088978744918,1551.8387945717818,5793.589417736554,6372.305854368573,3570.453252250476,1053.5852349762688,4120.174838455888,1059.58086426143,4000.117758774859,3718.079871900683,6497.718392176211,1894.2975453705783,3302.5887498047646,5636.2504432351125,1421.4281135203428,6546.173788997204,7225.267672478993,4610.811002730214,4137.906419982453,5494.327572409202,2168.8280329765653,583.1539381544125,2993.9780408314614,1779.165276209324,4601.706608071835,5087.160990010538,247.63445597089236,5888.03788901702,4577.641989567335,4347.311768266569,4312.003935058732,1451.129574754784,2538.039668916937,1999.3092626104644,5416.506298846886,5142.64919090239,2450.7208137239945,1791.379296768275,6050.268773197187,6371.095184614023,6217.937947211277,6377.1798303102605,4301.382506766865,2429.643663246526,4467.199452334538,2966.066750377172,897.2193945295652,5122.284974840524,4112.8555709269685
2505.292253805532,2812.223486251582,3061.405640931139,2996.4598636297465,3429.756408737653,2757.2876770540283,2761.973782148013,2476.4358703721764,1492.2965695182709,3239.8291376714606,4258.813095791948,3455.9188449818957,4818.505402307753,3295.985696848364,1239.6383778610605,3831.193561989005,1267.607351503217,2996.273718093192,1276.0982498197393,6173.540279491177,3777.2973818565038,4107.0642625663895,5781.522000219838,2753.3475423536706,4566.1403284670305,5251.48373713525,4527.209856382848,1443.8763446448595,743.482346734608,3943.7495482127156,4239.921249342728,5456.183245594305,2519.771651917094,5544.241786042344,4012.6787172023874,4685.167724248514,0.0,1652.785520031259,2249.0689081539945,4182.072514678099,5899.4320039008835,6198.055927405383,6134.829777646401,3917.4303055085743,836.2562264407962,4693.479600917426,1886.3086995871063,3314.2790999748345,2960.8588686840512,707.5042063436792,3450.95400749329,6032.593064438624,3238.042553320447,2379.793254786012,2916.3679685869542,3845.8470759189063,4482.446302076133,1219.7083843234825,4858.27287209817,1979.5101206798613,3864.767553532424,6574.313181112154,3469.7969924439385,1395.4249085396896,1120.3448050096008,4063.575950624031,3003.7687839076425,4046.2798799284756,952.924778925389,1939.2747727498545,1776.1499163809342,6157.450080762735,4102.678756096436,3206.0449859590244,3333.931800940295,690.2742650338348,574.9184154025684,4697.1915409312405,2699.738036750973,5731.292083215616,3249.1456108609536,1263.2062559954338,3578.093699562939,4026.0199728963094,3054.987609680275,748.0522686363563,1208.079613898438,2413.750238459647,3033.4795107615287,6960.773427119217,6188.825144941808,2129.1756432126494,4902.300270804309,3826.5866601769258,2963.357068167453,4208.681821574304,2517.8353704253586,5409.103230558278,5730.120585998605,1799.0436151691817
3551.5122152943527,4241.3156368808495,1408.623911296411,1601.4779977274118,4663.347467797141,3376.3187160830953,1629.747089180404,823.663312554954,1121.1442068730498,3729.574067874239,3514.311189142191,3662.1455063416033,3528.778128313822,2317.6478480791684,1686.1907598919524,2257.0584728874433,2236.193635415323,3930.33400053138,2548.1297891296667,5335.696184081792,2857.241428938934,4050.7915743667922,4804.802072894262,1317.5937523265657,2942.4300997406885,5282.10583003493,5238.361947885331,3020.3906708321692,1201.0932223074947,4233.057081259949,3550.945135028842,4575.574694345727,4076.6134115682344,5511.945180785545,4238.317211248115,5594.24770849352,1652.785520031259,0.0,2964.561571106257,2537.4784340768297,6153.007962624865,6825.082038408183,5937.538631468261,3179.3071741585463,2007.5281586015176,3755.833524994019,1409.279778697261,2146.453089766697,2908.166874230225,1708.0717482345408,4189.359211526865,5686.373578906331,4373.639061586701,802.057164638531,1270.5716507639386,3543.9098909922923,5097.693908838486,1478.4886506889395,5464.861669832823,1768.241947832083,3497.9714167148363,5583.414084253469,3959.0858520769666,2482.3085475713933,871.3255484886233,4605.849858685908,1351.038466152981,2399.633870998032,2585.142654385054,3590.893257988185,255.77340635218536,6599.868511139446,5027.585029738432,3233.0149188882506,3932.42505824612,2328.300675475786,1949.1783915963158,5538.6066512866755,1149.2537076925182,5232.215931842358,2578.9301957955354,2915.959900288926,4784.020404767208,4147.668592621281,3662.522950093965,1663.7400584553463,505.03796719256667,3713.8858757157577,4219.472001912681,6203.230740898326,5156.729798960287,624.1885818284406,3606.9393146806615,3197.575307848276,4383.954372155919,3537.920859734005,4030.7966958947463,6154.902707524221,5035.865517658707,1590.1899245259979
788.9520505284213,1986.5521766744516,4037.330933933952,3252.7378510646995,1935.160969604855,510.1035599062213,2736.5634953327867,3565.4618970171314,1888.1856286660482,1009.1444304954568,3104.8054239829585,1386.6890034128057,4397.708342015646,2790.73715641477,1294.1919814003636,5095.879030507003,982.2930201116161,992.448869222491,1178.7728580596004,4852.992746042899,3007.5069663169525,2171.5366922124526,4698.283930441093,3177.989853245286,5058.388517730524,3145.7005012494433,2328.218623756154,3021.7958469377113,2853.3908274263795,1762.541079956152,3015.3066239493783,4275.615618912556,2291.5580547588143,3464.4269962221747,1863.1733333949367,2629.910012967174,2249.0689081539945,2964.561571106257,0.0,5148.850779172087,3675.5896276386734,3980.3737963123513,4143.365276482632,2845.8659339737,1417.4707323066673,3718.4355707761024,1821.8593972348683,3082.136440832073,1355.1247450511705,2956.573095702015,1249.884753482896,4172.316362711245,1559.1391971690664,3214.556600543844,3812.4423561340564,2230.2194550870995,2247.8968046956697,1491.0065521331549,2624.959177290192,1478.4584923388952,2322.921020973808,5431.061558833595,1230.6743993713367,919.0967976323276,3058.0997392591694,1814.8957081785718,3977.7383182699436,4761.758092231166,2550.8061772437754,2684.5856578490843,2871.220309639265,3908.519927180876,2064.1344286479984,1391.617583741309,1085.40645265541,2425.069156459873,2759.739152027597,2582.5803592029815,3354.666090245793,4046.9753538395803,2332.9951277193013,2438.018614043174,2006.041336562385,1947.514493446711,805.9208033826897,2995.3924254022204,2515.6077495114373,1344.720847659097,1491.7025433259146,5473.91951876843,5143.98561726887,3588.457268705453,4477.801994417909,2633.9692773092474,2067.9689040488493,2967.2639723363,2097.92015795168,3236.699644205653,4271.02188713193,1543.3458416362807
5858.454494880028,6712.074060334928,1153.220560498728,2035.0685789353638,7018.179645636395,5436.272220558864,2577.3514260079087,1722.7229147579133,3319.2136099157583,5639.107935065351,4041.353590932746,5335.676901707692,2883.4717475239813,3001.211987315958,4022.917695218235,721.8102881450217,4645.1407503124165,6139.604591945805,5021.129804004772,5250.1274433066865,3346.015550540374,5375.287000299798,4546.574491193563,2007.7689069006424,1065.1810576634384,6508.333770485499,7171.28179094951,5480.402792649187,3616.2477356801755,5888.335401861039,4156.3316207600665,4560.038376946624,6599.176078112252,6631.406992236262,5830.081911678514,7672.505733780718,4182.072514678099,2537.4784340768297,5148.850779172087,0.0,7545.321805601137,8572.329542934815,6787.548132054829,3837.9198684788876,4497.694153425397,3853.6518866937117,3327.85369354183,2586.043638661189,4517.479777120092,4091.7252968516837,6237.054520422281,6358.352729453833,6681.122572648701,1964.628483349715,1354.3873505618697,4696.0888462506755,6956.737382802517,3811.781390222818,7284.7596375947105,3687.778812895372,4581.195810595854,5152.6949451871305,5835.056510301593,4902.423840421491,3201.0376089802503,6447.805700816984,1214.4416496233978,606.6491279347564,5090.738395438525,6120.8869049256255,2471.803869957728,8166.874058231155,7151.480172868061,4830.136677438124,5900.874444891113,4841.429016058999,4397.325706832393,7563.369854674172,1794.9282700592805,5743.567185758342,3599.4099420245257,5441.612915828542,7117.283654961771,5648.075163120442,5673.420949743286,4031.847579483381,3025.159212911776,6140.2143055820125,6564.563454213845,6136.135000425676,4711.542339566737,2093.6706180715246,2915.9851255069875,4017.394251700224,6848.0543849782625,4176.472549553271,6539.00510889516,8057.375639653522,5263.392801331192,3605.5148173148586
3775.9126693635276,4685.717761167974,6695.449751443214,5545.441165816296,3877.399060373462,3168.1560263579195,5040.326734946555,6441.194389461011,5060.996550238896,2667.540387788909,3667.063504045846,2510.3204910116556,5351.771366103096,4544.2112945901845,4765.851276363961,7794.110265322655,4648.051129387132,3290.2133717219617,4828.744493346588,3967.1566835770427,4255.657800360597,2183.1177832027297,4387.367347118771,5658.890966050239,6962.127019588554,1082.1433427758082,1949.460671013396,6631.557115860875,6424.371808678885,1967.5441755472737,3527.040706741276,3983.6626408321777,5296.940257181782,1119.9619059414479,1928.72828732743,2526.1946862840955,5899.4320039008835,6153.007962624865,3675.5896276386734,7545.321805601137,0.0,1547.7049158599318,1645.5339677906986,3768.0696908736977,5082.916952602413,4149.098283482087,4744.97824045801,4960.291745758912,3247.9925644842538,6602.515392317689,2678.568783003341,2163.8628085923096,3618.434414800412,6012.42321151572,6464.939681114588,2849.2926726203473,1745.2300114408988,4897.624975704142,1511.3463558804121,4387.835090776316,2965.832797045208,4694.617509442596,2445.8650091411423,4590.666946470959,6536.86861685884,1943.7401958163032,6649.920567743648,6985.960676314747,6199.405851038953,6083.930398853195,5964.0173437643525,806.9145344489716,2720.2431001888417,2920.5892994443775,2630.008533616764,6093.8515291846425,6429.744074490135,2287.3999697477484,5958.7721566754,2681.80413114008,3952.2579097474145,6024.25085463479,3755.5926451565538,2006.4696576429956,2887.719228888086,6634.686171194083,5838.740505852354,4339.267859935129,3826.661807737914,3942.522109640097,4716.930152844115,6716.706008852852,5391.902554693844,3554.0883120409376,4641.546241116208,3490.9513734963425,5066.6111983515175,1861.2705063246447,3361.054633172302,4574.9904884260695
3761.531676408561,4292.913961853883,7609.648983363819,6537.571058076615,3384.6909120899063,3497.0568825223586,5999.432173833953,7263.499172789725,5703.988983307471,3096.793430453184,4949.944184594004,3250.2611567810977,6669.42313871897,5623.058981429947,5242.021092364375,8718.777452976134,4940.032672751265,3242.2493412668,4976.353694031403,5492.165975663243,5438.15411868963,3277.86302915253,5868.001218658445,6596.524633520897,8120.037340619192,2496.233317191524,1673.2544324534151,6607.507184129881,6832.567731629523,2686.1786983008033,4805.370740892424,5445.227516316742,4945.135663457577,2628.527343826767,2743.3523553178507,1775.6970445661611,6198.055927405383,6825.082038408183,3980.3737963123513,8572.329542934815,1547.7049158599318,0.0,3191.105501945681,4978.612167966691,5363.006189161076,5501.219266685977,5471.846442886075,6037.459594079698,4070.6455164757344,6899.911491672411,2747.531282741108,3710.215133978352,3279.978272497091,6851.932356531988,7374.289881434889,3977.963520521147,1738.5043546730044,5416.454050861134,1364.1851464409071,5089.4643446041555,4116.733509162331,6223.120683613487,2866.0694722888343,4805.748608568284,7031.856887892771,2219.480340355598,7557.61859720276,8053.345349999899,6263.959662261963,5884.212923379048,6677.5948539668825,771.9618834528029,2256.7512595348207,3748.720174767916,2916.5470901879844,6221.269002160331,6659.350904478604,1634.4218861937086,6867.497063350009,4204.351691649616,5004.520986751479,6000.081328650887,3225.926005884977,2940.25504491107,3196.9502992391044,6945.090448594964,6430.639869824465,4154.948722062043,3519.21040750578,5489.85227730765,6220.073144824021,7431.522026076826,6719.17518780222,4737.3182542388895,4203.123602672779,4762.152485450774,4730.129289138934,880.1615395011304,4868.956222622051,5247.1554894935225
4528.499555505885,5654.398694118766,6131.037780980476,4939.045750616712,4988.481374863898,3704.359722337587,4522.927699343645,6014.509699086452,4968.615353166413,3222.013699354179,2746.5389732388653,2759.6672844160034,4224.374965783696,3890.116184324062,4902.9949933730295,7168.730456153376,5000.109371989576,4143.471577064454,5309.321879648284,2425.1217322643824,3456.2983305647967,2029.702226969513,2958.158861471946,5123.399955494007,6033.083292234742,1100.4101729105378,3239.8711109766386,7151.498276895269,6504.576117030301,2457.689293547295,2635.9589600213812,2621.536278096681,6189.647692632918,773.0677069164122,2320.081160983814,3933.831914732122,6134.829777646401,5937.538631468261,4143.365276482632,6787.548132054829,1645.5339677906986,3191.105501945681,0.0,2977.209156471544,5404.001186718596,3030.528238275466,4578.232367584349,4269.771784590952,3184.606424521561,6794.557528529506,3556.7565047533126,571.6949136471304,4648.16763366781,5588.877716012938,5919.212976156627,2396.353087856003,2948.520315494706,4971.475467461344,2875.895310310513,4295.59620444904,2440.5430389698113,3129.875974991022,3074.299278947644,5028.194331376622,6510.957607603432,2875.0605621991685,6096.737334100675,6191.3135958894045,6656.815652752072,6797.92304754511,5708.8379682587765,2433.0779248688277,3954.273860420899,2929.200287481209,3333.005022450461,6494.856938354608,6704.35197806917,3686.2333703965355,5443.808693788293,1211.3366910372192,3413.5424175551125,6578.8560788909945,4903.326045366451,2196.8758025416455,3504.9869237269636,6810.772148425536,5743.732250255752,5170.533888965916,4809.605312321688,2300.1285132270327,3221.0397285977397,6413.895863633662,4244.798091665256,2847.4369467373635,5648.702443717229,2620.294446546991,5962.3190712482,3431.408018281271,1898.5003424898296,4497.5935319112605
3599.176878550567,4831.021076621588,3159.6537029497395,1969.386356431109,4626.959909892673,2755.523885293866,1607.4827267563408,3093.9019797306123,2466.22759009484,2621.2997741441177,345.52857942867746,2058.2443097577116,1753.903703297875,928.7490876237779,2761.690103137026,4192.042953959918,3192.1091310129104,3555.733194645656,3645.20397321988,2256.8153233468174,493.8612537636455,1705.403875657904,1912.8577751889968,2173.8615113796923,3194.1405679882023,2700.9678754663114,3893.927705891957,5249.551228177319,4031.3533568325415,2453.9537764173556,374.7406659184454,1546.3712742950834,5106.035024061038,2798.6482519911287,2335.247455583669,4558.838193442381,3917.4303055085743,3179.3071741585463,2845.8659339737,3837.9198684788876,3768.0696908736977,4978.612167966691,2977.209156471544,0.0,3446.5044483490806,874.3680048955359,2048.7931673141143,1292.8382340900191,1515.9514818522393,4440.363937497128,3300.8093722687167,2609.2327021751053,4217.507846132003,2683.3637515156233,2953.472603359137,1016.2879783629245,3606.959993271481,2713.6368510823254,3851.2772686743815,1955.638768946096,870.5018350779052,2691.5280290585865,2709.878331684285,3361.150485723899,3909.611144427154,3148.0422035609686,3127.7525873529385,3254.73420574968,4713.040082561255,5275.79907924828,2928.8471430446825,4458.398246039715,4187.517848347155,1637.3854137526698,2907.9086035957184,4482.261358758211,4474.853719759117,4375.3996112264995,2495.358811868345,2079.786833005008,668.3848436716681,4806.937012483626,4644.055326850554,2090.9958176574632,2819.93605438439,4433.647167013744,3131.2241114698263,4190.58631001403,4233.803780554904,3070.517578253217,2347.808215126823,3558.1072230579284,1818.6311958901945,257.493746015316,4906.281377765956,371.14061724500067,4927.331375591051,4654.5903976290965,1866.4972869629357,2121.9401891608545
1702.3096684108327,2233.7881917934837,3344.931626413012,2966.898923766868,2713.4426622790465,1927.179789869383,2598.6181062283854,2781.9085632940923,1312.1433227498435,2417.0134226590467,3772.9364520627696,2678.293778975712,4606.554591017022,2989.0991153757345,703.3151656810769,4264.5100807742265,435.72399072119026,2176.391414940107,544.2951582000342,5670.432381317054,3402.7412507560725,3376.274079613946,5354.662789303263,2777.821368469182,4697.755108079817,4477.744501966252,3693.248211038218,1824.4035390461179,1502.59319349084,3139.4261927436673,3730.248312091971,4990.178558589362,2114.6011701056063,4780.562748437154,3218.4944659825032,3873.968990817686,836.2562264407962,2007.5281586015176,1417.4707323066673,4497.694153425397,5082.916952602413,5363.006189161076,5404.001186718596,3446.5044483490806,0.0,4280.867373853692,1581.4178285529097,3110.6307547809333,2281.316899380706,1542.42508435418,2615.557127861863,5345.529951663351,2475.608261455152,2559.6043958397163,3157.7322602920276,3202.042177117753,3646.195979221221,830.8843886426077,4022.021671040821,1510.2088123835722,3243.4829639756085,6137.725436064569,2644.2455308042026,571.381485356325,1790.3535718078151,3229.995701409678,3283.8905628849757,4254.08926098936,1294.3346001220093,1896.3530760037802,2028.2919475176645,5323.906075972792,3290.818152114759,2485.6932869563775,2500.502520293071,1099.133888547251,1346.941154958152,3875.5683987303073,2821.1814251651736,5100.157703325751,2795.2798869594435,1362.562539014265,2849.482308561504,3252.913503461935,2222.831093785805,1584.3030377945374,1502.493568418847,1725.4738222195667,2289.5586487471774,6408.507944278449,5781.644642359905,2594.1860974689152,4691.256635506632,3312.4358538430597,2376.679695635278,3692.5451227077783,2041.925147202512,4579.647313731593,5174.097929609953,1384.5039053155465
4465.991569717301,5702.159269244678,3420.077313884147,2306.8339360300733,5472.153778526057,3608.723850027043,2126.0946199256987,3498.0785617104148,3210.365881273971,3433.9146222812533,646.3367682756415,2840.8722616909404,1211.6985643257153,1450.0523987459903,3585.4585004289197,4334.075033961687,4047.912178943239,4400.333795359166,4505.985518916034,1585.0816304758566,924.3987303842428,2331.1850340309757,1088.2194322920354,2568.4400837895755,3018.201979682771,3069.4395619278775,4593.249186307445,6062.982076936811,4727.431936623731,3157.214374795605,774.3766722571131,822.437277280158,5980.153411425915,3074.634331341859,3018.5814456040443,5288.397169015958,4693.479600917426,3755.833524994019,3718.4355707761024,3853.6518866937117,4149.098283482087,5501.219266685977,3030.528238275466,874.3680048955359,4280.867373853692,0.0,2807.207827943275,1638.4375476123585,2379.3857019039597,5167.138981572878,4104.095464670626,2544.928182036774,5062.018137696664,3132.3751006495054,3250.1209291920195,1726.5225694076516,4290.279278444237,3516.2840573948233,4491.737192664883,2773.8419728589442,1582.05676947858,1881.517335098723,3496.639048583798,4225.104691069915,4553.9011153326555,3866.9803170383475,3402.420484470725,3247.2961815815324,5527.196692676135,6131.688545066522,3500.064031087431,4902.922422674563,4961.007354615492,2467.609234507158,3714.0668676405116,5288.622737299003,5235.70268459631,5088.882064021528,2871.3778322672897,1904.5776036365648,1487.1327928550968,5643.427789445879,5481.278964260805,2759.100525833012,3651.590868797873,5153.325957178335,3797.4978632100638,5063.026603738519,5088.889147045159,2470.9038483455806,1502.2816809706492,4032.343946225074,1245.5378963724868,1090.3705907736141,5775.2565354749395,826.0926956764599,5801.69535384141,5284.978771863516,1421.830398887645,2922.9281064256443
2552.937863129457,3543.112778768551,2229.5133111576174,1480.3867457289666,3719.8465203936844,2127.0938531959514,1035.318356024368,1804.9397213391926,420.09331340786696,2401.0918124513687,2393.5814214279403,2264.9077126816883,3026.4933042128146,1428.8359727012053,894.1139520441448,3312.486260696035,1506.5207335463388,2811.788751953105,1965.0162098886103,4303.703269862596,1892.1070591153134,2648.5915964836854,3895.3170068696586,1366.5559449949353,3284.0408851177535,3878.332603815459,3938.779275056676,3276.4122333920377,2000.9392722519096,2839.256629269358,2389.323599525606,3576.0807167839484,3594.2731981780407,4116.4556735254655,2836.205085861916,4376.449783214015,1886.3086995871063,1409.279778697261,1821.8593972348683,3327.85369354183,4744.97824045801,5471.846442886075,4578.232367584349,2048.7931673141143,1581.4178285529097,2807.207827943275,0.0,1529.757731326108,1498.9008307679992,2392.6089513340876,2941.2020274336815,4372.418736699517,3366.2652383530326,1417.5647714940578,2000.2081457753343,2184.8734148421504,3766.604329379182,754.241425794818,4123.58803440414,384.17455585189356,2160.1879726877933,4688.262597186829,2620.4096376706066,1751.1432768614338,1941.7260978855907,3263.320852178038,2171.2345314590043,2947.0416230280834,2744.9994959278233,3477.282971713691,1222.5755861827113,5208.712271600054,3838.3669991683955,1824.43991839715,2635.261802829654,2497.496264173783,2432.2631965404157,4288.02291386345,1533.1084746207623,3980.070501981089,1383.208506991263,2911.2856243419333,3808.104985539395,2738.9860445883983,2385.2222536145346,2387.7544098441113,1166.3193117379997,2921.5945454511652,3266.6292672080194,5114.683006420339,4303.167992125103,1979.3382260917413,3111.2153401694973,1987.8398341742723,3662.7420401933846,2363.248046258369,3474.0540885986507,4849.48633460679,3895.545082724239,280.88907307511937
3868.429509621702,4980.092403151272,1871.077214009353,691.0071000344353,5012.873053716901,3205.8810139180155,556.5586465818317,1868.109876080099,1845.8040063154053,3272.505000039114,1559.3551309413128,2858.488458582437,1508.804731196519,417.64991900035125,2421.6804617785556,2901.4667931520426,3014.1601038274325,3996.951917373288,3480.5295698926334,3222.6951772555217,831.5257607566947,2798.249160146394,2661.458980478188,934.0076691874648,2105.734791168394,3923.2767920780198,4743.978255553032,4747.840810181087,3206.1335588749266,3377.6248808181763,1647.3237931147596,2460.1174764311563,5094.395921734489,4055.3943355155975,3299.8378717835512,5325.220532274883,3314.2790999748345,2146.453089766697,3082.136440832073,2586.043638661189,4960.291745758912,6037.459594079698,4269.771784590952,1292.8382340900191,3110.6307547809333,1638.4375476123585,1529.757731326108,0.0,2077.5239359952025,3679.976733183513,3931.4063209986316,3894.4960891983187,4624.397526103482,1493.984516032546,1672.007486438383,2111.9596200164433,4496.796981561209,2280.9857482634566,4797.696989594591,1698.5743721898082,1995.2448899754133,3437.154542507654,3433.7083500042636,3246.1767824363787,2980.167337438957,3997.070167272523,1841.7970067387996,2029.263677089796,4227.561387601605,5005.388216506088,1892.215265008186,5595.542161373909,4861.841150365671,2353.6565199750366,3556.6835433219244,3971.2032171564833,3807.29717693287,5180.953992681464,1245.670203224754,3335.937390084532,1032.9716847934405,4425.556289643597,5071.7935106999375,3097.7248500681917,3378.8723377556007,3655.7192137605425,2265.041533222957,4339.369544058905,4573.408236526016,4108.714989083692,3010.6962924044656,2393.911424430737,1593.239134112014,1442.482827691893,5086.80715890351,1656.0070090310608,4958.9521334113515,5590.980346624194,3004.076869443423,1755.3614120040922
2086.772105194288,3327.272703753031,3539.9527861939064,2485.7269002649905,3118.86510498739,1244.5069756964006,1940.3400447926645,3221.0074183641677,1838.8439667815753,1201.5275230513869,1754.4942164213592,820.9340543186158,3173.6252485994623,1698.1827827616196,1722.865077053046,4649.35114800388,1922.6862916123364,2051.199778004327,2320.6383389989915,3515.757237848626,1759.091598031495,1178.5755007961943,3343.249832779028,2527.316967762453,4178.570200133294,2393.9897055662127,2675.0746647637707,4093.029125312938,3326.3980796268206,1388.1310975037627,1661.022977359735,2921.3124211670684,3643.80698194018,2650.6543180499793,1358.9632825356248,3248.435759267066,2960.8588686840512,2908.166874230225,1355.1247450511705,4517.479777120092,3247.9925644842538,4070.6455164757344,3184.606424521561,1515.9514818522393,2281.316899380706,2379.3857019039597,1498.9008307679992,2077.5239359952025,0.0,3610.8319230317265,1874.5449315396525,3074.611380641463,2710.914984724715,2799.248433402437,3304.745218180215,930.4124211536518,2443.4722840656495,1787.280286518597,2767.281543353694,1155.5605278465512,995.3527616558863,4078.2389296570154,1356.211031482196,2025.3257757763317,3364.1127477837304,1936.589152135527,3488.56789372043,4025.0188252544854,3571.1631901044516,3941.1706206203503,2716.0366836125386,3741.7246928254895,2799.1001554999775,330.9239963798339,1489.8187778545416,3379.7480432169796,3534.1451849136024,3103.960300202469,2797.283270418818,2823.128436179445,1118.7333203583416,3571.208309088816,3144.212424236155,1241.5423375660619,1345.1888514052596,3626.318823396668,2624.4089059024323,2693.3001581615445,2719.0837153322445,4181.081377927007,3789.0583637549053,3469.1236956881485,3248.584715651571,1289.3263405410594,3397.0070972632657,1612.615557855312,3452.7913856996925,3544.0211182944436,2958.028375756054,1352.1051089031505
3185.4665644586507,3353.7359168707662,3046.8875350988915,3250.4880003067233,4046.985486282969,3464.702114893573,3124.6281925645167,2480.6772844608386,1974.1519599124072,3945.857123183884,4785.532295219937,4145.727014894371,5150.545317381549,3731.179244491076,1893.353966155299,3635.5119193258056,1974.9843821288812,3685.6532171502513,1948.2190389401806,6692.034137198196,4242.833148769581,4773.056395826054,6251.977181489068,2979.828852719733,4631.3456528647275,5935.645181539239,5227.802599993614,1400.152374701054,506.97944796608857,4643.287616117916,4781.485716640174,5956.038989282222,2964.3273465703815,6222.8452536331,4708.103214950263,5364.0071034272505,707.5042063436792,1708.0717482345408,2956.573095702015,4091.7252968516837,6602.515392317689,6899.911491672411,6794.557528529506,4440.363937497128,1542.42508435418,5167.138981572878,2392.6089513340876,3679.976733183513,3610.8319230317265,0.0,4154.023652466124,6667.445293995669,3887.265753006861,2507.0411654228974,2949.4336542844967,4468.745237563672,5187.99118671283,1829.713697669939,5563.4602786633595,2560.2365396673795,4475.336597986457,7044.792159902307,4176.374324157858,2094.256453380292,894.1827344128271,4771.035610142518,2995.705505086239,4059.5826053199116,1113.1199182010894,2183.8474112213053,1909.1595847854105,6864.930898319735,4783.184778717731,3872.2481276649874,4041.3920098561334,931.8798576479695,361.3042512910688,5385.0155020346965,2851.667834110067,6333.979612565231,3775.7955711114705,1523.1845183299365,4201.993818634434,4712.326238241363,3762.4915477265854,69.86503762254775,1420.9766224765976,3030.250047284217,3672.746152332339,7507.230426944479,6642.017435187745,1999.9292491845806,5232.13684853617,4376.916261938992,3505.882023754364,4754.585634500235,3006.949208068038,6104.016680479338,6286.110790899012,2365.742293692404
1101.5839939378207,2099.808942449051,5167.2982444798945,4252.151666891716,1488.60673621511,818.2413052614733,3708.125945818049,4737.050428692522,3086.2663882707857,682.0420063405181,3457.840110477203,1266.421265823107,5024.218621325409,3567.1592948049006,2539.393913298998,6253.507648168666,2193.1909081840095,615.4264823957449,2248.1505054922363,4883.871900541413,3615.5581264919524,1958.4480790768998,4914.314931556178,4231.87037260512,6011.927700340799,2462.3859043509,1081.708421623868,3981.8787227806174,4089.971917537332,1161.348827704234,3332.836954195329,4460.883014746968,2662.5323547962757,2796.831412473766,1323.9374748654104,1436.877718555758,3450.95400749329,4189.359211526865,1249.884753482896,6237.054520422281,2678.568783003341,2747.531282741108,3556.7565047533126,3300.8093722687167,2615.557127861863,4104.095464670626,2941.2020274336815,3931.4063209986316,1874.5449315396525,4154.023652466124,0.0,3750.1155735023685,1109.6217798096795,4358.727113862142,4935.611814486427,2390.4145995153226,1045.1709973712434,2729.676404263516,1415.15064968257,2563.715142486778,2528.8419245569694,5552.952910527245,619.2737396571883,2061.154646034353,4306.892687007885,739.7699685280551,5109.8225078000505,5796.5113763511235,3583.0028702695736,3405.6346165509303,4076.452190823044,2757.3069183464145,930.8998762944378,1669.477173035019,393.0257256020271,3511.5254528643245,3922.1773938047477,1352.3273380250805,4451.283375459486,3827.4644136346974,2992.4735510839523,3370.515899856281,1446.139223201556,1550.907977278471,564.330227219843,4198.391456455913,3755.5492773037877,1670.53301691945,1253.7674060845582,5328.883894035692,5352.4657880504,4810.587758299811,5095.939669522198,3048.6532972015693,2092.0990292478987,3280.8941044203175,2432.0822684944274,1986.8496003235875,4238.513325919006,2680.206512726398
4643.444334808053,5821.742854645677,5765.39006052149,4577.519962639703,5221.020385943921,3775.309265415087,4199.263978541002,5693.577146312588,4778.019406316073,3325.064449235834,2340.8759985035517,2792.9125815624807,3716.8049067006464,3536.960987089623,4793.002384761872,6774.771925442582,4962.057690085031,4305.576519432096,5308.597053130516,1854.124487238384,3066.494395178475,2001.9952885071932,2393.3186608416772,4781.439174654635,5562.275111798768,1406.412130704581,3583.5604116700747,7133.823558440592,6343.532397565649,2601.6303563613724,2247.211891647292,2072.4703938404045,6320.316992644752,1138.430096905822,2447.28223920536,4301.088978744918,6032.593064438624,5686.373578906331,4172.316362711245,6358.352729453833,2163.8628085923096,3710.215133978352,571.6949136471304,2609.2327021751053,5345.529951663351,2544.928182036774,4372.418736699517,3894.4960891983187,3074.611380641463,6667.445293995669,3750.1155735023685,0.0,4858.183810819121,5275.258336948437,5561.962858944403,2201.962955762199,3276.46629879097,4837.858098861933,3258.146193319754,4124.264468225699,2212.6550963984423,2562.876092231538,3211.439715139614,5019.1889833264895,6314.1320963686685,3122.735479648732,5734.966031671069,5756.494959465264,6623.630471293292,6854.462284289337,5448.320221201851,2965.032357025805,4255.805280920874,2863.0125044522597,3479.1809235350206,6444.284850533921,6606.83194213944,4055.4408150292365,5103.073334380077,662.6945824352271,3118.208073244953,6581.158360315074,5151.26562685453,2271.574785098875,3613.2670989802295,6677.99381605681,5535.988683103497,5297.090010453759,4998.907938533076,1794.2106132096087,2649.5187850485227,6127.383267545209,3731.8508164079926,2517.97747281603,5830.485155475571,2240.383603105727,6097.5816134103525,3877.907653969212,1335.1700167229642,4324.988637042646
827.0908155843589,1069.1652279834957,5552.650539789173,4811.36291688935,410.1667727705406,1466.8057791705073,4295.247351565332,5050.396602598652,3375.292104097955,1670.0212051650722,4420.026544125386,2292.030077543705,5873.450278357774,4309.9864418883035,2699.8837528708527,6581.103596305106,2148.964997177246,661.9637291649746,1965.1348899322404,5957.095195793499,4461.646093676413,3042.132901652392,5940.266661317487,4729.933976169329,6617.519374716556,3548.7929256481,1723.2526339454703,3357.234855681234,3960.831634013241,2269.8211408906204,4306.524265794169,5492.6074284851275,1699.9239213932487,3881.1416248835862,2431.43943028096,1551.8387945717818,3238.042553320447,4373.639061586701,1559.1391971690664,6681.122572648701,3618.434414800412,3279.978272497091,4648.16763366781,4217.507846132003,2475.608261455152,5062.018137696664,3366.2652383530326,4624.397526103482,2710.914984724715,3887.265753006861,1109.6217798096795,4858.183810819121,0.0,4727.617541270127,5333.761717244781,3395.803053462907,1874.5483020210497,2913.2845358256714,2163.6748657931485,3035.0246769191185,3523.6204713642187,6608.913386158197,1695.094662632444,1921.9899894705484,4265.955686732107,1779.3176624728933,5492.097685724827,6312.763903802835,3070.481671835219,2604.3543854817453,4322.899174930871,3514.0112292257973,1023.390142016719,2595.2892284647196,1430.546959560923,3078.30946178093,3588.6821848613176,1647.9913405822256,4892.615332418643,4931.528709133913,3799.3455505238007,2761.630921325295,447.839547027727,2650.4999755249946,1418.8067977120772,3944.321978328087,3886.241945361225,901.3029875164062,240.28070728212836,6430.6631917385475,6383.5208669525,4991.533570854152,5950.416255396761,3977.910461871408,1025.1672962126715,4255.122352668135,1474.3452358864251,2407.6373724400446,5320.129009696758,3085.54660417972
3902.312860517593,4754.295672682759,825.0885644583861,856.5457921074624,5057.728735340598,3543.910172820553,1077.179078627133,431.1548414954893,1356.1759284875247,3808.929547163087,2994.576946468733,3609.923285401228,2767.3317680570935,1762.7717058252324,2058.2947128263722,1894.9678824552673,2682.4814229403337,4206.842678510453,3070.222552432641,4716.1170316222015,2287.51250463227,3843.250006313016,4138.393277094989,573.5610633245599,2187.4089742743586,5060.7001211853085,5349.591183270456,3789.795653483444,2000.3947931888347,4183.771642654628,3057.0499166452937,3953.7234506481354,4673.269383552589,5252.889630068483,4157.806931382215,5793.589417736554,2379.793254786012,802.057164638531,3214.556600543844,1964.628483349715,6012.42321151572,6851.932356531988,5588.877716012938,2683.3637515156233,2559.6043958397163,3132.3751006495054,1417.5647714940578,1493.984516032546,2799.248433402437,2507.0411654228974,4358.727113862142,5275.258336948437,4727.617541270127,0.0,610.2461934801397,3247.190795219923,5166.7873632079145,1847.3738331555962,5516.894515041954,1797.6193642150718,3171.552892075741,4900.169398113906,4022.754244435024,2940.140553281424,1668.5101470440627,4659.889894686889,764.7072110298167,1697.8156000440683,3329.9577455194535,4292.726546599142,609.2611456058885,6540.154136956255,5252.363694503456,3129.2971258405614,4049.911400257788,3068.545446674206,2732.9432478370272,5705.2488447703145,347.8367505727366,4763.099322965352,2175.6019546456555,3632.234883753665,5160.228909624941,4021.6852014851934,3802.4530206256327,2464.301436052213,1171.7160808395522,4176.358457682123,4604.608638176865,5602.639345420871,4463.6236636904105,900.0462122607929,2842.6955561313634,2757.61976993439,4888.411712652792,3053.9378172656034,4599.107323200884,6256.689826568438,4484.048228279888,1682.542769388047
4509.332990461671,5361.693169934755,235.44289797953175,984.47822828542,5666.505783730306,4125.066178452171,1428.5809041384387,471.2907961524396,1965.6748765886998,4365.707620732863,3231.173418115004,4124.18399739015,2654.503865210408,2029.8807129723161,2668.530373857865,1344.6145018978486,3291.762568152964,4804.811969139271,3674.3787345864334,4804.974408100422,2503.521780680168,4282.821726721064,4173.489805428785,809.1851869164433,1681.921187642572,5477.42471553083,5906.440792504568,4288.888590313929,2447.026892707557,4692.5884512277435,3315.713596696192,4052.787805940005,5267.994824118281,5645.555264215026,4653.977591396524,6372.305854368573,2916.3679685869542,1270.5716507639386,3812.4423561340564,1354.3873505618697,6464.939681114588,7374.289881434889,5919.212976156627,2953.472603359137,3157.7322602920276,3250.1209291920195,2000.2081457753343,1672.007486438383,3304.745218180215,2949.4336542844967,4935.611814486427,5561.962858944403,5333.761717244781,610.2461934801397,0.0,3647.3744849754594,5711.380351472662,2457.477549858187,6053.983907707139,2372.416099441664,3554.942292283378,4898.353185788566,4573.071700070424,3549.269809060027,2066.326087266964,5202.510759625394,185.12758850587412,1130.0827240879314,3854.881256588068,4848.369056184563,1151.3644302600283,7028.171618327558,5838.171446285643,3630.286921624377,4615.528180025011,3597.0201759122792,3212.6599291112343,6276.167130000602,508.7550811932986,5007.879205193551,2543.324245890208,4178.4194209861225,5767.758301803222,4499.265417715207,4375.4876751580505,2898.546949397232,1720.4798337652787,4786.232495756135,5213.173346453194,5703.621954126781,4452.228240210513,1043.946287358694,2719.683052039704,3072.348939357637,5496.570410980468,3321.579486960082,5199.336698438466,6807.165842433104,4653.804306977357,2272.685933615333
2893.1252240862304,4144.586412761712,3873.181693609661,2704.4122780275197,3804.2722724743303,1992.3048063235713,2219.338243334035,3677.930024280506,2582.645493746674,1735.0144928342822,1086.1395396821715,1124.0794951875066,2762.4040983413342,1695.2505292177318,2608.12949007138,4960.357481732138,2852.215809642917,2741.4483693963675,3249.6396745222382,2626.728997945924,1460.3867492640431,700.8116155772534,2544.723247287217,2838.202097170848,4152.205806841587,1830.967151587925,2889.8610956715547,5019.577917242146,4141.970122996544,1447.4437341858927,952.2489884447236,2099.328791699385,4516.1445341686085,2006.0470405212336,1322.0687332862085,3570.453252250476,3845.8470759189063,3543.9098909922923,2230.2194550870995,4696.0888462506755,2849.2926726203473,3977.963520521147,2396.353087856003,1016.2879783629245,3202.042177117753,1726.5225694076516,2184.8734148421504,2111.9596200164433,930.4124211536518,4468.745237563672,2390.4145995153226,2201.962955762199,3395.803053462907,3247.190795219923,3647.3744849754594,0.0,2597.1673273768865,2640.614262639093,2835.2341954873855,1922.625130076064,148.2829517678951,3233.363686798162,1776.4912596759384,2954.311197803136,4123.547315640989,2151.2035093853856,3831.0665929377947,4140.040826577439,4494.996766349004,4864.653030392404,3319.0697359654855,3492.2688364839555,3234.687271621941,844.811694076852,2005.3683378085432,4297.632368480348,4420.763573132248,3378.1615537818793,3148.6055769222667,1898.1826463351724,1108.8563932290783,4501.509893070991,3798.0046231580604,1074.9317919207717,1977.3428576840188,4477.953028459544,3351.1862581427795,3531.7396304339877,3451.0411716593594,3256.545699807236,2988.719336067875,4037.4583927743456,2823.622659668604,765.0170317175952,4197.218041741935,900.6917018314311,4314.785367416669,3638.4187999615983,2042.2733463679633,2123.68182688674
2127.91951703489,2943.134480933721,5946.528639973829,4928.29738005693,2137.2636262438477,1759.1645821565417,4381.750119350144,5568.934100386717,3977.817643833362,1369.8085671629449,3669.4845478160823,1638.5859653887558,5358.759811324352,4096.432239579339,3503.517211552128,7051.280307816021,3217.650678202499,1613.9150610128154,3292.9650917877943,4730.047124700556,4012.470306975492,1960.5768722582648,4913.767413426281,4956.547725259286,6602.309913163196,1875.057319763852,319.7701241986183,5013.739860871623,5101.21953877247,1153.42873208881,3528.6881465111082,4459.729886845166,3562.1578798117584,2180.651671207027,1276.2580700959347,1053.5852349762688,4482.446302076133,5097.693908838486,2247.8968046956697,6956.737382802517,1745.2300114408988,1738.5043546730044,2948.520315494706,3606.959993271481,3646.195979221221,4290.279278444237,3766.604329379182,4496.796981561209,2443.4722840656495,5187.99118671283,1045.1709973712434,3276.46629879097,1874.5483020210497,5166.7873632079145,5711.380351472662,2597.1673273768865,0.0,3678.6769336930092,377.0649633219719,3382.503940969471,2745.356718206397,5445.454259265521,1146.2092205374197,3099.739601783511,5294.047818004292,509.3958674371048,5892.207542418885,6468.412162378801,4625.292492514825,4390.786501040104,4958.483442738516,1716.599149323161,1014.2174449539898,2145.330785714175,1178.0437086445477,4556.627780964778,4963.607243846455,822.9875251982863,5210.0168793834055,3527.286129498711,3481.344497457987,4401.75930808512,2022.7884431091647,1532.1345460409143,1458.6190212855447,5230.497451460616,4695.124773652027,2633.339381443265,2087.287123841375,5006.823466255326,5325.512123245613,5708.902575215836,5420.660203332062,3350.7092748491327,2896.5315556813807,3479.059763682423,3332.826826120583,1100.8301543834993,4068.97058585252,3530.741936820787
2086.863052355137,2916.0341650388805,2665.0980834731017,2153.8048053324146,3224.400872119036,1928.3527030896082,1768.28276019985,2141.3850759368343,509.07860160195304,2329.6340124388635,3051.635859511747,2392.8465252268056,3780.605378593487,2176.3017495857503,213.89684258772934,3669.207377078189,839.2447327686955,2451.942916738683,1261.2908319693756,4965.2804063574295,2616.32552434612,2959.5858149472533,4600.463928762511,1983.7994976312502,3916.9221060751256,4149.005214357412,3794.8489175081786,2546.91372288148,1546.5450322460713,2932.682113906142,3026.7590894692953,4258.407419594912,2895.5632719279333,4423.252108103832,2971.7409340832514,4120.174838455888,1219.7083843234825,1478.4886506889395,1491.0065521331549,3811.781390222818,4897.624975704142,5416.454050861134,4971.475467461344,2713.6368510823254,830.8843886426077,3516.2840573948233,754.241425794818,2280.9857482634566,1787.280286518597,1829.713697669939,2729.676404263516,4837.858098861933,2913.2845358256714,1847.3738331555962,2457.477549858187,2640.614262639093,3678.6769336930092,0.0,4052.2980995440103,762.3391872998523,2652.1703552392705,5390.32001340848,2564.5929501119663,1097.0521199441712,1642.754666578367,3204.0972749192547,2603.8595093370536,3511.0850556665528,2011.6133274456606,2724.417516749773,1409.8349228562188,5258.237550025484,3550.8012560865745,2064.1419165246366,2501.6016590148797,1772.7083407738007,1791.3092353499442,4072.2181380374254,2066.476969565594,4516.637148731454,2047.8109268977933,2159.29820837813,3335.1378322079877,2939.7131963790275,2223.842330465224,1841.8896588843209,1025.966072831846,2329.242007204275,2773.8348216288946,5743.40590073956,5018.032368599569,2102.5488223794,3865.3283879858127,2611.5276772657417,3046.8898982807036,2994.1498339223103,2794.924502460129,4709.775368274478,4511.677039001795,593.8470431011672
2484.0863145351855,3230.6068665391645,6289.360068739904,5252.157321087879,2385.5019637405458,2135.4801709032563,4707.531653192786,5922.718185681723,4344.185067886611,1735.2902062974943,3886.6295801635124,1950.7958912202994,5593.912061977557,4391.690299770466,3878.605476532641,7396.179795526674,3594.0631729840256,1965.777417170367,3662.9553083904802,4814.513472831601,4275.751647938524,2166.2477582873576,5049.392505952078,5290.669045166405,6900.194682792363,1855.0191676974666,446.0701974185226,5367.202497249567,5478.2839234597,1423.0041947517234,3743.525761239129,4600.15743522382,3862.5914246332086,2129.7472723262267,1520.7663296805333,1059.58086426143,4858.27287209817,5464.861669832823,2624.959177290192,7284.7596375947105,1511.3463558804121,1364.1851464409071,2875.895310310513,3851.2772686743815,4022.021671040821,4491.737192664883,4123.58803440414,4797.696989594591,2767.281543353694,5563.4602786633595,1415.15064968257,3258.146193319754,2163.6748657931485,5516.894515041954,6053.983907707139,2835.2341954873855,377.0649633219719,4052.2980995440103,0.0,3739.930866165978,2982.0515571321034,5539.411360301021,1507.0035036787403,3473.751762623518,5670.14149863555,860.8145052129413,6235.78827171842,6786.446179694716,4987.608323415644,4720.925733874342,5321.8279117259135,1367.4840021097139,1213.863589328718,2458.306905655598,1553.4261233731072,4923.997182836827,5336.676237091586,812.1031164778273,5550.366389352058,3575.175904496589,3773.1257405787583,4755.3672245555335,2255.5963943686816,1760.314216475286,1834.5761501515822,5606.3022057581775,5066.822435003816,2963.1161245710564,2387.4753268323,5025.13755064456,5448.397588111297,6073.9427998084575,5652.613522632607,3597.84388237914,3172.291819663033,3695.3923728861328,3635.4107386896458,803.6452066957153,4156.406890736276,3892.3835617626387
2235.0990924618977,3289.423799203897,2603.6646228869417,1777.8163635162098,3400.5419707800997,1752.9144878458849,1278.3200624432834,2188.7676045628964,683.7729005525152,2016.9867027784296,2291.4844570062,1894.3399338189015,3145.931216217704,1505.276123059487,811.6321957266105,3692.3113739683436,1332.8885571483456,2459.792377585149,1802.6582830667044,4204.020925957672,1893.2776335725307,2326.185803130954,3852.7969556886856,1701.2199493966089,3586.376019361188,3548.6990646255144,3555.1658229280947,3295.081262473658,2219.3490396861866,2466.6274983292474,2264.5985396696697,3501.805902253579,3398.91794807421,3799.194911670629,2470.1028211661555,4000.117758774859,1979.5101206798613,1768.241947832083,1478.4584923388952,3687.778812895372,4387.835090776316,5089.4643446041555,4295.59620444904,1955.638768946096,1510.2088123835722,2773.8419728589442,384.17455585189356,1698.5743721898082,1155.5605278465512,2560.2365396673795,2563.715142486778,4124.264468225699,3035.0246769191185,1797.6193642150718,2372.416099441664,1922.625130076064,3382.503940969471,762.3391872998523,3739.930866165978,0.0,1918.8957450849173,4639.938000528132,2236.2984880523,1553.7107125925984,2219.14026588001,2879.5133183911475,2546.1130285994773,3284.6396004992694,2758.5856827816683,3387.820445558766,1595.580452751286,4835.375367348124,3467.2536770754164,1472.4907645105964,2252.7357959523347,2526.6236548742277,2547.9722691138145,3907.973750696133,1894.285455623307,3773.7572327917437,1293.519006526383,2871.716050861575,3480.352370730584,2385.54914874584,2005.3834569363537,2565.072379331624,1469.4083882314678,2654.0745222427345,2949.9034970805405,4981.629839879013,4275.852811150777,2352.860843336044,3230.027563584249,1849.1901418886052,3400.935289828961,2231.8249821856552,3260.5670441248403,4465.471887739749,3750.6107210379755,202.01570663936036
3003.0772066074155,4254.640518301399,3778.5743241897467,2602.360874939715,3932.7649042662088,2107.2794286627013,2129.8066618737957,3601.2890081304226,2565.5773600616685,1868.4054351371385,939.8755046451632,1262.6559984809792,2614.5197797262886,1580.4846895367255,2631.5545123635566,4859.699118618867,2905.9997754869146,2866.9900940856073,3314.1127681055145,2530.1823709892933,1321.9315550560855,839.0104873248007,2420.495051195313,2746.4803859521735,4020.323065323233,1932.783217528805,3038.1362955550558,5065.454416995576,4135.397491792657,1595.7183645007663,807.7299635057499,1979.1617484574124,4613.094495091554,2090.8422733398615,1470.0624393514718,3718.079871900683,3864.767553532424,3497.9714167148363,2322.921020973808,4581.195810595854,2965.832797045208,4116.733509162331,2440.5430389698113,870.5018350779052,3243.4829639756085,1582.05676947858,2160.1879726877933,1995.2448899754133,995.3527616558863,4475.336597986457,2528.8419245569694,2212.6550963984423,3523.6204713642187,3171.552892075741,3554.942292283378,148.2829517678951,2745.356718206397,2652.1703552392705,2982.0515571321034,1918.8957450849173,0.0,3121.3155984183977,1917.006455453398,3018.962244917945,4101.865500711231,2299.1689534101224,3737.8236580080934,4020.217897923569,4537.766167056319,4936.520079711719,3268.303737385036,3621.1421149405337,3379.0223365441066,951.6421268460113,2141.977348535693,4334.888266604458,4439.2670107440035,3526.258923086193,3060.004155545054,1866.9647877796197,1011.6303622687491,4557.103139583852,3929.6112616294495,1221.9274712866556,2104.841780694454,4482.246906733832,3324.9953101206024,3636.5444288616904,3573.515531841019,3186.744659824505,2865.6770137642866,3977.1068649455474,2675.5382471108505,621.7159465744788,4310.552912270651,755.9676816908249,4414.606210192025,3785.041266929727,1962.7326880189266,2117.967616415794
6124.303206057078,7375.913467752317,5026.17176820729,4045.883957338989,7013.33708068235,5225.632464225264,3965.1704901560033,5221.615081328095,5091.81560080459,4938.893823762564,2372.7085585503332,4316.88331064832,2294.673130003923,3316.2841411196964,5449.674874366085,5761.483079024792,5878.169396583259,5963.479342976632,6325.037461105349,732.7166138590009,2803.532381237106,3602.066313366399,793.4802963105008,4326.608898022792,4136.383964019297,3761.365492726411,5765.09892358466,7934.561044509646,6598.283608712875,4447.61719012563,2435.5810462641152,1160.179704580717,7721.810804859311,3594.771823323561,4286.087568735152,6497.718392176211,6574.313181112154,5583.414084253469,5431.061558833595,5152.6949451871305,4694.617509442596,6223.120683613487,3129.875974991022,2691.5280290585865,6137.725436064569,1881.517335098723,4688.262597186829,3437.154542507654,4078.2389296570154,7044.792159902307,5552.952910527245,2562.876092231538,6608.913386158197,4900.169398113906,4898.353185788566,3233.363686798162,5445.454259265521,5390.32001340848,5539.411360301021,4639.938000528132,3121.3155984183977,0.0,4935.469744980715,6036.749900044725,6406.346859481228,5129.514486737805,5022.646850743242,4572.387425314811,7398.179197411279,7958.922525766475,5328.783338985832,5501.475019306186,6295.837700583616,4072.827269296109,5188.416799241364,7162.907558638811,7117.189448916054,6267.803427473217,4601.572594933715,2019.0869162631411,3346.47698666792,7498.463235540266,6992.42528904564,4031.329303844205,5197.934571154682,7029.491775990992,5662.85554787141,6756.397868211803,6677.9273113058825,1166.7844593762807,448.3222276588571,5791.700446819138,2249.35897392057,2844.869888521617,7430.424654602252,2479.7890787946058,7528.482246286034,6260.112571460117,1383.361851077295,4796.473647458933
1454.8772203787505,2611.0729684055173,4807.845214741424,3817.141292623185,2089.3874724832635,722.2948776261675,3269.3187046319,4423.189877301788,2838.0672905963665,235.50710328990095,2851.1538407308017,655.9910996789523,4448.588836599086,3050.539949352246,2402.353889516072,5910.285522280036,2208.5421434140667,1097.2195772191633,2387.225951953857,4270.4923709667255,3050.354806513006,1348.3166709556776,4295.162102778544,3829.3047714604804,5533.977830959572,2009.3277564212865,1336.4114826822606,4209.481715115294,4037.584418460251,617.1642698479878,2723.460261446273,3841.6269588033924,3118.6751988897463,2341.3825862974636,764.7049623286097,1894.2975453705783,3469.7969924439385,3959.0858520769666,1230.6743993713367,5835.056510301593,2445.8650091411423,2866.0694722888343,3074.299278947644,2709.878331684285,2644.2455308042026,3496.639048583798,2620.4096376706066,3433.7083500042636,1356.211031482196,4176.374324157858,619.2737396571883,3211.439715139614,1695.094662632444,4022.754244435024,4573.071700070424,1776.4912596759384,1146.2092205374197,2564.5929501119663,1507.0035036787403,2236.2984880523,1917.006455453398,4935.469744980715,0.0,2144.86175229314,4198.626693251616,646.8190825424056,4752.852867213228,5363.046629285354,3761.151725732027,3749.1417716684173,3814.850328015635,2704.2619678784818,1478.4260897001234,1103.3269240737309,269.5075544952306,3648.9973038939065,3989.256779515954,1748.2871956474996,4074.5211418051326,3240.9408817010226,2454.11670874105,3609.347489740077,2058.432270147599,960.058454022983,452.06164521334927,4212.296531829757,3569.1633510224774,2097.29909869551,1804.8009863419843,4737.321203468687,4733.193271013661,4567.053239397697,4518.094425733155,2454.9329986028138,2624.9720535154265,2671.5470211465495,2893.0110822656725,2234.7103881006587,3628.5617450119275,2385.7339833141505
1133.4469443591083,1819.1895848393592,3752.0635119520566,3219.918008193532,2185.1784043825805,1422.6728736800314,2783.91267186778,3211.984489873045,1603.8235488896528,1927.2282740168582,3665.616057595776,2270.848310299039,4697.648457081905,3054.4180476162724,894.029689603763,4725.258995478766,257.92630091946876,1605.4962684207646,295.3361112901702,5517.765803702166,3400.071557299493,3021.8530891386827,5270.227248797248,3069.3615576044476,5004.020591944242,4054.068729035683,3133.5563628926475,2123.329667635245,2073.8259793852044,2679.878274787308,3602.5328135878235,4877.756643729267,1848.6067757367978,4368.30724881126,2775.519415352737,3302.5887498047646,1395.4249085396896,2482.3085475713933,919.0967976323276,4902.423840421491,4590.666946470959,4805.748608568284,5028.194331376622,3361.150485723899,571.381485356325,4225.104691069915,1751.1432768614338,3246.1767824363787,2025.3257757763317,2094.256453380292,2061.154646034353,5019.1889833264895,1921.9899894705484,2940.140553281424,3549.269809060027,2954.311197803136,3099.739601783511,1097.0521199441712,3473.751762623518,1553.7107125925984,3018.962244917945,6036.749900044725,2144.86175229314,0.0,2351.629486659198,2702.326086885333,3690.7164489400975,4607.945096162605,1636.8671097975553,1925.687791338201,2463.62084610863,4792.296372212804,2719.4387579675326,2167.5350378612106,1976.9145582852082,1506.0202917042654,1864.9625550192693,3305.4740233807615,3163.2722718186938,4834.155648214174,2748.732917267882,1562.38660605274,2312.4551643058935,2842.387487141927,1706.7234491776921,2140.309013391524,1983.976334771159,1240.416937867667,1748.3103490459011,6205.696463922805,5708.274569395642,3090.2346306539575,4781.512492063678,3191.987931507417,1949.9361511180302,3559.8321236621537,1722.9122066785644,4013.746889765845,4979.464676162891,1496.3173376693862
3484.1628687261455,3923.9501770660904,2154.9919598599436,2468.7809315676436,4494.336744866033,3534.913833378404,2441.4167550291368,1595.4825743159965,1542.3714554529336,3963.1423737868668,4252.641276775764,4028.083285519926,4394.301947577681,3104.1151693461698,1796.3333478021284,2770.62984728924,2151.341777734305,3935.686863118051,2313.6975843409186,6119.666540622945,3638.0301260418396,4541.3560043037805,5620.716362264333,2186.6828462365092,3746.959963928758,5755.315270971348,5386.318233587206,2280.3445384557576,423.1065012617984,4574.179333172236,4271.850140239004,5365.80918053857,3638.0512682958442,6014.400109508014,4608.88446324455,5636.2504432351125,1120.3448050096008,871.3255484886233,3058.0997392591694,3201.0376089802503,6536.86861685884,7031.856887892771,6510.957607603432,3909.611144427154,1790.3535718078151,4553.9011153326555,1941.7260978855907,2980.167337438957,3364.1127477837304,894.1827344128271,4306.892687007885,6314.1320963686685,4265.955686732107,1668.5101470440627,2066.326087266964,4123.547315640989,5294.047818004292,1642.754666578367,5670.14149863555,2219.14026588001,4101.865500711231,6406.346859481228,4198.626693251616,2351.629486659198,0.0,4831.9282696010705,2104.7627130700503,3168.253372899648,1921.1556145367306,2984.471184171829,1107.0654458070674,6898.199718220762,5054.716672228919,3666.170970687674,4116.893266299844,1689.353969030766,1199.5652860870061,5618.641437239077,2016.340019859746,5910.352703498667,3270.622630565777,2303.1557758627623,4634.739244714852,4563.2117385981555,3835.566742286204,838.0917239180924,783.1333838044449,3489.3213966959256,4077.6359080175375,6969.820193148816,5986.731362343896,1107.5489377548965,4473.236637103832,3891.254142173189,4074.199574351998,4252.553546346712,3638.0443678027077,6293.293035563814,5776.093469061335,2017.93959751054
1832.2719974556178,2815.1969930939117,5437.70697155014,4420.258332942318,2113.583223393156,1310.1463653699152,3873.429408207796,5063.776899026259,3484.864713939122,877.6312715104216,3234.680569521664,1139.693530834057,4901.926266702203,3599.981775196229,3036.3508103491595,6542.909393757489,2796.0905953357446,1355.095256242158,2919.1178748356488,4429.582019199779,3536.9245630555924,1561.326762634907,4554.526464120282,4447.188874169052,6102.7824746655515,1774.6570287810544,752.2888412970115,4695.799906407106,4656.894823817691,710.7959873901926,3096.9898750577145,4098.082806305651,3394.998597535057,2104.855457621734,859.1346199013279,1421.4281135203428,4063.575950624031,4605.849858685908,1814.8957081785718,6447.805700816984,1943.7401958163032,2219.480340355598,2875.0605621991685,3148.0422035609686,3229.995701409678,3866.9803170383475,3263.320852178038,3997.070167272523,1936.589152135527,4771.035610142518,739.7699685280551,3122.735479648732,1779.3176624728933,4659.889894686889,5202.510759625394,2151.2035093853856,509.3958674371048,3204.0972749192547,860.8145052129413,2879.5133183911475,2299.1689534101224,5129.514486737805,646.8190825424056,2702.326086885333,4831.9282696010705,0.0,5383.514765394444,5961.496805913763,4277.999594749865,4143.491631137439,4461.220741282591,2093.9504405236053,1171.2099212852493,1643.5342810288435,729.6442818312217,4188.707967111816,4564.827587476334,1227.7685994494243,4700.83519363804,3284.099704977301,2987.855224698981,4086.4362867319974,2032.8837073994173,1121.7573345648327,1009.6480849533662,4810.249794254972,4213.273853193144,2409.8957744620407,1956.3094070090244,4784.084007254158,4977.932903937737,5213.768181705052,4966.321658177408,2890.6672596219023,2794.324023763171,3046.2702633253007,3164.1742747208154,1609.5739885329908,3770.8159997359985,3031.6052601084134
4666.535948516844,5498.125247919786,61.35260653794574,1158.5828189516712,5820.5152810679065,4297.783159437433,1612.785095299743,527.7580433380433,2118.906172648992,4544.364045157585,3400.9765766239852,4307.687460773472,2761.623774851492,2206.669975566125,2816.204485217648,1161.1960214968008,3433.8606707123395,4970.166488383463,3806.6991631366145,4948.15749806188,2672.959319764145,4467.700747337942,4307.417842100764,993.1782267553999,1651.7626761811157,5661.37418143846,6085.39120853672,4353.621031695455,2498.858590012648,4876.541564823375,3487.974883661005,4199.457759443951,5388.469218429386,5828.193316603353,4838.525979693506,6546.173788997204,3003.7687839076425,1351.038466152981,3977.7383182699436,1214.4416496233978,6649.920567743648,7557.61859720276,6096.737334100675,3127.7525873529385,3283.8905628849757,3402.420484470725,2171.2345314590043,1841.7970067387996,3488.56789372043,2995.705505086239,5109.8225078000505,5734.966031671069,5492.097685724827,764.7072110298167,185.12758850587412,3831.0665929377947,5892.207542418885,2603.8595093370536,6235.78827171842,2546.1130285994773,3737.8236580080934,5022.646850743242,4752.852867213228,3690.7164489400975,2104.7627130700503,5383.514765394444,0.0,1063.880463369828,3933.116974238626,4941.154252521368,1261.2734551595067,7213.113595246993,6009.542480246312,3814.445832518926,4792.5069827297075,3677.7898556119276,3272.6332348164224,6452.191774535069,693.6662222668773,5176.073725636064,2726.2028600735125,4266.968085695041,5924.113321621219,4684.288557444984,4550.635843569336,2941.9963454515027,1822.6434684800538,4929.7946900951165,5367.686099229351,5847.736392668962,4575.420812809462,1037.1654170420452,2823.698681053983,3250.7369361746273,5634.562173620946,3494.8479510193292,5325.580405534124,6987.2836782241775,4811.4238381083205,2441.293642377541
5499.552916579674,6427.089827274005,1013.3593139933141,1546.900365860064,6666.021469167123,5010.771616945638,2094.3483920410663,1584.7995050226384,3004.621650130678,5176.7732224945885,3446.9197048572223,4835.894114325188,2290.5564875211003,2446.887257951416,3715.395370595705,1202.4022295721177,4350.270091787979,5743.941220483545,4756.065306982759,4650.028437706806,2761.2471063579223,4827.446932127996,3950.2713025841654,1583.7689941329825,632.8742069203012,5939.294285240461,6695.443787441426,5413.914685583529,3562.309389699328,5377.378504852527,3564.797730925276,3955.20035838717,6368.645255139667,6052.583493543893,5310.424709736594,7225.267672478993,4046.2798799284756,2399.633870998032,4761.758092231166,606.6491279347564,6985.960676314747,8053.345349999899,6191.3135958894045,3254.73420574968,4254.08926098936,3247.2961815815324,2947.0416230280834,2029.263677089796,4025.0188252544854,4059.5826053199116,5796.5113763511235,5756.494959465264,6312.763903802835,1697.8156000440683,1130.0827240879314,4140.040826577439,6468.412162378801,3511.0850556665528,6786.446179694716,3284.6396004992694,4020.217897923569,4572.387425314811,5363.046629285354,4607.945096162605,3168.253372899648,5961.496805913763,1063.880463369828,0.0,4984.602445895962,5976.509563072579,2276.7068859934516,7624.383481211645,6720.373406262556,4328.180744138234,5446.878492922437,4727.0063889394105,4334.478770916407,7104.166891605658,1444.6795418950182,5139.016709661099,3056.848348805841,5307.927367615349,6755.11786904196,5118.166657650961,5232.332222842315,4005.750543572328,2847.359359455178,5831.7509545804505,6212.452473384083,5538.7739818957225,4128.567055497342,2086.7981528322284,2327.171261122395,3443.224857491883,6557.131839700952,3586.6399858993377,6289.454978945076,7568.712289255683,4656.797528600637,3227.9242960492425
2507.2168834315075,2360.265747907426,3989.348271563289,3942.994978689423,3151.019963080685,3043.7835953017425,3681.9888197142864,3405.5471627660663,2383.7339888422957,3551.8516329273953,5045.6684251112865,3904.510074656359,5736.113652771972,4173.247235460296,1952.0284194580784,4691.12291888925,1661.9088094913639,3027.9693484938057,1374.8175399335732,6951.88327449433,4627.179772878724,4638.680677606511,6609.85252356541,3703.9989832300175,5514.232129887987,5690.9331062519095,4603.711137890821,536.5246670275277,1498.1955586331183,4313.309672415604,5009.878647124499,6259.397492965757,1893.6902731347066,6004.65146368913,4411.82047115485,4610.811002730214,952.924778925389,2585.142654385054,2550.8061772437754,5090.738395438525,6199.405851038953,6263.959662261963,6656.815652752072,4713.040082561255,1294.3346001220093,5527.196692676135,2744.9994959278233,4227.561387601605,3571.1631901044516,1113.1199182010894,3583.0028702695736,6623.630471293292,3070.481671835219,3329.9577455194535,3854.881256588068,4494.996766349004,4625.292492514825,2011.6133274456606,4987.608323415644,2758.5856827816683,4537.766167056319,7398.179197411279,3761.151725732027,1636.8671097975553,1921.1556145367306,4277.999594749865,3933.116974238626,4984.602445895962,0.0,1073.127319142514,2723.8173350446987,6340.206449818256,4048.266940161061,3760.6305613108293,3569.9954194711518,262.91908223253796,753.2125719323865,4672.763873945483,3652.200453060867,6392.715618916268,4052.04218835256,414.8640548517072,3315.7713468069537,4477.548185256079,3313.440975145023,1182.967005265151,2158.775029184144,2171.272637713192,2837.287216221862,7700.132833290411,7029.247006088917,3007.8716468958582,5820.414918997615,4592.001507182027,2509.4526299900544,4973.781267215116,1969.2175216631101,5421.86694315104,6465.458478246149,2604.331700841696
2316.3855381801186,1648.3072918994806,4999.214619766289,4819.58743273737,2550.1941036487788,3093.903698511962,4485.880363140439,4414.412396293077,3182.734175004252,3580.1604730281288,5586.44176140994,4062.510314496322,6502.907663718823,4881.8241454084555,2595.581478854016,5748.666331951612,2084.142502939998,2794.255956483586,1634.5157414307762,7443.160915368416,5277.63480474843,4855.527483309099,7188.030769048363,4605.328043489736,6477.8197704293225,5755.925965343543,4296.29029986592,960.6826966033055,2563.0903424487396,4354.4514075254065,5526.529137129379,6800.981688124737,1031.8014597765405,6085.656927751515,4481.947096915915,4137.906419982453,1939.2747727498545,3590.893257988185,2684.5856578490843,6120.8869049256255,6083.930398853195,5884.212923379048,6797.92304754511,5275.79907924828,1896.3530760037802,6131.688545066522,3477.282971713691,5005.388216506088,3941.1706206203503,2183.8474112213053,3405.6346165509303,6854.462284289337,2604.3543854817453,4292.726546599142,4848.369056184563,4864.653030392404,4390.786501040104,2724.417516749773,4720.925733874342,3387.820445558766,4936.520079711719,7958.922525766475,3749.1417716684173,1925.687791338201,2984.471184171829,4143.491631137439,4941.154252521368,5976.509563072579,1073.127319142514,0.0,3700.079623958922,6087.189513506295,3627.743106787607,4052.173528034677,3510.9787172161837,1295.25491209414,1825.567876566905,4251.022619909238,4596.097184393733,6722.8565401509195,4646.439082972787,682.6835408840608,2718.865836655424,4605.867986368693,3303.353752392256,2253.5495765329856,3129.2385845117333,1758.218228903341,2365.6630836976765,8120.895924144885,7623.360278682885,4054.7654109447562,6587.60963548084,5114.294140002899,1774.7517233602,5484.328696280885,1199.3264454705404,5010.133425715926,6899.085187493556,3276.7085091721233
3496.6707671626737,4253.743625648472,1321.7191529613997,1362.2797107334452,4628.435028286452,3259.278565818209,1373.9827324639123,753.8326693384947,990.1860311113259,3588.674917644812,3262.53717467265,3487.0437214874432,3287.2405468181055,2062.5407075752464,1623.0274809312377,2263.8935425081277,2210.5867045029013,3850.847837889729,2558.3650406665975,5080.078498071462,2602.1869453550025,3843.5157168574187,4549.562090280997,1081.9332582155885,2790.54178970769,5074.96255755173,5111.314069955983,3180.6027848055787,1404.7264469959982,4060.8434479255657,3301.2320684071874,4319.863265714321,4127.736435263884,5298.033629229811,4058.7391390668354,5494.327572409202,1776.1499163809342,255.77340635218536,2871.220309639265,2471.803869957728,5964.0173437643525,6677.5948539668825,5708.8379682587765,2928.8471430446825,2028.2919475176645,3500.064031087431,1222.5755861827113,1892.215265008186,2716.0366836125386,1909.1595847854105,4076.452190823044,5448.320221201851,4322.899174930871,609.2611456058885,1151.3644302600283,3319.0697359654855,4958.483442738516,1409.8349228562188,5321.8279117259135,1595.580452751286,3268.303737385036,5328.783338985832,3814.850328015635,2463.62084610863,1107.0654458070674,4461.220741282591,1261.2734551595067,2276.7068859934516,2723.8173350446987,3700.079623958922,0.0,6430.165560763502,4934.445621744858,3043.973303630799,3803.174373473954,2463.1049312028917,2125.131948219922,5428.53181517655,946.2322574695918,4986.727337455096,2335.6783473931073,3033.91575572065,4742.561389443472,3957.548894012555,3538.6426526452196,1869.677172497969,570.8976996108851,3703.2734374577312,4179.852697888049,5948.223258387751,4902.828006491355,757.3455295504162,3366.186783191331,2952.3382439618936,4392.991433254793,3289.051021332749,4068.0248746369534,6026.961250905136,4783.0283488126015,1430.4875614688156
3844.3493991905834,4573.041461561442,7261.893560280404,6143.703094177078,3698.569474146457,3401.907554240268,5620.106534455197,6962.728038313504,5485.648948865485,2939.352815864404,4389.512956622409,2944.216459284202,6094.712206328368,5177.922006392912,5103.421472958019,8369.089869425767,4890.024270139566,3328.8087790777345,4998.697618697494,4774.052710964239,4935.930733570418,2797.782892905917,5186.774955590132,6231.868469577965,7640.913754092635,1841.1585322337135,1793.690855722078,6729.9399240736175,6741.536857692392,2369.4563966861683,4246.716135304667,4777.245541196831,5213.337274431418,1921.3941456757386,2382.766740681933,2168.8280329765653,6157.450080762735,6599.868511139446,3908.519927180876,8166.874058231155,806.9145344489716,771.9618834528029,2433.0779248688277,4458.398246039715,5323.906075972792,4902.922422674563,5208.712271600054,5595.542161373909,3741.7246928254895,6864.930898319735,2757.3069183464145,2965.032357025805,3514.0112292257973,6540.154136956255,7028.171618327558,3492.2688364839555,1716.599149323161,5258.237550025484,1367.4840021097139,4835.375367348124,3621.1421149405337,5501.475019306186,2704.2619678784818,4792.296372212804,6898.199718220762,2093.9504405236053,7213.113595246993,7624.383481211645,6340.206449818256,6087.189513506295,6430.165560763502,0.0,2519.8938731978374,3411.16724030353,2823.5678612826005,6266.068261256735,6656.616753612003,1964.1617739007647,6519.450368421022,3488.401957390375,4569.107328170351,6117.954177810177,3554.855085510659,2529.6752896110993,3102.7390711377907,6903.885377610277,6243.915656528362,4329.930192782904,3743.284665737432,4733.177991589583,5521.510901541443,7187.46733162002,6138.819897285227,4230.260962095956,4504.390659667188,4207.223653004081,4988.355767256582,1336.9531720209943,4165.899829071506,5009.680065102163
1598.1654445159922,2058.8345040094896,6067.880125060646,5178.032370735528,1180.2495404362592,1715.294712110137,4635.419942050774,5618.425615729819,3948.332585728436,1598.3021855738039,4318.03388939457,2129.9037456720903,5926.645518290764,4495.088440032742,3348.093806297099,7143.788020664737,2903.7485443615806,1119.0313202019856,2834.9683619328093,5599.350229877123,4525.272438809071,2707.1559187902344,5704.354815895396,5150.13987938386,6942.4229662107155,2868.2760994243563,770.8769031388862,4364.312706910448,4793.105676503805,1852.29216808931,4186.630710744022,5247.849850851013,2705.7580322098283,3183.0178241010526,2011.4833447364156,583.1539381544125,4102.678756096436,5027.585029738432,2064.1344286479984,7151.480172868061,2720.2431001888417,2256.7512595348207,3954.273860420899,4187.517848347155,3290.818152114759,4961.007354615492,3838.3669991683955,4861.841150365671,2799.1001554999775,4783.184778717731,930.8998762944378,4255.805280920874,1023.390142016719,5252.363694503456,5838.171446285643,3234.687271621941,1014.2174449539898,3550.8012560865745,1213.863589328718,3467.2536770754164,3379.0223365441066,6295.837700583616,1478.4260897001234,2719.4387579675326,5054.716672228919,1171.2099212852493,6009.542480246312,6720.373406262556,4048.266940161061,3627.743106787607,4934.445621744858,2519.8938731978374,0.0,2575.331485398335,1309.2821809495458,4030.8550612197655,4509.4684141676835,628.4057247964886,5360.749541654132,4451.108584389399,3914.2049022063215,3761.678201714362,1043.5233543093323,2270.0625995502846,1491.0382624751783,4835.233774128093,4570.535599672756,1904.8314004396816,1262.4591902810164,5948.0436844508795,6132.980077373886,5651.701054681236,5996.395240639913,3931.985531168826,1985.1505424538964,4134.931428248961,2485.2443133152924,1387.0819808969475,4941.232991077631,3569.821032818592
2051.480714377057,3303.0871151769525,3865.285002497229,2795.710877598934,3005.450887476287,1157.779654394134,2253.3914031703416,3551.598433583533,2152.86111417179,987.5991138928791,1824.754912469069,507.86913042633273,3355.244146005474,1959.2956635546357,1978.903117389277,4974.676819945694,2099.2652377539143,1934.2357891748877,2460.703215334185,3471.4715183502517,1949.9980926557341,901.3313699328341,3367.4985476541783,2847.8481356476864,4459.308570573021,2089.901394184185,2390.788259693651,4272.475531018522,3609.9984101111463,1063.1003348889508,1712.3188766876922,2929.5257767469807,3672.389586340752,2359.1532805735624,1028.5258938208601,2993.9780408314614,3206.0449859590244,3233.0149188882506,1391.617583741309,4830.136677438124,2920.5892994443775,3748.720174767916,2929.200287481209,1637.3854137526698,2485.6932869563775,2467.609234507158,1824.43991839715,2353.6565199750366,330.9239963798339,3872.2481276649874,1669.477173035019,2863.0125044522597,2595.2892284647196,3129.2971258405614,3630.286921624377,844.811694076852,2145.330785714175,2064.1419165246366,2458.306905655598,1472.4907645105964,951.6421268460113,4072.827269296109,1103.3269240737309,2167.5350378612106,3666.170970687674,1643.5342810288435,3814.445832518926,4328.180744138234,3760.6305613108293,4052.173528034677,3043.973303630799,3411.16724030353,2575.331485398335,0.0,1276.789326091035,3583.176455406711,3775.1517063561832,2836.3942334211933,3122.2257684640613,2671.929293115557,1354.0266557272796,3728.750300903105,3013.929585347507,914.6537448985817,1185.0411202793766,3891.356882028812,2937.069133765837,2687.270480790685,2631.7441686738857,4082.870236449354,3813.4343204367633,3798.007212812135,3426.6165684425505,1389.8916712424032,3359.180679156898,1661.1589376050085,3470.1734347104325,3243.21772943677,2880.523438985699,1665.1418014745777
1203.419040099084,2342.690191441455,4848.924025147228,3900.295320537279,1828.463724123616,583.8375827274227,3353.901064101027,4439.392059113162,2816.3746953147056,290.32185382778164,3067.731925758833,882.2191368429958,4631.868788499519,3186.3899383402527,2325.4740177540148,5943.792853923915,2066.4570888053786,827.8996540384593,2202.4146874664634,4529.061213607628,3224.1825417443406,1611.6559612290084,4537.832803475356,3893.2086428574567,5645.465941275175,2259.2802776364424,1308.1961672214911,4003.9805671281674,3931.885420275749,880.4304246179814,2943.940614545918,4085.9285460674664,2856.9628711462115,2592.8809052891343,1031.903713717515,1779.165276209324,3333.931800940295,3932.42505824612,1085.40645265541,5900.874444891113,2630.008533616764,2916.5470901879844,3333.005022450461,2907.9086035957184,2500.502520293071,3714.0668676405116,2635.261802829654,3556.6835433219244,1489.8187778545416,4041.3920098561334,393.0257256020271,3479.1809235350206,1430.546959560923,4049.911400257788,4615.528180025011,2005.3683378085432,1178.0437086445477,2501.6016590148797,1553.4261233731072,2252.7357959523347,2141.977348535693,5188.416799241364,269.5075544952306,1976.9145582852082,4116.893266299844,729.6442818312217,4792.5069827297075,5446.878492922437,3569.9954194711518,3510.9787172161837,3803.174373473954,2823.5678612826005,1309.2821809495458,1276.789326091035,0.0,3470.9249041782796,3837.0079006663514,1662.8140961108672,4124.111928159686,3509.5219399680345,2605.6077742162192,3399.041305329636,1804.2711785940048,1229.2696469566793,282.1288371666393,4080.655784555345,3520.606309219479,1837.7482258897708,1535.7555878123972,5004.891558339301,4977.861679846578,4548.121666393831,4703.392291447206,2655.9904472533403,2355.5877955179253,2892.009366493304,2630.2910727008903,2223.8949198999935,3889.9819971308348,2385.359584465621
2460.1803228710696,2447.221343142667,3734.420286836633,3680.6254100062943,3192.2499402560884,2927.4546095285577,3424.1061611026316,3150.053345251474,2129.5331225947157,3433.0620412519493,4817.286384713805,3753.46974643902,5479.316861475434,3924.1523697900675,1726.8057364677716,4454.411740454401,1495.5741084750703,2979.0285582733177,1269.592095279819,6727.144746206967,4384.298647798984,4470.047339324496,6373.170299765259,3441.1427952593017,5253.646587963165,5548.146414284685,4552.890679571606,779.364509664765,1268.6386276706228,4183.977122295484,4785.320738162908,6028.340901206567,2033.175561161652,5857.195584192319,4275.395084125559,4601.706608071835,690.2742650338348,2328.300675475786,2425.069156459873,4841.429016058999,6093.8515291846425,6221.269002160331,6494.856938354608,4482.261358758211,1099.133888547251,5288.622737299003,2497.496264173783,3971.2032171564833,3379.7480432169796,931.8798576479695,3511.5254528643245,6444.284850533921,3078.30946178093,3068.545446674206,3597.0201759122792,4297.632368480348,4556.627780964778,1772.7083407738007,4923.997182836827,2526.6236548742277,4334.888266604458,7162.907558638811,3648.9973038939065,1506.0202917042654,1689.353969030766,4188.707967111816,3677.7898556119276,4727.0063889394105,262.91908223253796,1295.25491209414,2463.1049312028917,6266.068261256735,4030.8550612197655,3583.176455406711,3470.9249041782796,0.0,574.45805046931,4649.986579354826,3389.884228257951,6195.700994656376,3818.663744971139,614.0079796045,3353.405001394851,4328.206951463389,3206.6472595637956,1000.8733271798186,1897.0570466427732,2189.9442720818265,2851.1758332495037,7485.249122418639,6789.9577343827405,2764.292547350588,5563.529934127793,4367.872953253563,2598.6712647047143,4750.291247357577,2083.03366346706,5391.494652849059,6250.620652729535,2366.5231800269776
2917.3749527177683,3012.176531281658,3326.1486488192313,3429.6576236780547,3729.5444933948706,3269.817509478625,3251.023995225197,2749.8441867722254,2025.4042149973423,3763.2171965915018,4817.752786506174,4010.563937405811,5299.140962693859,3820.321986757137,1814.1925313177217,3965.296706538491,1781.7478074548037,3427.034333665918,1684.6520237485254,6731.665312336689,4314.9886767852595,4675.452584145945,6323.767349833879,3169.401208463832,4890.634542855355,5809.085610080559,4986.16038357502,1083.7302883153172,781.0788609001014,4484.546368205484,4802.857591439184,6008.155709443706,2607.499455706175,6105.553268886039,4559.94606139327,5087.160990010538,574.9184154025684,1949.1783915963158,2759.739152027597,4397.325706832393,6429.744074490135,6659.350904478604,6704.35197806917,4474.853719759117,1346.941154958152,5235.70268459631,2432.2631965404157,3807.29717693287,3534.1451849136024,361.3042512910688,3922.1773938047477,6606.83194213944,3588.6821848613176,2732.9432478370272,3212.6599291112343,4420.763573132248,4963.607243846455,1791.3092353499442,5336.676237091586,2547.9722691138145,4439.2670107440035,7117.189448916054,3989.256779515954,1864.9625550192693,1199.5652860870061,4564.827587476334,3272.6332348164224,4334.478770916407,753.2125719323865,1825.567876566905,2125.131948219922,6656.616753612003,4509.4684141676835,3775.1517063561832,3837.0079006663514,574.45805046931,0.0,5119.386093605463,3070.9538669092703,6305.569583146395,3806.5940876473815,1162.0165450564812,3887.3957160990185,4583.029336334757,3562.32729794007,431.09916425922216,1592.834804457763,2716.801215772881,3368.5398089203286,7526.465296326025,6725.039889672998,2304.1579133316795,5381.998663923005,4391.284436554412,3164.079141947148,4772.68141000811,2655.8604401892057,5848.625656261905,6297.435816497537,2363.5845908979013
2202.1717588185534,2662.130985057084,6509.024753241072,5557.287795997252,1760.452793397483,2170.4267915711876,5009.883500203672,6087.448043205133,4438.3682669179225,1927.4221878470216,4459.989441591201,2346.1277406733425,6129.172303459986,4793.9437469771165,3876.7541829053334,7600.168217480584,3474.9185392911013,1700.9263286962193,3438.598384695863,5551.143836742118,4757.939124905235,2767.236520352028,5734.9451717869115,5555.616366944805,7282.2264228814665,2649.1174908017956,504.53639085600196,4992.641512224265,5373.893995058146,1932.742379989635,4321.319822055295,5280.383634419379,3313.3260449845566,2934.6651277748883,2070.8900893115983,247.63445597089236,4697.1915409312405,5538.6066512866755,2582.5803592029815,7563.369854674172,2287.3999697477484,1634.4218861937086,3686.2333703965355,4375.3996112264995,3875.5683987303073,5088.882064021528,4288.02291386345,5180.953992681464,3103.960300202469,5385.0155020346965,1352.3273380250805,4055.4408150292365,1647.9913405822256,5705.2488447703145,6276.167130000602,3378.1615537818793,822.9875251982863,4072.2181380374254,812.1031164778273,3907.973750696133,3526.258923086193,6267.803427473217,1748.2871956474996,3305.4740233807615,5618.641437239077,1227.7685994494243,6452.191774535069,7104.166891605658,4672.763873945483,4251.022619909238,5428.53181517655,1964.1617739007647,628.4057247964886,2836.3942334211933,1662.8140961108672,4649.986579354826,5119.386093605463,0.0,5786.41130622461,4338.7223586814125,4190.086622966284,4389.585228365204,1607.3524335876061,2331.9500670820544,1902.8135354616331,5435.353381416888,5097.740677282535,2533.231321383027,1887.913849676939,5807.849593693091,6147.985622723918,6160.746411397405,6193.8634185668,4117.963622954433,2577.556464494619,4270.892851323948,3096.7475149235197,759.674499711554,4890.207257335522,4030.1999487317007
4073.0851403075285,4982.432421499061,743.1909957965049,564.9471496272902,5236.900548714,3645.6086908589077,930.1978764784401,627.1736146315476,1560.0364922872798,3870.0912922675348,2789.1378703027567,3617.239224095774,2436.01766959622,1566.6346659591698,2270.8316826876444,1852.4696632015325,2905.618338856808,4344.888051090845,3314.7671979053066,4448.2076993256505,2067.3230160040303,3777.5171833014865,3850.006521902268,321.6351364590003,1884.645624665019,4976.865829304624,5409.507294232441,4120.675627050132,2345.4592405416047,4184.8067934379,2864.027749419338,3688.035337640896,4934.551513251128,5150.666036713504,4145.389811934819,5888.03788901702,2699.738036750973,1149.2537076925182,3354.666090245793,1794.9282700592805,5958.7721566754,6867.497063350009,5443.808693788293,2495.358811868345,2821.1814251651736,2871.3778322672897,1533.1084746207623,1245.670203224754,2797.283270418818,2851.667834110067,4451.283375459486,5103.073334380077,4892.615332418643,347.8367505727366,508.7550811932986,3148.6055769222667,5210.0168793834055,2066.476969565594,5550.366389352058,1894.285455623307,3060.004155545054,4601.572594933715,4074.5211418051326,3163.2722718186938,2016.340019859746,4700.83519363804,693.6662222668773,1444.6795418950182,3652.200453060867,4596.097184393733,946.2322574695918,6519.450368421022,5360.749541654132,3122.2257684640613,4124.111928159686,3389.884228257951,3070.9538669092703,5786.41130622461,0.0,4566.635862975063,2049.5750708351716,3943.002121232247,5331.448663594914,3990.6516701080286,3889.111447991687,2809.840841554553,1494.9921856548283,4388.350648947734,4782.991091424905,5340.860917298352,4161.3994802075895,1192.4436157781217,2509.803836497187,2597.2821261503336,5112.50176853896,2866.0249852675743,4849.6698774899105,6307.269821057284,4249.692565635425,1811.4474959559273
4607.94685045086,5830.419843365055,5202.989992594739,4025.6950536882446,5316.033059148993,3708.8913862969894,3687.152037521236,5171.802551852111,4396.0327202569815,3310.669035217051,1778.1292862907915,2721.2415559690758,3060.3205770802833,3004.165564701952,4498.425866173632,6185.558728073641,4745.08255442379,4332.385635986021,5128.662580151378,1287.8396400212257,2504.57709136892,1917.8180245727171,1751.7375713513711,4246.191965503326,4921.733476155022,1753.1946663260185,3845.1148330300875,6916.034613995581,5976.698396204045,2668.2022415195593,1706.1892298130356,1412.1412570851405,6279.991757479703,1575.8363793490742,2504.4308212919354,4577.641989567335,5731.292083215616,5232.215931842358,4046.9753538395803,5743.567185758342,2681.80413114008,4204.351691649616,1211.3366910372192,2079.786833005008,5100.157703325751,1904.5776036365648,3980.070501981089,3335.937390084532,2823.128436179445,6333.979612565231,3827.4644136346974,662.6945824352271,4931.528709133913,4763.099322965352,5007.879205193551,1898.1826463351724,3527.286129498711,4516.637148731454,3575.175904496589,3773.7572327917437,1866.9647877796197,2019.0869162631411,3240.9408817010226,4834.155648214174,5910.352703498667,3284.099704977301,5176.073725636064,5139.016709661099,6392.715618916268,6722.8565401509195,4986.727337455096,3488.401957390375,4451.108584389399,2671.929293115557,3509.5219399680345,6195.700994656376,6305.569583146395,4338.7223586814125,4566.635862975063,0.0,2654.395255952097,6390.3043804194485,5266.03767109902,2281.636003538251,3595.121819684279,6338.429576331506,5127.394192973757,5264.365591258456,5045.137396999214,1503.390307758102,2042.991911038808,5635.5910498935245,3073.3295731167523,2034.646171044489,5856.329930727947,1709.6995420119874,6065.027620431831,4264.7442000938345,694.2463323554545,3969.39434569167
3113.0338910896876,4312.122745374023,2767.118969157994,1595.6996328498037,4202.690364431337,2337.553005380841,1119.7328195109758,2602.4927515559,1802.0758155596561,2315.976826355998,1011.4882563984615,1848.8033858958609,2075.1833036654857,619.789164258298,2103.4695314990895,3851.5662482741996,2563.9123855362136,3146.646826799125,3025.2631198307363,2925.137239880037,674.7558873318557,1776.0411144646962,2560.2571539439155,1735.0330930988027,3127.5380233177016,2939.299871503587,3738.8082168483847,4588.512239729562,3374.4145576892297,2350.7234439791087,1008.0575490382481,2210.629557991343,4537.346668632231,3102.29484669865,2268.52571291577,4347.311768266569,3249.1456108609536,2578.9301957955354,2332.9951277193013,3599.4099420245257,3952.2579097474145,5004.520986751479,3413.5424175551125,668.3848436716681,2795.2798869594435,1487.1327928550968,1383.208506991263,1032.9716847934405,1118.7333203583416,3775.7955711114705,2992.4735510839523,3118.208073244953,3799.3455505238007,2175.6019546456555,2543.324245890208,1108.8563932290783,3481.344497457987,2047.8109268977933,3773.1257405787583,1293.519006526383,1011.6303622687491,3346.47698666792,2454.11670874105,2748.732917267882,3270.622630565777,2987.855224698981,2726.2028600735125,3056.848348805841,4052.04218835256,4646.439082972787,2335.6783473931073,4569.107328170351,3914.2049022063215,1354.0266557272796,2605.6077742162192,3818.663744971139,3806.5940876473815,4190.086622966284,2049.5750708351716,2654.395255952097,0.0,4157.701090793445,4239.582936951346,2064.776638796798,2462.1902913822482,3770.3881976010102,2488.4721851971744,3665.7512573409836,3785.111435178759,3731.7098165361144,2986.464872855028,3010.314265411005,2153.2036961153954,621.877823014296,4399.353652548633,984.7673133431066,4370.303385120305,4570.027117011561,2516.13872941259,1455.0282841738854
2273.9325656008355,1982.234652209722,4324.558884165297,4194.230544101504,2807.041053479802,2906.807050004523,3891.9709442071894,3739.58467406529,2583.6379985288186,3412.975000867864,5130.745530264486,3819.2649765923547,5932.12837391311,4335.410089473082,2061.38047709102,5066.021905696817,1651.179860368034,2789.7269780123643,1272.9216595788605,7020.164110195288,4762.366221264593,4582.291116025694,6716.565421547236,3969.0386264571675,5819.531816969901,5580.228353473897,4356.029120597335,611.9871303132119,1882.6465700444153,4186.002153364233,5083.811219139633,6348.591813866285,1486.4964143976258,5901.288057897191,4296.231281337749,4312.003935058732,1263.2062559954338,2915.959900288926,2438.018614043174,5441.612915828542,6024.25085463479,6000.081328650887,6578.8560788909945,4806.937012483626,1362.562539014265,5643.427789445879,2911.2856243419333,4425.556289643597,3571.208309088816,1523.1845183299365,3370.515899856281,6581.158360315074,2761.630921325295,3632.234883753665,4178.4194209861225,4501.509893070991,4401.75930808512,2159.29820837813,4755.3672245555335,2871.716050861575,4557.103139583852,7498.463235540266,3609.347489740077,1562.38660605274,2303.1557758627623,4086.4362867319974,4266.968085695041,5307.927367615349,414.8640548517072,682.6835408840608,3033.91575572065,6117.954177810177,3761.678201714362,3728.750300903105,3399.041305329636,614.0079796045,1162.0165450564812,4389.585228365204,3943.002121232247,6390.3043804194485,4157.701090793445,0.0,2974.2481950923325,4384.915713517194,3157.4529847688937,1593.028750892463,2463.369105997922,1861.2855598564126,2523.87598252529,7739.218658788819,7144.1344736191795,3372.3655298582335,6016.791534318769,4666.702724825099,2128.7406659760127,5044.8009860516795,1575.181348166934,5145.122220433057,6507.308769515167,2737.8698820632435
1258.8485213440097,1080.3724161311231,5984.855997198344,5257.37290669513,169.1758816527936,1903.0913890325912,4742.492939414564,5475.724839535493,3805.5405130120475,2063.4741787105063,4837.197769826761,2682.0689655571873,6312.211258857311,4755.4528022602635,3121.2753433662333,7004.303829290246,2549.957993960881,1093.7355610658358,2321.517588316961,6328.5902689714385,4899.090451996983,3404.0155270600626,6338.584958284144,5173.04579403904,7064.139206277365,3804.006024618783,1810.4198785127167,3547.1791037477933,4312.013820795337,2598.1705721526437,4720.48921829507,5888.045140483554,1731.621833077015,4130.89146482088,2762.305739641613,1451.129574754784,3578.093699562939,4784.020404767208,2006.041336562385,7117.283654961771,3755.5926451565538,3225.926005884977,4903.326045366451,4644.055326850554,2849.482308561504,5481.278964260805,3808.104985539395,5071.7935106999375,3144.212424236155,4201.993818634434,1446.139223201556,5151.26562685453,447.839547027727,5160.228909624941,5767.758301803222,3798.0046231580604,2022.7884431091647,3335.1378322079877,2255.5963943686816,3480.352370730584,3929.6112616294495,6992.42528904564,2058.432270147599,2312.4551643058935,4634.739244714852,2032.8837073994173,5924.113321621219,6755.11786904196,3315.7713468069537,2718.865836655424,4742.561389443472,3554.855085510659,1043.5233543093323,3013.929585347507,1804.2711785940048,3353.405001394851,3887.3957160990185,1607.3524335876061,5331.448663594914,5266.03767109902,4239.582936951346,2974.2481950923325,0.0,2995.804299953519,1829.880348949624,4262.015619915064,4291.405850598263,1171.7771288517279,564.7938737574968,6768.984985652206,6779.898636089775,5398.14774354704,6388.642750205086,4401.498201662701,979.1140568544606,4668.839288429834,1528.3113434902584,2346.0733971758,5684.459616627864,3527.2413285542284
2371.949092845375,3564.293046810966,4732.699826653387,3618.5889784135475,3038.405974781678,1513.0307405608125,3091.231810552066,4447.86948492444,3063.3836591958247,1053.8062933542387,2137.7309655429053,574.9951919842459,3835.478501961001,2682.8677561081913,2830.892448571298,5839.496887254072,2834.400339864678,2055.4072886218923,3118.7201963345474,3346.204339150256,2522.0844477606215,439.676889465435,3436.261296799474,3702.2017094308894,5181.997489069732,1226.0591740254627,1834.3334893988053,4963.217410631232,4483.917952675985,417.7707229809192,1996.6337411002553,2979.6662565139745,4049.2976909094987,1529.0350619165017,262.70917881375937,2538.039668916937,4026.0199728963094,4147.668592621281,1947.514493446711,5648.075163120442,2006.4696576429956,2940.25504491107,2196.8758025416455,2090.9958176574632,3252.913503461935,2759.100525833012,2738.9860445883983,3097.7248500681917,1241.5423375660619,4712.326238241363,1550.907977278471,2271.574785098875,2650.4999755249946,4021.6852014851934,4499.265417715207,1074.9317919207717,1532.1345460409143,2939.7131963790275,1760.314216475286,2385.54914874584,1221.9274712866556,4031.329303844205,960.058454022983,2842.387487141927,4563.2117385981555,1121.7573345648327,4684.288557444984,5118.166657650961,4477.548185256079,4605.867986368693,3957.548894012555,2529.6752896110993,2270.0625995502846,914.6537448985817,1229.2696469566793,4328.206951463389,4583.029336334757,2331.9500670820544,3990.6516701080286,2281.636003538251,2064.776638796798,4384.915713517194,2995.804299953519,0.0,1342.1129193998545,4736.938667529906,3845.6085381979537,3026.2337632509484,2764.85915806972,3780.2317589778804,3863.146280178373,4710.522500267884,3895.383745726729,1838.0120413152906,3582.6832179485245,1947.1246314322052,3827.3761366979597,2563.5998823474765,2694.7593277034966,2575.9583259394944
1030.446088923627,2235.4253236520785,4607.77398463781,3688.3376031166126,1827.9688798655739,301.7090941851107,3144.8408574700566,4185.908164069776,2549.8129124027905,288.3156415545297,3007.3201186453366,889.2130805048929,4515.90551156122,3022.6605415608615,2045.491579162818,5697.39421994529,1788.037503590179,765.6239068080357,1941.152714134825,4558.195179976391,3102.0532485436156,1678.2788976597426,4522.040439490343,3667.7875854723375,5452.287903802679,2452.5729320156825,1575.9743612667053,3758.219176656012,3649.8288441714635,1051.588246857105,2891.018673811707,4075.3843483926767,2707.2004064060347,2782.683808968961,1185.006305725417,1999.3092626104644,3054.987609680275,3662.522950093965,805.9208033826897,5673.420949743286,2887.719228888086,3196.9502992391044,3504.9869237269636,2819.93605438439,2222.831093785805,3651.590868797873,2385.2222536145346,3378.8723377556007,1345.1888514052596,3762.4915477265854,564.330227219843,3613.2670989802295,1418.8067977120772,3802.4530206256327,4375.4876751580505,1977.3428576840188,1458.6190212855447,2223.842330465224,1834.5761501515822,2005.3834569363537,2104.841780694454,5197.934571154682,452.06164521334927,1706.7234491776921,3835.566742286204,1009.6480849533662,4550.635843569336,5232.332222842315,3313.440975145023,3303.353752392256,3538.6426526452196,3102.7390711377907,1491.0382624751783,1185.0411202793766,282.1288371666393,3206.6472595637956,3562.32729794007,1902.8135354616331,3889.111447991687,3595.121819684279,2462.1902913822482,3157.4529847688937,1829.880348949624,1342.1129193998545,0.0,3801.15611203118,3244.9717737319384,1684.1243382375299,1480.9962811735888,5077.509194218067,4965.73650957076,4280.225139364751,4589.8553574146545,2574.4705929615902,2265.642121310865,2839.432201185653,2485.418406173294,2492.517172557894,3931.761458520214,2128.9605396862107
3237.178670405759,3419.1373139868188,2992.671371841719,3216.333760512425,4107.5881560172265,3502.624875057276,3101.188396056744,2428.999691615048,1968.3242803400049,3981.0932820074686,4779.014334020876,4171.838302758749,5121.110274181274,3714.4033320043472,1912.9193587043862,3571.0383016386145,2014.9595310290968,3735.2975471975456,2000.5321244371457,6683.1932454748,4228.927328669529,4791.575851732496,6237.053047501359,2943.8860215139102,4580.388533203816,5959.150246158927,5273.590768566897,1465.0503500238488,464.9513784149905,4673.548422327513,4777.07603346231,5945.049543495159,3032.8765162117957,6244.46426516879,4736.312708014219,5416.506298846886,748.0522686363563,1663.7400584553463,2995.3924254022204,4031.847579483381,6634.686171194083,6945.090448594964,6810.772148425536,4433.647167013744,1584.3030377945374,5153.325957178335,2387.7544098441113,3655.7192137605425,3626.318823396668,69.86503762254775,4198.391456455913,6677.99381605681,3944.321978328087,2464.301436052213,2898.546949397232,4477.953028459544,5230.497451460616,1841.8896588843209,5606.3022057581775,2565.072379331624,4482.246906733832,7029.491775990992,4212.296531829757,2140.309013391524,838.0917239180924,4810.249794254972,2941.9963454515027,4005.750543572328,1182.967005265151,2253.5495765329856,1869.677172497969,6903.885377610277,4835.233774128093,3891.356882028812,4080.655784555345,1000.8733271798186,431.09916425922216,5435.353381416888,2809.840841554553,6338.429576331506,3770.3881976010102,1593.028750892463,4262.015619915064,4736.938667529906,3801.15611203118,0.0,1392.9235263534745,3090.416841686571,3730.9368172771296,7502.096320673642,6624.779019243735,1941.3919042589005,5202.416657614805,4374.155173987315,3571.3079527772447,4750.829079437188,3074.290424159858,6152.218741063746,6282.895991814045,2369.1099182648736
3068.117184788254,3736.2795363184487,1882.2257994496833,1838.468486294231,4167.984411955496,2951.7279103475985,1712.6278004779674,1302.6529629110742,785.6594868293771,3335.9139276633027,3475.169095691892,3330.400100408358,3729.595571773433,2348.7191094960676,1222.8652464049342,2762.0803138658007,1741.483658879979,3463.908624358472,2043.3974206277155,5353.010089733906,2876.3180006162397,3794.8087153253196,4873.188381973449,1576.582058761294,3358.3654983962065,5018.054574075595,4818.582641670992,2626.901667289432,941.2892332035887,3891.15779174952,3491.414611327764,4603.1972623563515,3578.0016222869435,5267.256080386922,3911.6882670095274,5142.64919090239,1208.079613898438,505.03796719256667,2515.6077495114373,3025.159212911776,5838.740505852354,6430.639869824465,5743.732250255752,3131.2241114698263,1502.493568418847,3797.4978632100638,1166.3193117379997,2265.041533222957,2624.4089059024323,1420.9766224765976,3755.5492773037877,5535.988683103497,3886.241945361225,1171.7160808395522,1720.4798337652787,3351.1862581427795,4695.124773652027,1025.966072831846,5066.822435003816,1469.4083882314678,3324.9953101206024,5662.85554787141,3569.1633510224774,1983.976334771159,783.1333838044449,4213.273853193144,1822.6434684800538,2847.359359455178,2158.775029184144,3129.2385845117333,570.8976996108851,6243.915656528362,4570.535599672756,2937.069133765837,3520.606309219479,1897.0570466427732,1592.834804457763,5097.740677282535,1494.9921856548283,5127.394192973757,2488.4721851971744,2463.369105997922,4291.405850598263,3845.6085381979537,3244.9717737319384,1392.9235263534745,0.0,3211.594551539313,3726.6151385192707,6196.155578535129,5250.619462998343,1106.8129710014243,3811.250678224276,3108.643947211871,3878.9794593827123,3471.3682512906926,3528.2898488409373,5734.150909315258,4997.21350171173,1272.5796840378994
656.8319126001718,646.9888136969605,4991.125109647824,4401.914880122968,1017.9094611000527,1559.4515840955107,3929.0484357087025,4452.349011204085,2829.604373491814,1972.4380607605904,4446.819166149327,2543.1282217310636,5714.639486487752,4085.7543418718897,2119.9753225908084,5963.083094015209,1496.204367091943,1055.2207415133573,1183.2186489339153,6157.290437695139,4340.2390647543825,3347.866011978675,6034.238987972717,4274.139904375733,6203.549349742049,4094.646993226644,2541.4148449904824,2460.2763436608093,3152.3178982916684,2714.4605637400587,4354.07675966559,5605.902386871893,1023.2550271623398,4428.89909051561,2859.0609798815062,2450.7208137239945,2413.750238459647,3713.8858757157577,1344.720847659097,6140.2143055820125,4339.267859935129,4154.948722062043,5170.533888965916,4190.58631001403,1725.4738222195667,5063.026603738519,2921.5945454511652,4339.369544058905,2693.3001581615445,3030.250047284217,1670.53301691945,5297.090010453759,901.3029875164062,4176.358457682123,4786.232495756135,3531.7396304339877,2633.339381443265,2329.242007204275,2963.1161245710564,2654.0745222427345,3636.5444288616904,6756.397868211803,2097.29909869551,1240.416937867667,3489.3213966959256,2409.8957744620407,4929.7946900951165,5831.7509545804505,2171.272637713192,1758.218228903341,3703.2734374577312,4329.930192782904,1904.8314004396816,2687.270480790685,1837.7482258897708,2189.9442720818265,2716.801215772881,2533.231321383027,4388.350648947734,5264.365591258456,3665.7512573409836,1861.2855598564126,1171.7771288517279,3026.2337632509484,1684.1243382375299,3090.416841686571,3211.594551539313,0.0,666.0944604979086,6731.14661592102,6480.431028850473,4313.435142680831,5796.087835975573,3977.466883394505,747.511574739816,4305.3528001317145,801.9468748470812,3291.371509717491,5554.6458051239415,2648.002946981933
714.950431023019,862.0048074604923,5428.56786387911,4727.4067276901405,453.910124391382,1480.1673187812248,4221.19099816829,4915.095100356045,3248.7952522819905,1750.1121423511695,4451.468373759944,2368.352475834837,5859.934990243578,4274.059599388034,2559.9392223918135,6442.445045540397,1985.1641442754812,717.9537782183476,1767.347095050941,6038.630779884626,4453.813906894854,3140.534003123673,5993.975231153697,4633.125466438935,6536.2464536647485,3713.2628183356483,1950.2966373933991,3118.060146155779,3762.304107026438,2399.6242133071587,4343.009618705673,5550.346966545605,1476.155595847877,4047.1303015000644,2558.090101113915,1791.379296768275,3033.4795107615287,4219.472001912681,1491.7025433259146,6564.563454213845,3826.661807737914,3519.21040750578,4809.605312321688,4233.803780554904,2289.5586487471774,5088.889147045159,3266.6292672080194,4573.408236526016,2719.0837153322445,3672.746152332339,1253.7674060845582,4998.907938533076,240.28070728212836,4604.608638176865,5213.173346453194,3451.0411716593594,2087.287123841375,2773.8348216288946,2387.4753268323,2949.9034970805405,3573.515531841019,6677.9273113058825,1804.8009863419843,1748.3103490459011,4077.6359080175375,1956.3094070090244,5367.686099229351,6212.452473384083,2837.287216221862,2365.6630836976765,4179.852697888049,3743.284665737432,1262.4591902810164,2631.7441686738857,1535.7555878123972,2851.1758332495037,3368.5398089203286,1887.913849676939,4782.991091424905,5045.137396999214,3785.111435178759,2523.87598252529,564.7938737574968,2764.85915806972,1480.9962811735888,3730.9368172771296,3726.6151385192707,666.0944604979086,0.0,6538.984092979658,6438.897650832012,4833.364204063253,5938.276070900881,4000.114028502938,839.6711116740883,4292.0990279764055,1248.1165337824025,2647.585865016279,5409.176433325964,2985.903424879814
6077.168153742745,7311.3610536701035,5860.459422267337,4775.962901289436,6817.447512772798,5171.7159427691895,4578.6005669516535,5967.905150704475,5533.784633865778,4796.279700226208,2725.0389461671925,4193.99362018828,3254.136336003764,3885.6925503312796,5760.610024274251,6697.694667543826,6088.511652501783,5823.7482235485595,6500.857322341415,900.1631334358233,3346.036808528113,3400.6555359808203,1589.8631952168087,5039.317641218105,5163.569299901958,3172.2274041318346,5321.809637171645,8232.7076228111,7101.823329434844,4170.874091830752,2726.1393144454305,1653.2577235751842,7738.583174203661,2928.444256892215,4006.885398842348,6050.268773197187,6960.773427119217,6203.230740898326,5473.91951876843,6136.135000425676,3942.522109640097,5489.85227730765,2300.1285132270327,3070.517578253217,6408.507944278449,2470.9038483455806,5114.683006420339,4108.714989083692,4181.081377927007,7507.230426944479,5328.883894035692,1794.2106132096087,6430.6631917385475,5602.639345420871,5703.621954126781,3256.545699807236,5006.823466255326,5743.40590073956,5025.13755064456,4981.629839879013,3186.744659824505,1166.7844593762807,4737.321203468687,6205.696463922805,6969.820193148816,4784.084007254158,5847.736392668962,5538.7739818957225,7700.132833290411,8120.895924144885,5948.223258387751,4733.177991589583,5948.0436844508795,4082.870236449354,5004.891558339301,7485.249122418639,7526.465296326025,5807.849593693091,5340.860917298352,1503.390307758102,3731.7098165361144,7739.218658788819,6768.984985652206,3780.2317589778804,5077.509194218067,7502.096320673642,6196.155578535129,6731.14661592102,6538.984092979658,0.0,1514.2697309703447,6502.3751180694735,3227.158125464106,3135.2522876038224,7342.797086521253,2754.5313324841673,7528.261832837777,5668.851413872567,1234.726634824891,5162.958810644339
5859.493402758468,7108.733054551211,4578.581971561173,3608.112368649291,6791.230869801512,4971.14725237002,3545.7449059836495,4779.728763482924,4700.674492217047,4717.362078841627,2048.4353788989783,4097.843953403911,1847.3510250066172,2910.8722008760537,5087.404671756513,5315.587528831972,5539.386276173652,5730.162510741209,5992.962245781713,816.7372337710581,2411.5569167597932,3425.9765749768344,446.35099653299756,3890.2010276607816,3702.476079348116,3730.5898913758933,5643.489697572061,7564.897801147944,6188.802367656766,4280.863659097309,2129.1603218217274,891.9370757222731,7428.111592038517,3600.62729078837,4123.124307572232,6371.095184614023,6188.825144941808,5156.729798960287,5143.98561726887,4711.542339566737,4716.930152844115,6220.073144824021,3221.0397285977397,2347.808215126823,5781.644642359905,1502.2816809706492,4303.167992125103,3010.6962924044656,3789.0583637549053,6642.017435187745,5352.4657880504,2649.5187850485227,6383.5208669525,4463.6236636904105,4452.228240210513,2988.719336067875,5325.512123245613,5018.032368599569,5448.397588111297,4275.852811150777,2865.6770137642866,448.3222276588571,4733.193271013661,5708.274569395642,5986.731362343896,4977.932903937737,4575.420812809462,4128.567055497342,7029.247006088917,7623.360278682885,4902.828006491355,5521.510901541443,6132.980077373886,3813.4343204367633,4977.861679846578,6789.9577343827405,6725.039889672998,6147.985622723918,4161.3994802075895,2042.991911038808,2986.464872855028,7144.1344736191795,6779.898636089775,3863.146280178373,4965.73650957076,6624.779019243735,5250.619462998343,6480.431028850473,6438.897650832012,1514.2697309703447,0.0,5352.661618002206,1803.3746228002653,2524.0474325788728,7170.261260445814,2176.805574085568,7240.745139488407,6193.860424177799,1355.913704095139,4424.916740471057
4171.2909692214,4822.603647546105,1079.9608646080653,1746.3867766660399,5274.703553700151,3996.133571511843,1953.3506671852344,599.3278534958973,1731.972826041448,4339.419184965311,3877.690131484077,4244.139771077408,3618.5751901499852,2648.6898505353547,2309.650800817301,1702.9615165986575,2848.2762129057987,4554.224595913777,3138.157389245001,5616.161615880547,3179.792764978561,4584.708507414621,5034.71334687845,1469.6125689871465,2687.927592018245,5814.932500098862,5855.35278450923,3386.846084953522,1523.2262256789043,4818.104163990023,3932.8254474433515,4853.766675969706,4620.012142558177,6029.86073838592,4815.054525453372,6217.937947211277,2129.1756432126494,624.1885818284406,3588.457268705453,2093.6706180715246,6716.706008852852,7431.522026076826,6413.895863633662,3558.1072230579284,2594.1860974689152,4032.343946225074,1979.3382260917413,2393.911424430737,3469.1236956881485,1999.9292491845806,4810.587758299811,6127.383267545209,4991.533570854152,900.0462122607929,1043.946287358694,4037.4583927743456,5708.902575215836,2102.5488223794,6073.9427998084575,2352.860843336044,3977.1068649455474,5791.700446819138,4567.053239397697,3090.2346306539575,1107.5489377548965,5213.768181705052,1037.1654170420452,2086.7981528322284,3007.8716468958582,4054.7654109447562,757.3455295504162,7187.46733162002,5651.701054681236,3798.007212812135,4548.121666393831,2764.292547350588,2304.1579133316795,6160.746411397405,1192.4436157781217,5635.5910498935245,3010.314265411005,3372.3655298582335,5398.14774354704,4710.522500267884,4280.225139364751,1941.3919042589005,1106.8129710014243,4313.435142680831,4833.364204063253,6502.3751180694735,5352.661618002206,0.0,3690.014018517816,3612.67320556316,4967.663379335198,3926.5166084788184,4589.624149440236,6771.705587394213,5377.505651026785,2185.691778394428
5262.30646855787,6442.954046579333,2819.799807203519,2005.4614640027366,6354.915696697873,4485.552360041515,2140.598038744547,3096.147150465882,3439.0090517921008,4413.910558586003,1773.68917429323,3871.4096585746383,84.72303564556698,1727.5014569860716,3994.4865099857325,3512.258192583512,4562.559254580371,5294.942181501136,5032.170866238645,2354.13855846507,1489.886746634119,3488.8199452321983,1638.5769499959406,2290.123890228867,1940.7541200268001,4310.888175129111,5710.838896606522,6339.271671938111,4743.454996979523,4269.2568973014495,1918.3472084781733,1726.4669703993757,6618.203182448315,4320.097990845346,4145.583205939184,6377.1798303102605,4902.300270804309,3606.9393146806615,4477.801994417909,2915.9851255069875,5391.902554693844,6719.17518780222,4244.798091665256,1818.6311958901945,4691.256635506632,1245.5378963724868,3111.2153401694973,1593.239134112014,3248.584715651571,5232.13684853617,5095.939669522198,3731.8508164079926,5950.416255396761,2842.6955561313634,2719.683052039704,2823.622659668604,5420.660203332062,3865.3283879858127,5652.613522632607,3230.027563584249,2675.5382471108505,2249.35897392057,4518.094425733155,4781.512492063678,4473.236637103832,4966.321658177408,2823.698681053983,2327.171261122395,5820.414918997615,6587.60963548084,3366.186783191331,6138.819897285227,5996.395240639913,3426.6165684425505,4703.392291447206,5563.529934127793,5381.998663923005,6193.8634185668,2509.803836497187,3073.3295731167523,2153.2036961153954,6016.791534318769,6388.642750205086,3895.383745726729,4589.8553574146545,5202.416657614805,3811.250678224276,5796.087835975573,5938.276070900881,3227.158125464106,1803.3746228002653,3690.014018517816,0.0,2076.1227533081947,6536.744140777272,1964.0011285663763,6467.312742163085,6453.70363775623,2479.404581354362,3316.846245030511
3376.096111773182,4614.595657847933,3286.2394510195086,2094.935938702661,4387.79713102338,2520.1923625346544,1682.890791449344,3177.756252038536,2407.933105404716,2370.4242542163206,475.62519261809484,1802.279992682879,2011.2598176826882,1046.320792981292,2641.3687686716517,4340.674091761554,3035.431374580061,3315.9471973751333,3480.2098915733513,2359.8861552778344,705.6759531966495,1460.3077615495988,2082.053529515992,2276.4362199536804,3412.3914110495875,2497.017514684268,3636.883070215208,5127.763585162346,3986.5689271163997,2197.479889264064,417.9645727570698,1686.8510278610852,4908.025355394266,2614.920762181906,2080.262755408797,4301.382506766865,3826.5866601769258,3197.575307848276,2633.9692773092474,4017.394251700224,3554.0883120409376,4737.3182542388895,2847.4369467373635,257.493746015316,3312.4358538430597,1090.3705907736141,1987.8398341742723,1442.482827691893,1289.3263405410594,4376.916261938992,3048.6532972015693,2517.97747281603,3977.910461871408,2757.61976993439,3072.348939357637,765.0170317175952,3350.7092748491327,2611.5276772657417,3597.84388237914,1849.1901418886052,621.7159465744788,2844.869888521617,2454.9329986028138,3191.987931507417,3891.254142173189,2890.6672596219023,3250.7369361746273,3443.224857491883,4592.001507182027,5114.294140002899,2952.3382439618936,4230.260962095956,3931.985531168826,1389.8916712424032,2655.9904472533403,4367.872953253563,4391.284436554412,4117.963622954433,2597.2821261503336,2034.646171044489,621.877823014296,4666.702724825099,4401.498201662701,1838.0120413152906,2574.4705929615902,4374.155173987315,3108.643947211871,3977.466883394505,4000.114028502938,3135.2522876038224,2524.0474325788728,3612.67320556316,2076.1227533081947,0.0,4686.031310361679,382.7503950122064,4724.607926776253,4401.365858558,1909.31422711428,2027.9774118133075
1311.6660696991437,152.1986737557195,5695.902377573636,5142.955543841498,818.4423543445191,2204.969963320135,4674.753111468133,5145.960193377714,3552.5125835062145,2546.7928962051465,5150.550998922833,3152.7282057838415,6455.6863700698,4830.471968984501,2841.765299147697,6640.594247518817,2207.851471866937,1527.7657876422022,1836.6316112451616,6810.715328544131,5074.102024054502,3942.4633656743085,6723.974978475753,5008.757039020858,6941.004279571149,4552.8265875583265,2727.565229895703,2659.069581613275,3705.833575475294,3229.000557517759,5051.849663207527,6288.515669347895,759.1597093899284,4886.758059951403,3385.1541193642865,2429.643663246526,2963.357068167453,4383.954372155919,2067.9689040488493,6848.0543849782625,4641.546241116208,4203.123602672779,5648.702443717229,4906.281377765956,2376.679695635278,5775.2565354749395,3662.7420401933846,5086.80715890351,3397.0070972632657,3505.882023754364,2092.0990292478987,5830.485155475571,1025.1672962126715,4888.411712652792,5496.570410980468,4197.218041741935,2896.5315556813807,3046.8898982807036,3172.291819663033,3400.935289828961,4310.552912270651,7430.424654602252,2624.9720535154265,1949.9361511180302,4074.199574351998,2794.324023763171,5634.562173620946,6557.131839700952,2509.4526299900544,1774.7517233602,4392.991433254793,4504.390659667188,1985.1505424538964,3359.180679156898,2355.5877955179253,2598.6712647047143,3164.079141947148,2577.556464494619,5112.50176853896,5856.329930727947,4399.353652548633,2128.7406659760127,979.1140568544606,3582.6832179485245,2265.642121310865,3571.3079527772447,3878.9794593827123,747.511574739816,839.6711116740883,7342.797086521253,7170.261260445814,4967.663379335198,6536.744140777272,4686.031310361679,0.0,5002.167995765835,576.8322455697146,3322.981873994801,6192.59733445967,3391.0766962180314
3690.502756246634,4936.7065697188245,3525.836300812192,2337.145170743572,4665.169005938907,2814.2457495193985,1977.549441354375,3465.0135737806286,2783.1360372144945,2614.215788841656,191.24452547720153,2016.1468101437945,1910.2738833573055,1299.579250910463,3023.6506316292557,4549.446591926098,3409.199549279126,3594.8259491911426,3849.813223613452,1978.3113834768278,836.0086293681424,1529.1523091242414,1731.4057234351512,2544.6034422614857,3489.563974279451,2412.981164906597,3778.1314080269885,5509.373823378569,4358.661193642837,2338.154476110165,51.94309110940538,1319.6243305372934,5252.132042727506,2483.7231731583934,2203.739089888138,4467.199452334538,4208.681821574304,3537.920859734005,2967.2639723363,4176.472549553271,3490.9513734963425,4762.152485450774,2620.294446546991,371.14061724500067,3692.5451227077783,826.0926956764599,2363.248046258369,1656.0070090310608,1612.615557855312,4754.585634500235,3280.8941044203175,2240.383603105727,4255.122352668135,3053.9378172656034,3321.579486960082,900.6917018314311,3479.059763682423,2994.1498339223103,3695.3923728861328,2231.8249821856552,755.9676816908249,2479.7890787946058,2671.5470211465495,3559.8321236621537,4252.553546346712,3046.2702633253007,3494.8479510193292,3586.6399858993377,4973.781267215116,5484.328696280885,3289.051021332749,4207.223653004081,4134.931428248961,1661.1589376050085,2892.009366493304,4750.291247357577,4772.68141000811,4270.892851323948,2866.0249852675743,1709.6995420119874,984.7673133431066,5044.8009860516795,4668.839288429834,1947.1246314322052,2839.432201185653,4750.829079437188,3471.3682512906926,4305.3528001317145,4292.0990279764055,2754.5313324841673,2176.805574085568,3926.5166084788184,1964.0011285663763,382.7503950122064,5002.167995765835,0.0,5063.974878919227,4494.215303431067,1532.414817059989,2409.808728689686
1458.641394287506,450.03881384831624,5386.571939072196,4939.262143942656,1361.1530677693816,2357.5414362875995,4506.310453607918,4820.675571511632,3303.4183574256836,2773.7158652904586,5197.863003151391,3343.9005645350762,6384.390999834049,4742.371798322228,2604.517442317675,6282.6481997190485,1970.7833898072113,1824.7078367982638,1535.6317904608516,6941.495628539213,5040.393142288903,4149.19135543602,6795.3373244254035,4778.6243659607735,6711.666671781608,4880.191114313967,3196.94608327463,2087.1476342880014,3250.707266997907,3509.684117491059,5111.620236014114,6373.52471273949,230.90486198865597,5214.922245963884,3656.554283024662,2966.066750377172,2517.8353704253586,4030.7966958947463,2097.92015795168,6539.00510889516,5066.6111983515175,4730.129289138934,5962.3190712482,4927.331375591051,2041.925147202512,5801.69535384141,3474.0540885986507,4958.9521334113515,3452.7913856996925,3006.949208068038,2432.0822684944274,6097.5816134103525,1474.3452358864251,4599.107323200884,5199.336698438466,4314.785367416669,3332.826826120583,2794.924502460129,3635.4107386896458,3260.5670441248403,4414.606210192025,7528.482246286034,2893.0110822656725,1722.9122066785644,3638.0443678027077,3164.1742747208154,5325.580405534124,6289.454978945076,1969.2175216631101,1199.3264454705404,4068.0248746369534,4988.355767256582,2485.2443133152924,3470.1734347104325,2630.2910727008903,2083.03366346706,2655.8604401892057,3096.7475149235197,4849.6698774899105,6065.027620431831,4370.303385120305,1575.181348166934,1528.3113434902584,3827.3761366979597,2485.418406173294,3074.290424159858,3528.2898488409373,801.9468748470812,1248.1165337824025,7528.261832837777,7240.745139488407,4589.624149440236,6467.312742163085,4724.607926776253,576.8322455697146,5063.974878919227,0.0,3851.1433774957013,6345.577540846853,3217.1986926523514
2934.233624921165,3413.0443715107194,7042.083791545581,6029.099207347313,2504.543717802706,2782.570526803229,5482.580268897575,6654.186546261683,5040.171095230002,2448.6456876144816,4685.445269429683,2735.578800263118,6395.614336041925,5187.464473496179,4523.413370281562,8144.993950364481,4167.335265962771,2421.6050447263274,4164.299502866358,5529.781617124495,5079.07994074911,2965.487594975571,5805.580838955737,6056.262036633901,7695.386573661715,2513.227485207019,916.5519260849327,5749.597693064533,6068.394173719601,2222.9656533217053,4541.909127665149,5361.109720401178,4065.431416908297,2740.568469529269,2324.1776012269365,897.2193945295652,5409.103230558278,6154.902707524221,3236.699644205653,8057.375639653522,1861.2705063246447,880.1615395011304,3431.408018281271,4654.5903976290965,4579.647313731593,5284.978771863516,4849.48633460679,5590.980346624194,3544.0211182944436,6104.016680479338,1986.8496003235875,3877.907653969212,2407.6373724400446,6256.689826568438,6807.165842433104,3638.4187999615983,1100.8301543834993,4709.775368274478,803.6452066957153,4465.471887739749,3785.041266929727,6260.112571460117,2234.7103881006587,4013.746889765845,6293.293035563814,1609.5739885329908,6987.2836782241775,7568.712289255683,5421.86694315104,5010.133425715926,6026.961250905136,1336.9531720209943,1387.0819808969475,3243.21772943677,2223.8949198999935,5391.494652849059,5848.625656261905,759.674499711554,6307.269821057284,4264.7442000938345,4570.027117011561,5145.122220433057,2346.0733971758,2563.5998823474765,2492.517172557894,6152.218741063746,5734.150909315258,3291.371509717491,2647.585865016279,5668.851413872567,6193.860424177799,6771.705587394213,6453.70363775623,4401.365858558,3322.981873994801,4494.215303431067,3851.1433774957013,0.0,4878.221220311046,4605.974898892199
4906.1574529357495,6151.57051201805,4831.6764014594355,3690.5675661005043,5717.732195682656,3998.6828842638924,3429.632297378248,4871.29737640939,4315.493242889508,3659.096425924849,1524.5638280170497,3042.5483921466225,2477.677527303745,2731.808512261795,4526.36244094582,5755.67547233763,4857.331426505711,4691.223773009448,5274.277568642174,661.13054304048,2197.715866534389,2280.6654483823354,1059.7020213121234,3936.6901920758255,4382.147962081152,2388.1048823728406,4388.740680434992,6998.180973774971,5890.552506577715,3105.538707737677,1508.1771481483866,761.2338319314244,6550.940843140777,2245.583390238937,2941.8475386127675,5122.284974840524,5730.120585998605,5035.865517658707,4271.02188713193,5263.392801331192,3361.054633172302,4868.956222622051,1898.5003424898296,1866.4972869629357,5174.097929609953,1421.830398887645,3895.545082724239,3004.076869443423,2958.028375756054,6286.110790899012,4238.513325919006,1335.1700167229642,5320.129009696758,4484.048228279888,4653.804306977357,2042.2733463679633,4068.97058585252,4511.677039001795,4156.406890736276,3750.6107210379755,1962.7326880189266,1383.361851077295,3628.5617450119275,4979.464676162891,5776.093469061335,3770.8159997359985,4811.4238381083205,4656.797528600637,6465.458478246149,6899.085187493556,4783.0283488126015,4165.899829071506,4941.232991077631,2880.523438985699,3889.9819971308348,6250.620652729535,6297.435816497537,4890.207257335522,4249.692565635425,694.2463323554545,2516.13872941259,6507.308769515167,5684.459616627864,2694.7593277034966,3931.761458520214,6282.895991814045,4997.21350171173,5554.6458051239415,5409.176433325964,1234.726634824891,1355.913704095139,5377.505651026785,2479.404581354362,1909.31422711428,6192.59733445967,1532.414817059989,6345.577540846853,4878.221220311046,0.0,3934.0588342331644
2272.0993997519126,3273.5157310979894,2500.16787330851,1755.106037976338,3439.0554732440714,1863.3484731710817,1290.1971907658146,2057.2517219885854,487.720466288836,2161.4450521556178,2461.4830834734576,2074.309690599261,3232.303246932441,1605.2623243351848,681.6147970349522,3575.261362094944,1259.4562071751438,2534.445938131055,1725.168256274732,4376.030970360356,2026.8435539046918,2525.542754801233,4006.6816943981216,1647.2222428494583,3561.399354443138,3746.056823517898,3692.3996292174284,3140.0543218005,2018.563182129556,2643.503987727842,2440.878186012772,3665.5870574882006,3344.3468265073825,3998.7403907121807,2652.8851045022666,4112.8555709269685,1799.0436151691817,1590.1899245259979,1543.3458416362807,3605.5148173148586,4574.9904884260695,5247.1554894935225,4497.5935319112605,2121.9401891608545,1384.5039053155465,2922.9281064256443,280.88907307511937,1755.3614120040922,1352.1051089031505,2365.742293692404,2680.206512726398,4324.988637042646,3085.54660417972,1682.542769388047,2272.685933615333,2123.68182688674,3530.741936820787,593.8470431011672,3892.3835617626387,202.01570663936036,2117.967616415794,4796.473647458933,2385.7339833141505,1496.3173376693862,2017.93959751054,3031.6052601084134,2441.293642377541,3227.9242960492425,2604.331700841696,3276.7085091721233,1430.4875614688156,5009.680065102163,3569.821032818592,1665.1418014745777,2385.359584465621,2366.5231800269776,2363.5845908979013,4030.1999487317007,1811.4474959559273,3969.39434569167,1455.0282841738854,2737.8698820632435,3527.2413285542284,2575.9583259394944,2128.9605396862107,2369.1099182648736,1272.5796840378994,2648.002946981933,2985.903424879814,5162.958810644339,4424.916740471057,2185.691778394428,3316.846245030511,2027.9774118133075,3391.0766962180314,2409.808728689686,3217.1986926523514,4605.974898892199,3934.0588342331644,0.0
